segment_id,n_pixels,centroid_row,centroid_col,centroid_x,centroid_y,mean_B2,mean_B3,mean_B4,mean_B8,mean_NDVI,mean_B11,mean_NDBI
1,1397,27.103079,3258.703,203257.03125,3381009.0,481.1972,636.19257,639.46313,2667.2417,0.62913674,1822.671,-0.15929466
2,1375,45.463272,3290.237,203572.375,3380825.25,600.6898,752.4309,750.6865,2686.844,0.5506939,1823.2246,-0.16029353
3,1671,60.98803,3241.56,203085.59375,3380670.0,322.55624,424.5799,393.27856,2419.9036,0.717819,1822.3909,-0.119582646
4,1322,70.74962,3313.6157,203806.15625,3380572.5,600.48566,766.82526,805.9304,2184.6348,0.39366853,1823.6405,-0.012645373
5,1371,72.04887,3209.2903,202762.90625,3380559.5,408.1838,547.6998,673.6364,2152.4062,0.53774714,1821.8386,-0.06875817
6,1476,83.25407,3277.5427,203445.421875,3380447.5,402.22562,528.4939,485.37262,2819.2397,0.7025222,1823.0231,-0.19029698
7,1594,110.38143,3255.3105,203223.109375,3380176.25,322.23462,452.6076,435.39963,2444.9414,0.6968089,1822.6519,-0.12140799
8,1383,109.44685,2870.8596,199378.59375,3380185.5,499.98193,703.7947,802.4512,2159.0833,0.45832577,1816.0096,-0.06516124
9,1642,109.39951,3215.6309,202826.3125,3380186.0,337.43546,475.06516,442.3505,2641.3176,0.7192072,1821.966,-0.1539299
10,1164,115.98024,2839.652,199066.515625,3380120.25,529.7122,731.317,789.3436,2060.762,0.43500566,1815.4736,-0.035838343
11,1756,111.611046,3312.7769,203797.765625,3380164.0,392.22607,531.6879,508.18222,2054.6287,0.52297217,1823.6453,0.010097323
12,1231,128.65881,2807.5417,198745.421875,3379993.5,557.88385,755.67993,797.48413,2047.7408,0.4287605,1814.925,-0.026622022
13,1247,131.51483,2770.9512,198379.515625,3379964.75,472.14435,651.10583,695.46674,1731.7048,0.39794153,1814.2943,0.06050805
14,1396,139.53581,2894.7056,199617.0625,3379884.75,587.4692,813.1096,869.1239,2167.9126,0.4187316,1816.436,-0.05795124
15,1527,143.04388,3277.4302,203444.296875,3379849.5,188.43779,318.12344,253.13687,2391.043,0.80971414,1823.0496,-0.12151696
16,1562,142.87772,3347.8872,204148.875,3379851.25,485.5448,587.28265,537.7372,2123.5244,0.5706354,1824.2666,-0.03862219
17,1796,147.56013,3549.2283,206162.28125,3379804.5,504.82043,676.7692,614.3853,1916.5348,0.37700897,1827.7473,0.08067237
18,1390,136.91295,3383.4734,204504.734375,3379910.75,578.54175,722.66943,632.1227,2070.4382,0.45014533,1824.8787,0.013856406
19,1470,147.09796,3514.6,205816.0,3379809.0,580.9405,728.22107,613.2694,2090.3887,0.46413556,1827.1488,0.002825118
20,1388,140.1124,2735.2485,198022.484375,3379879.0,835.5519,1076.9539,1298.791,1964.4125,0.20277613,1813.6816,-0.009119795
21,1105,136.45158,2966.8018,200338.015625,3379915.5,563.3661,758.1086,773.98956,2249.8516,0.44267184,1817.68,-0.050351545
22,1267,144.39305,2933.876,200008.765625,3379836.0,581.82635,786.74115,850.82556,2413.8801,0.48673317,1817.115,-0.12150908
23,1437,146.65344,3204.3005,202713.0,3379813.5,387.7954,564.4969,605.8173,2622.0674,0.6379909,1821.7878,-0.1676348
24,1208,145.65646,2998.7144,200657.140625,3379823.5,517.207,718.11176,657.81665,2921.1362,0.5864971,1818.2357,-0.16937618
25,1184,142.39612,3120.522,201875.21875,3379856.0,499.56842,705.1947,752.3522,2747.65,0.57902974,1820.3385,-0.19233385
26,1258,148.73529,2701.4468,197684.46875,3379792.75,786.6399,988.86725,1144.4297,1727.2496,0.18780145,1813.1019,0.051753845
27,1524,152.79396,3241.1287,203081.28125,3379752.0,309.05316,448.10663,413.20276,2403.1765,0.7073576,1822.427,-0.116860196
28,1223,153.41129,3086.5527,201535.53125,3379746.0,412.10712,587.30255,539.97546,2887.2935,0.68458295,1819.7568,-0.203979
29,1398,150.97568,3421.3384,204883.375,3379770.25,476.16382,595.3219,498.46887,1903.3043,0.4866308,1825.5394,0.05853314
30,1534,151.23534,2849.0266,199160.265625,3379767.75,354.7686,562.24054,557.53064,2445.4204,0.63914204,1815.6525,-0.13845533
31,1116,148.93907,3031.2249,200982.25,3379790.5,476.91174,654.2634,575.8674,2822.4668,0.6322502,1818.799,-0.17524679
32,1281,150.50977,3314.054,203810.53125,3379775.0,232.36378,338.09174,298.55737,2217.8533,0.76886064,1823.6858,-0.07073713
33,1698,161.00235,3463.98,205309.796875,3379670.0,489.24677,605.4405,490.35895,1683.5586,0.48532167,1826.2809,0.0928637
34,1396,158.62178,2658.8174,197258.171875,3379693.75,877.7726,1080.6383,1189.8728,1597.721,0.124801986,1812.3702,0.09821127
35,1247,159.22453,3161.4058,202284.0625,3379687.75,369.15637,507.89456,516.60986,2352.1274,0.6437979,1821.0527,-0.11822752
36,1247,161.3745,2803.6497,198706.5,3379666.25,394.9198,617.43146,666.25183,2355.68,0.5640689,1814.8735,-0.1154866
37,1248,161.11218,2615.4895,196824.890625,3379669.0,895.1959,1115.0472,1273.141,1783.3658,0.15209459,1811.623,0.033746
38,1178,170.0764,3051.6511,201186.515625,3379579.25,413.1439,589.5599,548.41254,2931.0674,0.6848636,1819.1619,-0.2066262
39,1400,163.65572,2569.4429,196364.4375,3379643.5,949.69,1172.4668,1304.0657,1800.6033,0.13632523,1810.8289,0.04287563
40,1248,167.31972,2768.4119,198354.125,3379606.75,514.2716,749.4263,793.7476,2443.8462,0.54721296,1814.2676,-0.1404511
41,1517,170.82466,2531.0469,195980.46875,3379571.75,932.6783,1198.4727,1462.0099,2347.8044,0.24437112,1810.1691,-0.12283536
42,1304,171.52377,2882.444,199494.4375,3379564.75,339.40875,532.8443,480.50998,2722.73,0.6995198,1816.2395,-0.18416321
43,1547,176.6309,2492.1655,195591.65625,3379513.75,915.4195,1186.339,1470.4877,2351.0955,0.23512062,1809.5002,-0.122476675
44,1316,171.32826,2964.4626,200314.625,3379566.75,306.68542,469.2553,363.3579,2856.5054,0.777507,1817.6562,-0.20259462
45,1443,178.62024,2922.3325,199893.328125,3379493.75,392.3978,611.368,586.48303,2808.4338,0.6395697,1816.932,-0.18618433
46,1170,173.76666,3118.1257,201851.25,3379542.25,451.13803,630.3491,669.41797,2639.4453,0.6049535,1820.312,-0.17094687
47,1576,175.54822,3382.4314,204494.3125,3379524.5,399.06155,529.61804,536.4597,2488.056,0.65271807,1824.8789,-0.13166176
48,1120,176.86517,2692.4019,197594.015625,3379511.25,559.9951,795.88794,898.304,2175.7156,0.42128134,1812.9592,-0.077383645
49,1316,180.30243,3297.4187,203644.1875,3379477.0,248.70744,371.69452,294.6588,2576.0432,0.7962945,1823.4125,-0.1446312
50,1395,181.23799,2737.689,198046.890625,3379467.5,388.19785,599.2355,583.58746,2420.0642,0.61185884,1813.7437,-0.13191222
51,1251,184.18785,2825.9233,198929.234375,3379438.0,229.77419,412.14148,313.93124,2570.2373,0.78380716,1815.2693,-0.1562295
52,1632,182.62378,3505.8645,205728.640625,3379453.75,368.19055,459.49112,447.70743,2402.45,0.67900276,1827.0146,-0.105680004
53,1381,181.35336,3005.8254,200728.25,3379466.5,309.6767,464.2661,407.37726,2541.9668,0.73050255,1818.3756,-0.14597398
54,1371,184.07002,3191.2407,202582.40625,3379439.25,332.40262,466.155,500.26987,2191.167,0.6322923,1821.58,-0.081410855
55,1650,187.3194,3340.1377,204071.375,3379406.75,402.69424,530.9415,464.77274,2838.9006,0.7106598,1824.1538,-0.1939603
56,1200,189.04333,2594.5276,196615.28125,3379389.5,611.2808,848.2867,914.5371,2071.9988,0.38180384,1811.2744,-0.042724553
57,1385,184.28447,3426.4744,204934.75,3379437.25,373.48737,467.41373,427.9693,2292.7527,0.6828169,1825.6438,-0.08002398
58,1363,189.95158,3226.4673,202934.671875,3379380.5,397.64307,575.2432,639.9582,2613.795,0.6148298,1822.1913,-0.15437022
59,1503,192.1956,3263.825,203308.25,3379358.0,276.20026,432.46573,370.30737,2658.922,0.76127696,1822.8378,-0.16424055
60,1272,190.20755,2636.0393,197030.390625,3379378.0,566.83295,779.21735,818.1541,2113.0762,0.43679196,1811.9921,-0.052363783
61,1194,189.67505,3150.52,202175.203125,3379383.25,476.86975,655.4062,735.5398,2599.1265,0.5711367,1820.8792,-0.16449262
62,1192,190.14932,3079.0771,201460.765625,3379378.5,452.28732,619.0231,618.6401,2386.7092,0.593385,1819.6453,-0.113665186
63,1299,198.36258,2857.8223,199248.21875,3379296.25,200.84718,366.9646,273.99924,2472.2256,0.7999383,1815.827,-0.13808309
64,1406,201.14154,2452.662,195196.625,3379268.5,718.8542,954.458,1077.4559,2302.0747,0.39062974,1808.8297,-0.10982848
65,1167,200.9126,2670.5647,197375.640625,3379270.75,324.5844,511.91046,502.2652,2354.1475,0.6508649,1812.5936,-0.1095992
66,1550,201.60904,2785.8264,198528.265625,3379264.0,537.7471,796.8361,889.0264,2431.8032,0.4941625,1814.585,-0.13655563
67,1462,204.82832,2560.7366,196277.359375,3379231.75,565.9183,783.2315,859.2969,2099.558,0.423464,1810.6984,-0.06093061
68,1224,205.45833,2710.938,197779.375,3379225.5,397.33087,636.3468,649.71814,2317.3264,0.5683336,1813.2932,-0.11040828
69,1249,202.68535,3039.8071,201068.0625,3379253.25,267.04404,423.29224,402.9988,2171.5537,0.70470613,1818.9728,-0.077617854
70,1642,202.68271,3465.6663,205326.65625,3379253.25,354.04355,408.39404,375.7686,1718.1532,0.63092726,1826.3296,0.056442596
71,1329,208.89842,2892.9722,199599.71875,3379191.0,291.49133,497.71707,472.20465,2632.2693,0.7053841,1816.4393,-0.16448063
72,1267,203.14917,2966.0781,200330.78125,3379248.5,291.85358,460.29755,377.3982,2421.7292,0.732971,1817.6995,-0.13027538
73,1111,205.49326,3109.4573,201764.578125,3379225.0,400.0864,570.16516,611.39246,2508.148,0.6278818,1820.1774,-0.14608453
74,1500,207.09666,2413.52,194805.203125,3379209.0,918.95135,1128.9886,1218.5206,2037.8097,0.26047757,1808.1565,-0.03469506
75,1406,210.30014,2521.426,195884.265625,3379177.0,434.6401,622.9065,630.66534,2176.3225,0.5685838,1810.022,-0.08169466
76,1505,212.37209,3378.6025,204456.03125,3379156.25,375.894,527.98505,551.59534,2435.581,0.63969433,1824.8301,-0.11569698
77,1317,214.87851,2930.3394,199973.390625,3379131.25,264.66135,426.7183,337.3409,2761.634,0.7837387,1817.0876,-0.18603227
78,1286,215.74184,2485.7925,195527.921875,3379122.5,440.98563,632.18665,665.83124,2120.9802,0.52700907,1809.4092,-0.0669238
79,1372,215.56778,3303.8142,203708.140625,3379124.25,275.15744,368.2325,273.45663,2260.039,0.7740773,1823.5397,-0.08020314
80,1309,215.18869,3419.3835,204863.84375,3379128.0,346.20972,437.10733,393.09665,2119.8667,0.6741853,1825.5359,-0.025066318
81,1403,217.20456,3515.5247,205825.25,3379108.0,272.76373,418.0,387.6618,2735.4202,0.7514372,1827.1978,-0.18064767
82,1241,219.99033,3173.0193,202400.1875,3379080.0,445.26996,616.0826,676.55,2715.5186,0.6080643,1821.2822,-0.18359105
83,1242,218.85507,2609.0579,196760.578125,3379091.5,447.2194,692.08496,733.7512,2336.9236,0.52123827,1811.5398,-0.115840465
84,1312,218.93903,2745.6753,198126.75,3379090.5,373.3186,576.92566,567.74426,2262.5369,0.6054245,1813.8998,-0.09432528
85,1257,216.67224,3003.2236,200702.234375,3379113.25,230.23389,371.69452,270.1754,2489.4375,0.802142,1818.3475,-0.13707969
86,1331,220.41772,2824.8596,198918.59375,3379075.75,500.0759,740.98047,838.8745,2340.8384,0.52734447,1815.2683,-0.11980473
87,1083,222.13297,3138.9678,202059.671875,3379058.75,412.25946,594.48846,696.4566,2573.3306,0.5823935,1820.6951,-0.1643256
88,1257,224.49562,3206.3174,202733.171875,3379035.0,378.31424,517.07874,517.41327,2683.421,0.6772564,1821.8596,-0.17565997
89,1318,229.0607,2379.8635,194468.640625,3378989.5,900.36725,1112.7064,1206.0151,1694.9264,0.1361764,1807.5859,0.084155485
90,1244,225.61012,3073.6086,201406.09375,3379024.0,213.28697,337.44495,263.30106,2071.5044,0.7740587,1819.5676,-0.050562654
91,1281,228.00624,3241.2498,203082.5,3379000.0,388.32278,549.54254,594.02496,2375.0566,0.61307937,1822.4647,-0.11011543
92,1222,227.28642,2647.176,197141.765625,3379007.25,384.2279,608.4137,616.7328,2357.4092,0.5908037,1812.2024,-0.11991433
93,1401,227.79872,3338.97,204059.703125,3379002.0,306.24374,452.7641,376.34225,2753.241,0.7516357,1824.1527,-0.16501014
94,1259,234.97299,3273.5537,203405.53125,3378930.25,299.62073,447.64456,398.11914,2669.0176,0.7408674,1823.0261,-0.17268516
95,1181,233.8027,2685.4395,197524.390625,3378942.0,274.6596,459.66595,423.38525,2268.188,0.6939826,1812.8665,-0.09659914
96,1384,237.48627,3483.5737,205505.734375,3378905.25,282.08163,405.5654,358.92413,2526.421,0.74971133,1826.6553,-0.13872217
97,1335,240.07715,2581.1191,196481.1875,3378879.25,430.0292,645.35016,665.24756,2338.6877,0.5631458,1811.0675,-0.11899405
98,1198,237.95827,2773.2854,198402.859375,3378900.5,320.27963,501.28464,459.47998,2204.7712,0.6705761,1814.3859,-0.086426206
99,1338,241.64125,3445.3499,205123.5,3378863.5,355.08295,483.51868,429.3296,2757.5513,0.7263275,1825.997,-0.18153642
100,1341,240.91722,2541.314,196083.140625,3378870.75,532.44446,714.6186,765.1107,2122.7893,0.4842361,1810.3804,-0.06706327
101,1424,238.76053,2859.5464,199265.46875,3378892.5,429.07443,644.5934,728.99506,2263.7197,0.5539922,1815.8762,-0.10398929
102,1184,237.00084,2969.7366,200367.359375,3378910.0,321.24408,493.04224,372.8125,2916.9097,0.766129,1817.7788,-0.20565158
103,1069,233.2189,2335.8494,194028.5,3378947.75,1230.3358,1453.7764,1643.3236,2203.405,0.17049575,1806.8276,-0.09354459
104,1176,236.46599,3038.636,201056.359375,3378915.25,250.76828,396.84778,309.59735,2349.3435,0.7655188,1818.9688,-0.104249224
105,1356,242.44101,2300.9277,193679.28125,3378855.5,677.3282,856.63055,936.08594,1928.65,0.37159327,1806.229,-0.015583591
106,1467,240.68643,2454.7573,195217.578125,3378873.25,277.68405,455.7246,381.8306,2258.3313,0.7139712,1808.8851,-0.100507624
107,1152,239.55382,3107.947,201749.46875,3378884.5,319.6354,459.55643,466.39627,2205.4675,0.65967643,1820.1675,-0.080155626
108,1205,246.81245,2804.2532,198712.53125,3378812.0,378.9419,577.7336,593.6415,2402.2996,0.6254398,1814.925,-0.12722781
109,1181,244.11092,2716.8806,197838.8125,3378839.0,208.71634,370.6901,331.51862,2157.8958,0.73604345,1813.4146,-0.07576034
110,1371,245.51204,2416.3188,194833.1875,3378825.0,466.92123,668.10065,652.3778,2108.3145,0.5423268,1808.2236,-0.07073002
111,1314,244.98402,2897.376,199643.765625,3378830.25,272.2968,447.3714,413.00153,2279.1013,0.7076225,1816.5327,-0.10331082
112,1238,247.52585,3407.8296,204748.296875,3378804.75,462.40308,599.5602,671.84045,2323.2576,0.56912845,1825.3516,-0.071532205
113,1410,250.00851,2497.4326,195644.328125,3378780.0,430.98264,606.3007,616.32056,2172.5698,0.5689395,1809.6268,-0.08520516
114,1264,249.80617,3370.053,204370.53125,3378782.0,385.8224,553.1108,589.89716,2470.8635,0.62032884,1824.7001,-0.090382904
115,1203,249.41646,2936.5942,200035.9375,3378785.75,197.54031,334.53116,228.28595,2394.6235,0.82650375,1817.2123,-0.12927072
116,1237,252.79466,2624.7083,196917.078125,3378752.0,261.05862,435.22595,366.58044,2279.2874,0.7241625,1811.8265,-0.103690125
117,1370,253.2854,3523.438,205904.375,3378747.25,253.40584,388.7595,328.53357,2661.4873,0.7800126,1827.3513,-0.16043021
118,1144,251.33566,3002.9143,200699.140625,3378766.75,272.09485,433.9987,322.37805,2667.563,0.7758758,1818.3588,-0.15838657
119,1284,254.75389,3148.588,202155.875,3378732.5,436.3894,616.9766,678.27997,2552.142,0.58735466,1820.8767,-0.15409954
120,1346,256.2994,3304.8171,203718.171875,3378717.0,386.302,563.2452,532.4313,2974.2822,0.69277376,1823.5762,-0.21283595
121,1037,257.0058,2348.999,194159.984375,3378710.0,688.88043,894.1919,945.5853,1501.7478,0.16450979,1807.0664,0.1632555
122,1291,257.6251,3187.0286,202540.28125,3378703.75,315.41052,454.42874,439.5573,2407.354,0.69574994,1821.5421,-0.11710507
123,1144,261.63898,2261.188,193281.875,3378663.5,561.5612,743.28235,655.88416,929.1412,0.03574077,1805.552,0.4082767
124,1311,261.46225,3224.141,202911.40625,3378665.5,287.78757,422.4588,406.1724,2247.545,0.70231235,1822.185,-0.08479348
125,1302,262.38403,2667.0845,197340.84375,3378656.25,199.18971,364.3575,294.2258,2293.415,0.7717118,1812.5632,-0.10121133
126,1266,262.93207,2746.09,198130.90625,3378650.75,197.10742,355.9542,276.83728,2295.3152,0.784179,1813.9281,-0.106334895
127,1369,266.81885,2832.0366,198990.375,3378611.75,306.8181,497.50037,487.57925,2392.981,0.6772378,1815.4146,-0.12417973
128,1253,262.19794,3074.2363,201412.359375,3378658.0,238.36313,373.6277,285.53992,2329.5918,0.77953064,1819.596,-0.10524974
129,1191,265.0277,2382.5012,194495.015625,3378629.75,519.29175,741.59485,790.09485,2095.8484,0.45695546,1807.649,-0.06667212
130,1241,267.28687,3338.282,204052.8125,3378607.25,294.44803,450.3739,425.1813,2690.3772,0.73406506,1824.1595,-0.16537376
131,1318,270.07208,3263.0515,203300.515625,3378579.25,367.10242,529.1908,611.14075,2196.111,0.5734578,1822.8612,-0.07686534
132,1223,273.88553,2522.3801,195893.796875,3378541.25,395.67825,607.5315,569.3406,2353.2866,0.62612194,1810.0693,-0.12410939
133,1209,272.6741,2560.5251,196275.25,3378553.25,426.06412,633.93835,649.61456,2263.2114,0.5678543,1810.7277,-0.103138074
134,1185,273.91223,2597.854,196648.53125,3378541.0,513.4578,716.93585,799.0029,2196.7832,0.47903883,1811.3729,-0.08758678
135,1048,267.937,3038.204,201052.046875,3378600.75,266.01862,414.59875,298.41364,2627.317,0.79379946,1818.9763,-0.17285937
136,1119,273.8445,3460.6514,205276.515625,3378541.5,393.15103,547.06256,671.3932,2335.436,0.57299274,1826.2764,-0.10461084
137,1119,270.9875,3110.4004,201774.0,3378570.0,247.27257,382.56567,315.41867,2108.1858,0.74344766,1820.2249,-0.04905993
138,1154,274.6499,3491.3674,205583.671875,3378533.5,292.70233,425.03336,421.8371,2320.1045,0.6899835,1826.8074,-0.10417191
139,1297,275.37933,2224.6877,192916.875,3378526.25,548.76483,719.8678,704.2652,1843.1738,0.39986888,1804.9283,0.04082275
140,1172,278.43515,2321.3413,193883.40625,3378495.75,787.593,1003.91296,1069.6378,1782.3605,0.22769316,1806.5991,0.04322492
141,1206,275.9378,2437.734,195047.34375,3378520.5,303.42496,493.01038,431.32712,2325.9128,0.68695545,1808.6083,-0.11773322
142,1430,277.43076,2874.203,199412.03125,3378505.75,425.36642,634.3105,680.4385,2413.602,0.57396543,1816.148,-0.12776957
143,1163,275.62167,2916.3423,199833.421875,3378523.75,204.71712,370.7214,285.64575,2155.7239,0.77338195,1816.875,-0.07755556
144,1247,272.32077,2967.1372,200341.375,3378556.75,201.56776,355.34323,257.0072,2332.231,0.8004701,1817.7509,-0.11416777
145,1052,276.99146,2289.3052,193563.046875,3378510.0,1141.9929,1349.8374,1425.2771,1654.0271,0.0488894,1806.0452,0.08959013
146,1344,277.41293,2705.5469,197725.46875,3378505.75,177.40105,324.4762,247.78831,2221.8516,0.797097,1813.2347,-0.092228204
147,1376,280.26453,2472.1367,195391.375,3378477.25,413.3499,643.63043,642.3648,2342.95,0.5761308,1809.2046,-0.12149826
148,1393,278.2735,2782.4558,198494.5625,3378497.25,181.44724,323.03302,227.6066,2483.6978,0.8305025,1814.5636,-0.14234555
149,1037,276.4918,3393.1677,204601.671875,3378515.0,378.97638,531.39343,680.5632,2150.9802,0.545626,1825.1119,-0.06745831
150,1232,275.28653,2099.2703,191662.703125,3378527.25,1065.519,1211.2979,1274.9915,1711.5459,0.1569212,1802.7621,0.036915336
151,1258,283.31717,3430.1438,204971.4375,3378446.75,498.77383,666.35376,873.2631,2371.0925,0.47205344,1825.7539,-0.11827375
152,1184,275.36908,2181.9897,192489.90625,3378526.25,553.296,773.739,834.9029,2133.1018,0.3985776,1804.1908,-0.01969261
153,1100,284.19092,3542.8765,206098.765625,3378438.0,336.68274,480.885,449.48953,2593.8777,0.7050036,1827.7017,-0.14811857
154,1334,279.83282,2055.2698,191222.703125,3378481.75,1110.9895,1264.0596,1324.2556,1622.3733,0.11122097,1802.0044,0.064105116
155,1186,277.54553,2139.311,192063.109375,3378504.5,638.5982,800.54974,866.6969,1678.6383,0.30930242,1803.4548,0.061969515
156,1215,286.228,2639.796,197067.953125,3378417.75,275.09918,453.09958,430.47406,2230.6646,0.69326437,1812.1034,-0.09573811
157,1037,282.12537,3007.999,200749.984375,3378458.75,258.05643,407.90262,293.47687,2472.8462,0.7831436,1818.4613,-0.13926053
158,1211,289.22626,2405.0925,194720.921875,3378387.75,350.02148,543.6156,489.93024,2390.4175,0.66205674,1808.051,-0.13009728
159,1122,288.15598,3169.8752,202368.75,3378398.5,391.51605,551.5887,635.94116,2143.3962,0.5490055,1821.2604,-0.066668436
160,1054,289.01138,3136.817,202038.171875,3378390.0,377.98434,535.982,576.8306,2150.7898,0.58826643,1820.6897,-0.06459655
161,1209,290.64847,3292.0115,203590.109375,3378373.5,442.3536,638.7022,725.96606,2320.124,0.53398615,1823.3712,-0.102114335
162,1047,289.11844,2353.1423,194201.421875,3378388.75,612.38684,872.128,931.341,2106.3801,0.3850234,1807.1537,-0.06996912
163,1224,293.8889,3364.3562,204313.5625,3378341.0,323.85132,472.67975,428.2406,2612.6953,0.7223903,1824.6224,-0.13091345
164,1301,297.35742,3202.3328,202693.328125,3378306.5,281.05957,403.6199,396.43506,2099.5454,0.6827001,1821.8253,-0.052069075
165,1213,298.61334,2943.9192,200109.1875,3378293.75,257.25638,412.4798,350.40973,2141.1897,0.7310697,1817.3623,-0.06877299
166,1141,294.9448,3237.3005,203043.0,3378330.5,316.04907,441.54822,420.0263,2227.1538,0.6875751,1822.4282,-0.06986908
167,1129,297.4287,3510.389,205773.890625,3378305.75,271.43668,387.0859,302.03497,2567.1975,0.7877136,1827.1467,-0.14415081
168,1050,294.8143,3053.6504,201206.5,3378331.75,269.59763,408.48618,331.40475,2297.8462,0.751041,1819.2559,-0.108909465
169,1294,301.90417,2809.8516,198768.515625,3378261.0,178.07883,319.06183,218.60124,2521.673,0.8395996,1815.0482,-0.15479034
170,1247,302.32397,2500.2776,195672.78125,3378256.75,288.98917,495.0056,417.4062,2280.9355,0.6910879,1809.7014,-0.10753749
171,1185,298.4017,3088.7166,201557.171875,3378296.0,283.82785,403.3751,323.71307,2365.0178,0.7622857,1819.8633,-0.11634624
172,1263,301.28503,3326.1172,203931.171875,3378267.25,309.7383,465.69635,578.11163,2108.9795,0.5802261,1823.9655,-0.054120015
173,1134,296.70547,2261.342,193283.421875,3378313.0,659.74915,843.96826,879.5948,1801.1857,0.34417552,1805.5718,0.024517342
174,1246,299.96228,2674.0378,197410.375,3378280.5,161.06982,283.0943,197.24278,2232.6572,0.83768255,1812.7014,-0.09811471
175,1310,297.18015,2744.4893,198114.890625,3378308.25,183.06183,323.65802,231.88931,2462.5923,0.8247497,1813.917,-0.1349215
176,1155,300.2052,2844.098,199110.984375,3378278.0,156.00606,288.23636,197.59567,2350.7896,0.84446293,1815.6389,-0.11750701
177,1116,302.97403,2199.2322,192662.328125,3378250.25,586.785,753.0806,791.7482,1941.3351,0.43191457,1804.5022,-0.029578878
178,1045,302.6,2986.3186,200533.1875,3378254.0,261.733,412.45743,326.02917,2229.212,0.7421401,1818.0966,-0.08736912
179,1143,304.0831,2084.2336,191512.34375,3378239.25,588.63995,738.9405,766.1111,1915.3525,0.42506638,1802.5166,-0.017952854
180,1130,303.83893,2159.555,192265.546875,3378241.5,624.6509,787.81415,857.7274,1880.8907,0.3859523,1803.8174,-0.0045130267
181,1099,304.8717,2612.1038,196791.03125,3378231.25,392.47272,622.909,660.5419,2573.5732,0.6044921,1811.634,-0.16208506
182,1172,305.41895,2540.25,196072.5,3378225.75,315.13098,536.0525,477.91467,2305.4846,0.65709054,1810.3933,-0.11074459
183,1097,304.32178,2574.4685,196414.6875,3378236.75,392.45486,600.3373,590.7124,2301.8843,0.602989,1810.9838,-0.108731605
184,1186,305.5784,2904.328,199713.28125,3378224.25,469.7125,703.67114,726.4022,2304.8972,0.56250626,1816.6818,-0.10565954
185,1474,316.3894,2013.6526,190806.53125,3378116.0,752.96576,991.6821,1074.024,2109.1584,0.3375024,1801.3037,-0.07398339
186,1236,308.68448,2120.4846,191874.84375,3378193.25,595.2706,746.19336,762.39197,1661.3455,0.3638105,1803.1449,0.0667138
187,1106,309.81464,2375.2007,194422.0,3378181.75,472.0479,659.68445,647.3083,2076.8281,0.52905536,1807.5447,-0.057468157
188,964,305.1691,3402.3735,204693.734375,3378228.25,274.38278,408.5643,408.97614,2177.806,0.69236946,1825.2844,-0.07526062
189,1081,311.51712,3026.0952,200930.953125,3378164.75,218.00925,365.01294,272.8187,2197.9824,0.7804344,1818.788,-0.08774168
190,1067,312.84442,3569.1707,206361.703125,3378151.5,264.52484,368.56702,333.20618,1910.6279,0.6999189,1828.1693,0.020767061
191,1163,309.46603,2302.712,193697.125,3378185.25,442.97763,623.99744,643.7386,2016.8478,0.5232866,1806.2926,-0.03470735
192,1213,312.38168,2048.1648,191151.65625,3378156.25,560.9192,774.8289,799.5,2147.9834,0.4594256,1801.8977,-0.075099
193,1117,311.94092,2233.2937,193002.9375,3378160.5,714.10297,869.57074,941.9566,1880.4731,0.34544277,1805.0948,-0.009487283
194,1359,311.0059,3464.6616,205316.625,3378170.0,447.95807,655.8113,771.8639,2574.17,0.54931396,1826.3632,-0.14823039
195,1211,311.23535,2437.1082,195041.078125,3378167.75,262.45996,475.27167,341.47235,2596.5698,0.76389104,1808.6146,-0.17094196
196,1081,315.0925,3120.4524,201874.53125,3378129.0,338.4468,484.93756,442.6804,2302.9607,0.68418753,1820.4194,-0.1004645
197,1202,316.6739,3263.6921,203306.921875,3378113.25,481.183,677.3453,799.98834,2367.2678,0.5063108,1822.8944,-0.09841677
198,1235,313.27368,2709.1213,197761.21875,3378147.25,198.32956,340.9182,233.55061,2609.0112,0.8344433,1813.3138,-0.17158802
199,1279,319.3198,2776.7327,198437.328125,3378086.75,178.72087,318.3182,224.00078,2427.2534,0.8293498,1814.4845,-0.1320037
200,1189,319.85956,2872.6375,199396.375,3378081.5,167.44154,308.56433,221.8974,2364.5046,0.8266583,1816.1412,-0.12336901
201,1256,321.19586,2337.9092,194049.09375,3378068.0,576.7707,780.8889,807.2723,2143.4963,0.44987717,1806.9062,-0.0752629
202,1008,317.4524,3537.5972,206045.96875,3378105.5,336.9132,450.71378,400.47668,2553.5217,0.7228297,1827.6261,-0.14644344
203,1291,322.52826,2470.5872,195375.875,3378054.75,282.68784,485.80637,387.19095,2342.4968,0.7158004,1809.1984,-0.1223129
204,1220,320.44098,3159.8606,202268.609375,3378075.5,365.30493,511.25287,499.66516,2180.4053,0.6251748,1821.1027,-0.06744189
205,1162,323.28656,3428.9922,204959.921875,3378047.25,397.0981,558.3025,625.51636,2290.472,0.5905323,1825.7528,-0.08596353
206,1196,326.2475,2646.2449,197132.453125,3378017.5,257.10117,411.77258,382.52927,2132.608,0.71490985,1812.2341,-0.077109374
207,978,324.52658,2968.872,200358.71875,3378034.75,249.0317,400.87628,323.6861,2074.142,0.73447347,1817.8058,-0.052240957
208,1208,328.37915,3493.7126,205607.125,3377996.25,375.0091,543.92883,615.6668,2650.4846,0.6414163,1826.8732,-0.16427112
209,1087,326.0276,3064.9807,201319.8125,3378019.75,294.16376,462.51794,416.0483,2189.8147,0.6876768,1819.4666,-0.08074977
210,1125,328.65067,2274.3796,193413.796875,3377993.5,502.25867,704.0298,739.29425,2064.3013,0.47436,1805.8126,-0.057017084
211,1114,326.03592,3294.9946,203619.9375,3378019.75,391.94974,565.2904,665.19073,2144.1687,0.53470725,1823.4396,-0.07170282
212,1164,327.69415,3355.8608,204228.609375,3378003.0,540.80884,739.12714,826.9368,2702.6091,0.55057013,1824.4917,-0.16877629
213,1162,327.66696,2405.5679,194725.6875,3378003.25,220.8068,399.64844,271.70053,2656.1382,0.81068945,1808.0779,-0.181661
214,970,330.29794,3597.2783,206642.78125,3377977.0,300.1294,305.09897,265.133,1167.1088,0.64634335,1828.663,0.24193521
215,995,331.22815,2178.4875,192454.875,3377967.75,748.5337,919.9824,1029.0753,1873.3784,0.29298797,1804.1577,-0.007329641
216,1211,330.64987,3230.6738,202976.734375,3377973.5,372.33444,513.569,527.51776,2329.1772,0.63469636,1822.3307,-0.087762035
217,1051,330.74405,3390.4214,204574.21875,3377972.5,449.4805,632.7583,637.60895,2759.4382,0.6369777,1825.0901,-0.17769042
218,1079,331.9555,2520.277,195872.765625,3377960.5,407.79703,600.6766,633.67194,2227.758,0.5739784,1810.0612,-0.09469817
219,1133,332.4916,2932.0,199990.0,3377955.0,500.98676,738.6717,776.32306,2372.263,0.544016,1817.1727,-0.12681359
220,949,331.60275,2585.9126,196529.125,3377964.0,376.3846,573.2824,566.5638,2212.0864,0.60380644,1811.1946,-0.09000497
221,1265,334.6672,3196.7478,202637.484375,3377933.25,436.87866,595.9933,561.99567,2689.4893,0.6429402,1821.7466,-0.15540919
222,988,334.35324,3007.6367,200746.375,3377936.5,283.42105,434.11945,332.43372,2339.7476,0.7434305,1818.48,-0.10499323
223,1149,332.71106,2744.7502,198117.5,3377953.0,185.8329,319.62228,221.49347,2387.168,0.82906276,1813.9386,-0.1290087
224,1101,337.46594,2146.396,192133.96875,3377905.25,798.04315,942.1181,1049.0073,1717.8429,0.2506179,1803.6066,0.032272153
225,1087,337.46643,3097.4985,201644.984375,3377905.25,261.5796,390.32614,325.92227,2236.4048,0.7529393,1820.0336,-0.09372024
226,1058,337.72116,2209.6257,192766.25,3377902.75,643.8686,832.03217,875.5236,2062.7996,0.3922097,1804.6987,-0.047918044
227,1174,335.64053,2840.9216,199079.21875,3377923.5,170.82368,310.0281,215.0443,2413.5024,0.83535695,1815.6011,-0.13630712
228,992,337.6633,2617.507,196845.0625,3377903.25,230.7611,392.9617,342.10483,2154.6833,0.73752064,1811.7433,-0.075732775
229,1145,337.1511,2676.7712,197437.71875,3377908.5,159.23405,284.90393,192.12053,2239.7756,0.8416309,1812.7666,-0.10031406
230,1199,337.51794,2080.6765,191476.765625,3377904.75,520.3357,695.5584,708.4245,1883.2094,0.4420332,1802.4716,0.004444672
231,1209,342.5947,2553.6567,196206.5625,3377854.0,308.04382,504.1919,480.11578,2241.8552,0.652744,1810.6428,-0.09492516
232,1216,340.39474,2807.005,198740.046875,3377876.0,175.9523,314.06744,223.0107,2330.7937,0.82480353,1815.0176,-0.104352504
233,1144,340.62238,3326.0464,203930.46875,3377873.75,455.75436,627.65125,729.92175,2296.4575,0.5263012,1823.9828,-0.1002289
234,1265,345.55334,1972.6616,190396.625,3377824.5,929.9186,1161.1316,1267.7174,2102.0261,0.27739033,1800.6101,-0.07142885
235,1096,343.0128,2113.605,191806.046875,3377849.75,591.43066,750.08716,788.82025,1716.2655,0.3662531,1803.043,0.042007774
236,1048,341.2748,2900.562,199675.625,3377867.25,231.52194,400.47043,312.13168,2574.099,0.78463155,1816.6339,-0.15269898
237,1007,343.82224,3523.9155,205909.15625,3377841.75,276.12015,375.6405,346.0263,1928.3441,0.7023496,1827.4021,0.017357295
238,1137,345.50925,2245.4458,193124.453125,3377825.0,696.4094,885.8588,966.92523,1940.9375,0.3350393,1805.3212,-0.025750903
239,1081,346.62073,3041.5051,201085.046875,3377813.75,249.38437,393.00092,301.5976,2184.6206,0.7482106,1819.0708,-0.06800442
240,1152,344.85504,2309.5208,193765.203125,3377831.5,629.7708,823.7348,886.1667,2016.5474,0.39602706,1806.4275,-0.045679595
241,1165,343.89957,2372.1184,194391.1875,3377841.0,403.75494,602.27124,550.66223,2290.8875,0.60778487,1807.508,-0.102619134
242,1121,350.24442,2495.28,195622.796875,3377777.5,214.7752,357.73596,279.98483,2234.5298,0.78088367,1809.6383,-0.10041965
243,1134,347.29276,3133.8376,202008.375,3377807.0,294.2368,406.56128,329.61066,2389.3557,0.75302786,1820.666,-0.12040442
244,1098,348.65756,3447.131,205141.3125,3377793.5,389.15393,541.8898,586.082,2347.7449,0.6186665,1826.0781,-0.08237761
245,1249,347.43314,2043.8191,191108.1875,3377805.75,564.66174,790.16895,845.59766,2141.2253,0.43263584,1801.84,-0.078086115
246,1203,347.1787,2441.203,195082.03125,3377808.25,208.10474,355.66,257.86533,2278.306,0.79669005,1808.7029,-0.10892388
247,1115,348.0852,3559.627,206266.265625,3377799.25,277.5861,319.18835,293.85785,1238.8323,0.64128,1828.021,0.21879184
248,1097,347.18323,2712.7073,197797.078125,3377808.25,177.58705,305.95532,217.7876,2196.8276,0.81944734,1813.3921,-0.08884206
249,1050,355.70856,3623.3247,206903.25,3377723.0,252.37476,379.5943,350.8443,2397.809,0.75952405,1829.1249,-0.086319976
250,832,351.25,2960.8257,200278.25,3377767.5,353.85217,535.78485,516.9159,2235.1082,0.6367626,1817.6796,-0.096683204
251,1092,353.8901,3170.3096,202373.09375,3377741.0,343.25458,477.34982,416.87317,2562.6785,0.72131866,1821.2991,-0.15403675
252,1408,357.37784,2008.6605,190756.609375,3377706.25,596.9602,840.38745,896.86255,2111.658,0.4082257,1801.2377,-0.07412156
253,853,354.90036,2991.0083,200580.078125,3377731.0,266.68463,411.84232,360.75262,2030.3376,0.70485705,1818.2026,-0.044618297
254,1122,360.14706,3473.3967,205403.96875,3377678.5,400.4844,551.7879,679.7469,2257.0776,0.5614894,1826.5371,-0.08343712
255,1332,356.68243,3260.7432,203277.4375,3377713.25,393.13477,553.6622,659.1438,2009.729,0.5182756,1822.8624,-0.03930702
256,1870,360.7075,1928.7716,189957.71875,3377673.0,893.7882,1117.1674,1263.4775,2039.2992,0.25886858,1799.8596,-0.055788722
257,1147,359.31213,2342.0925,194090.921875,3377687.0,644.14954,899.22974,1008.80255,2054.6675,0.3446799,1806.9971,-0.06082375
258,1198,360.0509,2873.0625,199400.625,3377679.5,181.51419,320.85226,222.82889,2433.0476,0.83167475,1816.1678,-0.14021042
259,1252,362.14697,3413.9895,204809.890625,3377658.5,310.75,435.66852,377.16455,2436.792,0.7412456,1825.512,-0.114242
260,905,357.87515,3589.3281,206563.28125,3377701.25,323.14642,380.92816,360.68176,1572.8624,0.63946635,1828.5386,0.12371763
261,1261,361.47977,2776.3442,198433.4375,3377665.25,178.0571,314.09674,219.65108,2423.9207,0.83419085,1814.498,-0.13799219
262,1003,359.15854,3380.0908,204470.90625,3377688.5,457.38434,653.158,772.22534,2313.7747,0.51860195,1824.925,-0.100020416
263,1060,362.50378,3077.5056,201445.0625,3377655.0,263.49527,436.23822,335.49197,2416.642,0.7605253,1819.7002,-0.12708218
264,1079,359.08063,3295.3938,203623.9375,3377689.25,364.12048,521.4991,551.50836,2346.5115,0.62387717,1823.462,-0.10583496
265,1169,362.23608,2407.4885,194744.890625,3377657.75,191.61633,330.87466,231.43413,2429.9807,0.8256482,1808.1279,-0.14057888
266,1126,363.62167,2279.96,193469.59375,3377643.75,662.2362,834.48315,896.86676,1906.6367,0.36558944,1805.9261,-0.01633734
267,1137,366.89975,2470.6624,195376.625,3377611.0,173.8795,299.47668,196.17502,2282.147,0.8411808,1809.2212,-0.11283388
268,1030,361.93008,2587.9739,196549.734375,3377660.75,385.23785,600.70197,639.1262,2218.6768,0.5707166,1811.2449,-0.09374654
269,1321,366.96594,3223.7502,202907.5,3377610.25,384.09537,534.4572,591.2271,2033.6926,0.55807436,1822.2283,-0.04553206
270,1747,375.65485,1888.1454,189551.453125,3377523.5,981.0598,1200.6147,1368.7744,1989.5349,0.18624379,1799.1654,-0.03753996
271,1155,363.8303,2176.7385,192437.390625,3377641.75,608.57404,829.2039,860.81903,2177.5105,0.4341651,1804.1436,-0.083454095
272,1182,369.5939,2653.6575,197206.578125,3377584.0,176.8951,324.478,240.58884,2180.8552,0.80335766,1812.383,-0.088648885
273,1115,368.26636,3351.1848,204181.84375,3377597.25,416.4713,587.69867,741.4686,2072.9282,0.49052492,1824.43,-0.0526018
274,1087,369.51517,3501.6504,205686.5,3377584.75,387.12878,506.4738,536.3547,2236.282,0.62148625,1827.0295,-0.054024253
275,1116,369.2724,2623.8386,196908.390625,3377587.25,214.79929,399.08603,318.35483,2395.0305,0.76819414,1811.8679,-0.13187551
276,1182,369.077,2525.302,195923.015625,3377589.25,331.99237,520.0042,516.1569,2287.7188,0.64847493,1810.166,-0.1106838
277,976,368.04712,2686.7192,197537.1875,3377599.5,184.15881,323.32684,218.84427,2402.4631,0.83257526,1812.9534,-0.13453287
278,1032,365.98062,2744.8208,198118.203125,3377620.25,169.20445,298.74417,206.51067,2265.0522,0.8325198,1813.9558,-0.10878667
279,892,369.20517,2941.8643,200088.640625,3377588.0,451.10764,657.39685,657.74774,2266.4832,0.5775284,1817.3606,-0.10209461
280,1085,368.34195,2216.3198,192833.203125,3377596.5,563.6493,832.1184,883.4198,2289.813,0.43442485,1804.8293,-0.10716805
281,1018,371.2898,2913.897,199808.96875,3377567.0,210.87033,374.07565,284.40274,2462.277,0.7984166,1816.8785,-0.13676938
282,1063,371.8937,3020.2822,200872.828125,3377561.0,271.12228,419.36972,329.2314,2326.6995,0.753196,1818.7163,-0.103467725
283,1134,372.28748,2072.255,191392.546875,3377557.25,765.127,917.84875,975.55774,1695.555,0.27462095,1802.3433,0.050582834
284,1139,371.71115,2140.0342,192070.34375,3377563.0,527.1172,748.6115,763.28754,2147.9097,0.4761198,1803.5135,-0.07874346
285,1076,369.5762,2838.765,199057.65625,3377584.25,176.80205,310.74536,221.3959,2361.6729,0.8290807,1815.5801,-0.12292067
286,1146,373.6431,3111.1055,201781.0625,3377543.5,233.55629,375.29843,321.3665,2032.5332,0.7288571,1820.2859,-0.046947118
287,1088,375.17648,2104.8926,191718.921875,3377528.25,743.051,912.3888,1028.1117,1829.9362,0.2894115,1802.9083,-0.0012990123
288,1047,375.02866,3535.062,206020.625,3377529.75,339.45416,410.81854,323.72876,2053.0386,0.7213794,1827.6093,-0.004017589
289,1271,381.49017,3190.5815,202575.8125,3377465.0,379.8513,545.6601,535.75214,2277.0154,0.6283577,1821.6624,-0.09848475
290,897,378.59308,3651.9475,207189.46875,3377494.0,230.4738,323.9905,243.65886,2112.4358,0.80043286,1829.6299,-0.020664047
291,1062,376.5405,2808.819,198758.1875,3377514.5,171.53673,303.36063,210.75235,2393.822,0.8403728,1815.0663,-0.12803978
292,1151,379.22937,2376.9592,194439.59375,3377487.75,216.43005,379.33798,286.66507,2389.8423,0.78331625,1807.6089,-0.12836534
293,1134,379.7425,2559.679,196266.78125,3377482.5,354.97177,579.3889,557.4612,2369.9507,0.62488514,1810.7649,-0.12825987
294,1152,380.0703,3148.1936,202151.9375,3377479.25,199.20529,313.35504,230.67839,2036.9749,0.7952557,1820.9294,-0.04995097
295,1115,380.5067,3322.6152,203896.15625,3377475.0,319.2368,473.2045,547.0785,2081.3557,0.58890146,1823.9424,-0.04928927
296,989,380.27097,3054.3074,201213.078125,3377477.25,340.4166,501.01215,424.30637,2522.5547,0.7087405,1819.308,-0.13920979
297,1369,378.48065,1972.707,190397.0625,3377495.25,497.31555,724.57086,683.41125,2345.9985,0.5457741,1800.6272,-0.12325748
298,1120,381.10178,2249.8643,193168.640625,3377469.0,679.8375,892.0687,975.42053,2055.2268,0.35050067,1805.4149,-0.05394683
299,1151,381.73328,2312.4397,193794.390625,3377462.75,628.74414,875.1095,936.0995,2188.5703,0.39738032,1806.4958,-0.084059805
300,937,380.21024,2980.189,200471.890625,3377478.0,418.64462,609.8122,610.7161,2223.873,0.5884383,1818.0278,-0.0918832
301,1136,383.6831,2436.751,195037.515625,3377443.25,170.66814,289.27023,196.98856,2171.235,0.8332521,1808.6437,-0.08865659
302,1055,383.5204,2717.7668,197847.671875,3377444.75,164.8436,292.8398,205.3545,2176.488,0.8272622,1813.4971,-0.08899245
303,1239,384.8749,2040.5457,191075.453125,3377431.25,662.6578,864.3983,878.67395,1921.5432,0.35766405,1801.8019,-0.00074608094
304,1040,385.8875,3566.7578,206337.578125,3377421.0,298.58847,419.58942,357.337,2227.3655,0.72778165,1828.1619,-0.061865345
305,1275,388.29648,3443.2258,205102.25,3377397.0,277.1451,409.9251,372.58707,2463.3494,0.75555366,1826.0293,-0.12701733
306,906,385.7384,3597.8962,206648.96875,3377422.5,248.1308,368.9746,314.38632,2188.1401,0.7686757,1828.6996,-0.04903917
307,1640,397.8012,1850.7793,189177.796875,3377302.0,1127.7848,1334.0562,1460.9174,1854.9314,0.121889636,1798.5311,0.0051399763
308,1035,391.96136,2892.7778,199597.78125,3377360.5,161.89758,299.5826,210.14009,2246.3247,0.82845837,1816.5237,-0.0997723
309,1208,391.7177,3286.356,203533.5625,3377362.75,483.4317,656.34106,752.0952,2174.4434,0.49747208,1823.3214,-0.06528862
310,843,388.51364,3627.4153,206944.15625,3377394.75,271.70404,421.34283,384.29242,2529.7344,0.7458323,1829.2108,-0.12628992
311,992,392.64114,2191.4417,192584.421875,3377353.5,636.3795,886.1578,957.7631,2067.0876,0.368575,1804.4116,-0.06507839
312,1268,396.14117,2498.914,195659.140625,3377318.5,176.68454,313.87854,207.17587,2326.6,0.8363328,1809.7234,-0.12236793
313,1061,392.62866,2597.4138,196644.140625,3377353.75,363.15363,590.18,635.491,2351.4675,0.593249,1811.4229,-0.121724375
314,1335,395.98877,3251.0913,203180.90625,3377320.0,479.65692,662.7929,712.3217,2381.179,0.5502328,1822.7144,-0.11142362
315,1060,395.1019,2858.282,199252.8125,3377329.0,179.93962,307.32736,208.31604,2410.7546,0.84036493,1815.9294,-0.13727596
316,1093,393.79324,2345.042,194120.421875,3377342.0,462.84903,653.425,657.2969,2179.044,0.54804295,1807.0648,-0.08357459
317,1129,392.9194,3381.567,204485.671875,3377350.75,396.01462,569.5815,728.0762,2201.573,0.5116162,1824.9664,-0.08749983
318,1375,398.98764,2008.1099,190751.09375,3377290.0,543.0029,760.41455,795.4298,2076.8564,0.44181678,1801.2487,-0.054449916
319,1084,398.62637,2158.1318,192251.3125,3377293.75,643.0558,875.0328,943.97833,2067.7058,0.376598,1803.8392,-0.063018866
320,999,400.62662,3672.6316,207396.3125,3377273.75,274.83585,394.51453,342.2998,2220.7332,0.7451972,1829.9974,-0.036763612
321,1156,400.0026,2787.6487,198546.484375,3377280.0,151.77942,279.1358,187.52422,2254.474,0.84594756,1814.7119,-0.096896075
322,878,397.51822,2950.238,200172.375,3377304.75,463.07632,673.79724,676.5911,2250.6492,0.58262736,1817.5188,-0.09909325
323,1179,400.17218,3087.604,201546.03125,3377278.25,319.0984,449.20612,357.16284,2385.8384,0.7211067,1819.8926,-0.091908894
324,1377,405.17792,1953.594,190205.9375,3377228.25,668.14777,897.6721,948.19244,2107.2375,0.38945615,1800.3103,-0.07224992
325,1198,399.788,2751.3757,198183.75,3377282.0,148.40819,270.6369,187.0626,2069.2437,0.83382916,1814.0853,-0.06318499
326,1139,400.87268,3411.2563,204782.5625,3377271.25,356.04742,521.1888,649.4421,2163.2744,0.55625504,1825.483,-0.07619514
327,1228,400.91937,3473.5374,205405.375,3377270.75,260.82452,381.7891,300.72925,2449.4565,0.7830629,1826.5587,-0.1243109
328,1539,405.61078,1918.3093,189853.09375,3377224.0,830.4266,1092.3967,1221.3457,2224.1138,0.30153915,1799.7012,-0.09937918
329,1114,399.23877,2280.9792,193479.796875,3377287.5,772.2837,994.03143,1054.5656,2136.8347,0.33583373,1805.9612,-0.07298781
330,1148,401.08276,2407.269,194742.6875,3377269.25,185.39722,319.37283,232.74565,2187.06,0.8080896,1808.1431,-0.08972128
331,1031,400.30164,2465.7227,195327.21875,3377277.0,180.97867,322.04266,211.92337,2347.5906,0.83390224,1809.1522,-0.12707579
332,1020,400.68433,3010.194,200771.9375,3377273.25,303.59558,481.14804,414.8348,2302.3235,0.7000312,1818.5558,-0.111868344
333,1016,398.43503,2684.6724,197516.71875,3377295.75,173.59645,308.71555,210.60432,2307.935,0.83255816,1812.9326,-0.11763951
334,1033,402.75604,2220.8005,192878.0,3377252.5,680.3282,927.33105,1032.4318,2160.9739,0.35735887,1804.9236,-0.082159884
335,1124,404.28113,2532.249,195992.484375,3377237.25,320.44305,519.44037,463.5596,2289.9512,0.6670116,1810.303,-0.11090808
336,1152,404.1849,3506.7075,205737.078125,3377238.25,289.44272,412.8889,362.1098,2134.0537,0.7089932,1827.1332,-0.060742334
337,1147,405.6347,2118.3445,191853.4375,3377223.75,639.17914,888.35266,989.92285,2242.1409,0.38700035,1803.1556,-0.1025506
338,1336,407.38474,3215.5493,202825.5,3377206.25,219.99327,353.7264,293.81174,2113.932,0.7603211,1822.1058,-0.060262263
339,1245,406.61768,2081.7654,191487.65625,3377213.75,745.59515,923.05664,1033.6666,1875.939,0.29196855,1802.5244,-0.012299807
340,1001,408.54944,2925.1409,199921.40625,3377194.5,161.82118,304.90408,211.78122,2162.964,0.8205649,1817.0906,-0.080299586
341,1249,408.70856,3122.7078,201897.078125,3377193.0,341.79062,484.5096,408.68814,2267.629,0.696979,1820.5029,-0.0919817
342,1198,408.42236,3164.6729,202316.734375,3377195.75,216.38231,347.1156,271.38397,2095.973,0.77416265,1821.2275,-0.06165694
343,1047,405.6772,2653.553,197205.53125,3377223.25,189.73639,339.9962,254.31137,2284.5186,0.79866815,1812.3987,-0.1091738
344,1248,409.94553,2826.6387,198936.390625,3377180.5,187.70512,320.50162,217.90785,2478.745,0.8374905,1815.39,-0.14736076
345,1059,407.20303,3045.83,201128.296875,3377208.0,248.24033,385.20868,286.60953,2351.2568,0.78134215,1819.1744,-0.11071747
346,1230,409.07153,3353.326,204203.25,3377189.25,369.48172,538.82806,684.36426,2116.8948,0.52641165,1824.4863,-0.064472616
347,1102,410.2804,2623.8467,196908.46875,3377177.25,170.22777,322.03265,208.83304,2487.3965,0.84466636,1811.8878,-0.1539764
348,1024,407.03516,3540.8115,206078.125,3377209.75,334.62598,460.48438,461.77686,2008.3047,0.6482997,1827.7236,-0.024224214
349,1600,418.92126,1814.2632,188812.625,3377090.75,1093.6296,1302.69,1455.64,1991.6447,0.16449896,1797.911,-0.044209983
350,794,407.80228,2976.8123,200438.125,3377202.0,376.034,568.131,546.58563,2387.7822,0.6335493,1817.9827,-0.12344266
351,1068,412.82022,2568.8154,196358.15625,3377151.75,191.46254,343.59177,259.49905,2277.4055,0.79829997,1810.9387,-0.108567186
352,1162,413.91135,3319.37,203863.703125,3377141.0,403.33435,561.88556,654.5168,1982.6498,0.5170475,1823.9021,-0.022239763
353,844,413.9917,3612.263,206792.625,3377140.0,230.98045,360.19135,319.95615,2169.358,0.7537953,1828.961,-0.04837041
354,1095,415.31052,2376.9407,194439.40625,3377127.0,313.57443,502.32327,463.61826,2376.9917,0.6860998,1807.6262,-0.12861395
355,1057,418.5336,3581.4995,206485.0,3377094.75,215.74928,355.67975,244.59082,2260.0417,0.80631256,1828.4318,-0.086320885
356,1030,419.28543,3642.4397,207094.40625,3377087.25,295.77573,394.1029,341.65048,2129.5747,0.751022,1829.4847,-0.026848909
357,915,419.447,3696.8535,207638.53125,3377085.5,298.54318,362.4552,272.20383,1741.8989,0.73649794,1830.4247,0.06298504
358,1529,423.57227,1883.0471,189500.46875,3377044.25,655.6527,884.1818,934.87866,2139.7122,0.40161395,1799.1011,-0.07487403
359,1074,417.87988,2249.8035,193168.03125,3377101.25,763.7449,986.6667,1096.4515,2074.918,0.30903396,1805.4319,-0.06021176
360,1167,418.30334,2311.2769,193782.765625,3377097.0,577.0437,816.9306,857.1808,2186.8955,0.43508708,1806.4937,-0.08613126
361,1108,416.09656,2716.2212,197832.21875,3377119.0,153.81949,277.54062,190.6074,2176.4143,0.8381793,1813.486,-0.086865805
362,1308,420.0994,2045.4641,191124.640625,3377079.0,824.5237,985.9465,1092.9694,1779.5452,0.24585676,1801.9042,0.02421403
363,1324,425.6609,1988.2756,190552.75,3377023.5,658.18616,854.4547,936.96075,1975.1167,0.35393283,1800.9193,-0.025847407
364,878,420.3212,2876.2256,199432.25,3377076.75,157.43964,286.56833,197.67198,2198.0308,0.83485514,1816.2515,-0.09076729
365,1162,422.20053,2436.6257,195036.25,3377058.0,171.7203,296.90704,201.08951,2131.019,0.8266291,1808.6603,-0.07746033
366,1144,424.67657,2182.8435,192498.4375,3377033.25,721.5236,933.8348,991.03625,2098.3633,0.36425042,1804.2788,-0.068376325
367,996,426.749,2141.5532,192085.53125,3377012.5,736.46136,945.63403,1019.64557,2148.9197,0.36373222,1803.5668,-0.07873728
368,1223,427.34668,3282.409,203494.09375,3377006.5,430.58545,606.8835,669.11694,2099.8206,0.525883,1823.27,-0.05571427
369,1257,430.38663,3427.2036,204942.03125,3376976.25,440.35202,589.8206,655.80865,2338.6536,0.5634118,1825.7723,-0.0941849
370,991,428.6791,2769.3694,198363.6875,3376993.25,214.77194,362.96063,260.86984,2613.9668,0.81371146,1814.4099,-0.16380586
371,881,428.35416,2902.9944,199699.9375,3376996.5,174.06924,321.24405,228.94325,2240.0535,0.8150579,1816.7177,-0.0958171
372,1264,433.5182,3184.1155,202511.15625,3376944.75,208.14755,341.64636,262.04706,2079.845,0.7809036,1821.5753,-0.058883328
373,975,425.04822,2344.4626,194114.625,3377029.5,575.2277,783.6636,874.35693,2196.3918,0.4393289,1807.0701,-0.0891004
374,1041,429.3266,3077.4976,201444.96875,3376986.75,244.59702,358.4933,257.793,2326.4788,0.800151,1819.7319,-0.10586839
375,1048,430.49142,2594.2405,196612.40625,3376975.0,167.3292,319.01718,199.7185,2537.855,0.8537704,1811.3864,-0.16546385
376,1124,433.99377,3457.42,205244.203125,3376940.0,369.13077,531.1997,697.77136,2165.1113,0.5301656,1826.2959,-0.07205602
377,1133,431.1218,2472.7236,195397.234375,3376968.75,180.67343,330.83496,217.19946,2334.9048,0.82950354,1809.2881,-0.12513705
378,818,430.69928,2989.5,200565.0,3376973.0,456.59415,669.6797,698.3631,2288.181,0.5417462,1818.2128,-0.10565751
379,1390,434.56332,3386.8943,204538.9375,3376934.25,320.10934,464.90396,549.9198,1956.7957,0.5683868,1825.0781,-0.014880459
380,1091,431.25848,2681.5317,197485.3125,3376967.5,162.80202,298.18423,208.71494,2234.4316,0.8284952,1812.8942,-0.101174936
381,939,432.23642,3018.2961,200852.96875,3376957.75,284.5442,450.38818,356.11823,2350.7007,0.7382014,1818.7108,-0.117770694
382,947,434.20062,3554.7253,206217.25,3376938.0,306.604,471.4324,500.64624,2208.7856,0.6555043,1827.9767,-0.084717125
383,1284,436.00778,2507.546,195745.453125,3376920.0,227.19937,392.7531,301.5327,2348.725,0.7776766,1809.8918,-0.12678936
384,1081,435.35522,2799.7927,198667.921875,3376926.5,211.86494,356.68176,243.65587,2671.2415,0.8317838,1814.9386,-0.18195654
385,1017,433.5182,2956.8909,200238.90625,3376944.75,421.471,624.352,613.47394,2279.1562,0.60337436,1817.6509,-0.10449581
386,1460,442.5,1778.1445,188451.4375,3376855.0,997.76746,1200.2227,1292.3353,1751.426,0.16620578,1797.2991,0.02882396
387,1060,434.55756,2544.5273,196115.28125,3376934.5,217.93019,370.30283,288.92642,2271.535,0.77573913,1810.5298,-0.1063975
388,1046,437.72086,2854.3328,199213.328125,3376902.75,144.0956,259.1654,171.56693,2163.046,0.85300916,1815.8817,-0.084036976
389,1265,435.86404,3251.9675,203189.671875,3376921.25,292.7996,445.72964,397.80948,2234.7126,0.68797517,1822.7483,-0.07327964
390,1058,434.71832,2277.9045,193449.046875,3376932.75,596.9934,851.3299,959.2023,2160.8374,0.3883269,1805.9254,-0.085508235
391,1219,437.8302,3140.3027,202073.03125,3376901.75,366.53568,532.36176,440.80435,2580.503,0.69345516,1820.8207,-0.14870974
392,1190,440.25125,3487.4243,205544.25,3376877.5,358.63278,489.7143,544.9462,1975.5643,0.58765817,1826.8171,-0.007959992
393,1121,438.08475,3520.4238,205874.234375,3376899.25,261.75067,396.99152,383.8189,2035.1918,0.6959986,1827.386,-0.030584704
394,975,436.3036,3666.925,207339.25,3376917.0,289.161,338.65845,267.79486,1480.7913,0.70516276,1829.9155,0.16041572
395,1141,436.27258,2218.3022,192853.03125,3376917.25,759.61084,966.5425,1098.631,2037.177,0.302809,1804.8969,-0.052847516
396,1090,440.30185,2739.8083,198068.078125,3376877.0,203.29175,339.28717,271.16788,2294.0586,0.7808784,1813.905,-0.1012813
397,1544,442.9929,1849.4106,189164.109375,3376850.0,765.25745,990.3306,1063.68,2082.247,0.3341559,1798.5299,-0.06170158
398,1199,440.05005,2404.282,194712.8125,3376879.5,263.6956,427.37198,347.9091,2328.4453,0.7419722,1808.1105,-0.11626982
399,1358,447.10678,2023.6945,190906.9375,3376809.0,655.5523,858.41534,927.8774,1918.676,0.33906302,1801.5415,-0.012751058
400,1201,443.5712,2110.7676,191777.671875,3376844.25,663.57367,875.0046,968.32263,2127.0542,0.37786627,1803.0435,-0.07344285
401,1082,440.34473,2647.218,197142.1875,3376876.5,175.71626,322.87524,224.85304,2392.8577,0.8262506,1812.306,-0.13449624
402,864,438.02545,3047.9595,201149.59375,3376899.75,170.94734,299.3125,208.20775,1995.1111,0.8112332,1819.2258,-0.03459444
403,1285,446.77197,3104.3416,201713.421875,3376812.25,287.4895,416.76965,296.8533,2582.412,0.7934732,1820.2039,-0.16101632
404,1091,440.1824,2079.4463,191464.46875,3376878.25,631.12695,840.538,904.97986,2141.6343,0.40741974,1802.5009,-0.07831311
405,1159,443.12512,3220.1199,202871.203125,3376848.75,224.58455,341.10785,242.30716,2231.6394,0.79804784,1822.2017,-0.06841182
406,1454,444.76617,1952.1912,190191.90625,3376832.25,752.706,935.66125,1022.68225,1942.2775,0.30786443,1800.3057,-0.02029119
407,1364,446.945,1914.8373,189818.375,3376810.5,616.1833,836.5304,931.419,2229.893,0.41617513,1799.6616,-0.09788935
408,928,444.43103,2928.1013,199951.015625,3376835.75,164.60022,302.47736,203.53555,2193.111,0.8289121,1817.1589,-0.08775144
409,1151,445.23022,3312.8218,203798.21875,3376827.75,586.212,754.74677,843.2776,1821.6572,0.38440037,1823.8037,0.034417525
410,1370,446.98978,3353.8364,204208.359375,3376810.0,375.57227,527.16644,621.5387,1890.0763,0.5199022,1824.513,-0.008209276
411,996,442.96786,3609.719,206767.1875,3376850.25,314.59137,419.8991,334.14557,2318.9434,0.7533977,1828.9307,-0.07859508
412,1034,450.24274,2617.4556,196844.5625,3376777.5,161.03772,310.22147,191.89458,2546.7234,0.85963833,1811.7968,-0.16723011
413,1003,449.11664,2828.067,198950.671875,3376788.75,147.32402,265.5952,176.80159,2150.697,0.8484122,1815.4335,-0.08072058
414,1038,451.17728,2155.3806,192223.8125,3376768.25,611.79816,826.07947,871.63153,2092.1912,0.41484532,1803.8175,-0.06663031
415,1129,449.73517,2368.891,194358.90625,3376782.75,613.9026,851.8184,928.68115,2094.6023,0.38351506,1807.5039,-0.06317305
416,1080,451.47128,2709.061,197760.609375,3376765.25,172.00093,308.39536,227.29536,2185.5889,0.80952734,1813.3794,-0.08717397
417,994,452.52213,2330.2847,193972.84375,3376754.75,705.2455,922.3048,1045.837,2093.7888,0.33306807,1806.8386,-0.06607512
418,1001,455.34265,2301.107,193681.0625,3376726.5,599.963,836.2847,848.44354,2256.4236,0.44732475,1806.3362,-0.10022219
419,1223,459.05725,2573.9697,196409.703125,3376689.5,164.55273,317.89206,194.72035,2532.1619,0.8569265,1811.05,-0.16419435
420,1132,455.57068,2250.4514,193174.515625,3376724.25,572.0592,822.5521,934.00616,2123.7986,0.39137638,1805.4614,-0.07537197
421,1056,456.70834,2887.126,199541.265625,3376713.0,164.38826,302.75378,209.72728,2221.3618,0.82713336,1816.4572,-0.09210922
422,1075,456.78513,3577.6494,206446.5,3376712.25,269.51022,403.92093,292.5693,2420.111,0.7844817,1828.3832,-0.119754
423,1095,457.71143,3638.1416,207051.40625,3376703.0,285.72876,367.09268,272.0233,1937.8644,0.7638078,1829.4285,0.030080019
424,1090,457.7312,2189.454,192564.546875,3376702.75,785.65186,994.7248,1134.8835,1982.101,0.27741188,1804.4092,-0.03945498
425,1222,457.12848,2438.9565,195059.5625,3376708.75,191.54828,340.06873,234.09738,2214.4248,0.80761844,1808.7175,-0.096438706
426,1114,461.02243,2058.1123,191251.125,3376669.75,726.66565,916.1472,985.31104,2079.385,0.3577164,1802.1427,-0.062423743
427,1455,461.62817,1813.5746,188805.75,3376663.75,818.9856,1028.7615,1078.9567,1907.5337,0.2701976,1797.9203,4.4335473e-05
428,1387,465.14346,1737.9978,188049.984375,3376628.5,1136.6846,1347.7505,1465.8745,1712.3641,0.05840232,1796.6171,0.062488507
429,1449,464.13596,3408.4644,204754.640625,3376638.75,385.85886,521.7126,547.2871,2158.0132,0.6054143,1825.4646,-0.024293138
430,1203,464.74564,3160.5828,202275.828125,3376632.5,328.0349,461.56607,363.84705,2509.015,0.7450297,1821.1837,-0.14264047
431,1192,460.8423,1988.8674,190558.671875,3376671.5,652.3842,833.5768,881.90015,1813.9556,0.33661163,1800.9469,0.028699234
432,1036,458.8031,2990.305,200573.046875,3376692.0,461.78668,673.47876,710.73553,2248.5889,0.5287119,1818.2401,-0.09839032
433,985,463.0457,3029.868,200968.6875,3376649.5,392.42844,560.48883,535.0249,2257.842,0.61830187,1818.9254,-0.095297314
434,1106,464.97015,2671.1663,197381.65625,3376630.25,197.96745,346.91953,268.27124,2278.6782,0.78759736,1812.7314,-0.10943046
435,1088,462.48254,2767.01,198340.09375,3376655.25,193.26562,336.43475,224.4761,2460.1738,0.8328435,1814.3855,-0.14547105
436,1086,464.40976,3065.908,201329.078125,3376636.0,249.57274,395.5792,309.0603,2194.5815,0.75530505,1819.5485,-0.07642682
437,1117,465.28558,3541.8372,206088.375,3376627.25,276.9342,411.7784,341.60788,2188.5662,0.7334891,1827.7687,-0.06634491
438,1155,463.05627,2474.8918,195418.921875,3376649.5,174.95325,318.02164,204.92468,2317.49,0.8371259,1809.341,-0.119898856
439,1546,470.30853,1884.7329,189517.328125,3376577.0,414.51004,613.26,616.402,2113.1484,0.54904747,1799.1533,-0.07177268
440,972,464.60495,2541.3044,196083.046875,3376634.0,173.02469,315.42285,207.67284,2373.216,0.8382983,1810.4886,-0.12950781
441,1187,468.23083,3199.3926,202663.921875,3376597.75,280.45493,415.27548,327.01096,2163.9604,0.7320125,1821.8556,-0.057719767
442,1480,470.30945,3285.3845,203523.84375,3376577.0,565.0581,750.2872,848.5267,2181.8818,0.4614537,1823.3418,-0.06839254
443,1027,466.34665,2954.3096,200213.09375,3376616.5,358.4888,537.1168,525.2658,2171.5823,0.6351952,1817.6221,-0.0802287
444,1496,469.64972,3451.4988,205184.984375,3376583.5,361.6895,483.48294,486.04578,2023.6394,0.6025126,1826.2104,-0.0065688384
445,923,471.01083,2915.8613,199828.609375,3376570.0,160.38895,301.30878,202.91983,2266.0608,0.8351829,1816.9602,-0.10307043
446,1187,473.22495,3330.6875,203976.875,3376547.75,380.11838,537.48944,592.04047,1908.0619,0.53650504,1824.1255,-0.015163219
447,1150,474.57565,2125.8113,191928.109375,3376534.25,759.70825,933.41046,982.8287,2094.024,0.3667435,1803.3185,-0.065276444
448,1089,472.0698,2513.013,195800.125,3376559.25,171.30853,310.66025,209.10469,2261.6125,0.8302351,1810.0037,-0.10680537
449,1347,472.96436,3500.7305,205677.3125,3376550.25,413.97662,542.98926,579.1804,1994.7892,0.5745626,1827.0623,0.0067869243
450,1123,472.90918,2222.8032,192898.03125,3376551.0,612.7658,873.2137,980.2565,2063.293,0.357665,1804.9926,-0.062214475
451,1090,471.71378,2798.8,198658.0,3376562.75,134.40918,251.2055,168.51834,2062.1304,0.84920996,1814.939,-0.061980344
452,1399,474.18085,3246.163,203131.625,3376538.25,199.38777,322.58255,238.45961,2167.5122,0.80194914,1822.6661,-0.06617802
453,1128,475.7748,2863.3281,199303.28125,3376522.25,171.0727,304.72073,202.77925,2302.4832,0.835849,1816.0553,-0.10278541
454,1272,476.67532,3127.5723,201945.71875,3376513.25,288.78223,415.09277,299.84906,2596.1467,0.79284215,1820.6193,-0.16666923
455,1089,477.1001,2277.7273,193447.28125,3376509.0,515.0386,770.64,805.70984,2265.9172,0.48038667,1805.943,-0.10936783
456,1115,475.0592,2404.74,194717.40625,3376529.5,361.13992,563.49414,518.6242,2177.3884,0.6228458,1808.1354,-0.08499985
457,1077,478.83102,2603.247,196702.46875,3376491.75,164.44661,312.96286,192.67038,2576.365,0.8606181,1811.5652,-0.17296045
458,1034,475.49808,3605.6296,206726.296875,3376525.0,342.0416,469.3641,482.32642,1915.1272,0.61146325,1828.8752,-0.0036231957
459,1312,481.4253,2090.4207,191574.203125,3376465.75,652.3441,834.0587,883.5747,2005.032,0.39116207,1802.7107,-0.04460186
460,1154,479.31717,2639.558,197065.578125,3376486.75,168.48613,315.81454,203.69757,2500.189,0.84875137,1812.1925,-0.15827918
461,1334,480.68066,1929.8539,189968.53125,3376473.25,697.8617,866.07306,914.5191,1833.4135,0.3277121,1799.9376,0.021884505
462,998,479.32465,2343.3567,194103.5625,3376486.75,594.93085,801.987,848.14026,2193.6582,0.4443191,1807.0774,-0.08585557
463,1235,479.83078,2735.5847,198025.84375,3376481.75,184.3579,317.60403,236.71013,2201.8381,0.8027989,1813.8511,-0.0885932
464,1713,486.86163,3368.9312,204359.3125,3376411.5,427.05167,582.0085,620.62524,2210.1611,0.56193733,1824.7925,-0.058108713
465,1377,480.11255,1777.8693,188448.6875,3376478.75,983.427,1202.8536,1269.8025,2057.6096,0.25751254,1797.313,-0.0502516
466,978,481.35175,2374.819,194418.1875,3376466.5,583.5051,818.44684,886.1145,2181.765,0.42289275,1807.6217,-0.08392733
467,1026,481.75827,2698.5547,197655.546875,3376462.5,193.96199,342.3002,267.5926,2276.1492,0.78851306,1813.2125,-0.1100596
468,1174,484.32794,3089.0093,201560.09375,3376436.75,206.75554,330.25894,222.95784,2195.0771,0.81506974,1819.9569,-0.08513867
469,1414,484.69235,1847.1506,189141.5,3376433.0,402.9095,594.95013,588.44415,2357.1848,0.60051537,1798.5115,-0.12742549
470,1282,486.00702,1966.4634,190334.625,3376420.0,723.3471,906.8288,985.4489,1969.3245,0.33490646,1800.5724,-0.034089483
471,972,480.2212,2831.0442,198980.4375,3376477.75,161.71707,297.49692,200.01646,2337.5,0.84149134,1815.4999,-0.11247902
472,1480,492.4561,1703.5061,187705.0625,3376355.5,1235.6567,1459.7534,1603.1713,1935.3196,0.08924313,1796.035,-0.017772295
473,1279,486.04065,2012.7435,190797.4375,3376419.5,652.6263,857.4691,878.1642,2058.1204,0.39930117,1801.3716,-0.05622889
474,1067,482.84256,2157.165,192241.65625,3376451.5,750.8257,935.52716,1034.9376,1961.1031,0.31250885,1803.8639,-0.034677032
475,927,484.98813,3013.5923,200805.921875,3376430.0,431.8943,625.27075,650.96765,2201.0303,0.55056995,1818.6548,-0.08748224
476,1148,489.7561,2048.0278,191150.28125,3376382.5,656.2169,850.10406,906.3349,1987.8362,0.3799774,1801.9827,-0.04004732
477,960,488.07394,2978.4397,200454.390625,3376399.25,429.45312,623.9375,630.6281,2291.275,0.5914128,1818.0491,-0.10038738
478,1169,491.37125,2310.7803,193777.796875,3376366.25,634.4491,849.41486,920.03937,2157.3232,0.40111288,1806.5208,-0.08082889
479,1099,490.9827,2192.6907,192596.90625,3376370.25,671.7853,878.40857,952.0673,2156.5278,0.40131915,1804.4813,-0.080545604
480,951,492.7939,2492.896,195598.96875,3376352.0,166.68034,310.58148,195.93166,2327.773,0.84414893,1809.6664,-0.122940496
481,1222,491.7283,3572.4248,206394.25,3376362.75,280.0929,418.14606,461.54623,1795.9918,0.599424,1828.3093,0.013156148
482,1010,492.3208,2432.7039,194997.03125,3376356.75,191.1406,344.8406,226.8703,2106.2952,0.8050082,1808.6267,-0.071230695
483,1008,495.24304,2460.9475,195279.46875,3376327.5,169.30655,304.1746,197.78969,2095.377,0.8270568,1809.1158,-0.07058255
484,1142,494.16376,3176.323,202433.234375,3376338.25,347.29202,499.36032,439.20007,2556.0771,0.713888,1821.4695,-0.15677255
485,967,493.75906,2937.1467,200041.46875,3376342.5,200.53154,348.02896,265.8842,2071.9006,0.77188116,1817.3387,-0.057190236
486,1253,497.60895,3219.4453,202864.453125,3376304.0,386.82523,528.89545,459.90982,2402.3416,0.6666721,1822.2158,-0.11173522
487,1231,499.43137,3479.4094,205464.09375,3376285.75,451.1852,589.83185,627.8623,2559.323,0.6112364,1826.7064,-0.11098061
488,1140,495.17017,2550.2886,196172.890625,3376328.25,170.6693,329.02194,206.32106,2460.8948,0.8448064,1810.6586,-0.1503123
489,1273,497.16812,3048.3032,201153.03125,3376308.25,451.9666,630.9556,645.4132,2180.0115,0.55253005,1819.26,-0.082392275
490,1109,494.51398,3533.4014,206004.015625,3376334.75,345.41525,463.10956,471.11722,2262.8364,0.66007644,1827.6366,-0.07535025
491,1138,497.384,2252.7424,193197.421875,3376306.25,515.8629,739.89545,720.5905,2240.5862,0.5137783,1805.5215,-0.098266974
492,1080,496.5037,2899.7397,199667.40625,3376315.0,149.75,293.01758,200.8676,2167.5361,0.8297522,1816.694,-0.08343299
493,1128,496.58423,2772.774,198397.734375,3376314.25,161.73404,282.5585,214.97784,2021.4299,0.8056419,1814.5015,-0.045386966
494,1052,499.98288,3619.272,206862.71875,3376280.25,275.7638,418.01852,426.83984,1949.5071,0.6537922,1829.1223,-0.019786062
495,1100,500.86453,2582.229,196492.28125,3376271.25,161.07819,311.64636,189.01183,2530.75,0.8607394,1811.2129,-0.1638897
496,1171,498.17932,1741.1195,188081.1875,3376298.25,657.8877,887.29034,933.064,2202.3066,0.4308163,1796.6874,-0.08609819
497,1322,500.54916,3318.836,203858.359375,3376274.5,361.0242,503.542,547.66,1879.686,0.5484735,1823.9337,-0.006019853
498,1405,499.4783,3409.7588,204767.59375,3376285.25,367.44556,502.8306,535.8936,1882.0961,0.55484563,1825.5035,0.007324943
499,1400,502.71857,1813.7064,188807.0625,3376252.75,530.3375,783.97284,797.50574,2446.423,0.50491166,1797.943,-0.14181738
500,1294,503.86707,2667.3362,197343.359375,3376241.25,193.66306,343.24033,252.93123,2274.3447,0.79855967,1812.6841,-0.10969013
501,1477,506.43533,3271.8904,203388.90625,3376215.75,319.16013,448.1679,406.8602,2028.0955,0.6706196,1823.1257,-0.033385247
502,1274,509.77316,1913.0,189800.0,3376182.25,485.68484,689.1515,693.30493,2170.195,0.5065218,1799.661,-0.07418494
503,1208,505.51987,3446.2642,205132.640625,3376224.75,405.89404,559.74335,544.0153,2668.6858,0.6623486,1826.1368,-0.14063458
504,1071,506.70215,2809.6956,198766.953125,3376213.0,194.33987,336.52475,234.30626,2551.48,0.82811475,1815.1439,-0.15352808
505,1259,509.2232,1878.4614,189454.609375,3376187.75,545.7895,753.89557,787.2212,1941.1609,0.400934,1799.0643,-0.008565982
506,1064,508.3825,3115.0396,201820.390625,3376196.25,212.70818,336.0456,225.2467,2268.883,0.81835616,1820.4178,-0.10176341
507,1304,513.898,3148.6526,202156.53125,3376141.0,267.727,391.32324,297.96857,2454.954,0.78619504,1821.001,-0.1402325
508,1335,509.99402,2116.2817,191832.8125,3376180.0,665.724,856.3086,909.94604,2088.362,0.3956114,1803.1713,-0.06407215
509,979,509.3391,2844.579,199115.796875,3376186.5,186.34525,327.8958,215.5138,2576.7886,0.84421855,1815.7476,-0.15995692
510,1131,510.15295,2224.0806,192910.8125,3376178.5,577.458,777.649,800.374,2070.855,0.44222945,1805.0328,-0.056869343
511,1223,513.0474,2521.7358,195887.359375,3376149.5,183.56378,341.9215,231.99837,2304.1575,0.81579673,1810.1742,-0.116086975
512,1278,511.15024,2624.8481,196918.484375,3376168.5,193.45227,340.64944,247.59781,2319.8857,0.806,1811.9539,-0.11921906
513,964,510.6826,2872.9834,199399.828125,3376173.25,155.18672,287.6193,187.34854,2278.2075,0.8478406,1816.2388,-0.10595323
514,1252,515.9585,1667.8418,187348.421875,3376120.5,976.34827,1201.3047,1285.0156,1839.5779,0.17160329,1795.4309,0.026127085
515,1121,510.18198,2708.1482,197751.484375,3376178.25,204.5058,340.83853,292.54593,2057.5781,0.74976945,1813.392,-0.05779775
516,1353,516.5617,1989.782,190567.8125,3376114.5,743.4061,938.211,1010.97046,1973.1157,0.32301882,1800.9901,-0.03713671
517,1296,514.821,2073.25,191402.5,3376131.75,702.1489,877.6605,947.7855,1953.7778,0.35183752,1802.4305,-0.029989157
518,956,512.9571,2962.8713,200298.71875,3376150.5,397.0617,569.1077,581.9069,2059.3108,0.5948809,1817.7921,-0.04721619
519,1115,512.8915,2408.4304,194754.3125,3376151.0,266.47443,464.12378,368.03317,2265.4036,0.72465926,1808.2175,-0.107803054
520,922,510.47397,3003.448,200704.484375,3376175.25,417.76138,623.641,643.7885,2273.1812,0.5691463,1818.4917,-0.10234075
521,1061,512.0773,2163.5845,192305.84375,3376159.25,490.0,698.1602,690.2347,2185.891,0.5158589,1803.9891,-0.084213585
522,1140,515.25525,2285.3167,193523.171875,3376127.5,565.29913,786.31226,800.2693,2255.3254,0.4753631,1806.0928,-0.1023291
523,1057,511.0842,2341.2554,194082.5625,3376169.25,494.4049,707.34436,747.53644,2306.0747,0.5193379,1807.0566,-0.11435229
524,1106,514.3707,2744.5037,198115.03125,3376136.25,221.24593,340.60577,337.36618,1837.754,0.690379,1814.0217,0.0010731844
525,1235,518.0146,3510.4072,205774.0625,3376099.75,293.01053,425.02512,517.3267,2120.4312,0.6108837,1827.2505,-0.054599233
526,1210,515.0959,1772.6462,188396.46875,3376129.0,323.93265,516.6508,433.29916,2424.365,0.69850385,1797.2401,-0.14227536
527,1037,512.0106,2374.6008,194416.0,3376160.0,334.9267,540.5921,484.9778,2359.3164,0.6771046,1807.6329,-0.12480726
528,1317,519.3128,1949.9552,190169.546875,3376086.75,679.5486,854.3345,898.26953,2038.1119,0.39273378,1800.3038,-0.048984166
529,1257,520.38745,2030.2188,190972.1875,3376076.25,738.58276,931.97296,987.82855,1988.7617,0.3464714,1801.6903,-0.04322828
530,1119,518.80963,3083.5415,201505.40625,3376092.0,266.44147,412.1278,332.89633,2237.5884,0.7449772,1819.8789,-0.09472537
531,1235,522.37976,3589.9854,206569.84375,3376056.25,248.51903,372.7101,396.79596,1874.9628,0.66674715,1828.627,0.0068393005
532,1341,525.65173,3239.5862,203065.859375,3376023.5,329.88925,461.26025,361.05182,2683.218,0.7580266,1822.577,-0.16964033
533,1206,522.8557,3192.67,202596.703125,3376051.5,326.26328,470.52612,403.52362,2544.2346,0.73595095,1821.7654,-0.15603507
534,1579,527.69666,3347.9543,204149.546875,3376003.0,537.50635,705.1317,709.811,2448.7517,0.5344155,1824.4495,-0.11480232
535,1199,523.4704,3551.5396,206185.390625,3376045.25,265.29984,416.22894,479.38907,2137.8936,0.6493049,1827.9635,-0.07254715
536,1040,522.6327,2482.747,195497.46875,3376053.75,271.04135,442.7697,393.525,2154.2822,0.7106939,1809.5056,-0.078831434
537,1017,523.2911,2927.872,199948.71875,3376047.0,193.56342,332.93018,251.93805,2153.694,0.7871436,1817.1926,-0.07225227
538,1509,528.5606,3386.8875,204538.875,3375994.5,469.97415,618.53046,624.9609,2158.5906,0.54945433,1825.1222,-0.060502708
539,1334,526.3433,1849.6993,189167.0,3376016.5,558.2384,776.39246,790.7815,2210.7751,0.445411,1798.5762,-0.06903457
540,1006,529.4503,3026.154,200931.546875,3375985.5,439.0616,652.3191,682.12726,2302.2495,0.5555678,1818.8928,-0.11212966
541,1252,529.04474,3303.6934,203706.9375,3375989.5,500.57788,633.0719,577.5355,2500.5334,0.5933315,1823.6857,-0.1131894
542,1012,530.72235,2140.9604,192079.609375,3375972.75,503.80582,718.22876,723.13684,2251.7441,0.51279616,1803.6075,-0.10424614
543,1194,528.5469,1729.6306,187966.3125,3375994.5,473.9058,686.554,708.3949,2253.2202,0.5223316,1796.504,-0.09868183
544,1154,527.6187,2194.5798,192615.796875,3376003.75,588.74915,776.80634,785.2552,2028.4601,0.4439792,1804.532,-0.0499841
545,1172,528.96246,2447.7168,195147.171875,3375990.5,271.0879,436.1058,377.4053,2186.2722,0.71665907,1808.9037,-0.08206189
546,1022,527.8376,2787.1487,198541.484375,3376001.5,193.80138,331.6908,240.12427,2407.483,0.81730217,1814.7646,-0.12869212
547,1148,528.8746,3629.6167,206966.171875,3375991.25,295.99,425.30356,420.7587,2033.1411,0.6730645,1829.3145,-0.017950643
548,1066,531.0084,2595.1482,196621.484375,3375970.0,179.10178,341.1299,219.856,2412.6206,0.8316705,1811.4506,-0.139048
549,1235,534.1733,1696.2356,187632.359375,3375938.25,440.86316,644.3077,609.11945,2278.259,0.5832862,1795.9303,-0.10695498
550,1149,532.7667,2314.6292,193816.296875,3375952.25,533.25586,774.60315,770.7572,2471.5928,0.52727187,1806.6074,-0.14893055
551,1214,532.0,2559.8914,196268.90625,3375960.0,190.37808,349.75122,245.16516,2369.6528,0.8122056,1810.8423,-0.12670791
552,996,532.3454,3055.3413,201223.40625,3375956.5,454.93976,658.4558,708.35944,2208.6606,0.52485526,1819.3983,-0.091609545
553,1232,536.29626,1632.9359,186999.359375,3375917.0,782.7435,1006.55804,1028.4108,1997.2102,0.3244184,1794.8384,-0.028009055
554,1018,532.8723,2896.497,199634.96875,3375951.25,163.92534,308.98526,198.2947,2459.2908,0.8503138,1816.6554,-0.14406158
555,1203,535.3358,1803.3666,188703.671875,3375926.75,489.1517,742.16125,755.7739,2398.9834,0.51597697,1797.7806,-0.13097318
556,1161,535.60376,2260.1853,193271.859375,3375924.0,636.85876,886.74506,910.0172,2287.0835,0.4311226,1805.6687,-0.11007211
557,1207,537.5758,2652.048,197190.484375,3375904.25,186.78377,344.46063,232.22618,2446.3298,0.8256893,1812.4364,-0.14677826
558,1178,538.2224,2686.1724,197531.71875,3375897.75,196.54839,345.59933,243.35313,2389.9312,0.8141149,1813.026,-0.13355644
559,977,536.2344,2986.8853,200538.84375,3375917.75,469.0041,676.33264,733.827,2232.6765,0.5213465,1818.218,-0.09735934
560,1303,535.39294,3434.6323,205016.328125,3375926.0,367.20798,503.18573,488.59747,2320.7275,0.655762,1825.9501,-0.08123445
561,1060,537.1264,2830.2424,198972.421875,3375908.75,182.45,317.90094,214.91037,2398.1133,0.83381826,1815.5133,-0.12354908
562,1434,538.9581,3477.551,205445.515625,3375890.5,328.26395,466.60147,533.2765,2061.0864,0.5937577,1826.6929,-0.04669081
563,1341,544.3154,2093.9067,191609.0625,3375836.75,719.654,899.3785,952.29346,2061.068,0.36958048,1802.8018,-0.05559269
564,1074,541.11176,2721.9666,197889.671875,3375869.0,179.03725,317.54282,228.64711,2298.5288,0.8174683,1813.6455,-0.11385534
565,1248,542.629,1899.4863,189664.859375,3375853.75,589.8978,825.0076,847.9111,2324.2024,0.4548928,1799.4438,-0.11248399
566,1011,543.16125,2760.646,198276.46875,3375848.5,199.89862,337.5816,237.0727,2510.323,0.825887,1814.3143,-0.1531176
567,1075,542.64,2383.2344,194502.34375,3375853.5,230.38326,426.3107,305.27814,2241.6782,0.76149106,1807.7969,-0.10129131
568,1100,543.82,2347.9827,194149.828125,3375841.75,232.4709,398.39545,320.99908,2171.039,0.7452301,1807.1887,-0.08547671
569,1015,544.0276,2418.934,194859.34375,3375839.75,229.88474,396.52118,314.10248,2103.4294,0.7429299,1808.4141,-0.07048233
570,1278,542.3169,3118.3616,201853.609375,3375856.75,192.48396,312.72534,207.73592,2165.5564,0.8246066,1820.4913,-0.077175505
571,1299,547.4211,3164.5442,202315.4375,3375805.75,261.02927,399.29562,330.33334,2239.351,0.75483143,1821.2914,-0.09536369
572,1309,548.30786,2053.87,191208.703125,3375797.0,722.14056,869.5115,922.93506,1947.7273,0.37520114,1802.1124,-0.027770255
573,1187,546.90814,2230.299,192972.984375,3375811.0,571.0135,814.04126,847.73883,2154.8416,0.4340461,1805.1582,-0.08117846
574,995,546.6694,2502.7104,195697.109375,3375813.25,362.54572,555.32263,529.1211,2310.4563,0.6421443,1809.8619,-0.10527094
575,940,543.37976,2956.284,200232.84375,3375846.25,278.41702,427.15,350.3596,2234.0203,0.73250693,1817.6929,-0.08331389
576,1141,546.3935,2863.914,199309.140625,3375816.0,174.70201,307.95706,208.24628,2421.2576,0.84038687,1816.0992,-0.12945196
577,1165,547.0944,1763.9828,188309.828125,3375809.0,442.0395,646.77814,648.05066,2228.1274,0.5472047,1797.1064,-0.09752919
578,1307,550.4606,2010.1285,190771.28125,3375775.5,908.43115,1046.197,1160.1244,1853.4912,0.23964086,1801.3582,-0.0039860792
579,1010,548.36237,2532.1643,195991.640625,3375796.5,297.3317,462.70892,435.21237,2114.907,0.673639,1810.3713,-0.063008726
580,1414,551.6471,3275.2864,203422.859375,3375763.5,392.60678,521.8225,383.4795,2832.1284,0.7586287,1823.2058,-0.18508336
581,1250,551.9616,1935.1448,190021.453125,3375760.5,685.2528,890.5712,975.0632,2017.284,0.35050645,1800.0642,-0.0492801
582,1337,552.78906,1972.1975,190391.96875,3375752.0,866.48315,1032.3474,1143.3003,1893.6821,0.2552896,1800.7043,-0.016024752
583,1172,551.4181,3207.2432,202742.4375,3375765.75,293.92493,422.91595,346.78284,2393.735,0.74812543,1822.0306,-0.122913025
584,1240,552.8685,1598.4226,186654.21875,3375751.25,596.2444,796.6758,771.84595,2010.4742,0.45818424,1794.2507,-0.041051086
585,1138,551.7996,2621.1917,196881.921875,3375762.0,175.61731,339.25748,211.00131,2478.305,0.8424603,1811.9104,-0.15276772
586,1308,551.7003,3519.731,205867.3125,3375763.0,254.90596,386.57645,429.48508,1986.6403,0.64612925,1827.4274,-0.034089435
587,1191,554.8329,1834.7095,189017.09375,3375731.75,590.9408,815.67926,835.6982,2094.4888,0.41227353,1798.3314,-0.045730244
588,1241,554.21515,2167.5303,192345.296875,3375737.75,576.3558,814.4944,798.69946,2281.1023,0.47807148,1804.0779,-0.10837356
589,1035,555.06085,2803.6697,198706.703125,3375729.5,237.52415,392.11884,285.529,2649.742,0.80584353,1815.0631,-0.16942096
590,1217,554.80774,1662.4133,187294.125,3375732.0,387.00452,586.28265,510.64502,2305.2017,0.6365079,1795.3566,-0.1156837
591,1155,557.77924,2126.6104,191936.109375,3375702.25,478.97318,683.39136,638.99567,2236.2441,0.55931467,1803.373,-0.099978305
592,1244,555.27814,3597.1462,206641.46875,3375727.25,359.96625,481.26086,493.17,2572.1858,0.6834314,1828.766,-0.13551278
593,1285,561.9728,1874.0219,189410.21875,3375660.25,637.1879,835.2798,900.43854,2106.2903,0.39998305,1799.0138,-0.068239175
594,1220,558.4123,2291.4788,193584.78125,3375696.0,437.77377,648.0254,638.0451,2270.1057,0.57152474,1806.2202,-0.10438657
595,1166,554.6912,3081.53,201485.296875,3375733.0,427.9867,606.3251,619.2157,2193.9412,0.5750982,1819.8612,-0.08498981
596,1209,560.06036,3414.4292,204814.296875,3375679.5,377.43466,523.10504,456.98718,2750.189,0.71595937,1825.6127,-0.16755602
597,1159,554.1475,3557.5962,206245.96875,3375738.5,350.99225,499.62296,535.5405,2280.6147,0.6286631,1828.0824,-0.07436215
598,991,556.6983,3639.4106,207064.109375,3375713.0,348.1549,475.45004,581.8284,1962.8254,0.5513334,1829.4966,-0.0030387696
599,1097,557.4886,2472.681,195396.8125,3375705.0,198.44211,349.20236,245.61166,2299.4504,0.8088965,1809.3486,-0.11182926
600,956,557.20294,3010.4758,200774.75,3375708.0,339.2322,506.21445,498.5115,2128.3713,0.6312222,1818.6354,-0.059946463
601,985,556.3188,2922.7441,199897.4375,3375716.75,187.6193,323.27615,212.6335,2468.9116,0.8400031,1817.1199,-0.13816549
602,1326,562.5558,3314.9548,203819.546875,3375654.5,409.90347,572.58826,551.9216,2414.589,0.6332607,1823.896,-0.11941826
603,1275,561.19293,1523.4926,185904.921875,3375668.0,1046.7714,1283.4509,1399.013,1872.2325,0.141035,1792.9612,0.0112257665
604,1107,562.3848,2202.2305,192692.3125,3375656.25,594.1048,819.55963,831.83606,2178.1982,0.44506472,1804.681,-0.08439261
605,1110,560.209,3240.845,203078.453125,3375678.0,277.16217,411.9635,349.46216,2301.154,0.7424192,1822.6151,-0.10471177
606,1195,560.63513,1483.7556,185507.5625,3375673.75,719.77905,914.73303,1049.0896,1901.3824,0.31429762,1792.2748,-0.020686915
607,1260,565.80475,1563.3016,186303.015625,3375622.0,777.43134,974.4262,980.46466,1584.8246,0.21052651,1793.6508,0.107438006
608,1151,563.9427,2585.6958,196526.953125,3375640.5,219.93353,385.91702,297.70242,2325.2332,0.77147734,1811.3033,-0.113804035
609,1142,562.2601,1730.8003,187978.0,3375657.5,464.2754,677.93085,693.8231,2250.2913,0.5270521,1796.541,-0.10268418
610,1180,565.88727,3043.8635,201108.640625,3375621.25,371.08643,527.70044,500.5038,2143.9487,0.62868565,1819.2161,-0.064009264
611,1120,569.23663,3138.7903,202057.90625,3375587.75,186.20625,303.3098,202.09776,2126.8066,0.8263711,1820.8569,-0.07221878
612,1306,568.51764,3382.9243,204499.25,3375594.75,441.67804,621.5394,624.2645,2683.789,0.6297166,1825.0726,-0.16258693
613,1290,567.2465,3347.759,204147.59375,3375607.5,440.5217,620.59186,614.6256,2603.7314,0.6192929,1824.4647,-0.16387607
614,1314,569.91327,3455.71,205227.09375,3375580.75,304.83752,431.43417,404.41742,2093.4094,0.68451166,1826.3302,-0.040578503
615,1285,570.4451,1445.0101,185120.09375,3375575.5,393.06226,550.42645,596.49725,1914.0132,0.5350008,1791.6107,-0.028824693
616,1130,568.8469,2441.5442,195085.4375,3375591.5,213.18849,364.24515,270.97964,2205.708,0.78399867,1808.8165,-0.09059416
617,974,569.00305,2741.1694,198081.6875,3375590.0,189.63963,333.0154,236.45586,2297.1602,0.81240284,1813.9905,-0.11303499
618,960,566.17706,2893.779,199607.796875,3375618.25,163.83542,292.7021,192.35417,2396.5708,0.850029,1816.6244,-0.124320544
619,1113,568.2453,1796.0917,188630.921875,3375597.5,484.8329,713.0741,728.8064,2289.6672,0.5199439,1797.6714,-0.112250045
620,1207,572.1491,2324.6646,193916.640625,3375558.5,243.9097,416.39603,319.70422,2281.0256,0.7562696,1806.7999,-0.11084484
621,1056,571.0805,2400.6855,194676.859375,3375569.25,174.60323,321.24243,211.56345,2057.4573,0.81250155,1808.112,-0.06045296
622,1120,572.39465,2553.158,196201.578125,3375556.0,196.86696,355.4348,247.41786,2454.6572,0.8121138,1810.7456,-0.14084832
623,1053,572.6334,2709.003,197760.03125,3375553.75,186.82051,337.20514,232.98291,2296.2297,0.81526333,1813.4368,-0.113102846
624,1202,570.5433,1694.9167,187619.171875,3375574.5,390.3877,597.98505,566.6015,2200.2788,0.5910119,1795.9255,-0.09507532
625,1122,572.7415,2677.5044,197445.046875,3375552.5,179.74153,328.3271,226.66489,2249.122,0.81587696,1812.893,-0.10376406
626,992,572.4355,2774.134,198411.34375,3375555.75,189.5867,331.2777,235.8256,2297.4465,0.81352645,1814.5614,-0.10749562
627,1112,571.9865,2836.929,199039.28125,3375560.25,192.75945,325.43616,219.84038,2475.2607,0.8357444,1815.6455,-0.14249411
628,1109,573.65643,2363.0757,194300.75,3375543.5,190.13705,343.99548,234.08836,2054.7656,0.7957093,1807.4639,-0.05886671
629,1035,573.0599,2982.0513,200490.515625,3375549.5,471.18936,659.34393,676.27246,2163.1274,0.5379706,1818.1521,-0.06600405
630,1232,574.2192,1627.4294,186944.296875,3375537.75,380.48538,587.9614,530.49146,2234.4634,0.6219618,1794.7622,-0.102450244
631,1256,573.6823,2260.7158,193277.15625,3375543.25,471.53024,681.74365,694.4323,2073.063,0.50457644,1805.6964,-0.062178273
632,835,570.9988,2950.0515,200170.515625,3375570.0,219.1497,361.68143,267.12814,2228.557,0.7858425,1817.5985,-0.0917704
633,1320,577.1712,3492.2788,205592.78125,3375508.25,295.37576,433.9121,447.75757,1892.3325,0.6199274,1826.9652,-0.008257658
634,1295,579.36755,2032.6317,190996.3125,3375486.25,575.0834,743.7309,746.9583,2208.0596,0.50900847,1801.761,-0.090555295
635,1150,577.02,2646.6418,197136.421875,3375509.75,180.55304,337.85654,223.38696,2372.0461,0.82604367,1812.362,-0.13012819
636,1123,578.19415,3186.7676,202537.671875,3375498.0,179.41942,303.4283,223.38112,2022.0472,0.802935,1821.6897,-0.047522724
637,1311,580.0473,2074.1487,191411.484375,3375479.5,678.70746,886.82416,933.81464,2205.4463,0.4128521,1802.4781,-0.090271875
638,1158,581.00256,3105.0112,201720.109375,3375470.0,442.9158,601.8968,583.7638,2165.374,0.59492815,1820.2792,-0.07544899
639,943,579.27783,3620.8293,206878.296875,3375487.25,407.44803,573.6442,824.1819,2185.6453,0.4714358,1829.1862,-0.06560506
640,1248,580.16187,1914.7604,189817.609375,3375478.5,723.4295,906.4992,992.4567,1991.3485,0.33871472,1799.7262,-0.03888829
641,1187,580.5931,2512.979,195799.78125,3375474.0,179.26201,338.2595,212.19798,2525.6958,0.84354776,1810.0558,-0.16072445
642,1026,581.44934,3569.381,206363.8125,3375465.5,281.44006,408.77386,472.10526,1906.3562,0.6094954,1828.2987,-0.0019350059
643,1083,580.7461,1764.5125,188315.125,3375472.5,468.76224,700.6736,685.20776,2330.5923,0.5394868,1797.1323,-0.1195782
644,1345,586.1703,1992.5747,190595.75,3375418.25,842.5948,981.3985,1074.5948,1825.2532,0.26546162,1801.0728,0.008755864
645,1283,586.6664,2108.0437,191750.4375,3375413.25,573.5822,794.9618,778.0807,2289.1626,0.49693602,1803.0667,-0.11125838
646,1300,587.34076,2150.0947,192170.953125,3375406.5,527.45575,739.62537,755.2515,2296.9126,0.5183226,1803.7931,-0.11023485
647,1013,583.7552,2867.304,199343.03125,3375442.5,162.10562,295.35144,205.68707,2246.1401,0.83256334,1816.1757,-0.09846907
648,1003,586.1177,1822.689,188896.890625,3375418.75,537.77966,733.5987,721.17944,1871.2228,0.41461027,1798.1394,0.019068964
649,1365,588.9524,1953.3165,190203.171875,3375390.5,831.31866,963.1245,1084.0593,1714.3224,0.22888759,1800.3962,0.03542533
650,1324,587.8127,3531.5015,205985.015625,3375401.75,376.5861,510.0389,559.7485,1937.7874,0.56436896,1827.6476,-0.011461404
651,1380,590.308,2228.2673,192952.671875,3375377.0,550.3406,788.9551,767.1935,2349.169,0.49944037,1805.1443,-0.11740422
652,1148,587.92334,2613.2126,196802.125,3375400.75,199.37413,357.95297,257.53876,2343.6155,0.80065966,1811.79,-0.11965841
653,1117,589.9123,1855.119,189221.1875,3375381.0,677.1334,883.004,938.22424,2053.463,0.3699054,1798.7013,-0.05683586
654,1150,588.8896,3220.5444,202875.4375,3375391.0,208.44391,337.00085,239.66391,2151.5818,0.7989516,1822.2781,-0.076197915
655,1225,589.9045,3258.6611,203256.609375,3375381.0,182.45143,310.80164,204.10204,2239.1785,0.8324408,1822.9368,-0.09954446
656,1337,592.7038,3293.6455,203606.453125,3375353.0,308.90427,455.99625,448.21915,2067.2854,0.66733867,1823.5422,-0.053763054
657,1123,589.6892,3072.976,201399.765625,3375383.0,410.48264,571.0374,556.5797,2212.7087,0.61337864,1819.7301,-0.08747417
658,1003,590.78265,3653.7808,207207.8125,3375372.25,299.9691,453.18097,534.74677,2148.7905,0.61131346,1829.7606,-0.07194782
659,1138,591.48596,1507.7144,185747.140625,3375365.25,860.4429,1068.4033,1094.6538,1297.9113,0.078412704,1792.704,0.19327061
660,1336,591.44086,1592.0831,186590.828125,3375365.5,440.93713,651.1029,624.9798,2099.5134,0.54697496,1794.1605,-0.07432918
661,1256,592.1083,2186.495,192534.953125,3375359.0,566.9411,810.7014,845.6119,2319.2305,0.46866992,1804.424,-0.11741205
662,1101,590.3878,2481.001,195480.015625,3375376.0,180.08537,344.3651,214.72842,2450.862,0.837889,1809.5083,-0.1465032
663,977,587.1832,2804.5508,198715.5,3375408.25,228.57011,385.03326,280.8173,2522.9658,0.79873806,1815.0938,-0.14338902
664,1225,598.76,1418.267,184852.671875,3375292.5,777.5673,962.50854,1044.9244,1915.4812,0.3342539,1791.1632,-0.026941212
665,1096,595.74634,3161.845,202288.453125,3375322.5,205.2801,312.3969,243.96669,1863.5132,0.76577276,1821.2677,-0.00075462257
666,1235,592.93036,3427.0923,204940.921875,3375350.75,316.89676,464.9854,447.64453,2361.2283,0.6760333,1825.8468,-0.10320617
667,1187,590.87787,1660.1769,187271.765625,3375371.25,439.401,669.0421,634.71356,2316.827,0.56340426,1795.3359,-0.11699769
668,1045,589.3091,3011.9934,200789.9375,3375387.0,345.88995,523.27466,490.3416,2235.995,0.65256655,1818.6769,-0.08669899
669,1042,592.4088,1475.0787,185420.78125,3375356.0,1061.9899,1259.1981,1326.2855,1569.4712,0.083459996,1792.1409,0.08520267
670,972,592.48047,2928.61,199956.09375,3375355.25,170.71399,306.65945,204.07716,2190.714,0.8263987,1817.2385,-0.07277502
671,1298,596.53314,1545.758,186127.578125,3375314.75,603.98883,793.3525,774.0701,1812.7307,0.39249402,1793.3633,0.014090698
672,1086,593.55524,1724.6759,187916.765625,3375344.5,441.82367,692.43555,647.7882,2458.355,0.5749176,1796.4508,-0.1448486
673,1058,597.7202,2417.3914,194843.90625,3375302.75,180.86768,335.8535,218.67863,2214.9612,0.8182867,1808.4135,-0.094972014
674,1024,597.52246,3596.6973,206636.96875,3375304.75,387.7041,515.6494,604.249,2163.8179,0.578219,1828.778,-0.042088445
675,1352,598.5769,2297.7004,193647.0,3375294.25,341.93158,560.7733,540.0832,2376.429,0.6536093,1806.3473,-0.1307641
676,1167,600.4987,1889.3848,189563.84375,3375275.0,814.67566,977.64996,1080.7284,1867.9152,0.27000353,1799.2981,-0.0076477085
677,889,596.07086,2899.6187,199666.1875,3375319.25,151.06299,280.09,188.21034,2247.44,0.84505683,1816.7396,-0.09878543
678,1147,599.71924,3363.4036,204304.03125,3375282.75,345.03662,498.49957,507.6007,2283.965,0.64196163,1824.7502,-0.10153912
679,1081,600.99445,2380.8835,194478.84375,3375270.0,183.74654,334.99307,216.69473,2236.2576,0.8212213,1807.7847,-0.10030309
680,995,600.75476,2450.999,195179.984375,3375272.5,176.29347,335.50552,210.27237,2317.1829,0.8321082,1808.9952,-0.118533365
681,1161,599.739,2578.057,196450.5625,3375282.5,169.1404,319.55988,196.30707,2563.229,0.85743105,1811.1887,-0.17030811
682,892,598.6995,2961.4204,200284.203125,3375293.0,226.79372,363.5112,244.5213,2339.131,0.8057445,1817.8081,-0.107439786
683,1190,602.84283,2340.6958,194076.953125,3375251.5,235.21933,409.52017,316.5479,2146.4907,0.7437616,1807.0917,-0.07913398
684,1148,603.50525,2539.2832,196062.828125,3375245.0,179.73257,347.05054,210.12544,2573.48,0.84873223,1810.521,-0.17254357
685,1402,606.7753,3327.6155,203946.15625,3375212.25,245.98717,365.9572,278.98608,2212.8784,0.77763456,1824.1355,-0.08500878
686,1063,602.4901,3042.0837,201090.84375,3375255.0,314.6905,481.8128,443.30197,2295.3264,0.69477147,1819.2028,-0.10798979
687,1062,600.38513,2739.6836,198066.84375,3375276.25,236.48212,389.70715,279.8437,2560.2957,0.80244833,1813.98,-0.15953648
688,1093,604.8271,3130.0513,201970.515625,3375231.75,423.11893,602.9149,618.8431,2243.9968,0.5833882,1820.7229,-0.09493494
689,1292,609.54724,3396.5464,204635.46875,3375184.5,383.19467,559.17145,639.3247,2469.8162,0.6007295,1825.3271,-0.14168742
690,1146,606.65704,1691.63,187586.296875,3375213.5,427.48996,703.7051,591.27094,2593.3232,0.61915153,1795.8868,-0.1695311
691,1181,606.91956,1793.3531,188603.53125,3375210.75,562.0673,765.70917,741.583,2068.418,0.44151098,1797.6432,-0.032638967
692,1232,609.93915,2054.6257,191216.25,3375180.5,807.08887,999.93427,1100.9817,2129.276,0.32869816,1802.1558,-0.074909605
693,919,602.45917,2772.4243,198394.25,3375255.5,278.6126,449.7258,334.19696,2926.685,0.79544306,1814.5463,-0.20830329
694,999,607.36536,2828.121,198951.21875,3375206.25,172.16566,294.1977,213.75826,2051.006,0.8107718,1815.5104,-0.052813783
695,1321,608.7366,3462.3127,205293.125,3375192.75,312.0723,456.44095,490.30203,1931.1665,0.60444415,1826.4625,-0.018749703
696,1043,608.80634,1449.0815,185160.8125,3375192.0,1263.4117,1473.0594,1585.29,1829.943,0.077064544,1791.7003,0.006922382
697,1080,605.63983,2705.8472,197728.46875,3375223.5,229.50462,381.08612,279.23425,2508.3684,0.7994463,1813.3982,-0.1516944
698,1145,609.02356,2673.014,197400.140625,3375189.75,193.18079,339.862,229.6594,2433.5442,0.8267824,1812.8329,-0.1409094
699,1005,609.7065,1755.9293,188229.296875,3375183.0,487.68158,722.38855,676.3085,2390.592,0.5493488,1796.9985,-0.12948078
700,1251,610.0991,2264.786,193317.859375,3375179.0,541.5152,755.44086,817.59955,2233.4429,0.47263086,1805.7845,-0.09466411
701,1238,610.8708,1627.7924,186947.921875,3375171.25,475.36105,679.2823,695.8728,2158.941,0.5251071,1794.7867,-0.083044775
702,1293,614.7935,2018.2034,190852.03125,3375132.0,671.70996,846.0975,913.56226,2115.3484,0.404802,1801.5293,-0.06705503
703,904,612.0719,2856.9458,199239.453125,3375159.25,185.63274,327.77432,252.90376,2124.6106,0.78637314,1816.0104,-0.06736783
704,1197,612.0501,3500.1353,205671.34375,3375159.5,456.96323,598.9457,629.36005,2515.0664,0.6062751,1827.1172,-0.115872644
705,1033,611.90027,3630.3718,206973.71875,3375161.0,318.3785,478.12488,670.061,2032.638,0.52184296,1829.3662,-0.045914415
706,1164,614.0086,2640.147,197071.46875,3375140.0,181.15894,332.79297,222.90378,2349.5498,0.82375586,1812.2677,-0.122241735
707,1012,614.0701,2986.5188,200535.1875,3375139.25,202.48616,338.2322,225.84882,2208.3606,0.8108681,1818.2488,-0.08232209
708,1313,617.5682,2128.5842,191955.84375,3375104.25,595.4772,828.12415,843.50116,2372.94,0.47982496,1803.4365,-0.12934475
709,1097,612.50775,3562.927,206299.265625,3375155.0,368.48816,518.8523,490.58887,2501.6194,0.6827305,1828.2018,-0.12679166
710,1302,617.1982,1927.1682,189941.6875,3375108.0,836.82184,953.23773,1119.4125,1633.0061,0.19205609,1799.9587,0.059935227
711,1207,616.21295,3195.8965,202628.96875,3375117.75,262.7419,397.79578,352.02652,2041.9296,0.7216271,1821.8654,-0.04929607
712,1182,618.7217,3674.0913,207410.90625,3375092.75,254.11252,388.75043,441.19543,1838.4307,0.6212628,1830.1244,0.00511763
713,1151,620.61163,1571.8827,186388.828125,3375074.0,801.6533,1031.4827,1162.6425,2005.8175,0.27725306,1793.8263,-0.048625506
714,1368,621.10895,1974.8011,190418.015625,3375069.0,812.2807,954.0329,1065.3085,1867.2317,0.28325495,1800.7831,-0.008138116
715,1196,619.7617,2503.337,195703.375,3375082.5,179.77509,344.83862,210.6781,2455.5251,0.8410721,1809.9082,-0.14774537
716,1446,623.58435,2090.4675,191574.671875,3375044.25,657.8482,874.17426,934.6701,2217.6135,0.41712698,1802.7814,-0.09598724
717,1082,618.39,1828.0989,188950.984375,3375096.0,709.8498,923.7408,1024.1077,2113.6497,0.34746718,1798.2488,-0.0730697
718,1310,623.1565,2205.945,192729.453125,3375048.5,510.79047,763.42975,684.25494,2533.0881,0.57488203,1804.775,-0.1589848
719,1194,622.25543,3098.619,201656.1875,3375057.5,310.23282,443.93677,363.8057,2292.853,0.73214686,1820.1885,-0.10902117
720,1175,621.24084,3232.08,202990.796875,3375067.5,222.85703,351.05447,272.4017,2118.5754,0.7810031,1822.4926,-0.072290905
721,873,620.82587,2886.4558,199534.5625,3375071.75,205.53838,366.32416,268.58533,2424.017,0.80008733,1816.5242,-0.1281852
722,1163,622.79193,1518.7317,185857.3125,3375052.0,901.2975,1140.1488,1275.6398,2036.3203,0.21606612,1792.9098,-0.032210294
723,944,620.62286,2796.7246,198637.25,3375073.75,237.60912,386.69226,292.143,2379.5493,0.78317845,1814.9746,-0.115685396
724,1417,626.27875,2167.669,192346.6875,3375017.25,545.9739,826.3765,766.777,2452.5454,0.5219725,1804.1156,-0.14675792
725,1138,622.6819,2605.472,196724.71875,3375053.25,161.45343,309.6353,193.3036,2465.141,0.8543503,1811.6732,-0.15168409
726,1205,624.722,3267.385,203343.84375,3375032.75,322.8888,464.69833,442.49127,2021.5398,0.6620105,1823.1039,-0.04806968
727,1250,629.6232,1397.4847,184644.84375,3374983.75,1019.0264,1223.3668,1371.444,1947.832,0.19004345,1790.82,-0.037523825
728,1085,624.63684,1861.7365,189287.359375,3375033.75,828.96173,988.9922,1127.6074,1855.3022,0.24875699,1798.8326,-0.008144801
729,989,624.14764,3015.016,200820.15625,3375038.5,213.92921,357.1183,239.50151,2195.8442,0.80122983,1818.7457,-0.077665485
730,932,624.7994,2919.0183,199860.1875,3375032.0,187.59442,322.67703,226.43562,2284.2136,0.8170856,1817.0884,-0.09362366
731,988,626.5881,2949.0608,200160.609375,3375014.0,209.31477,344.43927,238.5253,2156.593,0.7979658,1817.6079,-0.071534894
732,1030,625.26794,3068.7078,201357.078125,3375027.25,217.01117,341.5335,237.80728,2230.278,0.8069654,1819.6733,-0.09304271
733,1279,627.95386,1481.9272,185489.265625,3375000.5,946.0997,1162.3483,1269.7052,1496.3679,0.069303185,1792.277,0.113539085
734,1294,630.70404,2317.0107,193840.109375,3374973.0,262.12906,433.51428,358.3265,2181.8396,0.7190036,1806.6963,-0.089032374
735,1083,627.46906,2471.1035,195381.03125,3375005.25,184.61127,349.10434,218.04987,2467.5005,0.8370209,1809.3553,-0.15145272
736,1127,626.58386,3530.6956,205976.953125,3375014.25,457.78528,596.00446,663.7085,2490.1096,0.58524,1827.6517,-0.12531683
737,1031,628.0,2431.9214,194989.21875,3375000.0,187.08923,344.60718,218.74588,2422.775,0.8331744,1808.6791,-0.14123592
738,1206,627.9743,1660.0854,187270.859375,3375000.25,496.95398,728.4461,736.89886,2215.8372,0.49660885,1795.3528,-0.09750718
739,1052,626.6255,1726.9344,187939.34375,3375013.75,474.31274,719.93823,676.9173,2412.5498,0.5533659,1796.5063,-0.13319868
740,1272,632.7838,2240.2358,193072.359375,3374952.25,601.6769,813.97876,810.202,2226.7163,0.45293713,1805.3717,-0.08534002
741,1140,630.57544,2359.5676,194265.671875,3374974.25,202.52719,357.33203,240.69824,2345.675,0.8115635,1807.431,-0.123529606
742,1066,629.4062,2396.3555,194633.5625,3374986.0,197.66933,357.52158,232.29408,2496.4624,0.8276271,1808.0657,-0.1534336
743,1166,632.994,1602.3971,186693.96875,3374950.0,672.34863,855.8559,902.36835,1951.7372,0.38088003,1794.3594,-0.03421221
744,1122,631.01245,2564.1997,196312.0,3374970.0,174.02495,331.09894,204.57709,2555.6462,0.8516416,1810.9646,-0.16971906
745,1290,630.3744,3430.1077,204971.078125,3374976.25,273.12985,420.83255,471.08606,2001.9166,0.62698567,1825.9165,-0.042218756
746,964,630.9751,2760.608,198276.078125,3374970.25,193.90457,327.2448,230.58403,2235.0144,0.8126248,1814.356,-0.10018699
747,1191,631.3636,3163.1528,202301.53125,3374966.25,360.2519,522.3569,506.60284,2193.2393,0.6344102,1821.3071,-0.086067274
748,1265,634.92725,3299.8064,203668.0625,3374930.75,255.71858,382.96207,290.5767,2255.6572,0.7754512,1823.6686,-0.093126185
749,1035,633.49567,2728.6946,197956.9375,3374945.0,219.28502,360.72366,265.857,2317.8782,0.794407,1813.8062,-0.11485635
750,1162,630.284,3598.2349,206652.34375,3374977.25,396.5086,570.09125,823.8253,2203.8916,0.47013175,1828.8198,-0.078643024
751,1061,634.5693,1895.098,189620.984375,3374934.25,877.2309,998.1098,1131.1249,1710.8883,0.2068513,1799.4136,0.03535274
752,1201,632.9684,3359.592,204265.921875,3374950.25,321.33472,457.34512,468.23813,2171.588,0.6592241,1824.7001,-0.07474653
753,1032,636.2713,1771.6299,188386.296875,3374917.25,687.6512,845.20105,876.3595,1695.6904,0.3028794,1797.2827,0.05671947
754,1031,636.8041,2530.647,195976.46875,3374912.0,175.93307,335.16876,206.06886,2521.028,0.84862417,1810.3881,-0.16252074
755,1275,638.48785,1439.3247,185063.25,3374895.0,993.17725,1195.72,1320.8486,1651.0168,0.09422438,1791.5468,0.08234888
756,1134,642.0811,3706.0415,207730.40625,3374859.25,309.94885,442.1226,434.36905,2375.3853,0.69937,1830.6871,-0.10298399
757,1196,642.2642,1548.4248,186154.25,3374857.25,528.7789,721.3817,712.2044,2139.716,0.50404334,1793.4321,-0.08253687
758,1086,639.5378,2695.4282,197624.28125,3374884.5,166.19751,301.64087,201.00829,2241.7605,0.83478665,1813.2346,-0.103654645
759,1177,643.9618,1948.2804,190152.8125,3374840.5,622.3904,812.17035,920.8322,2091.4385,0.40122375,1800.3364,-0.06519442
760,1449,645.138,2283.4617,193504.625,3374828.5,209.23843,362.89026,253.6432,2241.2188,0.79625136,1806.1241,-0.10124471
761,1051,637.90674,3128.4966,201954.96875,3374901.0,356.64224,508.16367,463.99905,2268.4207,0.6728779,1820.7118,-0.10272668
762,1115,640.2314,3478.7668,205457.671875,3374877.75,556.49866,741.91345,826.76544,2629.2004,0.5264425,1826.7615,-0.14778042
763,1078,639.55194,3640.8433,207078.4375,3374884.5,282.84277,424.69897,539.9286,1999.95,0.5986232,1829.5599,-0.029065097
764,1091,640.0055,1697.1641,187641.640625,3374880.0,516.30066,755.4872,774.5275,2304.3787,0.49268255,1795.9989,-0.11538184
765,898,640.1826,2841.09,199080.90625,3374878.25,200.80513,349.31235,268.35358,2165.7744,0.7781799,1815.7501,-0.07717228
766,1048,641.33875,3041.834,201088.34375,3374866.5,225.4437,356.70514,233.64981,2334.02,0.81534183,1819.2169,-0.11141038
767,1106,644.1022,1803.4575,188704.578125,3374839.0,673.83545,876.4684,927.7848,2067.718,0.38238963,1797.8362,-0.060654577
768,1184,643.9924,2005.4105,190724.109375,3374840.0,935.44806,1107.6803,1203.1782,2047.8636,0.2717482,1801.3229,-0.056435917
769,1140,645.1842,2661.386,197283.859375,3374828.25,169.8136,329.84518,207.6978,2476.1426,0.8446083,1812.6495,-0.15247118
770,889,644.3228,2812.7605,198797.609375,3374836.75,178.64455,306.64792,238.13948,1928.4849,0.780755,1815.263,-0.027820522
771,1054,645.4877,2975.315,200423.15625,3374825.0,240.58159,381.8596,272.074,2250.262,0.78029025,1818.0703,-0.08648676
772,842,644.2886,2870.437,199374.375,3374837.0,237.557,407.4917,302.3076,2608.146,0.7913111,1816.2588,-0.16341192
773,1429,645.0392,2053.9453,191209.453125,3374829.5,625.56683,841.99054,922.2474,2161.6497,0.40937236,1802.1613,-0.084087856
774,1247,647.40015,3393.1091,204601.09375,3374806.0,315.8701,467.76102,487.26382,2039.7867,0.6229108,1825.2856,-0.044038042
775,1005,644.20996,3560.5154,206275.15625,3374838.0,408.60498,553.99854,733.6796,2161.4338,0.5107,1828.175,-0.06935488
776,1225,650.8,3329.1763,203961.765625,3374772.0,234.80775,354.96082,230.29633,2509.102,0.8304097,1824.1832,-0.14375263
777,1171,650.66095,2628.111,196951.109375,3374773.5,162.83987,314.07388,199.20581,2427.1191,0.84806895,1812.0776,-0.14395355
778,1132,652.6572,2588.697,196556.96875,3374753.5,172.18729,322.6038,205.20981,2486.221,0.8473527,1811.3981,-0.15617119
779,1307,653.3902,1631.4009,186984.015625,3374746.0,547.9143,747.8703,798.2578,2159.676,0.46530238,1794.8702,-0.08725618
780,1067,653.7263,1742.7432,188097.4375,3374742.75,592.0572,791.3341,778.81866,2005.0066,0.41287056,1796.7927,-0.021124063
781,1064,651.9088,1837.4614,189044.609375,3374761.0,846.2387,960.312,1036.9667,1875.6128,0.28940704,1798.4271,-0.009169808
782,944,653.0551,2781.4543,198484.546875,3374749.5,157.49895,278.13452,202.32521,1938.6017,0.8112211,1814.7266,-0.031407814
783,901,651.3629,2904.6782,199716.78125,3374766.25,227.37402,381.22086,274.20978,2572.9822,0.8066118,1816.8534,-0.15577738
784,1086,653.87476,3509.4521,205764.53125,3374741.25,375.56998,514.5994,593.802,2086.2568,0.5627507,1827.2977,-0.049258616
785,1370,659.60803,1369.2847,184362.84375,3374684.0,861.3387,1086.2617,1248.9857,1935.1245,0.22025535,1790.3481,-0.03216795
786,1391,653.4709,2133.9375,192009.375,3374745.25,672.69806,910.95325,944.8742,2240.3774,0.40794495,1803.5465,-0.10220704
787,1266,651.69196,3194.67,202616.703125,3374763.0,498.6406,681.9834,738.59717,2218.8745,0.50784874,1821.861,-0.09272144
788,1138,658.9886,3453.2292,205202.296875,3374690.0,381.82294,544.5132,521.78076,2393.0435,0.6384865,1826.3292,-0.11094944
789,1029,654.96014,2449.2605,195162.609375,3374730.5,183.16035,332.3936,212.81729,2501.86,0.8427146,1808.9916,-0.15851678
790,1013,651.3988,3673.546,207405.46875,3374766.0,265.37415,396.4995,360.51926,2373.9956,0.7518668,1830.1302,-0.1023977
791,1125,656.4782,3007.504,200745.03125,3374715.25,203.272,337.60535,222.88533,2217.6863,0.81492984,1818.6313,-0.08827205
792,1169,659.8221,1913.3182,189803.1875,3374681.75,745.503,909.5774,1014.21814,1940.3883,0.32542536,1799.7406,-0.028964678
793,1199,659.81903,2338.3535,194053.53125,3374681.75,186.91618,330.14972,219.54837,2401.908,0.831668,1807.079,-0.13826668
794,1026,656.96,2411.9368,194789.375,3374710.5,186.94737,336.88303,221.5458,2503.1228,0.83716947,1808.3481,-0.15975372
795,1192,653.5344,3232.1946,202991.9375,3374744.75,385.68875,537.60693,551.1527,2004.5269,0.57978916,1822.5099,-0.038588718
796,1269,657.85736,1513.7029,185807.03125,3374701.5,790.3901,1031.3937,1147.8329,2155.0315,0.31267244,1792.8406,-0.08797667
797,1396,660.6547,2098.614,191656.140625,3374673.5,608.7783,854.2178,914.22705,2231.2783,0.41673744,1802.9402,-0.09943254
798,1091,659.6609,2482.603,195496.03125,3374683.5,183.11458,342.78552,214.98259,2505.8882,0.8414601,1809.5696,-0.15949634
799,1038,658.3276,2934.9817,200019.8125,3374696.75,206.0,333.91714,227.78131,2320.1956,0.8195144,1817.38,-0.11159158
800,1177,660.56415,1408.328,184753.28125,3374674.25,1056.814,1267.8878,1369.8594,1695.926,0.096456364,1791.0227,0.061715424
801,1057,658.75305,1870.6168,189376.171875,3374692.5,799.6528,931.8851,1036.0,1727.946,0.25620142,1799.0029,0.031069951
802,1064,661.0338,3617.7688,206847.6875,3374669.75,301.8534,458.68,537.3999,2075.8816,0.59769946,1829.1715,-0.060299803
803,1115,661.10223,2374.9363,194419.359375,3374669.0,185.82152,333.6027,220.05919,2476.5864,0.83621943,1807.7113,-0.15421993
804,1216,661.0132,3076.584,201435.84375,3374669.75,212.16695,332.3532,213.3931,2258.5437,0.82691646,1819.8264,-0.09995805
805,1250,664.4576,3736.1936,208031.9375,3374635.5,381.2772,527.0188,620.9284,2247.849,0.6055559,1831.2181,-0.062222175
806,1353,664.3045,1584.2579,186512.578125,3374637.0,442.25906,621.5865,578.4095,2060.7202,0.5606973,1794.0618,-0.06294584
807,1165,661.4807,1670.2944,187372.9375,3374665.25,470.8,679.912,662.33044,2200.4082,0.5334685,1795.5458,-0.08989879
808,1445,661.24567,2208.2083,192752.078125,3374667.5,534.6737,761.5363,766.59656,2283.809,0.5006518,1804.8326,-0.10906086
809,1099,663.2521,2511.6287,195786.28125,3374647.5,182.41948,343.72522,214.82166,2473.051,0.8397094,1810.0725,-0.15296656
810,966,661.6874,3584.2485,206512.484375,3374663.25,361.05643,534.9648,733.9979,2134.6335,0.5052601,1828.593,-0.0725772
811,1255,661.9171,1477.2781,185442.78125,3374660.75,773.7303,1016.96533,1187.6593,2140.0232,0.2920616,1792.2137,-0.08576676
812,1190,664.77563,3108.0933,201750.9375,3374632.25,194.58235,318.59537,226.45882,2072.0647,0.80356604,1820.3722,-0.06084423
813,1212,660.5487,3268.1948,203351.953125,3374674.5,366.24133,496.0132,385.87045,2718.6453,0.7405533,1823.1348,-0.16813318
814,1271,666.4894,1979.5035,190465.03125,3374615.0,888.5303,1049.0322,1162.3135,1997.2837,0.2789594,1800.8866,-0.041800596
815,1379,664.0297,2171.1646,192381.640625,3374639.75,670.4068,909.65155,958.90283,2169.5852,0.38447675,1804.1945,-0.085232034
816,1006,663.6232,2748.6948,198156.953125,3374643.75,162.29424,290.8817,195.97415,2142.8816,0.83230263,1814.1659,-0.08156926
817,1174,664.61584,3149.127,202161.265625,3374633.75,292.29813,421.41013,349.88074,2218.0515,0.7350998,1821.0807,-0.092357144
818,1237,669.5521,2026.4325,190934.328125,3374584.5,790.0683,981.14874,1079.5121,2045.8771,0.31695223,1801.6984,-0.056462392
819,1254,665.6611,2249.6978,193166.96875,3374623.5,346.72928,524.38275,461.77753,2304.5208,0.67705756,1805.5511,-0.11236608
820,1196,666.54095,2549.5676,196165.671875,3374614.5,176.31606,335.50668,206.76004,2493.3162,0.84655064,1810.7291,-0.15731488
821,1115,667.0,3421.5022,204885.03125,3374610.0,290.29688,445.9009,445.45828,2118.035,0.6457433,1825.7852,-0.06319968
822,1007,666.83514,3538.2234,206052.234375,3374611.75,284.16235,432.26813,474.59732,1942.3257,0.61084646,1827.8007,-0.013216662
823,1036,666.9778,2717.3147,197843.140625,3374610.25,179.76834,318.43823,218.68147,2241.7356,0.8215741,1813.6257,-0.10278751
824,1176,670.72107,1711.1038,187781.03125,3374572.75,601.0952,812.7959,867.1726,1948.633,0.3635567,1796.2549,-0.01153682
825,1177,669.13934,3362.4502,204294.5,3374588.5,210.6988,347.39252,271.6933,2127.0007,0.7752087,1824.7665,-0.07067188
826,1127,670.35315,1775.9272,188429.28125,3374576.5,701.75244,903.2941,995.64905,2068.055,0.34948194,1797.3739,-0.061203234
827,1344,676.7076,2309.0083,193760.078125,3374513.0,181.7686,321.35825,208.80469,2398.1372,0.839078,1806.5806,-0.13704664
828,748,670.26874,2885.2527,199522.53125,3374577.25,213.61899,359.05212,249.11632,2524.7527,0.81892306,1816.527,-0.15060325
829,1085,673.0092,2681.6184,197486.1875,3374550.0,174.17004,332.98846,211.76866,2482.1594,0.84258056,1813.0123,-0.15483846
830,856,671.71027,2827.6543,198946.546875,3374563.0,244.3966,400.89368,299.5117,2639.9707,0.7930501,1815.5332,-0.16438206
831,829,672.0483,2856.094,199230.9375,3374559.5,233.49818,388.85645,275.196,2654.2551,0.8114012,1816.0244,-0.1747926
832,909,673.21454,2961.8723,200288.71875,3374547.75,217.8955,344.60837,241.65567,2162.7744,0.7971499,1817.8514,-0.07644709
833,1147,672.5484,1443.0148,185100.140625,3374554.5,746.0388,992.68744,1123.1539,2131.7715,0.3162601,1791.6276,-0.08207737
834,1107,675.47876,3655.328,207223.28125,3374525.25,332.20505,479.85004,436.374,2711.2231,0.7236587,1829.8269,-0.16480525
835,1202,676.5458,3298.169,203651.6875,3374514.5,275.7916,389.90265,264.99377,2602.6035,0.8137635,1823.6599,-0.16785057
836,1073,673.33923,3043.8733,201108.734375,3374546.5,197.71016,319.9972,210.61975,2183.6553,0.8232021,1819.2675,-0.084681615
837,1310,680.64197,2068.3604,191353.609375,3374473.5,642.0084,863.38934,924.53894,2220.3516,0.4175402,1802.4277,-0.096884236
838,1164,676.4794,3698.958,207659.578125,3374515.25,362.01074,483.58804,504.01245,2382.2776,0.67382884,1830.5808,-0.074351124
839,1244,676.89954,1551.0281,186180.28125,3374511.0,501.03375,709.99475,680.92725,2141.084,0.52743775,1793.4944,-0.082266055
840,1099,677.9809,1813.9099,188809.09375,3374500.25,775.35626,932.98865,1055.3909,1848.5569,0.2782346,1798.0333,-0.0032046528
841,898,677.89087,2799.0613,198660.609375,3374501.0,197.33853,338.8207,248.5568,2259.039,0.7980017,1815.0425,-0.09478252
842,1120,678.1893,3486.1213,205531.21875,3374498.0,351.33884,487.41293,538.79645,1859.1665,0.5588611,1826.9062,0.00962051
843,1112,680.652,2609.9434,196769.4375,3374473.5,165.76753,307.16638,196.3705,2397.6475,0.84841824,1811.7784,-0.13827688
844,1108,682.69403,3175.567,202425.671875,3374453.0,416.95306,580.7117,598.16785,2086.3862,0.5673508,1821.5458,-0.059012443
845,1248,685.238,1335.7885,184027.890625,3374427.5,934.9103,1166.8065,1307.9744,1888.7656,0.18105628,1789.7828,-0.01821009
846,1074,677.90967,1945.3938,190123.9375,3374501.0,633.4623,838.1671,864.17926,2138.5574,0.4218928,1800.3033,-0.07309179
847,1190,684.9487,1612.8706,186798.703125,3374430.5,441.7937,608.97394,569.421,1911.676,0.52872986,1794.566,-0.0043621515
848,1235,683.66724,2647.762,197147.625,3374443.25,166.25952,318.48584,200.9822,2426.7004,0.84595084,1812.4329,-0.14082308
849,992,683.1381,2432.1582,194991.578125,3374448.5,185.1885,334.2762,217.82863,2511.767,0.84008265,1808.71,-0.16154842
850,1311,688.38367,3764.1465,208311.46875,3374396.25,446.08505,628.92944,902.598,2318.0474,0.4521629,1831.712,-0.11040321
851,1119,686.3807,2576.825,196438.25,3374416.25,174.36461,334.41333,205.89723,2513.8726,0.8484286,1811.2094,-0.16128354
852,983,685.68054,2988.644,200556.4375,3374423.25,200.98677,329.09155,229.94405,2050.0305,0.7962021,1818.3197,-0.05006019
853,1135,685.98236,3209.3489,202763.484375,3374420.25,440.47226,607.17975,620.3295,2097.7705,0.5563178,1822.1307,-0.05520116
854,1040,685.88654,1883.7577,189507.578125,3374421.25,772.8538,938.2423,1055.1904,1984.7644,0.31826404,1799.2432,-0.03931462
855,1331,689.10443,2274.9902,193419.90625,3374389.0,183.87115,311.44968,208.55522,2228.5483,0.8275602,1805.9993,-0.10116656
856,1072,687.77893,3562.3125,206293.125,3374402.25,265.45474,413.833,448.1651,1910.4701,0.6242354,1828.2264,-0.013889823
857,1208,689.4238,1648.2773,187152.78125,3374385.75,478.48758,650.2376,624.9495,1943.3191,0.49084103,1795.1796,-0.0041292813
858,1094,686.71027,1846.8318,189138.3125,3374413.0,857.50684,988.5731,1099.4785,1844.2646,0.26095793,1798.6061,-0.000419542
859,1031,686.5994,2396.318,194633.1875,3374414.0,181.52667,328.37247,215.03589,2485.7341,0.8404812,1808.0929,-0.1567341
860,966,687.3023,2768.798,198357.984375,3374407.0,167.30124,299.4824,219.3882,2032.0807,0.8031791,1814.5244,-0.049864147
861,1059,687.44855,3240.913,203079.125,3374405.5,296.25967,416.37772,331.8848,2255.8196,0.74315375,1822.6764,-0.08690737
862,1064,689.3327,2463.376,195303.765625,3374386.75,183.39943,332.234,215.05357,2523.6204,0.84257716,1809.252,-0.1633157
863,987,688.30194,2909.6484,199766.484375,3374397.0,177.99696,318.9848,224.67072,2130.8337,0.80962527,1816.9569,-0.07218079
864,1153,688.53076,3393.1067,204601.0625,3374394.75,444.1444,619.84344,604.34906,2631.0994,0.63359046,1825.3049,-0.14523144
865,1096,686.93884,1743.5876,188105.875,3374410.5,655.7085,865.7089,945.55066,2136.8325,0.38349953,1796.8237,-0.07780628
866,1126,687.3544,3329.3943,203963.9375,3374406.5,240.46136,364.07504,285.56128,2206.5728,0.76975507,1824.2042,-0.08683214
867,1511,692.9497,2142.3237,192093.234375,3374350.5,619.69293,857.72235,889.9798,2188.916,0.42178792,1803.7107,-0.09048338
868,964,690.7811,3018.3777,200853.78125,3374372.25,205.93153,334.28632,234.48962,2078.8289,0.7966044,1818.8354,-0.058095388
869,1226,692.7251,2356.8687,194238.6875,3374352.75,181.86378,327.20148,210.4421,2502.4053,0.8445006,1807.4148,-0.15965049
870,996,690.43976,3598.712,206657.125,3374375.5,507.6717,691.8971,799.2786,2065.2139,0.44854295,1828.8562,-0.04390047
871,1244,692.8939,1400.2902,184672.90625,3374351.0,983.3521,1211.0009,1235.8995,1758.7898,0.16566096,1790.9001,0.04936873
872,1143,694.15045,1684.524,187515.234375,3374338.5,531.1448,717.25854,752.02277,1877.0079,0.42233777,1795.8077,0.0017958289
873,1407,695.36816,2228.361,192953.609375,3374326.25,399.3575,588.00604,590.5277,2254.1328,0.6132105,1805.1973,-0.10171797
874,1087,694.49036,3128.0322,201950.328125,3374335.0,304.91077,467.6918,412.6274,2199.6807,0.6967203,1820.7306,-0.08740349
875,1236,696.2403,2000.9879,190679.875,3374317.5,523.9737,707.92114,719.9555,2160.4773,0.5130779,1801.2722,-0.08358128
876,1153,693.98956,3519.1396,205861.40625,3374340.0,357.62534,508.13965,525.92975,1976.1279,0.5800962,1827.4838,-0.012205401
877,954,693.1981,3631.2097,206982.09375,3374348.0,369.34695,530.44025,547.4172,2575.946,0.64744765,1829.4187,-0.13868035
878,1368,693.2939,1512.7953,185797.953125,3374347.0,753.1853,968.99084,1032.6371,2046.2139,0.3395642,1792.8425,-0.060516983
879,1106,694.5949,2526.8254,195938.25,3374334.0,181.00813,342.1293,213.39783,2503.5498,0.84251386,1810.3501,-0.15914072
880,1005,693.7741,1917.1184,189841.1875,3374342.25,665.26764,865.6607,937.24774,2094.6248,0.39509687,1799.823,-0.06494565
881,885,693.6791,2937.157,200041.5625,3374343.25,190.49605,318.26892,221.88927,2074.877,0.80659366,1817.4344,-0.060680762
882,1140,695.7825,3456.978,205239.78125,3374322.25,529.58026,727.08813,783.1035,2418.1921,0.5202095,1826.4113,-0.12435265
883,1116,696.4561,1365.8468,184328.46875,3374315.5,981.6313,1195.5784,1240.8844,1463.4166,0.0651108,1790.3074,0.13871008
884,1385,699.01227,2105.4297,191724.296875,3374290.0,625.43756,860.01447,895.04944,2254.3206,0.42929748,1803.0767,-0.10266971
885,1556,700.49677,2186.6086,192536.09375,3374275.0,604.86694,811.6687,808.7507,2194.828,0.46123302,1804.479,-0.08650238
886,1180,699.9407,2494.4126,195614.125,3374280.5,188.03983,344.87372,222.46356,2525.727,0.837805,1809.793,-0.16375214
887,945,696.89526,2704.7417,197717.421875,3374311.0,178.3344,333.27515,226.83492,2291.6782,0.8194525,1813.4231,-0.11461385
888,1266,697.23773,1474.4067,185414.0625,3374307.5,662.7358,901.64294,986.47394,2184.9304,0.38463607,1792.1819,-0.095367536
889,1077,699.6945,2735.8748,198028.75,3374283.0,188.70195,331.026,259.0975,2039.3054,0.77049214,1813.9619,-0.05154981
890,1147,699.2633,3068.7498,201357.5,3374287.25,233.55275,363.73715,268.93417,2168.112,0.77880806,1819.7092,-0.073927544
891,1035,699.16907,1788.459,188554.59375,3374288.25,807.8797,987.72705,1113.6923,1928.9324,0.27187946,1797.6045,-0.026480865
892,1240,700.1629,3726.4958,207934.953125,3374278.25,405.2004,556.34314,742.5871,2209.1812,0.5055793,1831.0674,-0.08360092
893,1151,701.65424,2040.424,191074.234375,3374263.5,354.75977,554.39746,499.82147,2374.6377,0.6555234,1801.9557,-0.13052051
894,832,696.7488,2877.2344,199442.34375,3374312.5,176.35817,306.8131,222.59496,2161.9038,0.8149693,1816.4012,-0.07737391
895,1136,703.1479,3099.2983,201662.984375,3374248.5,378.05545,553.364,533.717,2261.2966,0.6313168,1820.2386,-0.097468644
896,1072,699.2985,3268.5671,203355.671875,3374287.0,264.83676,399.88434,332.78824,2206.5242,0.75213075,1823.1595,-0.090109944
897,1084,700.9244,3425.476,204924.765625,3374270.75,520.19604,698.7735,742.923,2554.4534,0.54774445,1825.8698,-0.1370187
898,1188,703.57745,3681.4443,207484.4375,3374244.25,299.31525,433.19403,486.04965,2092.6814,0.6399498,1830.291,-0.04692931
899,842,699.5166,2843.0593,199100.59375,3374284.75,196.71199,327.96616,243.30345,2195.898,0.7989267,1815.8125,-0.084103726
900,1124,702.8754,1435.3772,185023.765625,3374251.25,693.11163,967.6188,1034.109,2252.06,0.3798824,1791.5109,-0.10881526
901,1192,704.77264,1964.2576,190312.578125,3374232.25,564.66907,773.591,857.1602,2134.4338,0.43673885,1800.6423,-0.07726655
902,1230,708.9789,2328.2878,193952.875,3374190.25,182.85529,324.2736,206.71057,2451.7524,0.84421575,1806.9292,-0.14995989
903,1365,709.5773,1588.6959,186556.953125,3374184.25,544.6352,758.07434,789.6407,2377.807,0.51403564,1794.161,-0.12817374
904,881,705.57434,2814.7266,198817.265625,3374224.25,204.895,344.9109,251.11635,2244.2112,0.8001097,1815.3262,-0.09458716
905,1074,708.87897,3153.62,202206.203125,3374191.25,368.18622,542.68854,517.7514,2164.8384,0.6187537,1821.1793,-0.080099314
906,1101,704.3397,3361.783,204287.828125,3374236.5,325.95868,497.95367,431.6435,2328.7388,0.68718874,1824.7715,-0.108780764
907,1154,712.169,2554.669,196216.6875,3374158.25,185.27643,358.47314,226.12566,2479.078,0.8313311,1810.8392,-0.15262619
908,1215,709.79504,1714.8091,187818.09375,3374182.0,688.863,896.4547,1011.8136,2015.5231,0.33563066,1796.3383,-0.05146506
909,1117,709.2927,2674.2783,197412.78125,3374187.0,166.63518,313.52283,200.44986,2353.6482,0.842762,1812.9031,-0.12867269
910,1343,715.6381,3789.4973,208564.96875,3374123.5,432.27924,608.9438,843.8682,2206.176,0.46286473,1832.1625,-0.08453112
911,1085,710.1023,2622.8801,196898.796875,3374179.0,173.8189,322.2553,207.39355,2420.0618,0.8418903,1812.016,-0.14242594
912,977,708.15045,2962.5088,200295.09375,3374198.5,181.90788,309.71954,216.33675,1993.0276,0.8038188,1817.8792,-0.042085048
913,1238,711.2092,4093.7925,211607.921875,3374168.0,285.55453,399.31906,344.30008,2155.5894,0.72736543,1837.415,-0.053890675
914,1171,708.60547,1552.3561,186193.5625,3374194.0,506.57556,707.66223,668.62256,2152.7874,0.5205485,1793.5332,-0.08219098
915,1029,713.2031,3040.5715,201075.71875,3374148.0,277.34692,428.88242,357.6074,2182.243,0.7245462,1819.2294,-0.0803398
916,1142,715.83014,1756.2495,188232.5,3374121.75,825.51355,1023.8529,1156.6743,2083.5137,0.2912204,1797.0568,-0.06285677
917,1079,712.58575,2421.6348,194886.34375,3374154.25,177.88509,324.96292,206.76367,2536.2354,0.8489553,1808.5426,-0.16623925
918,878,712.7722,2787.803,198548.03125,3374152.25,197.80182,340.94534,236.02962,2332.1992,0.81630576,1814.8647,-0.11625903
919,1190,715.9479,1820.884,188878.84375,3374120.5,638.6584,819.65674,918.95715,2001.5609,0.377961,1798.1726,-0.04201796
920,1040,715.23944,2384.826,194518.265625,3374127.5,178.09712,324.7404,203.12885,2496.7202,0.84904563,1807.9084,-0.15847738
921,1108,714.3213,3488.8303,205558.3125,3374136.75,377.20578,549.6805,568.33575,2334.0527,0.60514945,1826.97,-0.100599684
922,1026,716.4152,3546.5273,206135.28125,3374115.75,265.90253,420.99512,440.8158,1903.6891,0.6302884,1827.9673,-0.012797657
923,1214,717.0544,3191.2651,202582.65625,3374109.5,354.73187,508.79736,449.1561,2143.711,0.6465615,1821.8331,-0.06071813
924,1177,716.48346,3297.8997,203649.0,3374115.25,267.6593,407.53186,346.82712,2119.0994,0.73456186,1823.6742,-0.07040056
925,1026,717.5127,3652.0808,207190.8125,3374104.75,386.71005,543.94934,617.2032,2169.173,0.56870955,1829.7904,-0.05464561
926,1381,719.7024,1304.1875,183711.875,3374083.0,1095.9569,1315.5228,1383.0094,1583.4033,0.05956603,1789.2546,0.08654392
927,1056,716.8409,1856.463,189234.625,3374111.5,442.48865,616.90247,634.5256,2210.9707,0.5686147,1798.7872,-0.08780052
928,1288,721.6087,2294.7678,193617.671875,3374064.0,185.95341,323.26086,197.95963,2382.5046,0.84614664,1806.3567,-0.13551445
929,1027,718.0497,3581.7878,206487.875,3374099.5,273.4075,425.09494,409.68597,2216.0564,0.69149315,1828.5769,-0.090143725
930,970,715.7361,1890.3671,189573.671875,3374122.75,415.08093,585.1706,593.1536,2131.3535,0.5723449,1799.3721,-0.068937145
931,1283,720.6056,1628.2775,186952.78125,3374074.0,400.18668,564.57056,492.62704,1855.3102,0.5566754,1794.8499,0.011404245
932,1326,720.3054,2073.4321,191404.3125,3374077.0,595.40344,813.77075,884.33185,2195.5154,0.42730004,1802.5348,-0.08997527
933,1341,724.1193,2259.2312,193262.3125,3374038.75,180.9161,306.75168,196.1566,2189.556,0.83471,1805.7444,-0.09346881
934,1251,721.7746,2590.214,196572.140625,3374062.25,175.39409,335.6363,209.44604,2486.7034,0.84365624,1811.4576,-0.15488864
935,1070,721.2056,1930.2214,189972.21875,3374068.0,591.143,793.43317,840.3425,2088.4158,0.43472344,1800.0627,-0.06568695
936,1072,719.44495,2999.0374,200660.375,3374085.5,272.3041,418.48413,376.27985,1963.2528,0.69881916,1818.5153,-0.030233385
937,926,721.0184,2758.0464,198250.46875,3374069.75,197.29805,341.1836,271.25378,2079.0928,0.7656589,1814.355,-0.058734186
938,1276,721.8848,3228.6365,202956.359375,3374061.25,402.2355,588.82446,599.37305,2356.8174,0.60659754,1822.4807,-0.1210171
939,1275,724.6643,1666.7208,187337.203125,3374033.25,506.85373,712.6463,735.14276,2055.9937,0.47565845,1795.5155,-0.06309576
940,1119,722.2091,2456.6328,195236.328125,3374058.0,183.41197,335.54514,216.35121,2559.1777,0.8438973,1809.1515,-0.17088328
941,927,722.26215,2893.9924,199609.921875,3374057.5,185.03128,327.30206,237.86084,2152.604,0.80020756,1816.7029,-0.072849005
942,1029,722.15454,3615.6472,206826.46875,3374058.5,437.32556,604.8095,633.0515,2277.6245,0.55699205,1829.1635,-0.08122161
943,1276,726.58545,1270.7085,183377.078125,3374014.25,1105.1638,1335.5071,1429.1199,1661.3099,0.07172722,1788.6802,0.049928945
944,804,722.1269,2863.4292,199304.296875,3374058.75,178.85199,307.0535,241.03482,1908.6716,0.77551407,1816.175,-0.020140462
945,996,720.38556,3329.759,203967.59375,3374076.25,299.0231,461.21185,484.54617,2030.128,0.621876,1824.2261,-0.048185773
946,1304,724.90186,1339.8712,184068.71875,3374031.0,1141.8949,1371.9724,1507.0725,1878.8558,0.1069471,1789.8733,-0.007122323
947,1017,723.1052,2924.7031,199917.03125,3374049.0,186.14552,320.45526,223.21829,2172.8958,0.81330186,1817.2335,-0.07969402
948,1316,726.8017,3753.797,208207.96875,3374012.0,352.73444,523.20746,741.4168,2085.9897,0.49156415,1831.5511,-0.060693987
949,1136,730.55896,4060.7183,211277.1875,3373974.5,376.08804,537.5889,607.02423,2127.5752,0.57672364,1836.8529,-0.058245387
950,1202,727.01166,1379.8511,184468.515625,3374010.0,1085.2521,1346.0441,1472.9788,2098.5254,0.17709002,1790.5645,-0.066877544
951,1462,729.79346,2154.2578,192212.578125,3373982.0,533.86865,773.8502,738.5513,2450.3994,0.5394909,1803.9348,-0.14404097
952,1100,729.2973,2648.6072,197156.078125,3373987.0,176.69864,327.1318,217.34727,2359.7014,0.83008283,1812.4695,-0.12842204
953,1237,729.5974,3709.785,207767.84375,3373984.0,386.42642,539.6128,693.9418,2247.3594,0.5378232,1830.7925,-0.09139978
954,1227,729.4906,1489.6072,185566.078125,3373985.0,594.4592,813.1691,864.9894,2099.9233,0.4250582,1792.4604,-0.07271999
955,1228,729.23206,1526.132,185931.3125,3373987.75,713.75446,909.19464,932.2101,2135.954,0.39829466,1793.0908,-0.07846417
956,1066,728.1332,2024.2373,190912.375,3373998.75,355.25797,547.81616,499.66135,2400.0845,0.6540361,1801.6893,-0.13565804
957,1186,725.74286,3392.054,204590.53125,3374022.5,350.94858,516.7344,535.89966,2326.5151,0.6297651,1825.3043,-0.101353996
958,1189,730.68463,1415.9302,184829.296875,3373973.25,680.0589,922.8108,998.5244,2150.325,0.3754226,1791.1891,-0.08385212
959,1209,732.36395,1454.5914,185215.90625,3373956.25,638.49835,885.0517,946.55994,2135.1907,0.39326832,1791.8574,-0.08506378
960,1113,730.8715,1991.1187,190581.1875,3373971.25,300.53055,473.708,425.97125,2365.97,0.6930461,1801.1189,-0.13012718
961,1283,731.5074,2223.5496,192905.5,3373965.0,205.83632,338.25644,235.87296,2141.4365,0.8020695,1805.132,-0.0809857
962,1063,728.3443,2707.0442,197740.4375,3373996.5,186.50517,344.8937,239.71402,2272.9614,0.8063699,1813.4779,-0.10766209
963,1300,732.4408,2523.9077,195909.078125,3373955.5,184.54846,342.07077,220.38461,2521.4932,0.83894914,1810.318,-0.16326134
964,1018,730.4136,3518.1936,205851.9375,3373975.75,335.612,502.77652,549.9229,2223.0251,0.6047455,1827.4845,-0.08920947
965,1447,735.7132,2114.53,191815.296875,3373922.75,610.8372,846.4347,875.9675,2213.911,0.4332025,1803.2518,-0.095557086
966,1110,733.6784,2487.1062,195541.0625,3373943.25,184.81622,340.63153,220.65315,2559.6477,0.84105647,1809.6832,-0.1709278
967,867,731.2883,2836.4797,199034.796875,3373967.0,225.45213,372.9331,292.77393,2308.279,0.7650231,1815.7141,-0.08625301
968,1162,732.86316,3460.784,205277.84375,3373951.25,477.35242,650.3503,708.88684,2155.7275,0.5015518,1826.4944,-0.074133754
969,1015,730.6266,1786.9763,188539.765625,3373973.75,620.3877,779.12317,848.401,1894.8202,0.3922499,1797.5945,-0.01619149
970,1286,736.1151,2357.6936,194246.9375,3373918.75,183.74144,330.9125,205.09059,2428.7334,0.8435928,1807.4501,-0.14441694
971,1051,730.98285,3265.235,203322.34375,3373970.25,465.71075,676.69836,724.098,2323.2637,0.5279484,1823.117,-0.1146521
972,1162,735.9966,3086.4758,201534.75,3373920.0,415.50345,617.5542,603.889,2262.3494,0.5796441,1820.0328,-0.09961139
973,1282,739.93835,3814.9001,208819.0,3373880.5,325.56122,479.55695,558.56085,2256.8853,0.61330456,1832.6124,-0.09672126
974,1381,739.37146,3121.0935,201880.9375,3373886.25,356.3483,508.55792,439.91058,2203.3064,0.6601242,1820.6321,-0.06924711
975,1068,732.1657,3425.7014,204927.015625,3373958.25,477.57678,657.176,710.01215,2363.074,0.54894763,1825.8883,-0.11919869
976,893,735.0213,2969.2463,200362.46875,3373929.75,195.83539,338.74133,244.75027,2041.495,0.78377444,1818.0083,-0.05217061
977,1214,742.2867,1696.6763,187636.765625,3373857.25,648.5,857.35504,954.7368,2094.79,0.38467473,1796.0414,-0.07183778
978,1258,739.20905,2191.9373,192589.375,3373888.0,338.74405,515.0954,448.7834,2249.0752,0.67048556,1804.59,-0.09825505
979,1152,741.06946,1732.0182,187990.1875,3373869.25,758.2969,952.7487,1041.661,2037.1194,0.32526636,1796.6509,-0.0537902
980,962,739.72144,3022.2297,200892.296875,3373882.75,524.95325,787.66943,765.67566,2596.6694,0.54066795,1818.9253,-0.17059833
981,1020,737.6088,3355.6638,204226.640625,3373904.0,471.57352,658.18823,633.8412,2532.1648,0.5958182,1824.6815,-0.1417393
982,976,743.4078,4119.6353,211866.34375,3373846.0,242.97336,371.7746,346.5338,1972.9293,0.70423007,1837.8761,-0.019827135
983,1413,746.7247,1240.8932,183078.9375,3373812.75,1112.3196,1357.0166,1469.1345,1804.5308,0.105139084,1788.1757,0.0017572136
984,1280,741.3625,1569.3633,186363.625,3373866.5,678.5039,832.64923,833.02966,1857.0417,0.36908045,1793.8431,0.007892723
985,1067,740.3243,1958.0112,190250.109375,3373876.75,402.30505,585.7151,550.84863,2235.6377,0.6073237,1800.552,-0.100566804
986,1016,741.5699,2734.8337,198018.34375,3373864.25,189.22539,332.00986,265.1004,2042.3002,0.76846063,1813.9641,-0.054647624
987,1090,743.66516,3055.966,201229.65625,3373843.25,442.2532,654.38165,597.622,2438.989,0.60168886,1819.5096,-0.13596348
988,938,741.3742,2808.9167,198759.171875,3373866.25,223.637,360.1967,273.75107,2315.6733,0.78034896,1815.243,-0.100222595
989,1005,738.35223,3155.5513,202225.515625,3373896.5,369.32687,516.9239,441.9403,2230.1846,0.66377926,1821.2266,-0.0793719
990,1147,742.3636,3676.6782,207436.78125,3373856.25,298.27026,433.7986,454.55014,2249.6077,0.6784868,1830.2267,-0.0850989
991,885,741.9582,1900.4102,189674.09375,3373860.5,292.10168,461.70847,384.60114,2587.3955,0.7384494,1799.5583,-0.16792054
992,1077,748.36584,2049.8635,191168.640625,3373796.25,616.49817,846.6309,896.6787,2280.8918,0.43332702,1802.1416,-0.109419495
993,1068,744.2463,2397.0627,194640.625,3373837.5,184.4354,332.11517,206.58614,2438.4812,0.84318393,1808.1338,-0.1460761
994,1001,743.3117,2430.894,194978.9375,3373847.0,180.08092,330.64935,207.73126,2470.884,0.8444447,1808.7174,-0.15323897
995,1021,747.7375,2941.8835,200088.84375,3373802.5,173.44858,311.49658,207.22527,2074.8228,0.8186511,1817.5419,-0.062619016
996,1236,746.13104,2321.064,193880.640625,3373818.75,187.96237,330.38916,201.29572,2308.3442,0.8385119,1806.8226,-0.11830226
997,1014,744.45856,3562.1667,206291.671875,3373835.5,275.09763,424.32053,460.68243,2136.8352,0.6442609,1828.2504,-0.07383113
998,1311,749.6423,1608.83,186758.296875,3373783.5,542.7651,718.1796,714.3749,1960.31,0.45420894,1794.5286,-0.016783096
999,841,743.35077,2780.277,198472.765625,3373846.5,204.9025,331.42212,306.46967,1796.2021,0.7088559,1814.7495,0.011922169
1000,934,743.75806,4089.6863,211566.859375,3373842.5,299.0332,429.41434,506.4893,1786.6616,0.56877536,1837.3591,0.025184227
1001,964,746.833,1867.6785,189346.78125,3373811.75,492.87448,674.5021,677.4056,2170.8381,0.5274362,1798.9957,-0.08373694
1002,1299,747.85297,2564.6482,196316.484375,3373801.5,189.06004,344.7167,228.46729,2423.2664,0.82669604,1811.0288,-0.14276059
1003,1182,747.21655,2617.0652,196840.65625,3373807.75,175.24747,331.26947,208.46109,2477.5515,0.8439974,1811.9335,-0.15204366
1004,1140,747.90436,2677.3237,197443.234375,3373801.0,175.80438,326.00174,215.50262,2304.0913,0.82753366,1812.9742,-0.11496231
1005,1025,746.9444,3639.1716,207061.71875,3373810.5,450.35464,614.36,619.63513,2719.7634,0.6324958,1829.5813,-0.15726818
1006,1079,748.76086,1835.7173,189027.171875,3373792.5,334.50742,529.0463,479.30862,2475.2156,0.6774175,1798.445,-0.14729081
1007,1128,750.34753,3314.523,203815.234375,3373776.5,438.26154,626.789,676.65515,2184.3945,0.531058,1823.9772,-0.082932115
1008,1115,751.12823,3598.7407,206657.40625,3373768.75,439.93274,609.84125,583.8435,2543.1687,0.6295642,1828.885,-0.13714088
1009,1020,750.1304,3185.357,202523.5625,3373778.75,370.72842,536.8936,522.5034,2192.276,0.6202866,1821.7468,-0.078740224
1010,1088,755.5901,1804.5065,188715.0625,3373724.0,263.26562,436.12637,355.98346,2299.698,0.7277228,1797.9095,-0.11031623
1011,1068,755.7453,3214.5984,202815.984375,3373722.5,418.90262,595.2884,643.10065,2161.221,0.5538217,1822.2544,-0.07838685
1012,1183,753.09216,3492.7007,205597.0,3373749.0,516.0545,693.49536,815.53046,2085.2485,0.44631204,1827.055,-0.0606597
1013,1367,756.97296,1646.4696,187134.6875,3373710.25,540.35114,757.5391,789.07025,2064.7188,0.44566768,1795.182,-0.06371528
1014,1242,756.3913,1763.459,188304.59375,3373716.0,614.7069,785.6236,823.1224,1985.9681,0.42665046,1797.2013,-0.03871998
1015,990,751.59595,2869.5808,199365.8125,3373764.0,244.77324,412.61212,292.70605,2687.6804,0.8021651,1816.2954,-0.16518965
1016,1032,753.03296,2902.5059,199695.0625,3373749.75,199.34108,346.37936,237.3469,2383.0654,0.81939185,1816.8645,-0.12252017
1017,1228,756.60913,3736.0056,208030.0625,3373714.0,260.04153,408.40106,436.1584,2009.1534,0.6533191,1831.2578,-0.04198929
1018,1210,757.062,2081.9265,191489.265625,3373709.5,670.04584,915.9074,982.9219,2376.188,0.41771525,1802.6995,-0.13331032
1019,1045,756.92633,3246.0085,203130.09375,3373710.75,397.1488,579.0665,591.3761,2280.2458,0.59460074,1822.7972,-0.105136335
1020,1489,759.2438,3778.6199,208456.203125,3373687.5,312.67764,465.0423,567.2827,2137.5527,0.5943787,1831.9949,-0.07235977
1021,1166,759.68524,4036.487,211034.875,3373683.25,352.0459,533.5746,452.49142,2809.6174,0.7187373,1836.4479,-0.16387591
1022,1435,758.2906,1315.7338,183827.34375,3373697.0,924.7122,1166.6533,1321.3317,2092.3027,0.23059805,1789.4734,-0.074130476
1023,1328,758.9217,1355.4601,184224.59375,3373690.75,946.8276,1180.3896,1317.8027,2012.8197,0.21855795,1790.1594,-0.053726006
1024,1071,758.3053,3282.609,203496.09375,3373697.0,508.8777,720.5182,779.7652,2312.9243,0.4980829,1823.4299,-0.11426019
1025,935,755.1743,1925.7498,189927.5,3373728.25,474.30106,675.0139,658.31604,2307.6716,0.5586949,1800.0023,-0.113728374
1026,1021,757.1626,2987.5994,200546.0,3373708.25,452.27228,668.3614,656.31635,2324.758,0.57123595,1818.3357,-0.11092488
1027,1400,762.13354,2281.8193,193488.1875,3373658.75,192.02678,333.09787,203.03107,2333.6194,0.8393837,1806.1528,-0.12484242
1028,1000,758.571,3380.069,204470.6875,3373694.25,424.762,601.2435,615.526,2430.3665,0.60076845,1825.1128,-0.12971404
1029,1123,759.93054,3530.9912,205979.90625,3373680.75,352.98218,503.86197,572.5868,2072.706,0.5728985,1827.7194,-0.05644462
1030,1198,765.63855,1212.9691,182799.6875,3373623.5,1124.1182,1366.7095,1496.177,1806.9127,0.095802546,1787.7032,0.0045534703
1031,1191,759.8623,1392.7708,184597.703125,3373681.5,605.28253,840.1591,855.83966,2195.508,0.44247183,1790.804,-0.09325618
1032,1162,760.284,1506.5474,185735.46875,3373677.25,654.2741,842.60803,844.5964,2075.9087,0.42976895,1792.7682,-0.063631766
1033,1122,759.1132,3856.0312,209230.3125,3373688.75,304.381,454.51068,512.0178,2200.1846,0.6266191,1833.3315,-0.08701692
1034,1243,763.88574,1541.9059,186089.0625,3373641.25,795.58527,934.70636,963.12067,1806.8782,0.29926533,1793.3804,0.019222068
1035,1245,762.28516,2247.746,193147.46875,3373657.25,184.29437,315.33252,197.5,2231.9995,0.8365218,1805.5647,-0.10176766
1036,1208,763.3402,1431.7517,184987.515625,3373646.5,521.78107,730.79596,696.3187,2235.19,0.52131754,1791.4786,-0.09636355
1037,1248,762.629,2461.1707,195281.703125,3373653.75,185.53285,344.66986,216.24039,2559.0393,0.84365094,1809.2495,-0.16954832
1038,876,761.96576,2758.7969,198257.96875,3373660.25,215.34589,343.86642,339.33334,1769.8368,0.6804832,1814.3876,0.016035361
1039,1472,764.4674,1276.43,183434.296875,3373635.25,958.4334,1174.1383,1268.6702,1762.3481,0.15412343,1788.7981,0.030621106
1040,1088,761.95953,2016.9917,190839.921875,3373660.5,550.3125,765.38464,790.6296,2300.9963,0.49000242,1801.5808,-0.11375657
1041,1106,764.0217,3411.2703,204782.703125,3373639.75,284.84357,438.1248,428.16998,2139.9592,0.67647403,1825.654,-0.07340106
1042,1068,762.2987,3444.2031,205112.03125,3373657.0,411.33334,561.2809,621.32587,1952.3174,0.5304076,1826.2219,-0.026837377
1043,1358,766.7165,2137.1958,192041.953125,3373612.75,580.5858,809.38586,802.45325,2260.289,0.48746657,1803.6583,-0.1064607
1044,1177,764.3602,2499.2642,195662.640625,3373636.5,185.75362,342.83603,217.96176,2548.717,0.84205693,1809.908,-0.16799231
1045,1297,767.5328,1467.283,185342.828125,3373604.75,573.57477,767.55396,799.97107,2050.4758,0.4453824,1792.0941,-0.05734089
1046,1076,764.8076,1983.4108,190504.109375,3373632.0,398.58224,584.76953,606.2347,2230.0972,0.57677054,1801.0026,-0.10199275
1047,1180,769.3161,4142.4805,212094.8125,3373586.75,345.62967,493.51865,546.77924,1974.1495,0.58474845,1838.2825,-0.024495535
1048,1289,768.346,2175.2676,192422.671875,3373596.5,508.38364,729.2413,716.9651,2382.3875,0.5384838,1804.3164,-0.12557122
1049,1245,768.7173,2535.3967,196023.96875,3373592.75,183.25542,342.83295,216.42812,2513.2932,0.84114844,1810.5339,-0.16128904
1050,1268,771.26733,2595.6008,196626.0,3373567.25,182.67351,341.93335,220.87224,2453.4302,0.83264494,1811.5746,-0.14679413
1051,1091,764.47754,2706.1138,197731.140625,3373635.25,166.06691,302.8057,206.36389,2147.6995,0.8228901,1813.4792,-0.07999868
1052,861,761.3693,2837.4124,199044.125,3373666.25,184.10278,321.5993,218.6504,2283.3845,0.826663,1815.7446,-0.10370535
1053,1190,767.57477,2645.8245,197128.25,3373604.25,170.25925,319.9416,206.92647,2321.387,0.8355812,1812.4398,-0.120238185
1054,1196,767.68146,3701.7517,207687.515625,3373603.25,469.79388,637.5707,755.1756,2136.729,0.51820385,1830.6715,-0.06283699
1055,1406,769.4844,3897.5598,209645.59375,3373585.25,465.88904,649.0377,845.0313,2302.549,0.46792218,1834.0533,-0.10272232
1056,1232,771.55927,1680.5983,187475.984375,3373564.5,554.01337,767.94684,851.37177,2198.8977,0.44846633,1795.7784,-0.09664819
1057,1045,768.6651,3345.9226,204129.21875,3373593.25,358.11676,510.82584,418.39856,2556.2312,0.7178954,1824.528,-0.14740556
1058,1064,768.3938,4071.2378,211382.375,3373596.0,255.86137,386.25894,377.1325,2039.5094,0.6946622,1837.0519,-0.038464576
1059,1105,770.97736,2382.5312,194495.3125,3373570.25,192.0181,344.36472,211.93031,2402.5603,0.83672565,1807.8959,-0.13758104
1060,1214,772.5247,2347.5742,194145.75,3373554.75,194.26236,347.834,214.23022,2421.467,0.83655244,1807.2931,-0.14210787
1061,987,767.9848,3019.2676,200862.671875,3373600.25,499.10132,715.5542,723.89056,2326.6038,0.52647275,1818.8876,-0.11138399
1062,1161,771.5504,3823.4695,208904.6875,3373564.5,277.18088,425.98965,447.52542,2336.584,0.6808284,1832.775,-0.11404381
1063,923,770.77576,1887.5677,189545.671875,3373572.25,366.1544,537.5829,542.5471,2198.1272,0.60736704,1799.351,-0.09450755
1064,1354,774.7452,2217.13,192841.296875,3373532.5,204.5901,350.8896,246.30872,2148.5938,0.79782486,1805.0422,-0.075961076
1065,1196,775.1764,1585.1062,186521.0625,3373528.25,535.5481,761.13544,732.1593,2221.6372,0.499289,1794.1318,-0.098343745
1066,1230,772.58374,3089.8796,201568.796875,3373554.25,402.3252,568.6366,490.25366,2492.2122,0.666259,1820.109,-0.13231546
1067,1100,769.55365,3154.2327,202212.328125,3373584.5,470.9073,678.07635,720.9573,2375.7627,0.54945683,1821.2186,-0.12190362
1068,945,773.17145,3625.18,206921.796875,3373548.25,375.1,536.75024,512.8778,2643.037,0.68042177,1829.3519,-0.14881739
1069,1115,774.3946,3661.4602,207284.59375,3373536.0,357.0583,501.5592,567.9713,2158.9543,0.5805134,1829.9789,-0.06060804
1070,1349,776.14606,1721.9489,187889.484375,3373518.5,657.18085,843.7502,876.29913,2058.4888,0.41190368,1796.4945,-0.060276274
1071,1020,775.79706,2924.3088,199913.09375,3373522.0,178.06569,330.59607,230.80687,2133.392,0.80677694,1817.2518,-0.07458773
1072,983,774.6185,1947.9746,190149.75,3373533.75,547.1653,776.411,854.78436,2181.3687,0.4391987,1800.3956,-0.08922197
1073,1092,773.3764,2423.3918,194903.921875,3373546.25,192.28755,341.1401,214.7761,2475.0732,0.8393222,1808.6024,-0.1520669
1074,1059,777.09064,2960.6885,200276.890625,3373509.0,347.6978,544.41266,482.00943,2289.7195,0.664029,1817.8806,-0.10400934
1075,1100,778.66364,3471.769,205387.6875,3373493.25,420.20273,572.4641,616.2391,2068.451,0.5402952,1826.7056,-0.05144467
1076,1015,773.3813,3570.7114,206377.109375,3373546.25,305.25616,459.20984,468.59705,2117.6128,0.6374673,1828.4115,-0.06843739
1077,1055,774.88245,4108.0596,211750.59375,3373531.25,271.69196,403.8512,384.3436,2181.3801,0.7038039,1837.6907,-0.061017472
1078,855,774.0538,2787.662,198546.625,3373539.5,337.9661,508.23508,570.61755,2022.8795,0.5823775,1814.8918,-0.046665058
1079,871,776.1045,2814.5774,198815.78125,3373519.0,235.95407,391.186,336.84155,2121.8862,0.73904264,1815.3574,-0.07374748
1080,1227,781.44415,2102.014,191690.140625,3373465.5,606.6076,862.01996,889.4564,2381.7913,0.46036646,1803.0582,-0.13436644
1081,1182,780.43823,2310.847,193778.46875,3373475.5,198.52962,346.55118,211.71658,2403.3926,0.8373366,1806.663,-0.13921343
1082,1068,775.4485,3056.735,201237.34375,3373525.5,411.67883,579.90356,570.2425,2085.8765,0.57274073,1819.5381,-0.052735426
1083,1222,780.6751,3122.032,201890.3125,3373473.25,438.8175,637.61456,671.17755,2332.8052,0.56802684,1820.668,-0.11420987
1084,897,780.72577,4172.0566,212390.5625,3373472.75,330.26086,482.1756,540.3434,1891.1683,0.57413185,1838.7985,-0.011249403
1085,1044,779.9157,1854.001,189210.015625,3373480.75,428.26868,640.3975,724.2739,2184.7068,0.51113015,1798.776,-0.09065556
1086,988,780.01416,2736.4302,198034.296875,3373479.75,324.66498,492.7996,534.1184,1980.7338,0.609762,1814.0101,-0.03435423
1087,892,781.1581,2857.8508,199248.5,3373468.5,144.54036,278.4462,186.60986,2039.2601,0.83226246,1816.107,-0.05579145
1088,1182,786.94165,1789.313,188563.125,3373410.5,388.2149,588.7208,628.7927,2316.3274,0.5826597,1797.6627,-0.11736596
1089,1126,787.13855,1823.5977,188905.96875,3373408.5,375.76065,568.9494,602.06836,2285.244,0.58220565,1798.2548,-0.108693615
1090,1148,782.07666,2048.33,191153.296875,3373459.25,573.564,800.814,849.35974,2271.9177,0.4550217,1802.1317,-0.10454495
1091,1071,785.7143,2889.4277,199564.28125,3373422.75,145.93277,278.11905,180.6732,2083.5405,0.84057975,1816.6544,-0.0657894
1092,957,786.2226,1912.7346,189797.34375,3373417.75,344.6045,519.6907,509.8861,2204.3977,0.6242938,1799.793,-0.096177526
1093,1254,787.19617,2673.5527,197405.53125,3373408.0,200.98883,340.60046,260.89233,2134.469,0.77420163,1812.928,-0.0675276
1094,1163,785.1797,3188.2168,202552.171875,3373428.25,532.7102,774.5099,865.14276,2357.9304,0.46765193,1821.8129,-0.122164905
1095,991,785.004,3319.8538,203868.53125,3373430.0,441.77295,610.4521,578.4299,2453.762,0.60879064,1824.0856,-0.12471843
1096,1139,787.10187,3749.1414,208161.40625,3373409.0,230.83626,371.87753,328.69095,2059.4275,0.72408557,1831.4988,-0.050870657
1097,1353,790.4442,1618.6467,186856.46875,3373375.5,480.3555,687.2469,686.09015,2080.1682,0.5043155,1794.7184,-0.06688155
1098,1206,789.2969,2567.3167,196343.171875,3373387.0,194.27364,350.88474,235.0995,2422.9817,0.8162529,1811.095,-0.13343596
1099,1216,789.8125,3505.3528,205723.53125,3373382.0,496.70724,665.5518,762.75903,2117.1516,0.4807046,1827.2906,-0.067947045
1100,1104,787.46014,3867.606,209346.0625,3373405.5,346.21014,506.38406,513.33105,2298.4392,0.6353165,1833.5444,-0.0968632
1101,1109,792.4662,4012.8188,210798.1875,3373355.25,373.28088,544.62537,532.3931,2567.4548,0.66382813,1836.0542,-0.11544239
1102,1030,787.9311,3256.67,203236.703125,3373400.75,523.54803,747.93884,779.6524,2433.2844,0.5159824,1822.996,-0.13783036
1103,1426,793.24963,1235.8394,183028.390625,3373347.5,1051.9794,1264.5912,1318.7009,1519.6431,0.061300386,1788.1119,0.10871497
1104,1054,789.61383,1494.3245,185613.25,3373383.75,618.1708,818.8188,840.27277,2068.2898,0.41625935,1792.5719,-0.058785677
1105,1179,790.609,1754.832,188218.3125,3373374.0,681.08356,864.47156,934.76636,2026.5084,0.3696737,1797.0693,-0.05088203
1106,981,789.07135,3599.835,206668.34375,3373389.25,435.74872,605.4582,566.5963,2690.8875,0.6539928,1828.9216,-0.15651217
1107,1159,792.17944,3798.203,208652.03125,3373358.25,234.38568,379.52805,319.13113,2439.9397,0.76542693,1832.3483,-0.13264501
1108,1095,791.63745,1406.6858,184736.859375,3373363.75,665.13696,848.63196,910.47943,2027.7054,0.38078287,1791.0602,-0.0491626
1109,1076,789.29645,3223.5056,202905.0625,3373387.0,483.75836,679.2816,728.447,2236.7314,0.51321644,1822.4241,-0.09622508
1110,928,788.3836,3288.9343,203559.34375,3373396.25,437.0183,652.23816,664.67944,2327.3992,0.5594039,1823.5533,-0.11691439
1111,1314,796.468,1193.2717,182602.71875,3373315.25,1046.4098,1271.7043,1325.7286,1441.6042,0.025048649,1787.3788,0.13305406
1112,1331,794.5913,1338.885,184058.84375,3373334.0,680.4677,914.5064,922.10144,2260.9539,0.40897533,1789.8912,-0.09377841
1113,1361,796.24615,2625.582,196925.8125,3373317.5,196.87804,350.14917,243.6745,2331.3997,0.79988366,1812.1042,-0.10751907
1114,1025,790.29755,3539.6526,206066.53125,3373377.0,343.01514,497.37463,531.6288,2013.662,0.5849081,1827.8832,-0.040794566
1115,1246,795.04736,1373.8427,184408.421875,3373329.5,752.4715,929.7921,1013.1838,1926.6104,0.31381986,1790.4949,-0.02919015
1116,1109,795.19836,1560.3237,186273.234375,3373328.0,524.8931,745.4238,762.66095,2326.2646,0.50151485,1793.714,-0.12335335
1117,1064,791.2829,2993.1926,200601.921875,3373367.25,480.24155,692.0479,704.4803,2334.0706,0.53791374,1818.4485,-0.11582989
1118,1003,789.5195,3375.056,204420.5625,3373384.75,212.76869,353.8704,307.07278,2005.9203,0.73996574,1825.0408,-0.041998338
1119,1071,792.1802,4048.2466,211152.46875,3373358.25,310.78104,453.82074,392.993,2269.8694,0.7175874,1836.6658,-0.06187509
1120,1347,796.539,1303.0164,183700.15625,3373314.5,678.6774,914.085,940.2847,2167.111,0.39733556,1789.2731,-0.07427716
1121,1134,796.269,2477.7354,195447.359375,3373317.25,190.84921,347.02118,228.57054,2482.082,0.8294799,1809.5518,-0.15257265
1122,1322,796.8366,1653.0454,187200.453125,3373311.75,535.7867,752.41644,798.04877,2155.758,0.46185577,1795.3154,-0.08608107
1123,990,794.7788,1970.0071,190370.0625,3373332.25,582.9303,816.4702,900.1849,2242.5024,0.4372803,1800.7859,-0.10226341
1124,1161,793.8932,2009.3661,190763.65625,3373341.0,524.62964,790.3299,772.404,2329.3967,0.50043094,1801.465,-0.12020574
1125,970,795.7938,3031.6794,200986.796875,3373322.0,458.12372,648.7567,622.70306,2407.9536,0.588102,1819.1151,-0.12469522
1126,1154,799.4558,3719.3232,207863.234375,3373285.5,423.8843,604.5143,633.10443,1698.0255,0.50064033,1830.9896,0.056847077
1127,1213,800.4105,1527.6703,185946.703125,3373276.0,692.1241,862.04987,912.188,1827.7386,0.32971108,1793.153,0.014488697
1128,1044,798.2433,2402.2903,194692.90625,3373297.5,190.82759,336.49857,215.34578,2527.481,0.84282285,1808.2502,-0.16483404
1129,1118,798.75494,2445.3872,195123.875,3373292.5,204.23613,358.49686,246.25269,2389.1855,0.8089181,1808.9945,-0.12955464
1130,1154,799.0754,2509.812,195768.125,3373289.25,193.50954,347.75476,231.45798,2392.5,0.8167485,1810.1069,-0.1263654
1131,939,796.6976,2769.133,198361.328125,3373313.0,490.73483,739.5751,794.02875,2431.1384,0.5090391,1814.5828,-0.13842171
1132,1078,798.08813,3682.6382,207496.375,3373299.0,778.21985,992.6517,1205.051,1763.6067,0.19912532,1830.3556,0.035755582
1133,1446,800.40454,2259.3936,193263.9375,3373276.0,183.33507,314.9056,197.05774,2234.7053,0.8371659,1805.7844,-0.10256979
1134,1050,797.36096,3406.3733,204733.734375,3373306.5,272.73477,431.51428,386.0,2243.6885,0.7019981,1825.5852,-0.0881457
1135,1189,798.3465,3438.978,205059.78125,3373296.5,363.97015,524.7317,545.1724,2228.007,0.6157018,1826.1487,-0.08325321
1136,1275,802.60236,1267.2313,183342.3125,3373254.0,884.28784,1118.8882,1222.4486,1861.7423,0.19473884,1788.6584,0.002955379
1137,1180,799.93134,1437.2721,185042.71875,3373280.75,721.6284,899.5394,992.025,1898.922,0.31950414,1791.5923,-0.023791445
1138,1073,802.7064,2071.7185,191387.1875,3373253.0,513.7381,748.0895,808.5424,2225.0225,0.47698206,1802.5457,-0.099988915
1139,1186,801.57,2161.101,192281.015625,3373264.25,521.8718,757.90643,780.5725,2425.4077,0.51340795,1804.0881,-0.13840985
1140,1126,801.3526,2196.1296,192631.296875,3373266.5,310.66162,539.0062,421.6865,2609.8525,0.732375,1804.6927,-0.16759892
1141,1047,798.04297,2710.1814,197771.8125,3373299.5,269.2044,411.2216,385.03247,1941.3104,0.67969215,1813.5657,-0.022575138
1142,1080,800.38055,4085.8806,211528.8125,3373276.25,294.84723,416.13425,314.35184,2766.3857,0.78864646,1837.3195,-0.15996444
1143,1277,803.065,1696.1683,187631.6875,3373249.25,662.05914,858.7886,918.65936,2083.1938,0.39308748,1796.0629,-0.06537983
1144,1154,803.64124,2366.415,194334.15625,3373243.5,197.59358,342.72443,216.44627,2518.4854,0.8414212,1807.6335,-0.16315852
1145,988,802.48987,1879.3107,189463.109375,3373255.0,364.22015,554.4954,555.4509,2143.2722,0.59731495,1799.224,-0.083701916
1146,1004,804.8416,2831.4243,198984.25,3373231.5,340.38644,544.5159,516.63745,2291.4702,0.637065,1815.6621,-0.10891356
1147,941,802.9862,2944.797,200117.96875,3373250.25,468.55792,678.53345,707.06165,2201.4377,0.52137864,1817.6185,-0.08813628
1148,1117,802.57385,3638.2588,207052.59375,3373254.25,301.94943,432.70682,464.7941,1946.257,0.61219674,1829.5914,-0.013491021
1149,1096,807.7929,3770.0046,208370.046875,3373202.0,232.52919,362.75092,320.93112,2160.5195,0.740953,1831.8687,-0.074721485
1150,1200,805.0942,3834.5632,209015.625,3373229.0,304.0804,457.70584,428.835,2201.8574,0.674275,1832.982,-0.081615865
1151,1180,805.178,2128.716,191957.15625,3373228.25,485.87967,700.68604,669.21014,2299.817,0.5509569,1803.5308,-0.11307907
1152,1103,802.6111,3150.5803,202175.796875,3373254.0,418.56845,650.33636,718.52405,2290.5366,0.53756744,1821.1713,-0.10982575
1153,1152,807.947,4193.346,212603.46875,3373200.5,234.36285,368.61935,343.31033,2007.3798,0.7128818,1839.1786,-0.03468597
1154,1166,806.18695,4121.026,211880.25,3373218.25,349.85593,480.51157,471.94727,2094.4224,0.6392595,1837.929,-0.04116727
1155,1353,810.0761,3904.0266,209710.265625,3373179.25,240.02734,376.891,367.28012,2081.1836,0.7030744,1834.1838,-0.059899032
1156,1030,805.7748,4157.9688,212249.6875,3373222.25,241.94612,378.94904,328.52283,2107.5247,0.7313714,1838.5667,-0.056547243
1157,962,806.93866,1933.3462,190003.46875,3373210.5,351.9917,522.2318,498.64606,2203.4688,0.63167185,1800.159,-0.091202445
1158,1357,812.2167,2292.0332,193590.328125,3373157.75,192.38947,321.48306,198.59248,2325.7134,0.84209913,1806.3536,-0.12332759
1159,1232,809.6794,2330.457,193974.5625,3373183.25,192.10999,331.17978,208.09903,2427.616,0.84165,1807.0157,-0.14441052
1160,1106,807.9611,2540.7974,196077.96875,3373200.5,199.76762,357.36438,238.02893,2506.481,0.82167256,1810.6461,-0.15249631
1161,1081,806.70215,3348.0305,204150.3125,3373213.0,256.9112,391.36865,346.04303,2080.9365,0.7208751,1824.5823,-0.056980442
1162,1181,810.3277,1468.0067,185350.0625,3373176.75,630.6156,807.92676,854.5872,1925.831,0.36706242,1792.128,-0.013208522
1163,972,807.4856,2801.9155,198689.15625,3373205.25,399.47015,629.7623,621.8765,2350.216,0.57879853,1815.1539,-0.12081964
1164,994,805.8783,3568.3782,206353.78125,3373221.25,591.65796,784.0382,851.7404,2585.2727,0.503009,1828.3864,-0.13428478
1165,1007,808.90466,2913.123,199801.234375,3373191.0,296.39722,472.24033,455.713,2111.2175,0.6705336,1817.0746,-0.07064359
1166,1198,809.6185,3097.131,201641.3125,3373183.75,212.7404,337.3147,230.53923,2228.4924,0.8105138,1820.2517,-0.09315713
1167,1133,809.71844,3062.647,201296.46875,3373182.75,243.88261,369.624,255.71492,2346.0723,0.80233413,1819.6565,-0.11656638
1168,1279,816.11884,2227.6826,192946.828125,3373118.75,191.2545,327.76505,209.99101,2253.5278,0.82769746,1805.2446,-0.10341612
1169,1378,815.59436,2593.4536,196604.53125,3373124.0,186.164,343.8701,222.6299,2494.1946,0.8350729,1811.5588,-0.15538599
1170,989,813.91003,2745.7473,198127.46875,3373141.0,369.41455,544.9545,560.3246,2083.6318,0.58915734,1814.1873,-0.05652619
1171,852,809.7958,2861.4648,199284.65625,3373182.0,296.21832,469.5845,446.61325,2139.1216,0.66504264,1816.1831,-0.073760994
1172,1321,817.2483,1590.1332,186571.328125,3373107.5,496.32928,718.3834,696.43225,2237.0178,0.5144241,1794.2396,-0.098180585
1173,1108,813.2175,3470.936,205379.359375,3373147.75,396.88672,562.4657,592.8547,2158.9626,0.57843965,1826.7074,-0.07000715
1174,1403,819.8653,1735.0022,188020.015625,3373081.25,668.711,870.7512,985.92303,2011.0631,0.34613082,1796.7416,-0.051373187
1175,1082,816.45935,2039.3271,191063.265625,3373115.5,438.94547,664.81885,635.756,2312.3298,0.568406,1801.9933,-0.11573131
1176,1286,821.3701,2653.038,197200.375,3373066.25,200.43935,350.52798,250.84293,2316.4502,0.8031794,1812.5903,-0.11434371
1177,1092,817.8278,2975.0935,200420.9375,3373101.75,508.64468,717.6328,765.28937,2215.9094,0.48649842,1818.1487,-0.09292629
1178,930,814.5065,3307.927,203749.265625,3373135.0,539.1306,738.63226,765.53174,2342.5334,0.5155695,1823.8936,-0.11061329
1179,981,817.0255,3179.7473,202467.46875,3373109.75,469.59683,705.9164,782.5836,2267.3298,0.49664208,1821.6816,-0.10453841
1180,1159,817.36755,1851.6125,189186.125,3373106.25,349.46722,530.76874,503.04056,2134.7048,0.62453467,1798.7533,-0.07929256
1181,986,819.03143,3014.6907,200816.90625,3373089.75,374.62372,537.73425,481.47565,2371.7678,0.67121315,1818.8329,-0.11609015
1182,1022,820.0,3211.2163,202782.15625,3373080.0,425.4765,634.74756,669.7211,2243.7554,0.5472652,1822.2264,-0.10046007
1183,965,818.1161,3275.1118,203421.125,3373098.75,557.0539,733.5928,765.22955,2158.0776,0.47914788,1823.3287,-0.07541479
1184,1263,821.37134,1814.8171,188818.171875,3373066.25,284.24783,439.41925,395.68964,2117.7751,0.6880064,1798.1201,-0.074928604
1185,918,820.07513,1983.6808,190506.8125,3373079.25,482.0474,731.0926,731.27124,2257.9521,0.51298463,1801.0344,-0.107074864
1186,1057,821.19586,2096.1023,191631.03125,3373068.0,524.51373,769.66034,817.5922,2259.2886,0.47045624,1802.9757,-0.10483996
1187,1062,820.6478,2685.8691,197528.6875,3373073.5,348.10074,528.662,510.2081,2222.0735,0.640198,1813.1567,-0.093218885
1188,1019,821.02747,3243.0696,203100.6875,3373069.75,445.9779,642.3273,644.81647,2317.3328,0.5691623,1822.7769,-0.11574045
1189,1311,822.2708,1777.518,188445.1875,3373057.25,604.98627,771.8718,850.5904,2053.5972,0.42587787,1797.4767,-0.05561566
1190,975,820.9774,1902.6226,189696.21875,3373070.25,410.9323,600.54614,613.11536,2138.6714,0.56678104,1799.6356,-0.07841289
1191,971,822.9825,2419.3337,194863.34375,3373050.25,241.88156,393.00412,291.1658,2376.3435,0.7716447,1808.5565,-0.118457586
1192,1016,817.50195,3870.1387,209371.390625,3373105.0,290.4006,442.1993,387.2987,2427.2932,0.7244176,1833.6022,-0.11718593
1193,1021,820.4721,4025.7415,210927.40625,3373075.25,401.31683,557.75464,548.3849,2386.3726,0.6358001,1836.2903,-0.083202295
1194,1599,829.2539,1170.2357,182372.359375,3372987.5,835.0569,1058.7645,1076.8428,1497.2357,0.13238594,1786.9977,0.13193803
1195,1010,818.43066,3602.989,206699.890625,3373095.75,330.58218,472.08118,468.29703,2087.9417,0.6257056,1828.9899,-0.039953414
1196,1146,825.8133,3125.8647,201928.65625,3373021.75,198.11519,325.048,219.44502,2220.7756,0.8188259,1820.7555,-0.09439318
1197,1171,823.0529,3532.661,205996.609375,3373049.5,385.5,575.09393,570.54785,2520.2883,0.63348424,1827.7777,-0.14457248
1198,1035,824.9836,3663.9324,207309.328125,3373030.25,750.6556,943.0121,1073.0135,1580.7875,0.20361719,1830.0452,0.095489874
1199,1039,823.9451,4060.897,211278.96875,3373040.5,276.54956,415.34024,338.69827,2412.3672,0.7509349,1836.8989,-0.083827585
1200,1374,824.14044,786.3428,178533.421875,3373038.5,437.72452,603.8752,668.5349,1714.1605,0.4477461,1780.369,0.026061557
1201,1346,827.364,1211.5453,182785.453125,3373006.25,801.9974,1032.4744,1102.5323,1932.9257,0.27594835,1787.7097,-0.030620376
1202,1125,823.6284,1503.5244,185705.25,3373043.75,594.11646,805.4418,801.6711,2068.624,0.43221012,1792.7478,-0.047009975
1203,960,824.6698,2884.027,199510.265625,3373033.25,373.79166,571.27606,556.6479,2236.6475,0.61156696,1816.5797,-0.09586703
1204,1111,823.649,3381.2944,204482.9375,3373043.5,297.46713,429.79028,319.35464,2486.9414,0.76655203,1825.1646,-0.11421214
1205,1414,829.761,823.58344,178905.828125,3372982.5,384.99576,545.79987,553.65594,1720.8607,0.51850665,1781.0146,0.023787053
1206,1093,825.914,3499.2607,205662.609375,3373020.75,431.2388,610.8266,700.40576,2081.9602,0.51772237,1827.2024,-0.058920767
1207,1360,833.2566,3995.2036,210622.03125,3372947.5,396.2239,576.607,521.75,2935.5706,0.6976478,1835.7688,-0.19347978
1208,960,828.3,1951.276,190182.765625,3372997.0,557.86615,749.37134,779.8141,2115.347,0.46549648,1800.4791,-0.0710797
1209,1413,828.5917,1401.9122,184689.125,3372994.0,826.6691,992.9689,1101.5194,1758.58,0.22742078,1790.9963,0.023514045
1210,1332,830.6336,1665.5135,187325.140625,3372973.75,654.408,846.68884,915.1802,2037.1715,0.3888727,1795.5474,-0.053643472
1211,1039,828.0058,3700.7632,207677.625,3373000.0,504.2132,649.8797,681.5183,1813.705,0.47362703,1830.6825,0.039201256
1212,1242,828.9606,3804.7222,208717.21875,3372990.5,285.55154,427.61432,418.843,2173.984,0.67749137,1832.4779,-0.077954225
1213,1402,832.0,1322.8844,183898.84375,3372960.0,591.6041,815.4055,855.9301,2243.3428,0.443245,1789.6339,-0.10044822
1214,1390,831.113,1362.2352,184292.359375,3372968.75,776.6381,969.5065,1034.809,2001.4089,0.30468628,1790.3127,-0.035628002
1215,1450,832.32275,1625.2876,186922.875,3372956.75,565.44965,781.0517,827.2517,2149.4858,0.44955945,1794.8539,-0.08309128
1216,1019,830.18256,2780.5554,198475.5625,3372978.25,459.61923,655.01965,678.85474,2208.6094,0.53177464,1814.796,-0.08528115
1217,1272,834.23193,3735.0212,208020.21875,3372937.75,271.47562,410.6812,402.4391,2016.943,0.66721344,1831.2769,-0.03960714
1218,894,829.8904,4142.6475,212096.46875,3372981.0,260.3423,386.80313,352.12024,2012.2673,0.70279413,1838.3132,-0.039876807
1219,1346,831.26373,1553.5431,186205.4375,3372967.25,651.54126,844.1337,892.5709,2071.9722,0.39629272,1793.615,-0.061263297
1220,918,828.9009,2010.939,190779.390625,3372991.0,487.06372,729.13727,754.0098,2186.1155,0.4948622,1801.5093,-0.09171046
1221,1102,832.79584,2387.2432,194542.4375,3372952.0,245.84846,392.3684,297.8158,2357.4873,0.7690468,1808.0073,-0.11685371
1222,1013,830.8273,2719.995,197869.953125,3372971.75,388.07205,608.2764,573.46497,2362.4985,0.6128985,1813.7509,-0.12379887
1223,1150,831.13306,3416.067,204830.671875,3372968.75,384.64435,544.033,483.44174,2599.138,0.69013214,1825.7684,-0.1564621
1224,1370,835.4744,1284.4606,183514.609375,3372925.25,497.77957,730.2609,728.7412,2285.2766,0.51691055,1788.9724,-0.107830904
1225,1250,832.6088,2482.652,195496.515625,3372954.0,190.0476,339.2004,218.1212,2431.528,0.8322412,1809.6543,-0.13993067
1226,1322,836.5181,2559.8728,196268.734375,3372914.75,177.98865,327.58774,209.89864,2463.4207,0.8428291,1810.9893,-0.15157059
1227,931,832.82275,3332.291,203992.90625,3372951.75,245.80774,370.20087,300.4565,2070.5278,0.74404484,1824.3229,-0.04489699
1228,1151,832.9461,2186.3005,192533.0,3372950.5,371.99002,577.57947,553.34406,2338.6448,0.6398379,1804.5385,-0.11351946
1229,1060,832.9151,2449.618,195166.1875,3372950.75,194.04576,348.1118,225.32831,2506.6675,0.83477336,1809.0841,-0.15853179
1230,1462,839.60944,1245.8043,183128.046875,3372884.0,657.82935,879.5715,947.56055,2163.0403,0.39963517,1788.3073,-0.08749646
1231,1083,834.9289,4091.0793,211580.796875,3372930.75,349.0351,467.37997,398.73224,2387.6338,0.7174923,1837.425,-0.101999484
1232,1292,837.43964,2518.7717,195857.71875,3372905.5,177.04257,327.55032,208.06192,2460.2825,0.84387827,1810.2802,-0.15041791
1233,1128,838.6197,3041.906,201089.0625,3372893.75,192.67287,315.98227,214.8289,2222.8137,0.8234172,1819.3121,-0.09686351
1234,1144,837.6119,3448.8994,205159.0,3372904.0,397.22684,568.139,551.6914,2297.6885,0.6257627,1826.3384,-0.10107901
1235,1648,837.36346,869.4721,179364.71875,3372906.25,348.4205,493.23938,507.17596,1562.4661,0.51256627,1781.8105,0.07133331
1236,1293,836.6535,1440.8701,185078.703125,3372913.5,648.4397,822.744,866.71387,1809.6937,0.33914617,1791.6727,0.021604672
1237,1182,836.5364,1701.6752,187686.75,3372914.75,677.2305,856.4319,909.0588,1958.7509,0.37350264,1796.1746,-0.034788184
1238,1176,838.92944,2353.1445,194201.4375,3372890.75,287.98468,439.69983,385.54208,2319.6543,0.7265314,1807.4216,-0.11090336
1239,979,833.2952,2941.3147,200083.140625,3372947.0,490.51685,684.4035,750.7395,2175.0696,0.48986202,1817.5729,-0.08156101
1240,1025,836.4751,3633.2898,207002.90625,3372915.25,368.8039,520.2527,639.93756,1956.2751,0.5153112,1829.5215,-0.026925528
1241,1554,842.16797,1130.8114,181978.109375,3372858.25,1025.8334,1265.057,1337.9772,1709.4546,0.115924224,1786.3237,0.039854564
1242,1205,839.5909,2153.4282,192204.28125,3372884.0,559.2664,784.5651,813.1232,2342.949,0.48947266,1803.9742,-0.11705521
1243,1379,841.4837,2623.4873,196904.875,3372865.25,172.02031,323.88614,206.18419,2385.1602,0.8405756,1812.0898,-0.1346925
1244,1032,836.99805,2845.6482,199126.484375,3372910.0,406.79846,603.67053,594.27905,2221.2983,0.58103764,1815.9231,-0.09022609
1245,1129,840.3844,2066.2056,191332.0625,3372876.25,588.841,820.46326,883.1404,2199.9128,0.4296382,1802.469,-0.093546346
1246,1021,840.33496,2119.2036,191862.03125,3372876.75,556.7958,775.20715,788.9182,2226.0215,0.47652504,1803.3838,-0.09550565
1247,1094,840.90674,3156.8875,202238.875,3372871.0,221.70476,358.85284,260.5338,2220.4697,0.7921813,1821.2983,-0.09335477
1248,1014,835.2268,3569.0789,206360.78125,3372927.75,452.09665,626.4931,654.21796,2342.6785,0.57250315,1828.4122,-0.11468051
1249,1108,839.39984,3842.4937,209094.9375,3372886.0,319.74728,471.11914,446.74368,2275.8394,0.6744519,1833.1349,-0.084278025
1250,1080,843.50836,4173.1387,212401.390625,3372845.0,243.14166,374.94907,323.9125,2085.889,0.73450094,1838.846,-0.057689976
1251,1159,842.8007,2812.473,198794.734375,3372852.0,458.1631,660.2718,686.1915,2199.585,0.52624035,1815.3531,-0.085746266
1252,1119,841.4799,3078.9187,201459.1875,3372865.25,203.27257,342.92136,231.42538,2199.5754,0.809447,1819.9525,-0.084636115
1253,1022,838.0264,3767.225,208342.25,3372899.75,268.9457,408.69324,371.49756,2302.8567,0.72137845,1831.8347,-0.10263976
1254,955,842.4419,4200.332,212673.3125,3372855.5,274.39633,427.7356,386.97748,2037.5446,0.6719767,1839.315,-0.033687975
1255,1346,845.4279,2251.1382,193181.375,3372825.75,347.54086,505.70618,507.67273,2107.3901,0.6249679,1805.6638,-0.065965384
1256,1212,845.3515,1881.6238,189486.234375,3372826.5,461.37045,652.25867,684.5272,2118.6921,0.52039826,1799.2852,-0.07101767
1257,979,843.4821,2998.4893,200654.890625,3372845.25,256.39325,405.33606,285.99387,2382.8682,0.78534955,1818.5648,-0.12468821
1258,1290,851.5806,761.99304,178289.9375,3372764.25,450.02557,619.45197,683.8372,1645.5109,0.42203778,1779.9629,0.04850083
1259,1280,846.5547,2318.0718,193850.71875,3372814.5,357.4703,524.0746,499.07928,2235.7085,0.6532294,1806.8198,-0.0972201
1260,1133,846.6205,1922.5137,189895.140625,3372813.75,494.6368,710.89453,725.4056,2290.8633,0.52265126,1799.9916,-0.111499205
1261,990,843.41113,2909.587,199765.875,3372846.0,483.5384,702.75354,787.98785,2151.6172,0.4690236,1817.03,-0.07209916
1262,1242,848.00726,1479.9944,185469.9375,3372800.0,502.35587,739.74677,680.56726,2356.7915,0.54535115,1792.3538,-0.117767766
1263,1284,849.56,2284.475,193514.75,3372784.5,332.32867,490.40848,464.68146,2155.9844,0.6560433,1806.2413,-0.076980494
1264,1047,849.13086,3358.8357,204258.359375,3372788.75,231.39685,349.9365,232.93983,2389.5115,0.81820446,1824.7888,-0.10894012
1265,1003,847.91327,4117.1587,211841.59375,3372800.75,308.30557,442.1301,418.65802,2105.4946,0.67472565,1837.8813,-0.062274907
1266,1641,851.3504,1090.5923,181575.921875,3372766.5,1031.8263,1280.7876,1380.9385,1855.2126,0.13809569,1785.6342,-4.8295748e-05
1267,1321,852.61774,1522.3209,185893.203125,3372753.75,547.17865,760.3002,746.0954,2141.9717,0.47820896,1793.0867,-0.07884953
1268,986,845.34485,3300.581,203675.8125,3372826.5,550.79663,744.05225,793.13745,2225.2617,0.48857516,1823.7812,-0.08908211
1269,1581,853.71155,912.0816,179790.8125,3372743.0,892.5168,1124.1318,1243.5952,1559.5446,0.11174699,1782.5543,0.093857296
1270,1014,847.4467,2753.8906,198208.90625,3372805.5,438.53748,646.3057,635.36194,2322.0967,0.57336587,1814.344,-0.10834554
1271,1055,846.6161,3877.6265,209446.265625,3372813.75,236.57535,384.78674,334.70996,2352.7034,0.75578135,1833.7449,-0.107772775
1272,1386,853.05914,1758.4725,188254.71875,3372749.5,617.40405,814.3593,912.7951,2014.679,0.38528126,1797.1632,-0.050869983
1273,1240,849.6516,1842.5338,189095.34375,3372783.5,548.5294,762.58105,842.55566,2069.6306,0.42469728,1798.6125,-0.062028673
1274,1057,848.58844,3193.4294,202604.296875,3372794.0,342.0104,519.7167,494.98392,2183.117,0.63644356,1821.9329,-0.084661104
1275,1206,852.64594,3909.626,209766.25,3372753.5,202.59619,345.6675,275.6393,2137.3235,0.7690066,1834.3002,-0.0703768
1276,1007,848.9096,4039.3467,211063.46875,3372791.0,332.929,478.81778,405.38184,2537.269,0.72201085,1836.5382,-0.11935821
1277,1203,852.42474,2215.8628,192828.625,3372755.75,387.75146,546.73315,565.0948,1981.286,0.5755254,1805.0583,-0.035082713
1278,1009,848.28546,3266.1973,203331.96875,3372797.25,423.57928,616.99805,646.9108,2264.2214,0.5597794,1823.189,-0.10297983
1279,960,850.575,1971.2458,190382.453125,3372774.25,570.26825,758.88385,798.963,1987.2427,0.42721644,1800.8348,-0.04176642
1280,1092,855.04486,3107.8215,201748.21875,3372729.5,234.06136,397.6273,271.43588,2341.4158,0.7937855,1820.4579,-0.122162126
1281,991,852.51666,2966.458,200334.578125,3372754.75,425.40363,614.112,589.889,2309.7104,0.593652,1818.0161,-0.099357136
1282,1121,852.8564,3229.6575,202966.578125,3372751.5,352.17975,518.6057,511.00668,2163.4417,0.62251747,1822.5603,-0.07773343
1283,949,848.48895,3602.6902,206696.90625,3372795.0,340.07483,500.82825,586.7376,2125.3057,0.5690119,1828.9988,-0.06966619
1284,878,853.13666,3681.3384,207483.375,3372748.75,306.85764,438.05753,388.5319,2072.4612,0.6616703,1830.3588,-0.024618668
1285,1430,856.3224,1801.2301,188682.296875,3372716.75,383.57867,558.5647,550.10876,2114.0374,0.5968867,1797.9028,-0.072669655
1286,1055,854.1327,2034.0758,191010.75,3372738.75,557.8218,777.2256,803.9763,2169.583,0.46187058,1801.9211,-0.08430702
1287,1163,858.9037,3969.9673,210369.671875,3372691.0,375.1264,541.2184,474.02322,2818.5305,0.70654,1835.345,-0.16681264
1288,1680,859.17737,1049.3619,181163.625,3372688.25,734.17175,961.1494,1003.7729,1907.0009,0.3024374,1784.9265,-0.01292972
1289,1354,857.04504,2589.6367,196566.375,3372709.5,168.94904,323.53693,202.11891,2428.9963,0.8461729,1811.5131,-0.14432296
1290,1125,852.95734,2689.7715,197567.71875,3372750.5,363.39557,574.64,542.0987,2468.3726,0.63943076,1813.2397,-0.14530668
1291,1174,858.1865,3481.6958,205486.953125,3372698.25,274.8718,422.66055,411.15118,2104.4028,0.68646425,1826.9143,-0.06604395
1292,1390,855.8482,1591.5057,186585.0625,3372721.5,647.2648,854.15326,929.8129,2095.2842,0.38521817,1794.2825,-0.06717323
1293,1017,856.944,3544.5073,206115.078125,3372710.5,429.31366,622.96655,546.76794,2606.119,0.6484417,1827.9982,-0.1535892
1294,1048,856.7271,2877.0354,199440.359375,3372712.75,580.12115,820.1975,971.84827,2164.44,0.38714352,1816.4744,-0.08062443
1295,1070,858.5028,3513.0066,205800.0625,3372695.0,465.18506,649.7449,763.5776,2221.886,0.49590245,1827.455,-0.090061694
1296,958,858.8267,2001.9729,190689.734375,3372691.75,591.3429,811.03864,865.2109,2151.4114,0.42732766,1801.3693,-0.08137506
1297,1130,855.9832,2418.9788,194859.78125,3372720.25,186.80974,339.8876,222.74734,2300.3289,0.8203696,1808.5664,-0.11378549
1298,1112,859.4065,3388.4802,204554.796875,3372686.0,186.72032,303.53506,201.1938,2230.6287,0.8345487,1825.3054,-0.090788804
1299,1371,863.0795,797.8359,178648.359375,3372649.25,884.75854,1095.609,1186.8184,1848.7141,0.2508457,1780.5873,-0.0116524715
1300,1268,863.46686,1721.1215,187881.21875,3372645.25,622.6952,795.4397,867.8024,1949.1038,0.38879523,1796.5236,-0.034000684
1301,1376,862.8387,2657.5742,197245.75,3372651.5,340.94186,548.40625,502.258,2510.0283,0.66951835,1812.6886,-0.151666
1302,1407,864.5757,837.5487,179045.484375,3372634.25,789.607,1004.1745,1046.5167,1670.4268,0.24255964,1781.2736,0.06904852
1303,1299,863.6397,1646.8268,187138.265625,3372643.5,634.20746,824.1382,876.7775,2032.6509,0.3998624,1795.2413,-0.052490517
1304,1032,862.83234,3788.3857,208553.859375,3372651.75,229.3188,371.21704,317.74805,2312.7307,0.75892526,1832.2115,-0.11100402
1305,1366,865.63763,1381.6537,184486.53125,3372623.5,676.74854,846.2716,918.51904,1887.1368,0.34410548,1790.6652,-0.012587302
1306,1228,864.3021,2093.3347,191603.34375,3372637.0,573.0912,788.6132,849.5517,2189.3499,0.4484934,1802.9491,-0.090162784
1307,938,863.75055,3656.582,207235.8125,3372642.5,459.00748,609.82837,628.33795,1899.7142,0.47955617,1829.9363,0.027455414
1308,1006,862.9195,3820.67,208876.703125,3372650.75,258.50198,403.13123,345.5129,2431.5715,0.7492705,1832.769,-0.1300092
1309,1158,864.2919,4068.0579,211350.578125,3372637.0,328.59543,444.81046,379.06305,2326.1912,0.71910346,1837.041,-0.08768775
1310,1591,868.32684,957.0528,180240.53125,3372596.75,785.93463,987.05,1033.1295,1985.9117,0.3555061,1783.338,-0.036532566
1311,1603,864.0686,1206.8945,182738.9375,3372639.25,473.98004,673.76825,657.2193,2213.235,0.547383,1787.6481,-0.0946338
1312,1405,865.6185,1340.4868,184074.875,3372623.75,550.3121,725.9819,698.1822,1966.453,0.46446222,1789.9546,-0.022217998
1313,1313,866.246,1417.1766,184841.765625,3372617.5,404.6706,573.2597,500.67212,2137.8162,0.61725557,1791.2787,-0.072855085
1314,1029,863.034,3708.9106,207759.109375,3372649.75,268.707,414.8615,354.79446,2364.6226,0.7359695,1830.8395,-0.11568162
1315,1663,866.1389,1005.0782,180720.78125,3372618.5,724.97473,935.6314,1028.0905,2103.4497,0.3651867,1784.1658,-0.07114095
1316,996,862.2811,2723.5774,197905.78125,3372657.25,549.3845,776.31024,766.1958,2472.1387,0.5312242,1813.8278,-0.1430297
1317,1027,865.98737,3021.551,200885.515625,3372620.25,204.15092,332.0448,243.44011,2066.9854,0.7861927,1818.9738,-0.054426163
1318,935,861.60425,4146.0986,212130.984375,3372664.0,247.96417,373.14117,281.63742,2329.6055,0.7830701,1838.3873,-0.10911103
1319,1124,868.8354,4018.2917,210852.921875,3372591.75,353.63568,505.5734,442.7331,2514.3154,0.70372844,1836.1838,-0.11959534
1320,1582,869.4456,1162.3888,182293.890625,3372585.5,505.42667,725.3347,718.9602,2282.6255,0.5304034,1786.8826,-0.109934635
1321,1451,869.49756,1298.2654,183652.65625,3372585.0,494.8656,667.20056,677.26154,1815.6323,0.44732034,1789.2278,0.020958977
1322,1238,865.77545,2455.987,195229.875,3372622.25,175.19023,317.916,200.6563,2317.4656,0.83871657,1809.2101,-0.11694238
1323,1367,868.08923,2496.4932,195634.9375,3372599.0,173.67447,320.1785,200.6913,2380.9473,0.84362334,1809.9104,-0.13302258
1324,1085,868.4129,3136.5872,202035.875,3372595.75,330.97052,511.0765,453.14655,2257.4978,0.6759335,1820.9608,-0.10237375
1325,1384,871.05927,1683.4032,187504.03125,3372569.5,416.7005,569.47687,530.4848,1966.4329,0.58740014,1795.8763,-0.036604136
1326,1524,870.56696,2540.8708,196078.703125,3372574.25,163.24147,300.66995,191.04068,2291.1555,0.8453593,1810.6777,-0.11418858
1327,963,865.7227,2932.4443,199994.4375,3372622.75,449.2814,656.4434,690.635,2297.8179,0.555414,1817.4353,-0.106551595
1328,1106,867.0723,3420.7378,204877.375,3372609.25,191.65506,331.24185,248.20343,2151.673,0.795339,1825.866,-0.075777665
1329,1284,868.8084,1558.2671,186252.671875,3372592.0,650.2547,826.8092,893.22394,1980.4945,0.38848695,1793.7152,-0.042254698
1330,1206,866.699,2382.6394,194496.390625,3372613.0,199.3466,350.03442,229.90837,2362.4888,0.819671,1807.9443,-0.12680638
1331,1053,866.14435,2780.1548,198471.546875,3372618.5,459.41595,677.0123,664.94586,2310.621,0.55276185,1814.8064,-0.10899745
1332,1051,866.45575,3329.7317,203967.3125,3372615.5,207.549,323.66318,226.03711,2053.1038,0.7953969,1824.2944,-0.034477476
1333,1124,871.9146,1947.4733,190144.734375,3372560.75,663.266,875.91547,944.40656,2143.4648,0.39373887,1800.4349,-0.0793952
1334,1115,868.79285,2135.0942,192020.9375,3372592.0,687.8964,902.4399,992.7493,2195.9683,0.39034882,1803.6721,-0.08955946
1335,1074,869.51025,3060.2039,201272.03125,3372585.0,217.94087,361.08286,248.93669,2257.8882,0.7980826,1819.6427,-0.09137664
1336,960,867.94794,3575.025,206420.25,3372600.5,345.975,510.68958,532.3333,2050.4646,0.5931529,1828.5302,-0.05383427
1337,1245,872.3076,1455.6056,185226.0625,3372557.0,323.40482,491.84097,391.92932,2118.9734,0.6881138,1791.945,-0.07798032
1338,1257,868.848,2183.7249,192507.25,3372591.5,494.93555,699.60504,756.0648,2190.7876,0.4989779,1804.5116,-0.08276588
1339,1036,870.3465,3757.2114,208242.109375,3372576.5,217.54826,344.78378,319.15445,2059.6003,0.7333204,1831.6768,-0.05699592
1340,1469,874.902,1257.804,183248.03125,3372531.0,476.96255,639.78455,612.7219,1948.1808,0.5021136,1788.5322,-0.015015091
1341,1019,867.5957,2844.521,199115.21875,3372604.0,639.0559,885.5113,1046.7007,2218.622,0.37969157,1815.9182,-0.09247126
1342,978,870.84357,3453.588,205205.875,3372571.5,218.96779,377.17435,279.864,2234.6538,0.77956015,1826.4349,-0.09097402
1343,1055,874.5706,3169.4644,202364.640625,3372534.25,277.59906,439.65167,322.7512,2257.419,0.74952835,1821.5314,-0.09615816
1344,934,872.28156,3631.2698,206982.703125,3372557.25,530.82227,693.41113,762.81476,1837.9883,0.40681592,1829.5033,0.019133128
1345,1287,874.7708,2345.659,194126.59375,3372532.25,262.47046,414.1783,334.0948,2348.8208,0.75753284,1807.3098,-0.11816806
1346,1086,875.67957,3850.684,209176.84375,3372523.25,261.19983,408.69244,367.62247,2253.932,0.71845347,1833.2931,-0.091553904
1347,1304,879.6756,3942.2708,210092.703125,3372483.25,334.9536,482.74924,408.53528,2609.002,0.72688085,1834.8763,-0.1514059
1348,1086,876.3646,4098.7246,211657.25,3372516.25,333.31677,468.5078,449.2537,2115.5986,0.6619727,1837.576,-0.04955742
1349,1579,878.8505,875.734,179427.34375,3372491.5,880.158,1118.347,1268.2983,1565.1174,0.04898925,1781.9398,0.12533301
1350,1398,882.093,1616.4377,186834.375,3372459.0,551.43097,743.0908,757.7006,2104.2747,0.47388184,1794.726,-0.069356464
1351,1179,878.5242,1909.1824,189761.828125,3372494.75,507.7659,738.9313,764.5666,2289.3232,0.5012614,1799.7772,-0.11274929
1352,1104,875.971,2058.9402,191259.40625,3372520.25,549.11774,788.1037,807.51447,2305.8887,0.48217452,1802.3611,-0.11662122
1353,995,880.14874,3731.9084,207989.09375,3372478.5,254.33266,383.54974,380.85428,1979.8492,0.68023306,1831.2445,-0.0372539
1354,993,876.42596,2990.138,200571.375,3372515.75,410.61832,613.40283,542.423,2520.7966,0.6491039,1818.4364,-0.14144918
1355,1003,874.9691,3293.659,203606.59375,3372530.25,435.79013,605.0279,601.3021,2108.869,0.5650429,1823.6758,-0.05387709
1356,1107,882.03705,3992.0388,210590.390625,3372459.75,390.0619,546.5623,461.8636,2830.4714,0.71035165,1835.7367,-0.17826147
1357,1112,877.0728,1875.91,189429.09375,3372509.25,528.87274,777.2576,806.7743,2274.4775,0.4822934,1799.2023,-0.11131477
1358,1334,882.3636,1496.7354,185637.359375,3372456.25,520.6555,728.32983,698.0637,2247.9348,0.5294315,1792.6599,-0.10175622
1359,1103,878.369,2809.8296,198768.296875,3372496.25,682.893,937.534,1111.7688,2161.118,0.3407562,1815.3246,-0.080157354
1360,1018,879.0796,2902.1956,199691.953125,3372489.25,485.00195,721.65027,805.5825,2330.3145,0.50026447,1816.9194,-0.11343113
1361,976,877.9928,3259.494,203264.9375,3372500.0,275.68546,428.61887,377.0369,2181.5369,0.7128553,1823.0873,-0.08278892
1362,1255,879.3506,4201.7993,212688.0,3372486.5,265.21234,408.38525,343.6279,2347.5403,0.7363959,1839.3572,-0.100370504
1363,1622,883.79224,1120.2627,181872.625,3372442.0,598.4041,812.15784,853.5179,2017.3209,0.40388742,1786.1627,-0.043030553
1364,985,878.23145,3882.5828,209495.828125,3372497.75,246.04263,392.8122,327.85684,2269.073,0.7474139,1833.8451,-0.08722978
1365,1373,882.86597,2265.2637,193322.640625,3372451.25,192.81282,319.04953,205.3769,2219.58,0.8293064,1805.926,-0.09698765
1366,1007,880.5303,3201.2612,202682.609375,3372474.75,233.78104,357.2577,262.0159,2158.355,0.78211427,1822.0831,-0.07423025
1367,1517,883.58405,2624.1733,196911.734375,3372444.25,204.9265,351.37277,277.42618,2123.5317,0.77389914,1812.1221,-0.07120926
1368,1081,884.09155,3090.001,201570.015625,3372439.0,339.33673,524.716,431.32193,2344.7512,0.70011705,1820.1641,-0.11493851
1369,1483,886.4936,2307.9414,193749.40625,3372415.0,212.4383,351.6561,242.96594,2262.052,0.805995,1806.6644,-0.10284606
1370,1068,883.15826,2745.3838,198123.84375,3372448.5,450.06555,629.9616,638.0356,2230.8577,0.5677854,1814.2142,-0.09009341
1371,866,879.49536,3603.3071,206703.0625,3372485.0,327.3695,490.77713,490.1628,2196.7043,0.6361388,1829.0238,-0.08578365
1372,1153,883.74677,4168.5786,212355.78125,3372442.5,246.73807,375.01907,317.90634,2227.7917,0.7493457,1838.7856,-0.07923189
1373,1198,882.28296,1839.5651,189065.65625,3372457.25,466.4595,679.58514,733.9316,2174.0605,0.5040552,1798.5774,-0.08867768
1374,1070,883.8813,1983.2178,190502.171875,3372441.25,532.87476,751.99255,767.52106,2250.2617,0.4900055,1801.0579,-0.10348444
1375,1346,886.0914,2227.5112,192945.109375,3372419.0,215.64005,347.3529,265.52414,2060.3032,0.7798428,1805.2759,-0.058288608
1376,1319,889.1797,1774.3889,188413.890625,3372388.25,437.19067,622.5159,629.1353,2174.2217,0.5644449,1797.4558,-0.09108512
1377,934,884.6863,2956.1392,200231.390625,3372433.25,490.29443,744.212,689.78156,2735.1274,0.59491134,1817.8534,-0.19077025
1378,1178,891.61035,2160.3005,192273.0,3372364.0,610.0645,852.11584,941.8714,2229.9597,0.40858155,1804.1184,-0.09838952
1379,1405,889.61426,2579.311,196463.109375,3372383.75,193.0121,343.51602,253.01031,2156.8174,0.7908436,1811.3505,-0.08015846
1380,1268,887.0055,2699.459,197664.59375,3372410.0,504.30756,705.35803,731.75,2204.7373,0.5154325,1813.4233,-0.08709604
1381,1111,888.5463,4128.029,211950.28125,3372394.5,301.7642,439.9721,428.8245,2091.4429,0.6624054,1838.0876,-0.05604556
1382,1213,890.8994,1740.5243,188075.25,3372371.0,601.9283,808.25476,876.38544,2073.382,0.41342613,1796.8722,-0.06578877
1383,1187,889.2755,2021.2578,190882.578125,3372387.25,596.3374,822.37024,859.4743,2211.1975,0.43709105,1801.7172,-0.093508855
1384,1285,888.47705,3358.5112,204255.109375,3372395.25,193.95525,304.54865,224.2428,2031.0868,0.7999451,1824.8018,-0.044546098
1385,1300,889.0877,759.9315,178269.3125,3372389.0,767.38,963.51843,1045.2039,1566.4224,0.21463138,1779.9464,0.0733731
1386,1475,890.5905,917.6732,179846.734375,3372374.0,455.61255,619.837,619.4166,1847.3804,0.5328881,1782.6697,-0.0075425724
1387,1678,894.149,1078.8701,181458.703125,3372338.5,644.28424,859.4359,941.0548,2001.2657,0.35998964,1785.4536,-0.046271756
1388,899,885.85986,3230.406,202974.0625,3372421.5,193.01724,329.38266,222.50946,2264.7524,0.82130253,1822.5889,-0.104668155
1389,978,888.8528,3530.6042,205976.046875,3372391.5,345.8461,500.57208,396.15747,2410.0195,0.7113348,1827.7731,-0.11098789
1390,1342,892.9173,1531.4993,185985.0,3372350.75,761.7094,938.1349,1023.53613,2039.7604,0.33497015,1793.2653,-0.054148395
1391,1233,892.8735,4044.6123,211116.125,3372351.25,334.9497,475.93835,457.2721,2337.0305,0.6756307,1836.6494,-0.09974609
1392,1443,897.3791,1229.5267,182965.265625,3372306.25,445.65906,601.7772,540.44666,2018.9193,0.5485705,1788.0554,-0.029354714
1393,1259,888.11993,2417.4695,194844.6875,3372398.75,187.07664,333.36615,210.51707,2392.903,0.83733803,1808.5559,-0.1351116
1394,1050,889.3933,3681.6885,207486.875,3372386.0,309.6657,451.01428,440.02667,2218.7266,0.6680898,1830.3817,-0.08657983
1395,1190,893.62103,1808.0865,188750.859375,3372343.75,424.47354,608.14453,624.6458,2222.9436,0.57544786,1798.0397,-0.101734504
1396,1122,894.7932,2115.3306,191823.3125,3372332.0,666.9639,908.246,1044.1025,2130.8708,0.35083902,1803.3438,-0.07743704
1397,1042,891.5317,2870.5596,199375.59375,3372364.75,461.76297,690.4693,749.2716,2366.8657,0.5251795,1816.3793,-0.120332144
1398,945,891.74286,3037.6243,201046.25,3372362.5,348.34073,523.1683,484.43704,2218.419,0.6562034,1819.2634,-0.07778956
1399,990,891.1323,3806.4434,208734.4375,3372368.75,193.47273,328.84747,256.27475,2251.6829,0.79559207,1832.5365,-0.09814933
1400,1152,893.96094,3908.9392,209759.390625,3372340.5,481.04514,677.21094,581.7222,3593.1067,0.7174307,1834.3074,-0.29810423
1401,1654,899.44073,1036.0459,181030.453125,3372285.5,501.00876,720.83826,712.87213,2208.8975,0.51292753,1784.7172,-0.09376399
1402,1186,893.57,3395.3289,204623.28125,3372344.25,170.73862,285.82715,200.2812,1994.3486,0.8176381,1825.4397,-0.0341499
1403,1138,896.7346,3501.957,205689.5625,3372312.75,262.855,417.92267,351.99603,2162.256,0.7243296,1827.2821,-0.06855265
1404,993,895.3071,3558.265,206252.65625,3372327.0,322.50452,474.4572,466.39377,2024.1682,0.6323962,1828.2535,-0.045893844
1405,1344,897.8906,1362.7135,184297.140625,3372301.0,457.4732,635.2667,609.279,2071.3765,0.55440474,1790.3545,-0.06362736
1406,1463,900.43884,1185.5161,182525.15625,3372275.5,550.93744,735.6097,752.37933,1922.1261,0.42722476,1787.2974,-0.012658943
1407,1412,900.3102,1321.2068,183882.0625,3372277.0,478.22308,662.9954,716.7709,2000.3668,0.48181474,1789.6393,-0.049790516
1408,1067,898.0553,3118.7498,201857.5,3372299.5,350.552,518.35425,447.30646,2291.4602,0.6793557,1820.667,-0.10688148
1409,1591,902.37714,1578.5513,186455.515625,3372256.25,523.7926,695.4359,713.3454,2045.5936,0.47961494,1794.0822,-0.05108518
1410,1304,896.8681,2462.2883,195292.875,3372311.25,194.8842,336.80368,237.61119,2289.3298,0.8128965,1809.3339,-0.112357005
1411,1109,897.4635,3319.714,203867.140625,3372305.25,295.70288,427.83365,372.49728,2110.9788,0.71772987,1824.1361,-0.05390866
1412,1121,899.8341,3471.877,205388.765625,3372281.75,202.96075,349.624,255.00536,2221.7146,0.7952044,1826.7643,-0.09018738
1413,1319,900.768,830.6831,178976.828125,3372272.25,867.36163,1081.5728,1171.5353,1432.9905,0.08166703,1781.1735,0.14684606
1414,1581,904.0626,994.2005,180612.0,3372239.25,339.2821,501.3093,412.12714,1365.7284,0.4873426,1783.9973,0.16919342
1415,1222,902.2905,1434.1489,185011.484375,3372257.0,464.1956,645.9051,613.76556,2041.527,0.5550063,1791.5897,-0.056595806
1416,1520,902.08484,1658.6046,187256.046875,3372259.25,624.5668,816.97864,861.1605,2046.4187,0.4151465,1795.4637,-0.05901346
1417,1429,901.22394,2663.8608,197308.609375,3372267.75,459.3184,657.77185,705.43036,2166.4219,0.5286179,1812.8157,-0.0823377
1418,970,897.4186,2835.4814,199024.8125,3372305.75,581.1381,804.76807,953.4598,2261.701,0.41039425,1815.7765,-0.10322041
1419,1067,898.6495,3436.7761,205037.765625,3372293.5,239.28116,380.58295,262.29242,2379.2559,0.8007771,1826.1577,-0.112231664
1420,1184,898.0068,796.98566,178639.859375,3372300.0,799.38684,978.1318,1102.451,1614.598,0.2187096,1780.5905,0.05942402
1421,1344,901.3906,2504.8416,195718.421875,3372266.0,250.7076,391.19122,308.12946,2270.4226,0.76947415,1810.0707,-0.10896565
1422,1158,901.49396,3774.2798,208412.796875,3372265.0,254.06303,397.9292,390.52936,2072.6296,0.68314064,1831.986,-0.05682792
1423,1349,905.28613,1402.0919,184690.921875,3372227.25,506.26724,699.6783,672.8158,2146.9758,0.51827204,1791.0378,-0.078001656
1424,1519,905.6814,1705.6498,187726.5,3372223.25,648.38116,847.58887,905.3934,2121.0867,0.40340653,1796.2776,-0.07545255
1425,1144,903.39246,2083.931,191509.3125,3372246.0,588.4974,819.3597,838.5101,2243.3496,0.4519769,1802.8059,-0.10077656
1426,1098,899.18396,2776.7158,198437.15625,3372288.25,696.35065,939.28687,1107.7714,2126.7722,0.35487556,1814.7628,-0.073683076
1427,1042,902.05853,1934.6862,190016.859375,3372259.5,556.1766,787.24615,851.2198,2137.439,0.43095762,1800.2291,-0.08066062
1428,1320,905.3765,2197.8062,192648.0625,3372226.25,489.52917,719.2826,744.74506,2273.0996,0.5132191,1804.7726,-0.10912621
1429,1278,900.9797,2379.3716,194463.71875,3372270.25,174.35133,302.23395,198.0399,2198.9402,0.83374095,1807.9045,-0.09375055
1430,983,901.30725,2927.948,199949.484375,3372267.0,337.79248,536.2126,492.47916,2335.9268,0.66199327,1817.3746,-0.11371029
1431,1064,903.3647,3654.656,207216.5625,3372246.25,376.93796,556.7923,561.5197,2534.8525,0.63469446,1829.9215,-0.14291614
1432,1226,903.686,4079.4624,211464.625,3372243.25,434.27243,600.6448,718.8499,2029.3112,0.4891256,1837.2561,-0.03967635
1433,1073,904.4455,3150.5527,202175.53125,3372235.5,278.055,423.2712,360.32245,2084.2246,0.7085424,1821.219,-0.058884725
1434,1078,904.1206,3708.4573,207754.578125,3372238.75,297.69202,429.0065,485.88684,1873.7402,0.5902781,1830.8507,-0.009890041
1435,1343,908.5197,3970.9778,210379.78125,3372194.75,365.5562,516.86633,422.2487,2967.7163,0.7478809,1835.3853,-0.20272507
1436,1554,908.6133,1279.1802,183461.796875,3372193.75,468.48132,665.64575,675.78827,2109.7249,0.5188954,1788.9181,-0.07321111
1437,1052,906.0846,3007.9734,200749.734375,3372219.25,390.9135,620.9344,517.2909,2656.482,0.6768719,1818.7584,-0.16921048
1438,1060,905.84625,3836.2556,209032.5625,3372221.5,238.52925,387.46887,321.37546,2463.997,0.7669732,1833.058,-0.13634221
1439,1352,904.5289,956.1827,180231.828125,3372234.75,413.98004,564.87836,414.79178,1410.409,0.38085315,1783.3414,0.21638781
1440,1270,908.3315,1470.1898,185371.90625,3372196.75,408.9118,574.49567,516.6512,2001.5826,0.59910876,1792.2147,-0.044819668
1441,1014,904.3067,3280.5889,203475.890625,3372237.0,378.965,523.6326,433.58432,2462.2388,0.68684113,1823.4639,-0.11117381
1442,1019,906.70264,3588.8577,206558.578125,3372213.0,288.157,440.25906,397.4907,2202.9705,0.7083655,1828.7871,-0.08377237
1443,860,905.61163,2976.5593,200435.59375,3372224.0,465.49185,683.25116,605.27094,2528.6023,0.61728215,1818.2158,-0.14360969
1444,989,905.98987,3623.897,206908.96875,3372220.0,431.56522,586.8473,541.7331,2198.366,0.5766906,1829.3917,-0.051522784
1445,1574,913.4911,1147.0444,182140.4375,3372145.0,616.39075,806.0432,840.1979,1824.7916,0.36225933,1786.64,0.008142358
1446,1126,907.41296,1867.611,189346.109375,3372205.75,490.15543,703.8046,753.36633,2253.7202,0.5054118,1799.074,-0.10461388
1447,1066,908.8208,3067.5066,201345.0625,3372191.75,461.6107,695.5854,645.45685,2589.7954,0.60468465,1819.7875,-0.16597296
1448,1081,910.86676,1967.3007,190343.0,3372171.25,534.84924,776.8349,793.66974,2242.0583,0.4800704,1800.7964,-0.10276828
1449,1018,908.04816,2051.8645,191188.640625,3372199.5,581.0953,786.16943,811.7387,2190.4504,0.45665866,1802.2546,-0.08761307
1450,1386,909.1356,2540.0723,196070.71875,3372188.75,313.4524,481.90585,416.193,2230.1992,0.69799656,1810.6826,-0.09481957
1451,1081,910.7169,3181.481,202484.8125,3372172.75,217.03793,361.136,272.90195,2110.6763,0.773203,1821.756,-0.06879996
1452,1287,914.3893,4217.404,212844.03125,3372136.0,245.38228,380.44055,299.4662,2568.993,0.79044497,1839.6426,-0.15313889
1453,1111,909.973,3871.2188,209382.1875,3372180.25,430.27274,611.7129,554.5743,2849.8496,0.66199577,1833.6636,-0.17087159
1454,1282,915.1521,862.0367,179290.375,3372128.5,525.36664,706.8701,863.0176,1918.2812,0.38204768,1781.7219,-0.028690076
1455,1285,910.491,2343.4475,194104.46875,3372175.0,199.22334,333.43112,225.77899,2241.099,0.81697035,1807.2891,-0.10375026
1456,1350,913.86,4012.409,210794.09375,3372141.5,374.11517,529.3559,493.6,2548.917,0.6722815,1836.103,-0.13766088
1457,1292,915.26624,2281.5054,193485.0625,3372127.25,324.57584,468.10138,408.37964,2096.173,0.6870053,1806.2222,-0.06797514
1458,1124,911.69574,2737.2136,198042.140625,3372163.0,777.2322,1043.9991,1184.0276,2238.7642,0.3453235,1814.0869,-0.098268926
1459,990,912.64545,3247.5676,203145.671875,3372153.5,319.3899,468.63284,415.3606,2086.8176,0.672752,1822.8978,-0.052374985
1460,1219,915.6095,3743.6628,208106.625,3372124.0,302.24118,435.33798,481.25595,1807.8523,0.58237,1831.4639,0.008324079
1461,1119,915.6756,4148.0815,212150.8125,3372123.25,298.94772,444.77078,455.412,2238.4424,0.665909,1838.4463,-0.09115035
1462,1259,916.6982,1903.1978,189701.96875,3372113.0,384.60367,554.07465,541.0103,2079.3145,0.6020111,1799.6927,-0.0667595
1463,1104,917.9339,2141.0742,192080.75,3372100.75,514.61053,763.5127,819.39355,2296.5137,0.48290673,1803.7994,-0.114161976
1464,1401,918.46326,2610.7974,196777.96875,3372095.25,475.2841,692.6988,727.63385,2318.9343,0.5307213,1811.908,-0.114096574
1465,1003,913.84845,2899.015,199660.15625,3372141.5,354.29013,538.2403,545.1366,2219.4556,0.63559127,1816.8811,-0.093929246
1466,1023,914.9922,3213.7888,202807.890625,3372130.0,333.96872,478.8817,449.32993,1999.4261,0.64040667,1822.3158,-0.03567622
1467,1229,917.7486,4181.5156,212485.15625,3372102.5,240.00732,370.2799,335.02603,2197.2815,0.7363705,1839.0245,-0.0840064
1468,1357,920.9646,897.12897,179641.296875,3372070.25,458.30655,630.7133,610.5206,1807.713,0.5043423,1782.3306,0.027409924
1469,1139,918.1106,2000.4723,190674.71875,3372099.0,557.24713,788.0869,784.65497,2332.8923,0.49410388,1801.3726,-0.11819613
1470,1289,917.9666,2427.5974,194945.96875,3372100.25,244.50581,390.8759,298.81924,2256.8477,0.7673333,1808.7452,-0.10283038
1471,1141,918.0254,2804.5303,198715.296875,3372099.75,522.5889,703.40753,797.5732,2143.5266,0.47387788,1815.2521,-0.07514682
1472,1210,917.36694,3933.2603,210002.59375,3372106.25,396.5595,560.4872,504.22934,3025.2834,0.7122974,1834.7382,-0.22839496
1473,1449,921.26917,2243.6362,193106.359375,3372067.25,407.6132,585.6936,521.34814,2239.9224,0.63227385,1805.5714,-0.10073513
1474,1463,918.8086,1617.9781,186849.78125,3372092.0,571.62067,746.3438,806.87836,1962.8916,0.42407915,1794.7709,-0.034857944
1475,1293,922.9126,4114.095,211810.953125,3372050.75,331.40952,475.2668,516.72815,2014.7073,0.60387355,1837.8628,-0.03818785
1476,1336,921.6055,1831.7844,188987.84375,3372064.0,436.17365,630.0247,645.991,2177.9993,0.5594179,1798.4625,-0.08813901
1477,981,921.6351,773.3415,178403.421875,3372063.75,438.95618,591.8991,625.6967,1722.7416,0.49547514,1780.1946,0.027228039
1478,1200,920.31,2703.5542,197705.546875,3372077.0,709.8508,960.8075,1104.97,2236.6567,0.35663736,1813.51,-0.097200125
1479,1038,923.19556,3421.1821,204881.8125,3372048.0,391.95618,550.91235,512.9663,2100.7578,0.6176349,1825.9,-0.049475953
1480,1659,927.4967,1105.4153,181724.15625,3372005.0,608.65765,783.541,797.5793,1845.6796,0.38531587,1785.9286,0.0058268616
1481,1492,925.8458,1500.5972,185675.96875,3372021.5,615.36224,798.36896,822.51776,2105.5972,0.4402835,1792.7483,-0.07153974
1482,1441,925.5288,1543.549,186105.484375,3372024.75,649.4601,810.4983,842.91187,1995.5895,0.4057862,1793.4895,-0.03546481
1483,930,922.94196,2950.1042,200171.046875,3372050.5,504.29355,729.9688,766.13763,2246.2947,0.5002108,1817.7675,-0.10273655
1484,1115,924.86365,3097.9453,201649.453125,3372031.25,454.887,629.92017,589.24304,2206.052,0.58164024,1820.3206,-0.08179086
1485,1225,924.5355,2573.2383,196402.375,3372034.75,402.8804,583.84735,572.61554,2169.6294,0.5929786,1811.2626,-0.08032047
1486,1072,930.5485,745.5429,178125.421875,3371974.5,500.80225,684.42255,688.3097,2049.5667,0.5104863,1779.7194,-0.058692224
1487,1485,927.21075,1788.6984,188556.984375,3372008.0,562.0027,781.7253,838.57544,2173.934,0.4472253,1797.7217,-0.08704508
1488,930,922.9602,2866.6958,199336.953125,3372050.5,295.05267,485.12903,413.35806,2338.2173,0.7073434,1816.3275,-0.118096896
1489,1019,927.5152,3330.9548,203979.546875,3372004.75,528.9357,688.51715,671.2399,2145.6418,0.51052505,1824.3444,-0.0461253
1490,1261,929.05475,1209.3284,182763.28125,3371989.5,438.74704,624.6804,598.7815,2231.0364,0.577258,1787.7228,-0.10219621
1491,1533,926.7756,1746.045,188130.453125,3372012.25,629.3102,842.5251,915.2045,2158.5676,0.40590554,1796.9852,-0.083524264
1492,1221,927.71906,2475.1172,195421.171875,3372002.75,523.2858,727.326,743.66504,2188.2,0.49561244,1809.5703,-0.08902984
1493,1283,931.1005,2645.8738,197128.734375,3371969.0,469.04288,723.484,738.13403,2531.2034,0.5582126,1812.5195,-0.16007854
1494,1071,924.92065,3358.9272,204259.28125,3372030.75,482.44632,657.2465,665.4127,2245.8254,0.5367639,1824.826,-0.0754968
1495,1010,925.5931,3388.209,204552.09375,3372024.0,575.56586,764.60596,796.9401,2191.7966,0.47060144,1825.3319,-0.061724123
1496,1285,926.6086,3527.9954,205949.953125,3372014.0,311.0973,461.4105,357.6218,2505.0222,0.75477576,1827.7456,-0.13415284
1497,1047,922.6934,3805.45,208724.5,3372053.0,238.73735,380.6514,356.8195,2054.0935,0.70269156,1832.5339,-0.0528544
1498,1338,931.006,2314.6748,193816.75,3371970.0,329.5071,492.30307,415.98917,2217.8083,0.69112206,1806.8024,-0.09519094
1499,979,923.5046,3038.524,201055.234375,3372045.0,371.16547,547.4995,523.3197,2168.7732,0.6178501,1819.2941,-0.077780575
1500,1462,934.89465,1246.4966,183134.96875,3371931.0,523.0219,733.5123,784.8625,2091.1829,0.45685756,1788.3673,-0.07244928
1501,1043,929.4612,2032.9904,190999.90625,3371985.5,468.08917,691.082,694.5647,2268.381,0.5253403,1801.9395,-0.1043161
1502,1040,929.6183,3299.0635,203660.625,3371983.75,348.0375,500.21777,428.9548,2093.5496,0.6667748,1823.7948,-0.055707503
1503,1360,932.5162,935.39264,180023.921875,3371954.75,381.18384,537.88824,331.79376,1048.9327,0.24120629,1782.9968,0.40300408
1504,1283,932.1278,1346.9197,184139.203125,3371958.75,468.48245,698.6742,683.5713,2324.5227,0.5464315,1790.0991,-0.12435841
1505,1234,932.2731,2173.984,192409.84375,3371957.25,414.83548,626.2107,600.81604,2337.7747,0.594186,1804.3745,-0.1207196
1506,1147,930.49695,3895.2651,209622.65625,3371975.0,360.39145,525.8553,492.99826,2737.3696,0.69038934,1834.0881,-0.16847879
1507,1676,935.3556,1060.2793,181272.796875,3371926.5,742.3434,908.72675,955.3777,1970.3383,0.3379641,1785.1536,-0.025771666
1508,1319,932.95526,2389.9438,194569.4375,3371950.5,311.70737,462.8298,401.2354,2183.7915,0.69940823,1808.1025,-0.085452735
1509,874,926.0961,2837.7793,199047.796875,3372019.0,504.67276,712.42676,722.4554,2456.4727,0.5609453,1815.8298,-0.14296891
1510,1079,928.34106,3562.6692,206296.6875,3371996.5,295.55142,446.33643,438.47266,2051.7266,0.6562456,1828.3451,-0.05306635
1511,1275,931.7631,3679.597,207465.96875,3371962.25,350.9341,511.58273,553.72864,2201.8564,0.6037025,1830.3654,-0.08796544
1512,1266,929.9273,4047.0735,211140.734375,3371980.75,314.235,448.3041,501.9068,1854.4534,0.586644,1836.7089,0.008966401
1513,1204,933.4618,1381.9302,184489.296875,3371945.5,488.9402,712.463,748.71387,2218.738,0.4972207,1790.704,-0.102946654
1514,1286,935.4308,1685.2504,187522.5,3371925.75,693.77527,869.49725,941.6524,1981.3658,0.3618433,1795.9402,-0.04238812
1515,1226,932.9568,2108.81,191758.09375,3371950.5,675.0587,863.0726,918.1688,2101.8867,0.39434108,1803.2499,-0.06702136
1516,1074,931.6862,2770.5596,198375.59375,3371963.25,689.67786,903.58936,996.0698,2087.8018,0.38122573,1814.6722,-0.06348826
1517,1217,934.20953,3455.9187,205229.1875,3371938.0,316.27075,456.4618,364.84595,2036.4097,0.6906037,1826.5049,-0.033035066
1518,1120,934.32587,3132.3867,201993.875,3371936.75,454.08304,624.69824,595.8518,2119.0017,0.56798667,1820.9196,-0.058270603
1519,1261,934.6138,3489.276,205562.75,3371933.75,391.96075,575.4814,486.8731,2372.6404,0.6507523,1827.0809,-0.09976904
1520,1137,936.5488,802.1988,178691.984375,3371914.5,682.87555,882.4811,947.81665,1327.31,0.11322833,1780.7002,0.192546
1521,1333,937.6039,1309.9655,183769.65625,3371904.0,484.41034,703.8005,770.4479,2145.202,0.4775676,1789.464,-0.08492973
1522,1123,934.3731,1942.1559,190091.5625,3371936.25,415.15137,611.72394,604.3032,2115.1047,0.566256,1800.374,-0.07396464
1523,1039,934.6795,3609.3735,206763.734375,3371933.25,430.49857,567.33496,512.308,1936.7103,0.5610079,1829.1543,-0.000555415
1524,1679,941.2734,1018.8678,180858.671875,3371867.25,415.22217,586.2499,528.90027,1846.0131,0.5123589,1784.4419,0.030306323
1525,1403,937.5182,1446.4027,185134.03125,3371904.75,427.79758,663.2153,576.73914,2510.0017,0.6270149,1791.8188,-0.15620302
1526,1157,936.6932,3847.969,209149.6875,3371913.0,354.90753,521.06915,486.7744,2458.5342,0.64755934,1833.2745,-0.11072034
1527,1343,942.3738,2210.3164,192773.15625,3371856.25,519.39575,713.5402,729.46576,2184.6445,0.50298846,1805.0066,-0.087331034
1528,931,935.1375,2981.0923,200480.921875,3371928.5,568.3308,764.8851,823.7809,2120.016,0.45696715,1818.3082,-0.07232237
1529,1029,938.4898,3266.029,203330.296875,3371895.0,314.33575,463.13702,369.20602,2351.121,0.72797745,1823.2286,-0.10474357
1530,1179,938.62256,3643.9023,207109.03125,3371893.75,269.32315,397.12045,302.5793,2189.301,0.75365907,1829.7523,-0.0657167
1531,1083,936.69806,3713.8643,207808.640625,3371913.0,280.9926,430.4026,397.81995,2160.0286,0.68081963,1830.9592,-0.064187385
1532,1613,943.5846,975.9219,180429.21875,3371844.25,445.0223,593.2189,402.29324,978.9665,0.157828,1783.7019,0.41431114
1533,1265,940.6245,1652.4332,187194.328125,3371873.75,786.1838,926.9103,1008.0929,1802.1423,0.28655338,1795.3763,0.0072955885
1534,1287,940.7638,2073.721,191407.203125,3371872.25,550.6325,757.38074,750.3116,2198.4226,0.48371878,1802.6481,-0.0853477
1535,1215,943.14813,2680.093,197470.9375,3371848.5,759.9679,994.40497,1226.3037,2011.3268,0.26078376,1813.1161,-0.047186103
1536,1046,939.5086,2922.7305,199897.3125,3371885.0,610.87286,845.96173,970.7027,2249.433,0.40253216,1817.3027,-0.101721816
1537,1365,945.77875,4238.6973,213056.96875,3371822.25,235.02051,368.5861,314.89597,2306.9282,0.75633895,1840.0247,-0.09959106
1538,1498,945.0154,1175.3986,182423.984375,3371829.75,474.8852,694.261,664.3345,2029.785,0.50367963,1787.1453,-0.057483666
1539,1355,941.17194,2508.4995,195755.0,3371868.25,487.4679,696.51733,674.7963,2265.0398,0.537725,1810.1531,-0.10175905
1540,1292,941.0294,3773.7532,208407.53125,3371869.75,238.19427,393.02554,343.0782,2287.8809,0.7260125,1831.9952,-0.095081136
1541,1161,938.69165,4081.757,211487.5625,3371893.0,203.50905,316.19208,275.29025,1876.8518,0.74570465,1837.3118,-0.004450223
1542,1189,942.08496,831.2599,178982.59375,3371859.25,539.4361,732.74225,859.47394,1799.2885,0.35873288,1781.2046,0.00868948
1543,1610,945.5205,1585.9863,186529.859375,3371824.75,819.441,959.22766,1080.7354,1747.6577,0.23704478,1794.2319,0.025525969
1544,1150,943.46954,3163.9348,202309.34375,3371845.25,490.17044,675.7913,625.57825,2450.6626,0.5777975,1821.4685,-0.10944052
1545,1333,945.20404,3994.2124,210612.125,3371828.0,269.79745,398.83682,352.7408,2230.184,0.72690934,1835.8033,-0.07089646
1546,1225,939.2702,1869.8865,189368.859375,3371887.25,292.42654,430.8257,380.43796,2102.2246,0.694471,1799.129,-0.07262007
1547,1349,945.4077,2354.6086,194216.09375,3371826.0,484.8447,681.2228,666.3399,2295.241,0.55519056,1807.4987,-0.11396788
1548,1251,944.06396,3957.5469,210245.46875,3371839.25,307.70105,450.8709,423.17627,2357.8157,0.69952196,1835.1697,-0.11210122
1549,1159,947.1803,2446.5652,195135.65625,3371808.25,499.60138,681.37836,682.7545,2240.6052,0.53943175,1809.0869,-0.09721231
1550,993,942.0705,3010.3848,200773.84375,3371859.25,605.67676,802.9577,824.04834,2172.8208,0.47209543,1818.8171,-0.081120424
1551,1098,945.2933,3196.95,202639.5,3371827.0,479.8552,648.90344,542.5,2824.9385,0.6579615,1822.0394,-0.1808577
1552,1415,951.5124,1411.1943,184781.9375,3371765.0,389.46573,627.3954,501.7106,2453.781,0.661687,1791.2181,-0.14897117
1553,1084,945.3976,3231.7573,202987.578125,3371826.0,359.24353,498.40912,365.61624,2587.9414,0.7532935,1822.6403,-0.15976043
1554,999,943.954,2740.7378,198077.375,3371840.5,509.77777,696.3153,698.7818,2220.5435,0.54707664,1814.1633,-0.086502224
1555,943,945.1845,2886.5566,199535.5625,3371828.25,667.44434,888.86005,997.8802,2238.682,0.39346933,1816.681,-0.09594504
1556,1139,946.01404,3071.676,201386.765625,3371819.75,497.34592,686.5645,641.5004,2365.114,0.56733465,1819.8771,-0.10758265
1557,1248,948.7524,1977.8815,190448.8125,3371792.5,445.17947,644.4756,640.8826,2158.6387,0.5458258,1800.9977,-0.08053575
1558,1460,954.27057,1712.9473,187799.46875,3371737.25,609.44214,813.00305,865.35583,2148.1345,0.42784065,1796.4276,-0.08255312
1559,1364,950.434,2543.3284,196103.28125,3371775.75,469.42596,695.9567,675.8145,2256.9993,0.5395402,1810.7588,-0.10259905
1560,1020,951.6853,3584.9932,206519.9375,3371763.25,187.95197,316.06668,212.62549,2272.8472,0.82696223,1828.7413,-0.100015305
1561,1366,949.5249,4196.327,212633.28125,3371784.75,253.40703,388.49707,345.694,2317.9304,0.7381889,1839.2948,-0.10838956
1562,1308,951.4893,1277.8494,183448.5,3371765.0,457.39258,673.396,658.7527,2255.8743,0.55157185,1788.9167,-0.10584277
1563,920,949.7717,2820.6401,198876.40625,3371782.25,644.8359,837.2076,884.25867,2101.0293,0.44783795,1815.5454,-0.061669603
1564,1577,955.3139,1136.4236,182034.234375,3371726.75,513.5006,730.2603,782.9518,1956.2416,0.42454845,1786.4779,-0.034006935
1565,1162,952.531,3919.179,209861.78125,3371754.75,343.88812,502.89844,467.1747,2457.184,0.68491715,1834.5112,-0.12517998
1566,1261,951.98096,1909.3672,189763.671875,3371760.25,447.6257,650.3961,696.76843,2104.0217,0.5078895,1799.8167,-0.070501365
1567,1468,950.9966,4150.4224,212174.21875,3371770.0,359.64987,513.545,540.4455,2453.9475,0.6300699,1838.5029,-0.1221559
1568,1147,952.63995,861.41235,179284.125,3371753.5,600.83,847.26807,861.10547,2007.5458,0.40517196,1781.7303,-0.03366988
1569,1446,953.29596,2279.224,193462.25,3371747.0,489.16183,711.0553,662.7455,2233.8054,0.5379602,1806.2013,-0.0988719
1570,1053,950.9079,3811.2935,208782.9375,3371771.0,224.09117,382.32004,307.86514,2335.528,0.7612935,1832.648,-0.11248074
1571,1030,954.39514,2012.5933,190795.9375,3371736.0,479.78156,680.6456,678.4116,2232.5107,0.5381795,1801.5996,-0.09534679
1572,1235,953.13605,2143.2688,192102.6875,3371748.75,566.415,781.48785,798.551,2245.228,0.47413227,1803.8545,-0.10045382
1573,1174,957.6269,2415.5945,194825.9375,3371703.75,395.19635,587.1163,498.6712,2381.6213,0.65062755,1808.5574,-0.12642562
1574,1064,953.3008,3411.2246,204782.25,3371747.0,561.1767,779.609,826.3186,2458.3337,0.49804774,1825.7422,-0.13477907
1575,1538,963.09296,1473.275,185402.75,3371649.0,480.29163,683.3833,669.2448,2281.171,0.55163383,1792.2954,-0.1129039
1576,1275,956.8149,2619.1875,196861.875,3371711.75,594.52313,819.3255,946.05963,2230.4307,0.4113534,1812.0713,-0.10017493
1577,1026,956.54584,2715.573,197825.734375,3371714.5,621.40936,832.73395,861.02826,2245.1929,0.49386415,1813.735,-0.09469484
1578,1043,957.03546,2790.607,198576.0625,3371709.75,422.29434,602.6127,563.70184,2283.5168,0.6248329,1815.0304,-0.095423535
1579,1232,956.71106,3740.9934,208079.9375,3371713.0,277.76056,446.55032,346.64368,2659.109,0.765029,1831.4369,-0.16447055
1580,1294,959.23413,4028.915,210959.15625,3371687.75,224.43007,341.60007,307.91653,1977.6484,0.7384247,1836.4089,-0.02999232
1581,1301,957.02075,2582.6733,196496.734375,3371709.75,783.6741,1024.3751,1156.0431,2381.804,0.36529467,1811.441,-0.12718557
1582,1182,960.1988,3876.077,209430.765625,3371678.0,436.15143,640.19543,615.9958,3004.235,0.65122616,1833.7706,-0.22215614
1583,1182,956.9729,893.9171,179609.171875,3371710.25,690.2568,904.2809,913.63324,1701.552,0.3055609,1782.2935,0.07081596
1584,1351,959.09326,1625.0688,186920.6875,3371689.0,761.7998,936.0877,1043.1636,1942.2235,0.30546743,1794.9133,-0.02991143
1585,1474,956.5353,1828.6995,188957.0,3371714.75,512.6557,713.77783,724.922,2127.5703,0.49937093,1798.4266,-0.078334816
1586,1041,957.2219,2852.2612,199192.609375,3371707.75,669.0941,862.9404,910.23724,2154.3853,0.43556798,1816.0948,-0.0728883
1587,988,955.68115,2955.0354,200220.359375,3371723.25,520.3269,695.7763,722.2014,2084.734,0.498187,1817.8682,-0.058883164
1588,931,954.18585,3040.0752,201070.75,3371738.25,646.45325,838.9108,851.9667,2260.3298,0.44881192,1819.3354,-0.0812154
1589,1419,961.9267,1511.6554,185786.546875,3371660.75,568.70685,744.561,745.7639,2039.6815,0.47159413,1792.9573,-0.05571008
1590,1216,960.3528,3510.685,205776.84375,3371676.5,443.44244,623.6077,627.85693,2213.9695,0.57531995,1827.4626,-0.09037509
1591,1122,957.3681,772.60516,178396.046875,3371706.25,1019.38324,1294.3663,1349.3895,1472.8672,0.008555803,1780.2001,0.14821075
1592,1299,959.93536,1548.756,186157.5625,3371680.75,764.3476,919.06006,1009.0177,1854.4006,0.30030102,1793.5966,-0.004305361
1593,1155,960.2961,3110.7368,201777.375,3371677.0,360.22598,524.09,394.74545,2700.2546,0.74426514,1820.5582,-0.16785355
1594,1114,959.6409,3377.1482,204441.484375,3371683.5,518.61536,708.60504,722.45197,2292.3352,0.52567303,1825.157,-0.10499505
1595,1282,960.1154,2241.1208,193081.203125,3371678.75,566.7461,779.9454,787.6876,2341.055,0.49901348,1805.547,-0.12259128
1596,1075,961.28094,3316.0083,203830.078125,3371667.25,337.07022,506.65442,431.08698,2236.6443,0.6827643,1824.1023,-0.09086709
1597,1634,965.55566,1086.8188,181538.1875,3371624.5,611.31,813.7145,854.04193,1930.5756,0.3789008,1785.627,-0.018288659
1598,1057,962.05963,2044.1542,191111.546875,3371659.5,490.63812,689.0615,710.43427,2119.6797,0.5005031,1802.1482,-0.073633626
1599,1318,963.283,3549.384,206163.84375,3371647.25,166.36116,282.217,198.20523,2036.5869,0.8214078,1828.1321,-0.050050277
1600,1382,962.123,4109.7954,211767.953125,3371658.75,265.77133,382.4034,408.0094,1876.2789,0.65176827,1837.8066,-0.0058514024
1601,1110,964.06396,3345.9658,204129.65625,3371639.25,432.5563,625.518,609.809,2348.7603,0.59601617,1824.6207,-0.11716041
1602,1202,965.0316,3442.8452,205098.453125,3371629.75,599.47504,813.5857,859.7646,2450.6665,0.483561,1826.2936,-0.13362783
1603,1174,964.3032,927.0792,179940.796875,3371637.0,440.6401,583.45483,348.4953,1170.0375,0.17843229,1782.8695,0.39943165
1604,1419,964.6244,1750.6589,188176.59375,3371633.75,497.9408,704.0673,735.3555,2210.5293,0.5086259,1797.0836,-0.096008524
1605,1366,962.571,1787.489,188544.890625,3371654.25,556.34,761.3086,790.7617,2196.8044,0.478335,1797.7183,-0.0934441
1606,1065,965.7991,3284.753,203517.53125,3371622.0,447.84366,621.57697,550.9948,2469.8093,0.63001704,1823.5648,-0.1256562
1607,1193,966.08466,737.9254,178049.25,3371619.25,847.6978,1069.0352,1107.6047,1188.5331,0.005448882,1779.6061,0.23069021
1608,1484,965.15906,1214.9043,182819.046875,3371628.5,501.39658,716.4929,781.16846,2130.6711,0.46682152,1787.8373,-0.08090402
1609,1256,967.01276,1334.0956,184010.953125,3371609.75,491.22293,741.22455,724.4053,2362.281,0.5290393,1789.8953,-0.13230114
1610,1326,968.75867,3665.1675,207321.671875,3371592.5,224.85822,356.64783,262.41553,2273.2715,0.79320884,1830.1334,-0.093057044
1611,1405,964.4014,503.56726,175705.671875,3371636.0,1146.8555,1379.2122,1482.4491,1693.8776,0.044596236,1775.5609,0.068804674
1612,1402,970.14624,1371.0328,184380.328125,3371578.5,495.71005,733.0517,721.74,2371.8132,0.5394824,1790.5343,-0.13410376
1613,1336,967.4222,2475.774,195427.734375,3371605.75,560.4222,761.88995,778.0232,2209.434,0.47625434,1809.6008,-0.08754495
1614,1342,969.8368,4066.3784,211333.78125,3371581.75,214.4702,323.2895,280.7593,1980.1385,0.7531634,1837.0605,-0.023290887
1615,1339,969.3077,2182.469,192494.6875,3371587.0,554.87195,756.02875,801.64374,2157.8013,0.4583696,1804.5391,-0.08144038
1616,1364,967.62537,2316.783,193837.828125,3371603.75,499.44757,724.5334,672.5033,2319.6394,0.54892164,1806.8566,-0.117090866
1617,853,966.87573,2905.933,199729.328125,3371611.25,437.4033,630.0457,640.37634,2330.8196,0.5678013,1817.0259,-0.091944896
1618,1320,970.1424,3622.7644,206897.640625,3371578.5,395.82462,533.7648,466.00378,2155.0334,0.64385045,1829.4021,-0.0630449
1619,1295,969.4819,3702.427,207694.265625,3371585.25,380.8687,555.3938,536.51196,2447.1746,0.6442802,1830.777,-0.13381757
1620,1231,969.6596,462.8424,175298.421875,3371583.5,1252.6052,1526.093,1661.8367,1856.8412,0.034611348,1774.8608,0.018900817
1621,1172,967.21246,1945.3661,190123.65625,3371608.0,366.375,555.0892,500.71204,2182.4846,0.63079214,1800.4456,-0.08811835
1622,1277,970.7463,2656.1104,197231.109375,3371572.5,693.48004,911.9194,1061.6809,2015.0181,0.3392067,1812.7153,-0.039389666
1623,1004,968.1285,2987.5508,200545.5,3371598.75,517.0548,707.6335,680.7789,2433.296,0.5632689,1818.4354,-0.12867707
1624,1357,969.78406,2106.9683,191739.6875,3371582.25,674.8851,860.6643,942.34894,2100.1057,0.38469505,1803.2361,-0.06633336
1625,1109,971.2777,2760.5564,198275.5625,3371567.25,205.49504,379.02887,266.734,2410.0208,0.8010826,1814.5186,-0.13432571
1626,1081,969.0685,3841.8345,209088.34375,3371589.25,508.65958,712.93524,632.09155,3000.8354,0.6384527,1833.1836,-0.20616274
1627,1267,974.78217,3143.109,202101.09375,3371532.25,254.39069,393.4562,269.64404,2442.9646,0.80313253,1821.1239,-0.13458674
1628,1099,972.84534,3252.3494,203193.5,3371551.5,304.8626,458.34076,386.924,2209.9714,0.7154192,1823.0088,-0.08982934
1629,1280,975.7461,2388.235,194552.34375,3371522.5,502.1914,721.6242,747.05,2368.396,0.52533615,1808.0939,-0.12906015
1630,1535,978.914,3476.9512,205439.515625,3371490.75,523.37396,727.20197,772.2059,2301.5693,0.4962255,1826.8889,-0.10924884
1631,1154,979.9203,535.75214,176027.515625,3371480.75,1112.0,1374.3033,1463.5355,1702.4835,0.05209675,1776.1243,0.0720415
1632,1818,980.2915,1041.5803,181085.796875,3371477.0,756.981,1030.4199,1072.379,1914.283,0.27941164,1784.8536,0.0018068749
1633,1752,977.9789,1670.2769,187372.765625,3371500.25,726.0862,887.5645,968.9101,1859.4891,0.31422853,1795.7029,-0.0073765777
1634,1247,970.4034,1869.9382,189369.375,3371576.0,477.67242,661.9034,661.324,2242.542,0.546169,1799.1453,-0.10177826
1635,1496,981.76337,956.63635,180236.359375,3371462.25,423.43115,569.5672,379.68015,951.82117,0.09639823,1783.3884,0.47445697
1636,1614,980.1301,998.2187,180652.1875,3371478.75,443.40643,656.66266,528.9613,1334.4635,0.27434802,1784.1052,0.27239618
1637,1366,977.1691,4223.3726,212903.71875,3371508.25,245.07614,382.8946,332.89972,2252.1392,0.74165934,1839.7744,-0.082879595
1638,1260,977.0373,804.5151,178715.15625,3371509.75,527.5671,759.27423,780.1762,1923.3715,0.40489614,1780.7609,0.0153439995
1639,1394,979.43756,1433.868,185008.6875,3371485.5,423.08466,626.7884,590.0875,2207.657,0.5849681,1791.6234,-0.09868073
1640,944,977.3475,2933.4238,200004.234375,3371506.5,502.75107,721.7055,708.6218,2488.8198,0.5544127,1817.5055,-0.13683136
1641,1158,977.4145,3213.45,202804.5,3371505.75,186.88255,320.24008,219.55267,2186.7417,0.81758696,1822.3394,-0.087320074
1642,1168,977.7423,3941.3313,210083.3125,3371502.5,243.57791,380.80392,363.8476,2025.5625,0.6962188,1834.9053,-0.04671994
1643,1396,980.18555,4175.0,212420.0,3371478.25,277.3202,410.18912,391.79227,2244.8445,0.6996693,1838.9406,-0.08774366
1644,1617,982.2888,1254.838,183218.375,3371457.0,403.66483,581.42395,548.85065,2172.63,0.59968185,1788.5352,-0.09207706
1645,1035,977.9836,3083.9604,201509.609375,3371500.25,334.06378,499.04733,431.52078,2310.2039,0.69170344,1820.1044,-0.108559914
1646,1206,978.93365,3179.5837,202465.84375,3371490.75,208.07256,338.89844,230.13101,2229.1064,0.8135058,1821.7555,-0.09626345
1647,1326,979.2647,3978.0837,210450.84375,3371487.25,204.5113,329.30582,303.14066,1940.063,0.7313512,1835.5405,-0.023554858
1648,1032,977.9932,2695.246,197622.46875,3371500.0,462.5562,660.92975,608.4385,2464.3062,0.6199671,1813.3944,-0.13322406
1649,1468,983.2466,1300.3651,183673.65625,3371447.5,581.4094,825.3961,856.69995,2322.4043,0.46440947,1789.3213,-0.123626
1650,1152,979.1059,2069.9436,191369.4375,3371489.0,588.57983,798.6159,851.079,2105.8745,0.41987726,1802.6017,-0.06926331
1651,1435,980.8425,2512.7896,195797.890625,3371471.5,453.64807,695.2404,656.5275,2247.681,0.5460819,1810.2463,-0.099448495
1652,952,978.3687,2876.4338,199434.34375,3371496.25,323.52628,549.57355,444.86975,2702.1565,0.7169977,1816.5222,-0.17882901
1653,1037,979.351,3018.6133,200856.125,3371486.5,409.48505,614.8968,543.3954,2410.5293,0.6324321,1818.9769,-0.12875439
1654,1295,981.13745,3768.0503,208350.5,3371468.5,259.4085,418.29343,311.495,2554.251,0.78400683,1831.9154,-0.14580372
1655,1060,978.64716,3801.5679,208685.6875,3371493.5,277.52548,426.57074,325.5434,2383.751,0.74804723,1832.4928,-0.10422148
1656,1197,981.8421,836.4996,179035.0,3371461.5,456.03174,716.9929,655.9219,2286.245,0.5429933,1781.3153,-0.112847626
1657,1056,981.19696,1998.7954,190657.953125,3371468.0,421.88022,627.03314,626.4617,2237.2576,0.56765616,1801.3746,-0.1004715
1658,1147,983.2031,3899.1003,209661.0,3371448.0,414.97647,602.6949,651.7167,2327.2346,0.5710127,1834.1787,-0.10177985
1659,1146,979.26355,2354.3962,194213.96875,3371487.25,520.10474,749.1815,717.64923,2400.8542,0.5401777,1807.5115,-0.13383129
1660,1486,986.96436,1571.6481,186386.484375,3371410.25,738.45825,923.01953,989.15576,1995.2349,0.337627,1794.0051,-0.044750746
1661,962,980.0,2817.267,198842.671875,3371480.0,252.91891,452.56134,337.93762,2438.3918,0.75664777,1815.5016,-0.13931601
1662,1030,983.3388,3051.634,201186.34375,3371446.5,439.59805,651.55634,575.63495,2427.7844,0.61861837,1819.5488,-0.13354905
1663,1668,985.3501,1172.3184,182393.1875,3371426.5,537.60284,778.2737,857.4101,2081.3657,0.4157778,1787.1125,-0.06926192
1664,1693,992.7525,432.0183,174990.1875,3371352.5,1028.7141,1279.7782,1475.873,2030.8887,0.17113054,1774.3408,-0.04795976
1665,1591,990.0371,1122.6172,181896.171875,3371379.75,645.3529,912.02734,999.13135,2034.2555,0.34546295,1786.2571,-0.058913182
1666,1427,989.082,2216.3896,192833.890625,3371389.25,564.23193,792.3774,811.7831,2431.172,0.49832574,1805.1343,-0.14009453
1667,1192,985.43207,1904.7047,189717.046875,3371425.75,431.6636,609.1003,608.4971,2076.5679,0.54756236,1799.7527,-0.05975468
1668,1319,988.80365,2262.5557,193295.5625,3371392.0,544.52386,747.78546,741.34796,2188.6133,0.49488407,1805.9309,-0.08879678
1669,1386,988.0094,2437.8008,195048.0,3371400.0,541.49243,746.4365,776.7536,2122.0166,0.46848226,1808.9554,-0.07463046
1670,1397,988.141,2551.3394,196183.390625,3371398.5,737.1038,995.6335,1146.7831,2237.129,0.3359325,1810.9153,-0.102689475
1671,1121,989.0562,2731.875,197988.75,3371389.5,184.20428,342.81802,226.53166,2398.109,0.8269758,1814.032,-0.1362794
1672,1103,981.61194,3585.5566,206525.5625,3371464.0,230.9583,358.58386,233.20036,2506.7734,0.8280834,1828.7651,-0.14343277
1673,1299,989.33875,4015.2156,210822.15625,3371386.5,237.95303,366.72595,369.26944,1965.8175,0.686726,1836.1862,-0.031032955
1674,1416,989.93787,4133.529,212005.28125,3371380.5,245.56427,359.3026,349.99048,1928.1041,0.6931581,1838.2291,-0.020987699
1675,974,989.4979,618.0688,176850.6875,3371385.0,796.26953,1013.3891,1033.4718,1128.6469,0.014348025,1777.5497,0.25385273
1676,892,987.6771,646.6547,177136.546875,3371403.25,775.6542,994.83295,1009.72925,1109.9142,0.02108612,1778.0421,0.2581254
1677,1161,987.94916,874.1473,179411.46875,3371400.5,558.845,793.801,789.84796,2026.0543,0.42599404,1781.9681,-0.042275537
1678,1485,989.51715,1614.87,186818.703125,3371384.75,695.10944,886.71686,938.41315,2107.1262,0.37248564,1794.7524,-0.063842826
1679,1216,986.69324,3404.7146,204717.140625,3371413.0,568.41364,761.6513,793.93506,2186.347,0.46752983,1825.6455,-0.08310891
1680,997,989.92175,712.98193,177799.8125,3371380.75,713.95087,936.91376,954.41473,1198.4108,0.046516303,1779.1879,0.2573759
1681,1241,986.2611,2145.1516,192121.515625,3371417.5,474.5866,698.1055,733.4114,2221.0657,0.5033599,1803.9032,-0.096948385
1682,1338,992.6263,1805.4806,188724.8125,3371353.75,596.2089,787.9802,858.6151,2022.7081,0.41063535,1798.0437,-0.052793473
1683,1125,992.40265,1969.0009,190360.0,3371356.0,428.26312,628.03644,581.39954,2230.4663,0.5967277,1800.866,-0.09775002
1684,1458,995.12964,1395.3711,184623.71875,3371328.75,476.691,721.20337,694.79767,2406.0786,0.55034673,1790.9669,-0.13734485
1685,1001,990.15186,2964.18,200311.796875,3371378.5,557.7932,790.15784,741.001,2549.6414,0.54756784,1818.0425,-0.15517595
1686,1272,991.47644,3524.768,205917.6875,3371365.25,300.77515,467.43555,436.73703,2139.9111,0.67286634,1827.7203,-0.07512789
1687,1562,992.02625,1716.7676,187837.671875,3371359.75,622.4177,811.12994,895.8806,2076.133,0.40561953,1796.5123,-0.06094728
1688,1283,994.5604,1840.8745,189078.75,3371334.5,452.9517,641.33167,696.6087,2188.8835,0.52883035,1798.6555,-0.09349597
1689,1239,991.28815,2588.3994,196554.0,3371367.0,916.93823,1176.3083,1393.1533,2124.3728,0.22968008,1811.5565,-0.07421643
1690,1184,991.8666,2624.0415,196910.40625,3371361.25,746.2361,974.8442,1088.8357,2178.1765,0.3792506,1812.172,-0.08152063
1691,1023,992.2434,2846.8162,199138.15625,3371357.5,282.56305,496.695,373.0303,2529.5503,0.74243885,1816.0176,-0.15932819
1692,1371,994.5988,3732.0723,207990.71875,3371334.0,205.5011,355.73013,259.13348,2281.8665,0.7983668,1831.3005,-0.0990824
1693,1073,990.31964,770.46783,178374.671875,3371376.75,696.61884,938.8187,1012.48413,2019.6682,0.34285685,1780.18,-0.047914453
1694,1227,994.58844,909.5469,179765.46875,3371334.0,438.90546,624.29584,574.12103,2014.26,0.4954454,1782.5824,-0.0013846111
1695,1489,997.8227,1528.785,185957.84375,3371301.75,618.13196,816.0195,852.65814,2180.3247,0.44978136,1793.2709,-0.08886493
1696,1261,995.9913,2031.7217,190987.21875,3371320.0,469.49802,683.87866,703.89374,2248.9548,0.52563167,1801.9502,-0.104435824
1697,1288,998.8067,2297.0164,193640.15625,3371292.0,526.58154,753.6599,766.8063,2345.8184,0.50904363,1806.5306,-0.12438812
1698,1224,997.1928,479.7067,175467.0625,3371308.0,782.3615,989.67975,1112.9163,1867.7885,0.26001886,1775.166,-0.0019136996
1699,1029,994.585,2789.5005,198565.0,3371334.25,253.9417,435.4237,339.9475,2437.0427,0.75445735,1815.0293,-0.13432445
1700,1199,995.6639,3368.5464,204355.46875,3371323.25,431.74814,622.64056,615.9629,2275.887,0.5785503,1825.0254,-0.10216501
1701,1451,999.9221,4092.7485,211597.484375,3371280.75,252.27533,366.90076,331.99448,2128.8071,0.7269487,1837.5297,-0.05917907
1702,1485,1000.734,394.91986,174619.203125,3371272.75,1077.436,1336.3589,1474.3347,2019.9161,0.15080039,1773.7047,-0.029505782
1703,1175,997.29193,3301.5115,203685.109375,3371307.0,359.37064,530.44806,497.42255,2284.1042,0.65021074,1823.869,-0.10557814
1704,1510,1001.48474,1489.757,185567.5625,3371265.25,581.05963,747.92816,773.6301,2028.298,0.4620575,1792.5991,-0.05106264
1705,1338,999.9507,3643.8372,207108.375,3371280.5,455.96115,595.8505,539.0822,2123.1853,0.59585774,1829.7798,-0.056550633
1706,1197,999.2473,3862.278,209292.78125,3371287.5,515.2072,718.3885,791.3208,2335.0835,0.5020385,1833.5505,-0.109610654
1707,1190,999.93616,3334.369,204013.6875,3371280.75,305.98572,461.3815,417.8563,2190.8652,0.69574434,1824.4374,-0.084974825
1708,1011,998.5905,3828.2976,208952.96875,3371294.0,538.186,769.39166,727.13354,3310.9504,0.6267967,1832.9635,-0.24533737
1709,1068,998.97095,579.81836,176468.1875,3371290.25,717.1222,936.2556,914.3305,1396.5725,0.14183205,1776.8945,0.20745276
1710,1603,1002.0755,1762.0361,188290.359375,3371259.25,584.5711,777.3503,852.9526,2084.9048,0.42861155,1797.2986,-0.066565
1711,1136,1001.0132,1934.7025,190017.03125,3371269.75,532.7676,709.1743,746.4863,1924.9137,0.44903407,1800.2782,-0.024357125
1712,1242,1001.2166,3108.3767,201753.765625,3371267.75,222.7987,358.55798,236.58374,2385.7979,0.8200948,1820.5369,-0.12748006
1713,1342,1000.54095,3438.1365,205051.359375,3371274.5,523.17957,724.32043,755.8446,2296.8894,0.5107219,1826.229,-0.10795374
1714,1378,1003.4173,4053.0718,211200.71875,3371245.75,337.12628,487.6796,432.8799,2628.3252,0.71426696,1836.8462,-0.15223034
1715,886,1000.8781,2679.1807,197461.8125,3371271.25,211.30869,379.3781,251.7009,2475.025,0.8153413,1813.128,-0.15058011
1716,1079,1002.6089,3234.6616,203016.625,3371254.0,341.61166,508.85773,433.861,2303.2983,0.67974573,1822.7175,-0.09753457
1717,1450,1004.13654,3687.4124,207544.125,3371238.75,201.74275,342.5745,244.7269,2271.1792,0.8084566,1830.5339,-0.10196518
1718,1587,1004.5261,1079.8966,181468.96875,3371234.75,826.7498,1135.0765,1215.2814,2078.617,0.26301908,1785.5272,-0.046932373
1719,1444,1000.8435,1214.0922,182810.921875,3371271.5,524.82135,771.036,797.7829,2189.8335,0.4569418,1787.8413,-0.08977356
1720,1494,1002.421,1340.98,184079.796875,3371255.75,656.73694,914.9421,921.1633,2240.596,0.41588348,1790.0319,-0.086512074
1721,1160,1004.6078,2333.9155,194009.15625,3371234.0,572.4392,769.38446,830.7487,2242.1099,0.46450213,1807.1703,-0.09981461
1722,975,998.6687,2906.2266,199732.265625,3371293.25,373.3446,615.50464,496.70358,2721.1958,0.690672,1817.0461,-0.18854128
1723,1148,1004.6385,3269.534,203365.34375,3371233.5,410.5479,593.22473,563.76306,2458.1028,0.62922317,1823.3204,-0.1298269
1724,1356,1005.41815,3561.062,206280.625,3371225.75,273.08334,435.8562,370.52213,2279.6653,0.7321857,1828.3534,-0.0863844
1725,1359,1006.9463,4200.805,212678.046875,3371210.5,243.06181,373.62842,365.15305,1981.1626,0.6884046,1839.3983,-0.02872356
1726,1052,1000.90497,679.29565,177462.953125,3371271.0,796.17017,1023.74524,1086.0352,1335.8441,0.06912311,1778.6122,0.18854846
1727,1299,1006.6397,1452.268,185192.6875,3371213.5,411.903,588.86414,539.8029,2104.855,0.5969371,1791.9546,-0.07338923
1728,1036,1004.6853,2086.803,191538.03125,3371233.25,620.6018,843.29297,895.7905,2289.6274,0.44238633,1802.9052,-0.11375415
1729,1070,1003.8028,2997.2915,200642.90625,3371242.0,444.25983,660.87946,585.26074,2459.3027,0.6200179,1818.6205,-0.13847804
1730,1098,1004.9117,741.7996,178088.0,3371231.0,571.82056,816.10657,843.98267,2239.491,0.4556015,1779.6929,-0.103429444
1731,1267,1008.0395,2406.876,194738.765625,3371199.5,503.86267,752.0963,785.19257,2354.6875,0.50096613,1808.4313,-0.12656035
1732,1329,1003.58466,2471.657,195386.5625,3371244.25,515.2867,748.54626,776.9259,2356.5896,0.5051705,1809.5474,-0.12427157
1733,1256,1008.0422,512.35986,175793.59375,3371199.5,807.65686,979.46576,1099.1206,1721.1919,0.21914719,1775.7351,0.042226125
1734,1559,1013.47723,1646.6735,187136.734375,3371145.25,585.0792,834.1135,834.98267,2372.1902,0.46494693,1795.3132,-0.12201157
1735,1043,1006.51105,3922.14,209891.40625,3371215.0,401.71237,577.7239,627.67786,2057.4468,0.55127627,1834.5873,-0.045342445
1736,1151,1009.05994,2116.815,191838.15625,3371189.5,690.642,879.5786,952.9288,2097.8875,0.38309753,1803.4253,-0.06422659
1737,1248,1005.6298,2178.9094,192459.09375,3371223.75,549.0777,817.40625,871.7576,2386.013,0.46238387,1804.4954,-0.13247302
1738,1331,1008.9226,3604.127,206711.265625,3371190.75,192.97595,322.02478,213.76634,2271.7754,0.82818455,1829.0984,-0.10223687
1739,1091,1009.93494,549.18884,176161.890625,3371180.75,793.4244,977.6164,1025.814,1619.5614,0.2168957,1776.3716,0.10437535
1740,1183,1006.5562,1874.1521,189411.515625,3371214.5,552.0803,752.5879,829.014,2067.6567,0.4333856,1799.2358,-0.061731804
1741,1901,1015.3256,354.09995,174211.0,3371126.75,975.4224,1210.8185,1252.2693,1581.272,0.037265807,1773.0079,0.14956972
1742,1357,1014.0339,3496.4724,205634.71875,3371139.75,436.75092,627.9005,627.496,2257.4348,0.57240236,1827.2423,-0.09832673
1743,982,1010.0693,2653.3777,197203.78125,3371179.25,203.82434,368.61252,244.6558,2422.4573,0.81646085,1812.6871,-0.14136298
1744,1018,1007.9391,2762.4204,198294.203125,3371200.5,248.70334,426.07858,326.7898,2385.28,0.75550586,1814.5682,-0.12300394
1745,1240,1012.5218,3955.5098,210225.09375,3371154.75,265.1879,424.06775,400.75323,2161.271,0.6869026,1835.1661,-0.07612759
1746,1114,1010.78906,3069.7012,201367.015625,3371172.0,194.48384,332.7289,221.25044,2259.5261,0.8218154,1819.8738,-0.10467707
1747,1100,1009.52454,3140.1528,202071.53125,3371184.75,185.90182,312.16635,208.22545,2190.5745,0.82647556,1821.0894,-0.08846724
1748,1013,1012.38403,852.81244,179198.125,3371156.25,534.06415,722.0395,709.3396,1982.9585,0.4472124,1781.6123,-0.018413167
1749,1227,1013.31213,2370.2493,194372.5,3371147.0,448.4132,659.37085,663.238,2332.136,0.56357485,1807.8018,-0.12121751
1750,991,1013.28156,2709.3018,197763.015625,3371147.25,279.2684,448.8012,368.3138,2282.0918,0.74137795,1813.6539,-0.11023425
1751,1132,1012.1882,3173.189,202401.890625,3371158.0,228.34541,369.44876,303.91608,2093.62,0.7573789,1821.6609,-0.06564691
1752,1207,1012.05383,3792.2932,208592.9375,3371159.5,261.5443,400.0464,290.68185,2279.6604,0.77485126,1832.3483,-0.074213535
1753,1534,1018.16626,1684.59,187515.90625,3371098.25,606.9824,853.7689,928.6356,2224.4143,0.41213945,1795.97,-0.10019456
1754,1012,1011.12054,2937.248,200042.484375,3371168.75,485.65317,709.03064,664.52374,2506.9783,0.5765802,1817.5875,-0.1504908
1755,1053,1014.95154,790.7597,178577.59375,3371130.5,535.9421,737.03326,710.6543,2001.1472,0.46241775,1780.5428,-0.033121657
1756,1364,1019.3666,931.3622,179983.625,3371086.25,546.99744,749.09344,755.8772,2258.8274,0.5086626,1782.9714,-0.1064387
1757,1479,1018.4402,970.57947,180375.796875,3371095.5,583.4121,801.52094,782.85596,2285.3162,0.48054013,1783.6477,-0.09661947
1758,1466,1018.912,1154.9877,182219.875,3371091.0,792.16986,1082.0726,1160.7637,1955.7745,0.25437677,1786.8303,-0.018010885
1759,1528,1017.07983,1288.6982,183556.984375,3371109.25,628.50946,882.4113,839.6918,1956.8417,0.38740638,1789.137,-0.0047854674
1760,1258,1018.47375,2239.0493,193060.5,3371095.25,574.7154,803.53973,843.7488,2327.3005,0.46885884,1805.5397,-0.12134669
1761,986,1011.069,2877.4158,199444.15625,3371169.25,289.21906,488.4564,395.64807,2461.2505,0.72656137,1816.5548,-0.14348151
1762,1225,1015.66205,3032.324,200993.234375,3371123.5,219.06448,373.0253,254.97714,2357.3347,0.8062752,1819.231,-0.122266844
1763,1229,1016.7445,3993.5054,210605.0625,3371112.5,306.71198,461.489,518.7079,1980.1172,0.58668476,1835.824,-0.031994436
1764,1397,1017.1016,4158.347,212253.46875,3371109.0,273.25876,402.4685,366.95776,2357.7566,0.7251594,1838.67,-0.10382176
1765,1526,1019.35913,1008.51373,180755.140625,3371086.5,574.57275,833.2117,855.1255,2273.8523,0.45546636,1784.3029,-0.10565967
1766,1353,1017.92163,1590.3607,186573.609375,3371100.75,622.1644,832.2727,844.58386,2207.8848,0.43059364,1794.3435,-0.08586131
1767,993,1013.24774,2820.7512,198877.515625,3371147.5,263.3414,446.24976,347.89023,2456.881,0.75181234,1815.5776,-0.14109525
1768,1292,1018.8019,3204.4604,202714.609375,3371092.0,355.9675,520.584,471.56232,2149.4458,0.64807713,1822.2037,-0.07086263
1769,1720,1022.5587,315.65756,173826.578125,3371054.5,1018.9639,1231.0983,1302.1959,1514.0256,0.06694642,1772.3484,0.13058548
1770,1181,1019.33276,820.10583,178871.0625,3371086.75,512.3844,708.06604,688.26587,2043.0084,0.47552326,1781.0515,-0.039516646
1771,1233,1016.8394,2505.8774,195728.78125,3371111.5,730.6387,974.5503,1158.9639,2201.7173,0.32317427,1810.1444,-0.09336102
1772,1173,1015.57544,1996.9574,190639.578125,3371124.25,342.4578,534.0533,459.0128,2256.2988,0.6649789,1801.3599,-0.10719354
1773,1170,1020.3376,2056.9932,191239.9375,3371076.5,618.02094,844.447,946.1923,2089.0027,0.3782604,1802.3983,-0.0702831
1774,1069,1018.4724,3887.7615,209547.609375,3371095.25,487.3377,681.0056,758.3274,2221.927,0.49663195,1833.9993,-0.091211736
1775,1537,1022.38715,1247.5992,183146.0,3371056.25,616.0462,883.10706,863.67206,2030.1464,0.39112014,1788.4304,-0.035478078
1776,1501,1026.431,1370.1006,184371.0,3371015.75,782.3917,1051.1539,1081.4417,1972.3851,0.30039048,1790.5465,-0.019841116
1777,1526,1026.1016,1417.3552,184843.546875,3371019.0,626.3981,862.92334,857.4859,1912.1088,0.36592412,1791.3618,0.01957504
1778,1229,1024.4777,2538.0164,196050.15625,3371035.25,746.09845,977.1302,1149.515,2168.208,0.34267554,1810.7029,-0.082749695
1779,1418,1026.2814,3463.7236,205307.234375,3371017.25,451.27292,653.66364,657.4901,2307.3745,0.5624974,1826.6827,-0.10915572
1780,1455,1024.9258,3758.7642,208257.640625,3371030.75,182.97388,307.33127,208.92647,2117.4888,0.8193856,1831.7754,-0.058672618
1781,1293,1022.0495,3395.5562,204625.5625,3371059.5,474.25366,672.91956,742.30316,2227.7485,0.5088929,1825.504,-0.093584985
1782,1322,1026.071,463.59985,175306.0,3371019.25,710.49396,930.55676,984.51135,2140.4626,0.38707072,1774.903,-0.051998977
1783,1111,1020.9208,612.9784,176799.78125,3371070.75,687.554,887.0279,913.3834,1857.8978,0.3673642,1777.478,0.015179503
1784,970,1017.2289,647.6928,177146.921875,3371107.75,636.54535,856.0304,839.80255,1788.4325,0.3071964,1778.0752,0.06109463
1785,1539,1025.412,1044.7986,181117.984375,3371026.0,662.44446,928.719,1006.67444,2168.6511,0.37695244,1784.9321,-0.087819666
1786,1037,1021.78687,706.6789,177736.78125,3371062.25,610.77673,849.5921,919.3626,2279.6648,0.4225815,1779.0953,-0.10686045
1787,1278,1025.6987,886.975,179539.75,3371023.0,473.3353,668.72144,637.9472,2201.5254,0.5517447,1782.2087,-0.094045006
1788,1542,1028.9825,1549.574,186165.734375,3370990.25,697.6511,886.4851,947.9692,2063.7449,0.35949644,1793.6451,-0.054916006
1789,1133,1023.17035,2148.3892,192153.890625,3371048.25,608.25995,851.1368,906.95233,2275.598,0.43050322,1803.9772,-0.10845362
1790,1263,1024.6096,1907.3848,189743.84375,3371034.0,522.2122,734.5293,764.6429,2204.0183,0.49157643,1799.8184,-0.094006576
1791,1211,1027.7069,2568.7532,196357.53125,3371003.0,368.75723,537.98016,501.17258,2161.8657,0.66099626,1811.235,-0.078467935
1792,1097,1024.8578,2600.5635,196675.640625,3371031.5,197.69098,347.30673,254.7288,2169.4543,0.7890639,1811.7826,-0.08531991
1793,1034,1023.24274,2970.032,200370.3125,3371047.5,389.51355,607.1451,539.57446,2490.7495,0.6514692,1818.1593,-0.14440842
1794,1555,1030.6771,1194.0933,182610.9375,3370973.25,758.19165,1044.291,1119.1604,1956.9305,0.2698605,1787.5112,-0.01821467
1795,1343,1027.1519,1795.7997,188628.0,3371008.5,617.6385,823.2372,861.3738,2160.8608,0.4251406,1797.8937,-0.078060724
1796,1330,1028.2692,3716.1504,207831.5,3370997.25,176.40826,309.7218,210.2985,2185.039,0.8245594,1831.0413,-0.08533544
1797,1594,1028.404,272.4981,173394.984375,3370996.0,880.3921,1085.6769,1171.2032,1518.0126,0.12617163,1771.6067,0.11130805
1798,1517,1029.6204,1726.95,187939.5,3370983.75,492.62985,719.9489,685.588,2398.445,0.55219454,1796.7067,-0.13270454
1799,1282,1027.9485,2273.0771,193400.765625,3371000.5,552.20435,782.3167,806.28937,2286.5195,0.4806507,1806.1316,-0.11274222
1800,1313,1028.8865,4028.7083,210957.078125,3370991.25,343.5933,522.6539,490.3393,2454.9631,0.6667641,1836.4374,-0.12540455
1801,1483,1029.8881,4117.161,211841.609375,3370981.0,215.78557,336.61868,291.62576,2127.913,0.75971454,1837.9648,-0.06553997
1802,1515,1029.8779,1116.5717,181835.71875,3370981.25,668.4508,942.6396,972.2683,2008.6478,0.34100342,1786.173,-0.019017324
1803,1257,1027.7557,1956.938,190239.375,3371002.5,364.20407,552.7936,504.36914,2162.3408,0.6260123,1800.6752,-0.08265965
1804,1296,1030.4244,2201.6604,192686.609375,3370975.75,576.94635,820.1659,849.6227,2403.7107,0.47582257,1804.9001,-0.13488552
1805,969,1027.5037,2738.1382,198051.375,3371005.0,393.19608,560.3189,568.5418,1941.8008,0.5573346,1814.1586,-0.024327314
1806,1386,1030.2576,3530.43,205974.296875,3370977.5,255.98196,407.0339,319.29364,2272.5598,0.7575605,1827.8362,-0.08622152
1807,1324,1031.2024,3657.302,207243.015625,3370968.0,480.36783,612.8784,570.6148,1903.5181,0.5452174,1830.0267,-0.0013011197
1808,1450,1030.6034,2436.8904,195038.90625,3370974.0,557.92413,784.2762,892.65894,2303.4802,0.44687584,1808.9603,-0.11753477
1809,944,1028.5106,2631.212,196982.125,3370995.0,198.81038,362.8305,250.04237,2316.197,0.80382514,1812.3134,-0.117948756
1810,992,1028.3689,2851.135,199181.34375,3370996.25,217.01009,386.7127,283.14517,2341.3467,0.78671217,1816.1094,-0.11549523
1811,1067,1032.7357,762.31305,178293.125,3370952.75,559.6832,753.9794,759.08905,1934.523,0.41992006,1780.061,-0.010684384
1812,1549,1036.5707,1323.0104,183900.109375,3370914.25,718.41736,1001.6643,986.03357,2197.6943,0.38541588,1789.7389,-0.086917914
1813,1428,1032.5133,1832.5883,188995.875,3370954.75,614.73425,805.257,886.25946,1981.5094,0.3849792,1798.5314,-0.04001256
1814,1176,1032.2474,2317.5833,193845.828125,3370957.5,492.81506,732.21387,734.338,2313.9255,0.52006316,1806.9019,-0.119016
1815,1305,1033.4513,3319.6614,203866.609375,3370945.5,271.91647,412.0567,333.99924,2290.9434,0.7558284,1824.1993,-0.10669315
1816,1348,1032.7515,3359.0022,204260.03125,3370952.5,314.2715,484.1417,442.75223,2238.7634,0.680694,1824.878,-0.09639699
1817,1038,1030.7042,2792.9739,198599.734375,3370973.0,296.7341,461.0212,408.02792,2137.0771,0.68322,1815.1066,-0.07260322
1818,1125,1029.3236,3828.1484,208951.484375,3370986.75,480.74045,650.6693,741.06934,2061.3467,0.47917786,1832.9752,-0.04762637
1819,1121,1032.0446,577.9295,176449.296875,3370959.5,401.1677,560.3225,493.51337,2004.5223,0.5784024,1776.8789,-0.016460408
1820,1655,1039.3951,1507.6108,185746.109375,3370886.0,497.20786,686.5039,676.38306,2110.1653,0.5242766,1792.9261,-0.074644215
1821,1435,1041.0885,1620.731,186877.3125,3370869.0,460.76236,686.24005,658.7791,2303.6826,0.5540661,1794.8793,-0.11584813
1822,1203,1036.1654,2026.463,190934.625,3370918.25,498.825,726.59064,752.3163,2286.6555,0.5094945,1801.8792,-0.11142951
1823,1077,1033.3807,2910.1672,199771.671875,3370946.25,310.82635,481.94522,429.41226,2112.8933,0.6755183,1817.1307,-0.06373519
1824,1116,1036.9713,3088.2383,201552.375,3370910.25,422.78583,604.1344,612.0412,2208.293,0.5919939,1820.2062,-0.086874194
1825,1263,1036.278,3246.2954,203132.953125,3370917.25,274.886,423.05225,311.16586,2539.6567,0.77929693,1822.9342,-0.1325842
1826,1242,1037.1827,3283.8816,203508.8125,3370908.25,252.93478,385.94928,304.69806,2313.355,0.7697913,1823.5835,-0.11167401
1827,1350,1039.063,3426.2495,204932.5,3370889.25,422.77594,584.317,621.61707,2087.0996,0.5669702,1826.0419,-0.06138386
1828,1566,1039.385,4075.712,211427.125,3370886.25,263.6788,393.98596,387.71457,1982.4464,0.6657903,1837.2537,-0.029498132
1829,1535,1039.3055,432.09445,174990.9375,3370887.0,368.39935,536.2371,460.97623,2399.3281,0.67873883,1774.3662,-0.12030713
1830,965,1033.1897,2682.3523,197493.53125,3370948.0,465.76373,650.0197,641.8798,2095.8508,0.57094735,1813.1984,-0.06774201
1831,1435,1042.3394,230.16585,172971.65625,3370856.5,767.23486,955.3652,1005.0864,1282.2585,0.069752984,1770.8834,0.22413813
1832,1457,1036.6129,391.3658,174583.65625,3370913.75,415.50342,591.7876,499.57996,2326.7605,0.6343166,1773.662,-0.10061299
1833,1037,1036.3519,675.08295,177420.828125,3370916.5,548.162,739.9383,744.63696,1959.9253,0.4400026,1778.5576,-0.010947422
1834,1418,1038.9069,1464.2511,185312.515625,3370891.0,694.28705,900.58075,958.6065,1907.4055,0.33271882,1792.1776,-0.006039147
1835,1390,1039.7676,3616.2502,206832.5,3370882.25,235.13525,375.55322,285.54388,2213.656,0.76961136,1829.322,-0.08468298
1836,1176,1038.7551,3004.4778,200714.78125,3370892.5,297.5425,453.78146,412.73895,2191.3843,0.69070935,1818.7612,-0.08507946
1837,1166,1040.2427,3120.5044,201875.046875,3370877.5,387.73584,557.02057,514.4185,2174.391,0.63827044,1820.7648,-0.07547924
1838,1122,1040.2495,3858.3618,209253.625,3370877.5,422.24243,595.9697,618.00446,2211.7656,0.57355857,1833.5018,-0.08329723
1839,1312,1042.0975,498.55106,175655.515625,3370859.0,307.76068,449.29193,331.1795,2485.2097,0.7602678,1775.5144,-0.14892592
1840,1592,1042.9359,3572.514,206395.140625,3370850.75,214.14886,359.5226,245.77072,2419.3506,0.8133101,1828.5686,-0.124208204
1841,1357,1041.5955,4187.4272,212544.28125,3370864.0,276.13266,405.95285,387.80176,2230.8718,0.69796145,1839.1832,-0.079112105
1842,1241,1041.6317,536.65674,176036.5625,3370863.75,324.08218,464.96536,364.4835,2322.2788,0.72521365,1776.1716,-0.11428449
1843,1066,1041.8228,731.9925,177989.921875,3370861.75,539.4841,723.4925,696.8602,1975.6904,0.45365876,1779.5425,-0.0053685512
1844,1178,1038.7488,1869.9092,189369.09375,3370892.5,511.24194,702.14557,728.0552,2075.731,0.48628336,1799.1785,-0.05867098
1845,1275,1039.9263,2476.1372,195431.375,3370880.75,773.4788,1022.11176,1228.0181,2184.8926,0.29025403,1809.6422,-0.09199369
1846,1024,1037.9629,3916.1963,209831.96875,3370900.25,419.44727,605.0625,638.2803,2158.1182,0.5519225,1834.4991,-0.07130765
1847,1180,1040.7915,2088.1152,191551.15625,3370872.0,506.30423,713.8106,696.8356,2370.8496,0.55417615,1802.9456,-0.12762952
1848,1207,1043.9677,2354.324,194213.234375,3370840.25,619.72534,852.7444,976.8786,2337.1367,0.41639853,1807.5417,-0.12469708
1849,1272,1042.9543,2394.1707,194611.703125,3370850.5,542.3074,801.17847,870.78143,2475.89,0.4833269,1808.229,-0.15278298
1850,1085,1041.9613,3156.294,202232.9375,3370860.5,493.85806,687.824,657.6599,2402.7788,0.56710654,1821.3833,-0.1147436
1851,1065,1042.9916,3973.8281,210408.28125,3370850.0,373.8188,549.3343,566.2789,2132.8892,0.5859809,1835.4965,-0.07195523
1852,1446,1044.8762,1763.1396,188301.390625,3370831.25,506.0498,739.10925,696.9485,2413.2825,0.5535693,1797.3389,-0.13946876
1853,1217,1045.272,3054.6106,201216.109375,3370827.25,558.75433,754.94165,827.7839,2180.696,0.47772017,1819.6296,-0.08176189
1854,1420,1046.4873,1081.5803,181485.796875,3370815.25,523.2419,757.0838,741.1803,2261.9578,0.51833653,1785.5775,-0.106225885
1855,1004,1044.234,2764.7659,198317.65625,3370837.75,527.42035,713.011,746.0976,2002.6016,0.48994398,1814.6262,-0.044006813
1856,1159,1046.3676,2121.3262,191883.265625,3370816.25,588.2282,782.8667,822.07983,2169.027,0.4553138,1803.5215,-0.08357197
1857,943,1044.0,2881.2642,199482.640625,3370840.0,415.3383,595.7646,584.46765,2080.6099,0.5831987,1816.637,-0.055743553
1858,1027,1044.8744,2941.591,200085.90625,3370831.25,493.49658,678.0107,723.5803,2032.4976,0.4975114,1817.6786,-0.04692572
1859,1043,1042.7948,851.4372,179184.375,3370852.0,453.8485,648.8821,637.0383,2193.7622,0.55233616,1781.6041,-0.095844425
1860,1188,1051.8594,1926.0968,189930.96875,3370761.5,518.5429,706.492,757.0787,2016.6823,0.45896238,1800.1547,-0.048573665
1861,1299,1051.0046,2166.9622,192339.625,3370770.0,537.766,769.4092,765.7802,2398.2515,0.5125514,1804.3114,-0.13289534
1862,1425,1051.734,3685.508,207525.078125,3370762.75,252.9565,381.54526,287.53262,2210.4941,0.7662945,1830.5232,-0.07948016
1863,1266,1047.5087,3797.6406,208646.40625,3370805.0,419.2804,602.04504,502.92813,2893.2512,0.6984878,1832.4569,-0.18977791
1864,1112,1051.5513,3942.2024,210092.03125,3370764.5,513.3228,695.2374,788.777,2110.4028,0.4643233,1834.9543,-0.0665716
1865,1052,1047.6892,640.7918,177077.921875,3370803.0,390.106,553.8793,481.27472,2217.5684,0.63476926,1777.9717,-0.08316374
1866,1178,1048.455,1990.2827,190572.828125,3370795.5,343.10187,527.4376,426.66766,2244.8047,0.6833622,1801.2609,-0.10359694
1867,930,1047.7344,2714.0334,197810.328125,3370802.75,356.09033,509.39893,483.1656,2067.598,0.62732846,1813.7522,-0.054937817
1868,974,1046.2833,2823.237,198902.375,3370817.25,331.28644,495.1879,463.7156,2106.5903,0.6508066,1815.6365,-0.06640873
1869,1300,1053.7346,903.74695,179707.46875,3370742.75,358.86884,561.14,475.23654,2368.6143,0.6707903,1782.5125,-0.1359488
1870,1610,1057.1298,1229.5553,182965.546875,3370708.75,615.5699,878.477,893.9056,2106.3584,0.4077284,1788.1365,-0.06298857
1871,1051,1050.6879,2656.3254,197233.25,3370773.0,511.5176,698.9924,717.10846,2027.3701,0.51994455,1812.7576,-0.050021492
1872,1320,1053.2008,943.6477,180106.46875,3370748.0,301.20984,481.49774,390.48636,2150.2183,0.6935957,1783.2007,-0.082091115
1873,1182,1053.4882,3217.533,202845.328125,3370745.0,348.13242,524.9238,441.10406,2487.0093,0.6964993,1822.4458,-0.13774589
1874,1670,1055.8287,1275.885,183428.84375,3370721.75,632.1249,910.74493,907.26166,2271.8796,0.42883053,1788.9353,-0.10727357
1875,1188,1052.8224,2229.665,192966.65625,3370751.75,605.7079,831.96423,924.9945,2224.8687,0.41480485,1805.3945,-0.10037735
1876,1087,1055.2631,2293.5576,193605.578125,3370727.25,604.552,862.95215,929.2493,2367.5457,0.4436476,1806.4984,-0.12983572
1877,1449,1055.3457,4147.597,212145.96875,3370726.5,269.42307,404.39062,401.48102,2020.0214,0.67321056,1838.502,-0.041742675
1878,1124,1051.3959,789.8497,178568.5,3370766.0,539.94574,735.7945,756.0009,2141.79,0.48211312,1780.5458,-0.08394396
1879,1434,1054.9666,1581.7134,186487.140625,3370730.25,449.01535,654.1147,648.42535,2291.408,0.55061185,1794.2128,-0.10893265
1880,1412,1055.7238,1692.3491,187593.5,3370722.75,582.6696,788.84735,827.5464,2102.8782,0.44181186,1796.1226,-0.070062354
1881,1297,1058.1165,3183.1812,202501.8125,3370698.75,496.96222,692.8011,628.46954,2504.9153,0.5994726,1821.8551,-0.14511229
1882,1139,1054.6146,604.94293,176719.421875,3370733.75,775.4399,1019.691,1106.4373,2246.0957,0.43873715,1777.3567,-0.10285807
1883,1345,1058.0037,1391.6245,184586.25,3370700.0,658.98846,910.0223,950.4368,2282.2178,0.41800863,1790.9338,-0.1146153
1884,1293,1055.0719,2515.2598,195822.59375,3370729.25,411.20804,582.54333,560.34955,2190.3909,0.63600224,1810.3248,-0.08520589
1885,1688,1058.2477,3490.4722,205574.71875,3370697.5,272.63626,420.8116,365.86966,2259.4697,0.723031,1827.1595,-0.09031869
1886,1317,1057.6371,3734.9324,208019.328125,3370703.75,188.26347,319.53455,229.86864,2212.3872,0.81120074,1831.3792,-0.08734799
1887,1424,1058.5773,980.3476,180473.46875,3370694.25,426.6113,599.60254,550.69385,2034.1499,0.584465,1783.8367,-0.05463677
1888,1633,1061.2603,1656.4476,187234.46875,3370667.5,489.31015,718.6754,738.8031,2221.6265,0.5016187,1795.5056,-0.09774568
1889,972,1053.4362,3886.5596,209535.59375,3370745.75,323.01544,494.85803,472.5216,2215.716,0.6509698,1833.9948,-0.08636882
1890,1537,1062.4144,297.66623,173646.65625,3370655.75,934.9876,1170.2882,1214.482,2104.7925,0.2626177,1772.0586,-0.03316386
1891,1522,1057.3561,1151.8687,182188.6875,3370706.5,634.21155,896.1406,990.06146,1983.2007,0.3318653,1786.796,-0.03549222
1892,1331,1060.7904,4004.099,210711.0,3370672.0,452.07812,653.64465,691.4102,2355.145,0.5464323,1836.0272,-0.11066344
1893,1064,1057.8458,700.8665,177678.671875,3370701.5,353.1264,512.0555,417.44785,2215.8237,0.65963596,1779.0135,-0.07347585
1894,1147,1057.8718,822.28076,178892.8125,3370701.25,447.59024,631.7062,601.5135,2126.455,0.5602624,1781.1086,-0.07951179
1895,1464,1061.4098,1015.5212,180825.21875,3370666.0,518.44775,721.81696,716.7251,2145.209,0.50299263,1784.4451,-0.08201595
1896,1038,1057.1619,2616.9124,196839.125,3370708.5,225.17342,380.45184,299.1262,2240.8496,0.7658877,1812.0804,-0.09862424
1897,1053,1055.811,2972.285,200392.84375,3370722.0,548.0133,727.5736,825.13293,1919.1453,0.4197371,1818.2136,-0.018098522
1898,1245,1060.812,4042.934,211099.34375,3370672.0,315.19196,487.73654,486.83453,2124.8667,0.62630004,1836.6976,-0.061124474
1899,1724,1066.8364,333.87296,174008.734375,3370611.75,583.3359,770.2581,787.0452,1907.3898,0.40570462,1772.6855,0.0053462726
1900,1454,1064.478,1353.804,184208.03125,3370635.25,542.2448,803.58044,758.7665,2286.8142,0.4957264,1790.2844,-0.11423427
1901,1233,1059.6577,2058.7485,191257.484375,3370683.5,481.68774,691.1261,682.81146,2201.8264,0.52975523,1802.448,-0.091707245
1902,1138,1063.9332,3026.3303,200933.296875,3370640.75,740.79,976.5633,1120.7583,2349.696,0.35851556,1819.1504,-0.12240688
1903,1456,1063.8118,1429.8682,184968.6875,3370642.0,628.42206,852.74036,880.17755,2133.239,0.4291329,1791.5967,-0.0780294
1904,1605,1068.2411,370.0511,174370.515625,3370597.5,355.695,516.45325,459.4137,2103.0957,0.64343274,1773.3105,-0.061643895
1905,1212,1063.316,564.1361,176311.359375,3370646.75,239.9274,369.76816,260.32343,2277.5818,0.7892717,1776.657,-0.10489248
1906,1213,1062.5103,2583.4443,196504.4375,3370655.0,194.42044,352.01648,241.44847,2338.933,0.8121369,1811.5052,-0.12173087
1907,1556,1062.2886,3393.254,204602.53125,3370657.0,205.85411,337.08163,219.83932,2302.2153,0.8244086,1825.4833,-0.1121437
1908,1415,1066.5435,255.34416,173223.4375,3370614.5,565.9569,755.08905,631.1894,2071.9038,0.40729505,1771.3304,0.027037537
1909,1240,1064.8911,1890.7,189577.0,3370631.0,416.69717,579.23145,556.6593,1980.0275,0.57493365,1799.5503,-0.038568463
1910,1238,1066.2181,2260.697,193276.96875,3370617.75,599.04724,824.84534,944.82916,2349.193,0.4405934,1805.9366,-0.12631503
1911,1434,1067.0411,3638.8752,207058.75,3370609.5,549.7936,675.12134,630.1757,1847.7399,0.46632698,1829.7253,0.03803987
1912,1342,1068.0574,3769.1252,208361.25,3370599.5,318.19598,494.25485,352.90237,2803.053,0.7717257,1831.9742,-0.17382857
1913,1333,1066.814,1052.8867,181198.875,3370611.75,491.39124,720.1913,721.57654,2219.633,0.5133619,1785.0927,-0.09904245
1914,1582,1066.7054,1803.4463,188704.46875,3370613.0,541.9437,790.7636,758.037,2476.8801,0.5323893,1798.0453,-0.15232477
1915,1397,1068.0615,2548.871,196158.71875,3370599.5,199.63672,341.99643,254.24553,2211.5186,0.7932394,1810.9113,-0.092369415
1916,1028,1062.7617,2854.4038,199214.03125,3370652.5,765.7724,995.49316,1110.8269,2145.3452,0.34519807,1816.1823,-0.078189775
1917,1551,1068.0013,3448.2688,205152.6875,3370600.0,192.68762,315.16214,214.87685,2119.7844,0.8177287,1826.4355,-0.070690826
1918,1543,1067.0609,469.28128,175362.8125,3370609.5,575.76733,783.35156,822.7019,2157.167,0.5187521,1775.0222,-0.08425856
1919,1162,1064.1205,1956.667,190236.671875,3370638.75,583.361,783.679,825.22546,2131.3364,0.44188875,1800.6884,-0.07351924
1920,1270,1066.822,2448.7827,195157.828125,3370611.75,1008.71063,1269.6035,1529.972,2165.9524,0.18272784,1809.1831,-0.08818623
1921,1437,1066.9575,3350.0579,204170.578125,3370610.5,210.48712,348.1684,228.28601,2352.2207,0.8219309,1824.7397,-0.12236727
1922,1422,1064.3368,3533.495,206004.953125,3370636.75,452.692,649.173,600.0471,2600.7554,0.6217721,1827.905,-0.15732206
1923,1216,1068.5625,865.48517,179324.84375,3370594.5,368.8458,554.9309,509.07935,2233.6316,0.63143635,1781.8597,-0.10607551
1924,1371,1068.7433,1848.1707,189151.703125,3370592.5,576.9621,789.2513,822.4223,2103.8174,0.43979934,1798.8181,-0.07037215
1925,1236,1069.1869,2411.835,194788.34375,3370588.25,973.4725,1251.4579,1478.4377,2306.798,0.23114324,1808.5466,-0.118153214
1926,920,1064.4532,2689.3977,197563.96875,3370635.5,311.19238,461.24567,417.10327,2165.563,0.6694949,1813.335,-0.07493551
1927,1241,1066.597,3834.4375,209014.375,3370614.0,239.31023,378.946,329.10074,2047.4352,0.72737575,1833.1011,-0.038876068
1928,1515,1069.4132,4106.938,211739.375,3370585.75,244.55775,382.33994,357.94324,2015.5142,0.69667757,1837.8064,-0.04258574
1929,1466,1068.9331,1189.7101,182567.09375,3370590.75,638.63367,897.22955,964.78375,2033.5958,0.36133564,1787.4548,-0.047691874
1930,1557,1070.7515,1543.5594,186105.59375,3370572.5,542.5822,761.1008,787.54816,2177.3857,0.46922272,1793.5623,-0.08978034
1931,1147,1067.5039,2327.7246,193947.25,3370605.0,684.04663,939.60724,1143.2542,2278.9307,0.3351008,1807.0941,-0.11384558
1932,1020,1067.3412,2735.9607,198029.609375,3370606.5,354.05588,524.1108,490.6,2401.853,0.6677823,1814.1401,-0.13212942
1933,1369,1069.0051,3309.165,203761.65625,3370590.0,212.36961,337.08545,219.30022,2358.3032,0.8284297,1824.0349,-0.11863459
1934,1573,1076.4857,205.91545,172729.15625,3370515.25,846.4584,1078.4291,1107.0953,2395.5554,0.39636403,1770.4828,-0.12878893
1935,1435,1071.4244,412.96863,174799.6875,3370565.75,232.23135,373.64774,300.91638,2068.1167,0.746084,1774.0527,-0.059559897
1936,1022,1067.0529,2793.499,198604.984375,3370609.5,497.72308,702.16534,724.0157,2205.6301,0.5215877,1815.133,-0.08933744
1937,1325,1070.3336,3269.2075,203362.078125,3370576.75,215.7,340.88,221.17584,2393.9724,0.8289968,1823.3458,-0.12170969
1938,1507,1072.2163,1111.2648,181782.640625,3370557.75,498.639,717.2916,759.1453,2220.7422,0.4945674,1786.1028,-0.10073633
1939,1439,1070.8339,1726.2266,187932.265625,3370571.75,481.57715,715.85406,675.5702,2393.416,0.56001925,1796.7147,-0.13500933
1940,1260,1070.9388,2196.6453,192636.453125,3370570.5,741.21826,1001.2468,1114.8921,2385.3489,0.3785027,1804.8334,-0.1343788
1941,1125,1070.8196,755.51465,178225.140625,3370571.75,346.2871,495.96356,421.57867,2215.5483,0.683852,1779.9633,-0.08844334
1942,1215,1071.3721,3138.7095,202057.09375,3370566.25,555.7407,776.84033,755.4403,2565.7185,0.54804707,1821.0938,-0.15850686
1943,1100,1070.9172,668.6118,177356.125,3370570.75,243.455,387.71274,275.98047,2425.4954,0.7924424,1778.4637,-0.13672231
1944,1001,1070.8032,2896.6792,199636.796875,3370572.0,639.8951,877.5814,1025.5695,2258.117,0.3803421,1816.9158,-0.10291693
1945,1096,1072.0748,2927.1223,199941.21875,3370559.25,636.78375,890.1323,1042.2838,2338.0256,0.38577038,1817.4419,-0.12261368
1946,1330,1071.2346,3096.5242,201635.25,3370567.75,523.15186,772.3571,725.5594,2672.3796,0.57420486,1820.3655,-0.1790559
1947,1587,1076.0164,3593.138,206601.375,3370519.75,217.81537,360.6213,245.75992,2406.5225,0.81292576,1828.9401,-0.11028099
1948,1441,1074.9354,517.5746,175845.75,3370530.75,213.69812,341.68842,239.88966,2239.0222,0.8047128,1775.8595,-0.1037687
1949,1507,1075.3026,1315.1991,183821.984375,3370527.0,491.28568,761.83844,691.81055,2433.4314,0.54713684,1789.6237,-0.14075944
1950,1354,1073.0591,1470.9055,185379.0625,3370549.5,823.18427,1099.6337,1155.0421,2143.6633,0.31315765,1792.3096,-0.06616552
1951,1203,1071.6351,2023.7299,190907.296875,3370563.75,487.91064,690.7565,689.46594,2178.4817,0.518888,1801.8495,-0.08406369
1952,1145,1074.1091,2136.0671,192030.671875,3370539.0,548.25806,776.3345,796.1485,2341.3245,0.4889455,1803.7894,-0.12128138
1953,1437,1074.4586,4195.3457,212623.453125,3370535.5,277.02646,423.7105,387.92346,2012.8176,0.6686913,1839.335,-0.03370703
1954,1287,1075.8158,2368.299,194352.984375,3370521.75,923.17053,1206.9142,1401.2471,2403.613,0.28260836,1807.7985,-0.13920154
1955,1148,1074.2056,2484.6533,195516.53125,3370538.0,780.5723,1008.0723,1125.088,2118.7588,0.36112705,1809.8058,-0.07351109
1956,1101,1076.1035,3908.2317,209752.3125,3370519.0,394.69754,521.1544,542.20166,1890.089,0.56100965,1834.3793,0.003483572
1957,1354,1078.3427,2095.6514,191626.515625,3370496.5,501.7474,700.1444,717.7655,2172.8206,0.5092725,1803.094,-0.08263446
1958,1117,1079.6848,2995.4958,200624.953125,3370483.25,664.5461,903.7001,1026.8558,2498.2104,0.42102537,1818.6257,-0.15297118
1959,1349,1083.083,3705.5085,207725.09375,3370449.25,239.81245,375.29282,266.20905,2356.295,0.79538226,1830.883,-0.1097371
1960,1074,1079.5177,726.2691,177932.6875,3370484.75,219.39014,362.49255,249.13966,2292.6926,0.7930199,1779.463,-0.10647192
1961,959,1078.4025,2641.7737,197087.734375,3370496.0,561.9604,758.1783,768.54846,2183.6152,0.52093965,1812.5198,-0.08396072
1962,1098,1078.7577,631.75684,176987.5625,3370492.5,267.96902,414.0419,292.17487,2489.1484,0.78867656,1777.8318,-0.15169609
1963,1337,1078.8721,1507.1017,185741.015625,3370491.25,695.53625,964.0606,994.66046,2164.319,0.36906376,1792.9371,-0.07296759
1964,1217,1082.4076,3235.9482,203029.484375,3370456.0,214.06409,338.19473,215.97206,2340.0017,0.8287464,1822.7773,-0.109185524
1965,1127,1077.8678,3969.6602,210366.59375,3370501.25,592.95386,797.7515,903.7959,2257.3726,0.43665254,1835.4406,-0.09714748
1966,1473,1080.5865,1619.2084,186862.078125,3370474.25,520.15375,754.5034,810.0241,2222.0286,0.46803576,1794.8726,-0.10004459
1967,927,1077.1122,2765.2935,198322.9375,3370509.0,447.99893,660.06366,635.68933,2449.9062,0.59385246,1814.651,-0.14185764
1968,1402,1083.3374,4070.206,211372.0625,3370446.75,323.70328,486.5756,506.85593,2001.3495,0.5962974,1837.1787,-0.03725622
1969,899,1076.9243,2822.228,198892.28125,3370510.75,648.297,884.31366,965.2992,2412.4783,0.44286752,1815.6337,-0.13063806
1970,1285,1081.9269,3058.2554,201252.5625,3370460.75,637.9969,878.1642,925.04517,2478.547,0.45596752,1819.71,-0.1435305
1971,1221,1082.3383,3870.7544,209377.546875,3370456.5,267.63882,414.87143,383.1081,2061.7576,0.69356775,1833.7352,-0.0462429
1972,1159,1084.6074,921.1898,179881.90625,3370434.0,315.47842,495.40637,405.78903,2287.3179,0.69990027,1782.8291,-0.11300088
1973,1333,1081.5424,1763.8965,188308.96875,3370464.5,539.3867,784.404,781.2175,2346.5867,0.49947214,1797.3701,-0.12732199
1974,1422,1089.6195,3668.0105,207350.109375,3370383.75,585.27496,729.8896,698.8678,1884.7567,0.440644,1830.2388,0.025510103
1975,1278,1086.1095,3803.8608,208708.609375,3370419.0,229.39749,374.29657,283.4773,2222.982,0.77261853,1832.5823,-0.08892239
1976,1216,1087.1481,591.70886,176587.09375,3370408.5,362.92847,522.51807,476.08963,2254.7837,0.6798885,1777.145,-0.09679033
1977,1123,1082.4595,1989.6403,190566.40625,3370455.5,542.6033,776.4835,821.61755,2153.5872,0.45256767,1801.2665,-0.08308069
1978,1054,1084.1366,784.7628,178517.625,3370438.75,307.6831,456.67743,371.0503,2172.8093,0.7073199,1780.4747,-0.07699573
1979,1488,1092.5531,1251.6553,183186.546875,3370354.5,545.379,772.66833,818.9358,2244.901,0.47002357,1788.5358,-0.10836453
1980,1160,1088.3112,2962.081,200290.8125,3370397.0,631.0819,876.8371,982.9267,2439.3828,0.42641163,1818.053,-0.14368902
1981,1474,1092.1493,3554.4546,206214.546875,3370358.5,405.79105,592.09296,593.3752,2247.9668,0.5934153,1828.2798,-0.0966796
1982,1740,1093.9155,170.23334,172372.328125,3370340.75,633.9828,832.327,882.8431,2166.2253,0.440196,1769.8761,-0.08626185
1983,1563,1095.881,442.1318,175091.3125,3370321.25,281.95874,423.82278,344.04605,2216.5183,0.7279387,1774.5686,-0.091277465
1984,1020,1089.2794,2671.9666,197389.671875,3370387.25,222.92255,367.35,258.35,2349.1323,0.7995528,1813.0461,-0.11886892
1985,912,1088.6294,2872.5208,199395.203125,3370393.75,581.2379,830.648,866.4408,2554.9023,0.49987707,1816.5073,-0.1562042
1986,1032,1086.8624,3937.9197,210049.1875,3370411.5,438.6841,613.374,680.05133,2092.9602,0.51900226,1834.8967,-0.055155594
1987,1357,1088.8629,4155.9375,212229.375,3370391.25,232.85631,380.2358,307.6271,2270.1445,0.76068884,1838.6613,-0.096727364
1988,1310,1089.1053,1916.9313,189839.3125,3370389.0,505.2687,696.4229,706.8618,2105.886,0.50622857,1800.0149,-0.06946388
1989,1571,1095.699,3417.9248,204849.25,3370323.0,200.67537,325.5799,209.42139,2296.6377,0.8338844,1825.9248,-0.110841535
1990,1297,1090.9221,955.6916,180226.921875,3370370.75,248.69737,396.76138,291.16653,2129.1797,0.75368327,1783.4277,-0.075828426
1991,1065,1090.8197,2706.862,197738.625,3370371.75,226.3399,379.0845,265.46384,2361.231,0.79722196,1813.6492,-0.12569377
1992,1271,1091.4067,3199.5469,202665.46875,3370366.0,243.78049,382.1023,267.5295,2344.8953,0.796117,1822.1533,-0.11477549
1993,1168,1093.1173,888.8065,179558.0625,3370348.75,442.69092,627.9859,550.2239,2237.6597,0.6269163,1782.2747,-0.09992919
1994,1541,1096.8677,1079.1272,181461.265625,3370311.25,408.43445,606.2969,555.35077,2248.5493,0.6022305,1785.5607,-0.10451815
1995,1245,1092.5831,2165.2417,192322.421875,3370354.25,816.3398,1058.8792,1267.9651,2211.195,0.28607485,1804.302,-0.09666075
1996,1218,1089.628,2229.4968,192964.96875,3370383.75,974.8571,1237.8683,1503.5698,2223.708,0.20528248,1805.4095,-0.101855524
1997,1161,1089.1404,2294.3247,193613.25,3370388.5,961.7037,1239.3053,1523.4366,2273.5164,0.20540027,1806.5282,-0.112343535
1998,1281,1092.6823,4023.3762,210903.765625,3370353.25,402.87198,585.4325,637.9157,2243.4675,0.5692887,1836.3746,-0.09036856
1999,1099,1091.3348,2609.9536,196769.53125,3370366.75,485.83438,675.55096,671.5232,2091.4846,0.5499498,1811.9768,-0.061487667
2000,1340,1097.2612,3163.9365,202309.359375,3370307.5,379.08133,582.0478,482.20523,2427.2747,0.6765751,1821.5414,-0.13299008
2001,1588,1096.5385,3507.502,205745.015625,3370314.5,455.60138,655.3073,638.3602,2506.4438,0.5990546,1827.4714,-0.14083861
2002,1450,1097.3925,279.43036,173464.296875,3370306.0,266.89447,415.01517,338.87656,2118.0151,0.7213528,1771.7621,-0.07392348
2003,1295,1096.0764,551.8348,176188.34375,3370319.25,244.24402,379.97607,274.74286,2424.9329,0.7954422,1776.4615,-0.13967921
2004,1156,1089.757,821.3538,178883.53125,3370382.5,343.64447,506.97147,417.35034,2247.4282,0.68319553,1781.109,-0.094515406
2005,1377,1094.9237,1143.305,182103.046875,3370330.75,581.44806,831.21533,873.88745,2263.804,0.43946004,1786.6672,-0.11071928
2006,1396,1092.947,1582.644,186496.4375,3370350.5,635.7761,894.0129,943.4871,2257.371,0.41277176,1794.2478,-0.11238461
2007,1355,1098.3306,1286.7107,183537.109375,3370296.75,625.69226,862.6111,913.2159,2223.2285,0.41667604,1789.1436,-0.10153774
2008,1382,1097.9167,1827.851,188948.515625,3370300.75,499.4667,704.46454,673.106,2185.8354,0.527974,1798.4819,-0.08686662
2009,1428,1100.6394,236.10574,173031.0625,3370273.5,301.2871,452.2115,328.96918,2437.4026,0.7594259,1771.0162,-0.14101246
2010,1164,1096.0378,694.75,177617.5,3370319.5,204.56873,349.06873,220.09021,2559.1357,0.8399289,1778.9276,-0.1705231
2011,1501,1094.01,1394.2285,184612.28125,3370340.0,468.59494,729.6446,653.96405,2377.5566,0.5699979,1790.9968,-0.13567673
2012,1325,1095.323,2513.843,195808.4375,3370326.75,723.82153,947.7694,1102.766,2115.7913,0.34151852,1810.3198,-0.073880926
2013,1369,1097.932,1033.6683,181006.6875,3370300.75,432.8276,652.26404,639.851,2136.0466,0.5465368,1784.7767,-0.08145983
2014,1482,1101.7112,1215.3759,182823.765625,3370263.0,551.06036,774.09143,823.11945,2179.3606,0.46592528,1787.9143,-0.09235878
2015,1689,1098.2119,1691.6406,187586.40625,3370298.0,629.177,821.4219,873.6832,2054.84,0.3979739,1796.1313,-0.05669522
2016,1396,1098.7822,1875.0472,189420.46875,3370292.25,475.08417,680.03436,625.2185,2247.494,0.57604516,1799.2969,-0.10027456
2017,1243,1094.3854,2055.819,191228.1875,3370336.25,558.84314,792.9441,779.1629,2352.07,0.5075988,1802.4144,-0.12596926
2018,1503,1100.2948,3379.209,204462.09375,3370277.0,192.25948,323.5642,196.56554,2326.6575,0.84381914,1825.2587,-0.11821662
2019,1372,1097.7836,3738.519,208055.1875,3370302.25,188.68658,325.75656,222.75583,2248.3877,0.8192592,1831.4597,-0.09451812
2020,1512,1101.0509,992.998,180599.984375,3370269.5,371.44907,538.83496,479.11774,2038.1306,0.61811954,1784.0765,-0.051351864
2021,936,1097.5278,2841.405,199084.046875,3370304.75,547.93164,764.91455,757.78955,2423.6848,0.5197694,1815.9745,-0.1321515
2022,1696,1103.5931,3466.9321,205339.3125,3370244.0,327.04187,509.12973,409.71463,2673.757,0.7303761,1826.7744,-0.16419178
2023,1532,1106.252,135.25327,172022.53125,3370217.5,629.8251,820.84467,909.7187,1992.1769,0.405246,1769.279,-0.044974167
2024,1413,1102.8507,485.67587,175526.765625,3370251.5,342.0736,494.33475,425.52795,2215.9045,0.68886167,1775.3235,-0.09412052
2025,1186,1101.4722,851.0245,179180.25,3370265.25,384.9351,555.3541,475.16483,2337.1252,0.6880257,1781.627,-0.12194129
2026,1410,1099.7673,1439.9341,185069.34375,3370282.25,520.1319,762.65393,722.97516,2316.7397,0.52484566,1791.7885,-0.12159251
2027,1209,1099.0927,2434.0398,195010.40625,3370289.0,650.7676,872.0699,956.20514,2215.4607,0.40969145,1808.9443,-0.09468382
2028,1138,1097.159,1955.0052,190220.046875,3370308.5,484.29657,678.61993,661.16254,2188.272,0.545718,1800.6759,-0.08870622
2029,1143,1101.1392,2395.721,194627.203125,3370268.5,770.1032,998.671,1206.0009,2131.8933,0.28850847,1808.2839,-0.07856245
2030,1226,1100.5988,2577.6387,196446.390625,3370274.0,639.0689,850.6419,959.7602,2063.3728,0.40121123,1811.4235,-0.058735464
2031,1392,1102.2213,3337.474,204044.75,3370257.75,198.98167,329.3829,201.0122,2384.2097,0.84435165,1824.5392,-0.13197397
2032,1330,1102.9083,4121.823,211888.234375,3370251.0,212.94963,370.28796,274.45715,2268.4316,0.78447497,1838.0787,-0.09484337
2033,1274,1102.5275,3124.5754,201915.75,3370254.75,481.23312,706.65936,704.5832,2460.0737,0.56737727,1820.8645,-0.14351185
2034,1615,1104.7548,3624.4692,206914.6875,3370232.5,202.25572,335.85822,218.58018,2302.9802,0.8257248,1829.4943,-0.09590114
2035,1377,1105.8678,1178.3268,182453.265625,3370221.25,617.8642,852.88165,875.2887,2205.118,0.43202245,1787.2771,-0.09556747
2036,1141,1098.8905,2330.7554,193977.5625,3370291.0,1076.5837,1368.8572,1633.9027,2309.2498,0.18034148,1807.1616,-0.12046279
2037,1176,1101.2747,3022.8623,200898.625,3370267.25,578.0476,791.0612,793.15814,2403.5442,0.5032399,1819.1083,-0.12923095
2038,1259,1104.236,3987.699,210546.984375,3370237.75,267.5854,439.3026,367.92853,2184.2026,0.7232825,1835.764,-0.071331434
2039,1581,1105.8704,395.7742,174627.734375,3370221.25,301.97092,450.61005,377.3577,2255.2002,0.71086574,1773.7739,-0.09830296
2040,1502,1102.6764,1351.9121,184189.125,3370253.25,521.91113,769.3815,747.3522,2316.3794,0.50926334,1790.2709,-0.1208755
2041,1587,1105.9105,1651.344,187183.4375,3370221.0,550.1862,803.37463,818.09265,2370.323,0.48165536,1795.4398,-0.12751062
2042,1136,1103.5361,658.412,177254.125,3370244.75,211.71964,355.49603,234.17958,2527.2822,0.82907784,1778.3044,-0.16625677
2043,1339,1104.5161,3300.486,203674.859375,3370234.75,193.19904,317.36707,197.30994,2344.867,0.8444809,1823.9017,-0.12295748
2044,1236,1103.6465,3839.8413,209068.40625,3370243.5,241.79045,384.77588,327.4102,2118.8923,0.74053514,1833.2114,-0.06339797
2045,1201,1104.7452,2263.9202,193309.203125,3370232.5,936.4109,1212.3793,1440.2073,2334.87,0.24808925,1806.011,-0.12572393
2046,1305,1105.5532,2473.3074,195403.078125,3370224.5,661.3525,901.50116,1001.7034,2301.3357,0.4048569,1809.6252,-0.11556608
2047,1051,1102.3225,2737.4348,198044.34375,3370256.75,204.96956,347.69077,238.05328,2304.3245,0.8121477,1814.1824,-0.11377302
2048,1133,1104.1995,2802.0476,198690.46875,3370238.0,555.2056,774.65533,771.4978,2366.6294,0.506984,1815.2985,-0.12329426
2049,1219,1105.4324,3085.7375,201527.375,3370225.75,417.3946,616.8433,545.85724,2409.5422,0.6398481,1820.1956,-0.12882683
2050,1739,1110.3151,352.35364,174193.53125,3370176.75,280.91028,416.6337,336.95285,2060.728,0.71217835,1773.027,-0.056498878
2051,1491,1109.3401,1785.6626,188526.625,3370186.5,595.07446,779.9594,811.26624,2058.5,0.43986917,1797.7595,-0.059833895
2052,1040,1105.2279,2935.8518,200028.515625,3370227.75,597.8067,835.5846,895.9798,2390.6616,0.45717335,1817.6084,-0.13177028
2053,1777,1114.655,312.0529,173790.53125,3370133.5,700.2307,917.0439,959.5554,2243.2263,0.46921387,1772.3339,-0.10303135
2054,1264,1106.6796,2127.3955,191943.953125,3370213.25,806.36237,1051.5226,1208.6056,2252.76,0.32073125,1803.6558,-0.10433518
2055,1137,1106.9517,2903.3157,199703.15625,3370210.5,447.38873,685.5981,632.8373,2602.2595,0.61104083,1817.0476,-0.16881
2056,1469,1108.8032,1736.098,188030.984375,3370192.0,536.6477,734.54767,745.53815,2175.2256,0.48911765,1796.9038,-0.08413291
2057,1253,1109.0383,2545.7844,196127.84375,3370189.5,702.8863,921.63086,1075.9119,2097.247,0.33237568,1810.8778,-0.06870601
2058,1305,1108.3173,3264.4697,203314.703125,3370196.75,200.76398,325.10077,207.68927,2319.2773,0.8353692,1823.2819,-0.11579579
2059,1360,1109.0471,3773.85,208408.5,3370189.5,338.1794,514.8963,363.36176,2840.306,0.7753445,1832.0748,-0.18474719
2060,1129,1108.8547,619.47034,176864.703125,3370191.5,374.4349,544.28345,465.73694,2519.2063,0.6951033,1777.6353,-0.14959049
2061,1292,1111.6075,1553.0519,186200.515625,3370164.0,674.5724,948.9369,925.8019,2057.279,0.3744412,1793.7463,-0.032393426
2062,1179,1107.6709,2018.7244,190857.25,3370203.25,479.76038,753.57465,693.4754,2476.191,0.55894077,1801.7808,-0.14701137
2063,1351,1110.4337,1479.2998,185463.0,3370175.75,649.36676,933.87933,910.4523,2432.1663,0.4519894,1792.473,-0.13123763
2064,997,1106.8806,2769.7393,198367.390625,3370211.25,349.1675,529.819,461.65848,2366.861,0.67548686,1814.7421,-0.1243953
2065,1223,1111.1104,758.915,178259.15625,3370169.0,210.68275,358.78168,230.75224,2584.8643,0.83528054,1780.0425,-0.17786312
2066,1252,1109.8451,2197.079,192640.796875,3370181.5,706.9928,974.48883,1235.0775,2425.7532,0.3286803,1804.86,-0.1442083
2067,1287,1111.6278,4186.0723,212530.71875,3370163.75,299.37607,450.41724,407.09946,1985.1561,0.6543408,1839.1919,-0.027147884
2068,1336,1113.7949,1518.366,185853.65625,3370142.0,881.79755,1172.0531,1246.2391,2007.1224,0.23693427,1793.1489,-0.03373946
2069,1036,1110.3745,2364.4575,194314.578125,3370176.25,802.1168,1056.7292,1232.7336,2213.7588,0.29825088,1807.7489,-0.09821472
2070,1246,1112.9598,2087.146,191541.46875,3370150.5,653.2187,885.8571,970.811,2258.8647,0.42460805,1802.9642,-0.10649304
2071,1225,1115.9951,4048.413,211154.125,3370120.0,381.4694,563.95917,599.391,2224.7207,0.5792957,1836.8175,-0.08776675
2072,1377,1117.3217,4086.947,211539.46875,3370106.75,287.87946,481.39435,414.71677,2286.4648,0.6919095,1837.4833,-0.09781726
2073,1285,1113.9525,518.96185,175859.625,3370140.5,293.72763,429.1214,355.30585,2314.0444,0.7306397,1775.9036,-0.10673805
2074,1253,1111.6887,3909.2505,209762.5,3370163.0,320.14764,477.77814,464.05826,2126.5857,0.647723,1834.4133,-0.05190889
2075,991,1112.8557,795.7356,178627.359375,3370151.5,204.16095,357.20032,243.10545,2406.5337,0.8135732,1780.6787,-0.14044674
2076,1464,1118.1763,1113.8053,181808.046875,3370098.25,454.59836,664.8716,677.19806,2179.1035,0.53315276,1786.1699,-0.09369999
2077,1083,1111.1182,2641.1218,197081.21875,3370168.75,231.10988,390.70175,274.5734,2324.1099,0.78821474,1812.5243,-0.11693335
2078,1165,1114.085,724.4472,177914.46875,3370139.25,231.86353,382.0841,251.02318,2630.9106,0.824215,1779.4492,-0.18326338
2079,1534,1118.0796,3583.6572,206506.5625,3370099.25,203.33638,354.70468,245.86832,2275.6355,0.80569893,1828.796,-0.096164465
2080,1200,1117.0792,2989.7366,200567.359375,3370109.25,556.3492,726.0375,702.55914,2126.0276,0.49182314,1818.5441,-0.057315543
2081,1500,1120.9734,1318.7966,183857.96875,3370070.25,610.04535,856.92,876.74866,2353.0923,0.45438415,1789.7086,-0.12686983
2082,1028,1115.6002,1985.3113,190523.109375,3370124.0,545.32245,782.7028,823.8288,2218.823,0.4718622,1801.208,-0.099179894
2083,1292,1118.551,3226.244,202932.4375,3370094.5,225.25272,360.45587,232.12694,2428.1985,0.8241845,1822.627,-0.1335657
2084,1142,1116.317,3873.8643,209408.640625,3370116.75,222.40805,371.50174,274.44308,2257.1577,0.78818375,1833.8046,-0.07783351
2085,1169,1116.8271,3947.4243,210144.25,3370111.75,315.1882,487.1865,377.24466,2561.5518,0.74346733,1835.0746,-0.13707118
2086,1254,1121.6443,577.1045,176441.046875,3370063.5,315.55902,459.5909,436.0933,1967.4514,0.6644396,1776.9108,-0.033816777
2087,1475,1121.581,1611.9491,186789.484375,3370064.25,622.3929,885.65424,909.1281,2262.1992,0.42980492,1794.7677,-0.11091078
2088,1195,1121.2284,3048.6091,201156.09375,3370067.75,523.11383,715.12885,677.90375,2309.3306,0.54779464,1819.5621,-0.10849154
2089,1757,1124.4423,205.01366,172720.140625,3370035.5,295.63974,450.0609,334.4519,2493.3887,0.7609213,1770.4922,-0.14981978
2090,1080,1120.8037,1931.2195,189982.1875,3370072.0,497.45416,679.6014,641.293,2098.3147,0.530031,1800.2771,-0.064578034
2091,1321,1120.8706,923.623,179906.234375,3370071.25,217.39326,367.46896,244.80318,2285.1108,0.7965557,1782.8895,-0.105414055
2092,978,1118.5961,2869.1165,199361.15625,3370094.0,446.09305,689.4724,618.7495,2601.0552,0.6142218,1816.4629,-0.16918318
2093,1561,1124.4708,3701.8154,207688.15625,3370035.25,330.01474,472.39847,417.33185,1937.5925,0.6555982,1830.8385,-0.0110411495
2094,1293,1124.1083,3811.4485,208784.484375,3370039.0,226.98221,369.31476,297.56613,2136.0664,0.7557297,1832.7308,-0.06969848
2095,1306,1126.7443,1414.5215,184815.21875,3370012.5,466.39435,734.3939,663.4567,2415.0774,0.5592066,1791.3634,-0.13799475
2096,1229,1123.782,2302.1733,193691.734375,3370042.25,694.9817,968.8242,1042.4052,2422.425,0.40666458,1806.6805,-0.14198838
2097,1516,1127.57,3537.9841,206049.84375,3370004.25,457.55673,649.3945,732.1095,2253.9492,0.5254427,1828.0121,-0.099915676
2098,1346,1128.4458,1852.9851,189199.84375,3369995.5,436.81204,669.3633,626.9194,2308.0515,0.5757529,1798.9308,-0.116260685
2099,1320,1129.0704,1898.7363,189657.359375,3369989.25,363.8731,548.047,477.64774,2147.7454,0.6407609,1799.7206,-0.07611128
2100,1117,1121.9203,2674.3035,197413.03125,3370060.75,197.74396,346.90332,222.57475,2326.8352,0.82471514,1813.1022,-0.119546704
2101,1438,1128.6488,3434.954,205019.53125,3369993.5,355.7698,543.1064,532.4235,2490.4854,0.65541494,1826.2341,-0.13860525
2102,1258,1126.2234,961.5167,180285.171875,3370017.75,266.3748,417.77902,336.91376,2127.0195,0.7230287,1783.5461,-0.07705634
2103,1293,1129.4594,1055.7185,181227.1875,3369985.5,347.51703,526.07385,420.88748,2240.4548,0.679652,1785.1732,-0.08923979
2104,1177,1125.2897,2233.5378,193005.375,3370027.0,665.13763,921.0769,1089.3636,2321.3972,0.3644737,1805.4967,-0.12326198
2105,1353,1125.5684,3664.901,207319.0,3370024.25,559.71246,706.9697,703.81226,1697.4694,0.42755264,1830.2019,0.05398846
2106,1675,1135.0275,111.71761,171787.171875,3369929.75,468.67642,631.2352,638.82806,1961.9158,0.54813266,1768.888,-0.03752282
2107,1555,1131.0862,257.90417,173249.046875,3369969.25,243.98328,381.55563,340.4553,1856.8193,0.6930209,1771.4081,-0.009058239
2108,1148,1125.7108,884.135,179511.34375,3370023.0,191.22865,342.55487,222.56142,2396.0667,0.8281622,1782.2106,-0.14054856
2109,1121,1124.8778,2707.3416,197743.421875,3370031.25,194.52364,332.73953,216.92418,2304.2874,0.8272143,1813.6737,-0.114664204
2110,973,1126.0905,2832.4604,198994.609375,3370019.0,433.85303,684.2693,643.93524,2570.4985,0.5996676,1815.8339,-0.16570981
2111,1401,1130.2334,3188.0828,202550.828125,3369977.75,231.28622,372.8965,241.5182,2493.5803,0.8216304,1821.9738,-0.14510018
2112,1400,1131.9386,463.5707,175305.703125,3369960.5,424.01358,595.4014,559.1071,2076.2437,0.62096626,1774.9572,-0.0649469
2113,1381,1131.8291,1377.4453,184444.453125,3369961.75,579.65314,803.765,839.9316,2139.2922,0.43695223,1790.7262,-0.081542976
2114,1192,1128.6653,2045.1007,191121.0,3369993.25,502.35193,724.34985,753.27893,2199.604,0.49620992,1802.2463,-0.091492705
2115,1184,1126.924,2608.6943,196756.9375,3370010.75,345.56885,527.7234,439.731,2347.5544,0.68029135,1811.9722,-0.11481153
2116,1241,1131.3529,681.9605,177489.609375,3369966.5,211.14746,362.06366,233.05238,2636.5745,0.8366223,1778.725,-0.18756048
2117,1263,1132.1449,1018.7126,180857.125,3369958.5,257.84204,424.46793,299.45844,2149.9285,0.74752146,1784.536,-0.07150489
2118,1095,1130.7261,2412.5708,194795.703125,3369972.75,612.56573,857.67303,891.9548,2316.5515,0.4481552,1808.5891,-0.12027106
2119,1201,1131.6812,2961.3464,200283.46875,3369963.25,542.6445,789.51373,758.8077,2621.1274,0.5446329,1818.061,-0.16804871
2120,1303,1129.9325,4153.514,212205.140625,3369980.75,371.99692,555.3262,557.81964,2219.898,0.604486,1838.6382,-0.08106446
2121,1570,1135.8357,424.9102,174919.109375,3369921.75,274.3796,406.42484,359.50446,1917.544,0.68555784,1774.2921,-0.016608305
2122,1304,1132.8145,1814.9463,188819.46875,3369951.75,487.84702,733.0959,722.5203,2313.8218,0.5312274,1798.2765,-0.12049092
2123,1377,1129.8562,2161.6013,192286.015625,3369981.5,557.64307,768.6035,878.77997,2051.356,0.4042573,1804.2574,-0.05750444
2124,1288,1133.1802,3361.4294,204284.296875,3369948.25,232.82997,365.1782,269.74768,2194.2961,0.7873156,1824.9672,-0.08073404
2125,1347,1132.2332,4012.7766,210797.765625,3369957.75,211.24945,362.05643,263.5501,2211.8486,0.7876068,1836.2098,-0.077553615
2126,1182,1132.8663,819.91034,178869.109375,3369951.25,204.75381,368.7204,240.1692,2586.4395,0.82907176,1781.1061,-0.1784825
2127,1563,1135.2412,1237.9246,183049.25,3369927.5,381.04767,561.54254,491.12283,2049.9155,0.61966914,1788.3203,-0.061796423
2128,1132,1132.2994,2445.9973,195129.96875,3369957.0,548.75616,765.345,745.5362,2330.1123,0.5127258,1809.1669,-0.11821588
2129,1466,1135.2749,1276.1855,183431.859375,3369927.25,466.47647,682.7889,647.6139,2238.2532,0.56003016,1788.9805,-0.10434146
2130,1028,1131.1459,2342.4114,194094.109375,3369968.5,615.0097,863.59436,941.9494,2292.177,0.42114872,1807.3785,-0.11385112
2131,1365,1134.7788,3149.9583,202169.578125,3369932.25,400.12527,569.9392,551.2066,2284.74,0.6333163,1821.3179,-0.10270755
2132,1500,1136.324,1152.92,182199.203125,3369916.75,491.57767,697.7767,681.2473,2222.7144,0.53845847,1786.854,-0.10058244
2133,1334,1134.1732,2512.006,195790.0625,3369938.25,580.1271,805.85645,823.8074,2311.0063,0.47519284,1810.3069,-0.1136554
2134,1220,1134.7041,3110.127,201771.265625,3369933.0,380.80984,606.05164,539.1721,2493.2917,0.66035503,1820.6304,-0.14825206
2135,1179,1135.7244,644.5581,177115.578125,3369922.75,262.45547,423.37405,307.20526,2595.4573,0.78785574,1778.0819,-0.16750257
2136,1464,1139.1407,1716.685,187836.84375,3369888.5,535.2384,815.3829,736.52423,2613.6797,0.5519539,1796.5839,-0.17575912
2137,1531,1137.3704,3498.506,205655.0625,3369906.25,462.13586,658.6238,787.0118,2275.653,0.4966859,1827.3352,-0.10268833
2138,1343,1138.8444,1576.3008,186433.0,3369891.5,804.35,1093.0946,1154.5096,2092.299,0.2907325,1794.1611,-0.05140014
2139,1494,1139.5636,1678.7938,187457.9375,3369884.25,581.2393,841.11346,813.70013,2313.859,0.47622958,1795.9302,-0.119099595
2140,1375,1139.9592,543.0429,176100.421875,3369880.5,238.45381,366.20874,317.69818,2045.4102,0.7298285,1776.3325,-0.054669473
2141,1365,1139.1794,1453.5553,185205.546875,3369888.25,556.8586,793.53735,758.9828,2213.2886,0.48664227,1792.0432,-0.094491385
2142,1558,1141.8113,1761.5449,188285.453125,3369862.0,543.983,777.6569,762.2593,2460.861,0.521008,1797.3594,-0.14467068
2143,1111,1137.1558,1962.19,190291.90625,3369908.5,449.33618,627.7511,566.8074,2027.3884,0.5711947,1800.8196,-0.050730444
2144,1442,1136.475,3740.731,208077.3125,3369915.25,325.65048,495.46115,385.1158,2455.4702,0.72419226,1831.5159,-0.10498664
2145,1199,1138.2052,3971.4421,210384.421875,3369898.0,226.01918,374.4604,258.3061,2504.8433,0.81055933,1835.499,-0.13831592
2146,1923,1143.4628,160.95164,172279.515625,3369845.25,318.688,474.0291,381.91055,2240.7583,0.7028939,1769.7418,-0.09539753
2147,1105,1138.7955,606.2977,176732.984375,3369892.0,496.08145,677.9484,682.2172,2264.7847,0.5754022,1777.4233,-0.10441363
2148,1053,1135.3239,852.25073,179192.5,3369926.75,202.0152,358.0674,234.65195,2447.8225,0.8229613,1781.6654,-0.15067732
2149,1219,1137.7777,2116.3955,191833.953125,3369902.25,627.0562,817.9742,930.91675,1985.1329,0.37481165,1803.4812,-0.038708057
2150,1137,1136.6649,2741.759,198087.59375,3369913.25,205.12929,358.9006,233.69392,2375.9368,0.8203372,1814.2734,-0.13018063
2151,1622,1144.0062,3397.0667,204640.671875,3369840.0,346.49384,513.0937,472.43835,2241.0808,0.667215,1825.5874,-0.09181501
2152,1145,1138.7668,2926.8936,199938.9375,3369892.25,470.31354,733.5476,696.01575,2482.7825,0.56273675,1817.4697,-0.14934918
2153,1631,1143.5856,380.27835,174472.78125,3369844.25,383.3366,538.5083,515.81604,1920.8676,0.6000708,1773.526,-0.018331151
2154,1340,1144.1172,1085.5336,181525.34375,3369838.75,283.4761,440.01044,344.0459,2128.3052,0.72574687,1785.6952,-0.07323649
2155,1637,1144.1533,1194.2358,182612.359375,3369838.5,530.76514,728.66797,748.566,2048.4133,0.48095173,1787.5709,-0.053303536
2156,1118,1140.2102,2480.671,195476.703125,3369878.0,548.6923,797.661,783.4991,2365.873,0.49507645,1809.769,-0.11780055
2157,1056,1138.125,2775.2898,198422.90625,3369898.75,223.1733,381.37643,259.16147,2385.9873,0.80306834,1814.8529,-0.1291729
2158,1095,1139.6475,3074.117,201411.171875,3369883.5,210.39726,350.58264,230.97809,2374.2976,0.8236216,1820.0112,-0.12858015
2159,1404,1142.8219,3326.02,203930.203125,3369851.75,202.32265,333.29272,214.49821,2284.9463,0.8280569,1824.3606,-0.107634276
2160,1152,1139.7352,2269.1433,193361.4375,3369882.75,575.0642,851.013,852.9106,2509.1357,0.4919385,1806.1182,-0.15983663
2161,1197,1142.2039,2381.8662,194488.65625,3369858.0,583.7932,820.0902,885.782,2323.51,0.4431939,1808.0648,-0.11721804
2162,1238,1140.4968,2577.1882,196441.875,3369875.0,443.6781,643.1935,625.35785,2302.371,0.58102167,1811.4349,-0.11247794
2163,986,1139.5132,2806.9402,198739.40625,3369884.75,249.69473,416.2221,302.498,2466.8093,0.7816025,1815.3998,-0.1453546
2164,1227,1141.3529,3015.7383,200827.375,3369866.5,423.31866,616.7588,521.5632,2459.7498,0.65420544,1819.0044,-0.14181496
2165,1292,1141.7036,3291.5974,203585.96875,3369863.0,200.12848,325.95395,202.81927,2330.7915,0.83935726,1823.7659,-0.11858413
2166,1323,1144.8972,3636.4421,207034.421875,3369831.0,705.1769,886.715,913.2827,1952.7793,0.40375528,1829.7196,-0.019762758
2167,1346,1143.5498,3850.8276,209178.28125,3369844.5,231.32243,369.65677,300.28677,2174.881,0.7586541,1833.4196,-0.06592472
2168,1246,1140.4727,4120.0796,211870.796875,3369875.25,230.81781,397.4406,304.313,2265.3298,0.76713336,1838.0659,-0.09335852
2169,1120,1142.0848,781.6455,178486.453125,3369859.25,230.90268,391.43124,272.2,2594.9468,0.80665666,1780.4506,-0.17442687
2170,1093,1142.5032,2892.8535,199598.53125,3369855.0,396.46936,625.81976,590.0851,2396.7346,0.61423254,1816.884,-0.12999947
2171,1268,1144.3904,2003.2074,190702.078125,3369836.0,567.9712,783.5737,785.8431,2215.729,0.50509477,1801.531,-0.095780276
2172,1090,1146.7926,709.8459,177768.453125,3369812.0,224.00551,364.5734,242.20091,2571.346,0.8247981,1779.2141,-0.16668287
2173,1385,1146.327,1492.8021,185598.015625,3369816.75,459.5906,726.82416,628.1567,2604.985,0.6063576,1792.724,-0.17819701
2174,1196,1145.6998,2076.1187,191431.1875,3369823.0,765.4302,1009.5602,1180.5059,2139.0063,0.3174641,1802.7899,-0.07847113
2175,1205,1144.5635,2203.9229,192709.234375,3369834.25,657.57715,911.18384,1056.427,2308.6511,0.37736815,1804.995,-0.11840725
2176,1258,1145.4928,3256.4246,203234.25,3369825.0,207.20866,335.58545,213.531,2329.1443,0.8310421,1823.1606,-0.112598784
2177,1324,1149.3256,3603.997,206709.96875,3369786.75,301.11328,458.4698,371.6926,2121.197,0.71116483,1829.1616,-0.05834046
2178,1200,1145.4384,3894.0718,209610.71875,3369825.5,257.43668,422.99582,314.29416,2424.7017,0.77241355,1834.1669,-0.12501095
2179,1591,1150.8611,500.48145,175674.8125,3369771.5,274.49088,400.88623,338.7002,2078.953,0.7165361,1775.6038,-0.056604743
2180,1164,1145.7947,743.9399,178109.40625,3369822.0,226.7354,374.2191,246.73282,2581.8977,0.82408935,1779.8019,-0.17347315
2181,1381,1150.1223,991.4533,180584.53125,3369778.75,303.93375,481.4037,379.74042,2362.8606,0.72612786,1784.0748,-0.12782359
2182,1449,1148.786,1642.9993,187100.0,3369792.25,625.4272,880.9796,928.13696,2124.7595,0.39247146,1795.3171,-0.078105636
2183,1137,1145.4424,2545.395,196123.953125,3369825.5,517.88477,726.4912,725.274,2193.612,0.50089854,1810.8887,-0.0887782
2184,1380,1147.5065,3779.3718,208463.71875,3369805.0,228.14493,367.12537,244.5029,2401.8943,0.8136401,1832.188,-0.123435184
2185,1267,1148.7308,3929.0488,209960.484375,3369792.75,250.17049,383.7348,259.1523,2515.2556,0.8118482,1834.7721,-0.13822858
2186,1539,1153.0507,1346.0026,184130.03125,3369749.5,645.5218,888.6738,987.295,2253.5757,0.39109093,1790.1942,-0.10727493
2187,1418,1149.086,1534.1382,186011.375,3369789.25,788.27295,1080.4478,1145.6414,2342.1865,0.3549292,1793.4387,-0.1245553
2188,1200,1145.4033,2642.3167,197093.171875,3369826.0,210.76334,374.81876,247.70459,2368.6155,0.8104443,1812.5614,-0.13205113
2189,968,1147.0433,2856.6787,199236.78125,3369809.5,282.4504,447.7221,384.3874,2308.7769,0.71299607,1816.2618,-0.10982552
2190,1730,1155.9844,288.74277,173557.421875,3369720.25,622.89246,820.21216,839.8653,2137.911,0.50227094,1771.9531,-0.08096873
2191,1873,1155.1383,333.8473,174008.46875,3369728.5,377.22583,530.63,492.91565,1962.3134,0.60691994,1772.7308,-0.03500009
2192,1504,1153.4236,3466.4395,205334.390625,3369745.75,365.9601,532.29456,453.47073,2502.2585,0.69314355,1826.7892,-0.1305477
2193,1184,1148.1571,4055.0972,211220.96875,3369798.5,191.82349,331.8598,237.75507,2154.3008,0.8025838,1836.9476,-0.07031042
2194,1128,1151.5044,907.1614,179741.609375,3369765.0,193.28723,354.3914,221.60594,2506.9055,0.8364594,1782.6211,-0.16409294
2195,1211,1155.1775,1875.9257,189429.25,3369728.25,473.05243,666.4459,641.8163,2141.4038,0.5434992,1799.3398,-0.07232162
2196,1286,1151.4899,4184.4727,212514.71875,3369765.0,280.25195,445.39502,364.45334,2251.206,0.71575695,1839.1825,-0.08468455
2197,1543,1159.0771,82.39663,171493.96875,3369689.25,643.5904,844.76086,914.7498,1755.1749,0.31140295,1768.3947,0.030571455
2198,1472,1157.1774,3563.5598,206305.59375,3369708.25,233.88722,390.35733,308.99728,2272.8057,0.76617736,1828.4673,-0.099252716
2199,938,1153.4061,2325.6396,193926.390625,3369746.0,514.9936,736.1258,798.04266,2200.9626,0.46373954,1807.0999,-0.09252771
2200,1346,1161.2645,1796.4331,188634.328125,3369667.25,529.2678,786.71063,789.0628,2332.3826,0.494877,1797.9711,-0.12381781
2201,1214,1155.1088,3223.1755,202901.75,3369729.0,207.45758,333.62357,214.20511,2313.031,0.82969147,1822.5912,-0.115418285
2202,1236,1157.6271,948.8568,180158.5625,3369703.75,212.76375,373.33292,259.61166,2360.477,0.80236304,1783.3436,-0.13456208
2203,1434,1159.5321,1305.5809,183725.8125,3369684.75,579.77966,805.80054,818.5419,2247.2744,0.46815595,1789.5,-0.108277276
2204,1224,1156.7009,2678.214,197452.140625,3369713.0,198.05719,343.45178,230.32027,2255.1086,0.81405526,1813.1864,-0.10506706
2205,1220,1157.8632,4086.6082,211536.078125,3369701.25,189.0459,333.36066,219.20738,2245.0361,0.82130367,1837.4961,-0.0894581
2206,1427,1160.5774,1119.1486,181861.484375,3369674.25,311.51016,465.86334,373.64893,2153.2,0.71487904,1786.2836,-0.08021351
2207,1225,1156.88,1930.88,189978.796875,3369711.25,517.7661,719.7453,699.18365,2150.2927,0.5126286,1800.2891,-0.07633829
2208,1212,1161.5297,2142.042,192090.421875,3369664.75,703.5961,942.6192,1032.7557,2258.5688,0.38125628,1803.9354,-0.107988626
2209,1142,1158.436,2713.1514,197801.515625,3369695.75,224.45358,379.49564,261.16638,2331.022,0.7981706,1813.7902,-0.11952696
2210,1357,1162.6227,2987.6367,200546.375,3369653.75,359.7907,534.86365,450.70377,2341.8364,0.67851645,1818.5295,-0.11191065
2211,1226,1159.4526,3816.6443,208836.4375,3369685.5,205.18271,348.77896,236.33197,2389.4756,0.81693566,1832.8368,-0.11632933
2212,1700,1166.6888,243.69765,173106.96875,3369613.0,265.11884,396.38412,330.65057,2080.0989,0.723086,1771.1815,-0.06326975
2213,1107,1160.1562,2240.6892,193076.890625,3369678.5,585.8898,820.4535,913.6509,2223.0298,0.41942468,1805.6371,-0.101150304
2214,1419,1162.3517,575.5892,176425.890625,3369656.5,372.88864,529.60114,515.1804,2108.809,0.6218639,1776.9055,-0.069292866
2215,1268,1161.2461,1422.91,184899.09375,3369667.5,679.8734,902.72516,966.71375,2134.9802,0.37397277,1791.5254,-0.07624091
2216,1326,1162.3839,1606.0588,186730.59375,3369656.25,906.00714,1211.4668,1291.0574,2210.7866,0.27312797,1794.6864,-0.09475868
2217,1193,1161.3923,2036.5114,191035.109375,3369666.0,832.938,1110.7439,1257.5964,2323.5835,0.3204434,1802.1141,-0.123312265
2218,1167,1164.5219,2179.3093,192463.09375,3369634.75,647.2781,886.563,963.05914,2184.6914,0.3934019,1804.58,-0.09271396
2219,1075,1161.4912,2296.4084,193634.078125,3369665.0,527.8177,762.3307,793.7274,2328.5247,0.48869762,1806.5994,-0.11881855
2220,1309,1163.3857,3040.9634,201079.625,3369646.25,207.50955,348.61343,227.41635,2345.2322,0.82183814,1819.4502,-0.11970536
2221,1549,1162.244,203.48225,172704.828125,3369657.5,232.87154,364.72498,271.6062,2157.479,0.772321,1770.4854,-0.08785724
2222,1559,1165.7948,3711.8306,207788.3125,3369622.0,575.59204,775.82745,752.4471,2707.0686,0.55308974,1831.0306,-0.16225445
2223,1186,1165.2369,3990.6365,210576.359375,3369627.75,212.32968,341.9511,223.50844,2536.7292,0.83523333,1835.8429,-0.14283875
2224,1182,1163.9434,874.0736,179410.734375,3369640.5,209.434,370.41287,240.33292,2591.363,0.82863617,1782.0565,-0.17903051
2225,1471,1165.225,1039.9103,181069.109375,3369627.75,213.85486,379.01324,237.3875,2369.755,0.8161523,1784.9186,-0.12951995
2226,1549,1166.3073,3671.8677,207388.671875,3369617.0,650.2789,866.286,940.99225,2588.4746,0.45974725,1830.3411,-0.14364304
2227,1490,1168.2886,1837.2517,189042.515625,3369597.0,482.17517,708.5527,676.6815,2391.5063,0.5542103,1798.679,-0.12761304
2228,1112,1166.5225,2357.6565,194246.5625,3369614.75,536.7671,764.1843,736.09625,2447.2266,0.5370173,1807.6588,-0.14130497
2229,1280,1165.8883,3123.1008,201901.0,3369621.0,201.09688,337.0953,210.23593,2364.2368,0.83611256,1820.8691,-0.12765758
2230,1215,1167.753,4027.3127,210943.125,3369602.5,190.24939,321.2815,213.44032,2201.0427,0.82281256,1836.477,-0.07368796
2231,1226,1167.0319,657.48126,177244.8125,3369609.75,285.24142,449.95514,349.0155,2548.8784,0.7610013,1778.3209,-0.15481398
2232,1239,1165.3898,2421.155,194881.546875,3369626.0,518.37933,729.7474,714.3781,2172.275,0.5060448,1808.7542,-0.08413966
2233,1095,1165.3452,2456.064,195230.640625,3369626.5,543.8895,736.9662,736.81647,2197.4858,0.500804,1809.3566,-0.08980301
2234,1281,1163.9657,2608.4285,196754.28125,3369640.25,213.32085,370.85403,240.90828,2430.105,0.818558,1811.9855,-0.1422824
2235,1517,1168.4733,3524.746,205917.46875,3369595.25,300.74356,469.6058,436.2907,2292.793,0.6956528,1827.8026,-0.10107711
2236,1149,1166.9435,836.5779,179035.78125,3369610.5,220.65927,381.97867,251.95692,2618.6257,0.8218978,1781.411,-0.18053225
2237,1376,1169.2645,1387.359,184543.59375,3369587.25,589.12933,839.8481,952.3343,2238.9194,0.40863395,1790.916,-0.1071067
2238,1186,1167.7673,2831.7563,198987.5625,3369602.25,222.44772,381.5506,263.82462,2416.5547,0.801021,1815.8416,-0.1361005
2239,1367,1167.534,3429.569,204965.6875,3369604.75,281.7425,444.64374,331.50696,2684.7886,0.76576674,1826.1594,-0.15772447
2240,1205,1167.6598,619.122,176861.21875,3369603.5,397.2606,572.9336,521.0249,2492.599,0.67442805,1777.6594,-0.14334942
2241,1283,1168.6189,2950.9968,200179.96875,3369593.75,238.00389,385.9626,267.1925,2320.3608,0.792957,1817.9,-0.11628857
2242,1272,1170.6093,3162.2493,202292.5,3369574.0,256.7555,409.38364,278.0401,2490.243,0.7986736,1821.547,-0.14419398
2243,1166,1168.2573,3193.6338,202606.34375,3369597.5,207.72984,340.8602,219.47684,2302.1929,0.82559586,1822.0875,-0.113946244
2244,1168,1170.0026,803.12585,178701.265625,3369580.0,239.2851,405.1036,271.0745,2723.857,0.8173116,1780.8354,-0.19998771
2245,1510,1174.9523,45.368874,171123.6875,3369530.5,868.61127,1122.5325,1226.9033,1779.1987,0.15167475,1767.764,0.057867773
2246,1828,1176.2297,130.13676,171971.375,3369517.75,419.94583,587.6647,566.51697,1946.3342,0.53130186,1769.2272,-0.019310385
2247,1409,1172.6232,1222.2172,182892.171875,3369553.75,394.6526,549.5106,512.4216,1971.4453,0.6132275,1788.0681,-0.040792413
2248,1195,1171.0084,2102.467,191694.671875,3369570.0,775.87616,965.0205,975.4197,2117.3137,0.38853562,1803.2571,-0.06765365
2249,1242,1170.3542,2756.3044,198233.046875,3369576.5,206.9227,359.25522,232.13608,2384.5652,0.82203597,1814.5406,-0.13228235
2250,1087,1169.0037,2794.3018,198613.015625,3369590.0,204.4379,364.51517,235.58786,2398.1885,0.8207082,1815.1958,-0.13532391
2251,1624,1173.3522,415.4569,174824.5625,3369546.5,328.48523,465.52402,431.3867,1906.6602,0.631186,1774.1483,-0.010249908
2252,1561,1169.5452,461.67648,175286.765625,3369584.5,381.88278,540.378,502.05957,2114.845,0.64260143,1774.9438,-0.06548542
2253,1571,1174.9509,1261.3513,183283.515625,3369530.5,404.98917,546.70306,510.34308,1726.2297,0.55861914,1788.7445,0.02557641
2254,1390,1174.5403,1737.908,188049.078125,3369534.5,566.04425,815.8007,815.6662,2396.9187,0.49176216,1796.9677,-0.136325
2255,1189,1169.0867,3081.893,201488.9375,3369589.25,197.84105,338.31372,205.51556,2457.0857,0.8452785,1820.1594,-0.1476215
2256,1234,1172.8679,3953.841,210208.40625,3369551.25,220.43355,352.5956,232.88168,2429.1719,0.82386136,1835.2112,-0.123908825
2257,1360,1171.2014,4152.2705,212192.703125,3369568.0,227.65074,387.1103,281.92426,2344.6765,0.7867841,1838.6356,-0.10538308
2258,1104,1172.1711,766.3587,178333.59375,3369558.25,181.74638,321.91757,209.61232,2392.096,0.8378312,1780.2021,-0.13704984
2259,1180,1169.0907,1966.0974,190330.96875,3369589.0,623.74493,893.36523,891.92456,2332.56,0.4620446,1800.9028,-0.1193961
2260,1221,1172.5226,2912.7666,199797.671875,3369554.75,212.34561,367.8616,265.74365,2304.014,0.7931162,1817.2421,-0.11298002
2261,1490,1170.31,3360.3718,204273.71875,3369577.0,474.95068,665.7332,701.9812,2181.9587,0.52977896,1824.9664,-0.078401886
2262,1168,1174.2577,688.9846,177559.84375,3369537.5,236.3185,391.9606,257.81335,2699.7046,0.8243263,1778.8682,-0.19597098
2263,1184,1175.9552,1905.4933,189724.9375,3369520.5,665.9569,860.13684,872.46747,2054.8606,0.39184225,1799.8604,-0.04734238
2264,1279,1174.0782,2531.0054,195980.0625,3369539.25,475.10556,673.3827,642.672,2243.9937,0.5547848,1810.6542,-0.098498434
2265,1481,1175.9216,3752.3748,208193.75,3369520.75,349.37003,523.59283,446.80554,2551.0803,0.7071315,1831.7351,-0.14511815
2266,1196,1174.1346,3877.7734,209447.734375,3369538.75,196.34866,331.17307,223.17892,2232.4824,0.818123,1833.8988,-0.088927746
2267,1242,1174.2222,1566.9131,186339.125,3369537.75,745.374,1026.0298,1050.4625,2108.3103,0.3477242,1794.0168,-0.053497575
2268,1401,1177.3204,1701.5874,187685.875,3369506.75,542.4486,781.6856,768.515,2202.0618,0.48111796,1796.3423,-0.09596437
2269,1325,1175.3562,2491.2188,195582.1875,3369526.5,473.67093,658.07245,665.7132,2200.2007,0.54119426,1809.9681,-0.08827966
2270,1151,1174.0278,2873.8455,199408.453125,3369539.75,197.54128,358.682,230.7463,2441.9705,0.8270837,1816.571,-0.1451174
2271,1446,1177.157,532.5235,175995.234375,3369508.5,277.49033,405.38245,378.1805,1890.7634,0.6693928,1776.1702,-0.010013515
2272,1506,1176.5743,1154.755,182217.546875,3369514.25,260.45087,416.90338,295.33698,2220.064,0.7603786,1786.906,-0.097286955
2273,987,1177.6595,923.78827,179907.875,3369503.5,194.36322,359.57245,220.37791,2561.2068,0.8406663,1782.9213,-0.17461686
2274,1454,1177.9016,1460.6967,185276.96875,3369501.0,621.6781,827.1802,839.29987,2120.6782,0.42514193,1792.1858,-0.0714172
2275,1325,1177.7864,3281.3774,203483.78125,3369502.25,216.69962,346.24377,235.90868,2227.686,0.8087756,1823.6064,-0.093827814
2276,1099,1174.5833,4115.778,211827.78125,3369534.25,170.98271,292.71063,197.86078,2049.7297,0.8227349,1838.0072,-0.041927792
2277,1609,1180.4972,369.5985,174365.984375,3369475.0,319.90616,453.96893,421.56308,1868.0485,0.6342711,1773.3608,0.0006934122
2278,1219,1179.8344,726.24854,177932.484375,3369481.75,222.18704,363.75226,241.99016,2514.616,0.82077765,1779.514,-0.1535381
2279,1175,1179.3531,2389.4314,194564.3125,3369486.5,507.62894,714.9413,700.9081,2362.7021,0.5416572,1808.2134,-0.12366863
2280,1510,1181.5317,1079.1609,181461.609375,3369464.75,190.01027,342.7616,220.85828,2280.7957,0.82187515,1785.6041,-0.11362989
2281,1165,1179.8318,2066.872,191338.71875,3369481.75,609.68414,883.8296,917.5279,2398.7974,0.4542388,1802.6471,-0.13873352
2282,1082,1179.2301,2267.985,193349.84375,3369487.75,526.76294,743.7126,764.1049,2289.5356,0.49709064,1806.1174,-0.110242575
2283,1445,1180.3342,2571.8796,196388.796875,3369476.75,276.72006,437.0744,328.7104,2357.9785,0.755923,1811.3625,-0.122969076
2284,1208,1182.5431,974.1805,180411.8125,3369454.5,355.5,542.73096,466.44702,2473.0989,0.7126744,1783.7932,-0.15215197
2285,1297,1181.0763,1499.9114,185669.109375,3369469.25,647.35736,839.85315,898.8828,2041.079,0.38225633,1792.864,-0.05221515
2286,1405,1184.158,1667.7893,187347.890625,3369438.5,733.4843,1014.4057,1034.2694,2048.8606,0.33450535,1795.7625,-0.05295971
2287,1174,1182.0852,2218.925,192859.25,3369459.25,568.39435,775.45654,831.44037,2177.8125,0.45247704,1805.2722,-0.08750563
2288,1285,1180.3136,2647.0125,197140.125,3369476.75,192.54124,334.09534,217.21051,2304.2078,0.82725173,1812.6592,-0.116224624
2289,1554,1183.1525,3318.8918,203858.921875,3369448.5,450.99966,619.316,621.4035,2168.1042,0.5813358,1824.2565,-0.07333751
2290,1157,1179.1279,2001.904,190689.046875,3369488.75,768.3133,1014.328,1105.0376,2276.15,0.36702263,1801.5256,-0.109854445
2291,1260,1182.546,3843.3254,209103.25,3369454.5,220.68254,367.77063,248.22699,2478.2898,0.81396824,1833.3081,-0.12371942
2292,1261,1182.621,3593.7153,206607.15625,3369453.75,753.3529,941.4171,960.03174,1969.054,0.3800867,1828.9998,-0.02741316
2293,1362,1185.047,3912.2644,209792.640625,3369429.5,193.63657,318.02496,209.78781,2324.6895,0.834554,1834.4991,-0.11063903
2294,1617,1189.2208,179.60854,172466.078125,3369387.75,327.11563,485.80273,389.72852,2408.4836,0.7174968,1770.0875,-0.12904245
2295,1326,1187.6915,1773.5626,188405.625,3369403.0,534.1463,793.05206,782.78546,2426.6199,0.5082699,1797.5895,-0.14210047
2296,1305,1185.6168,3246.5396,203135.390625,3369423.75,231.78621,374.21915,256.95633,2276.9111,0.7962561,1823.0089,-0.09740293
2297,1603,1188.9095,3486.645,205536.453125,3369391.0,221.84373,361.82968,254.18279,2345.6843,0.80585843,1827.1545,-0.10479301
2298,1390,1189.6511,1009.2921,180762.921875,3369383.5,201.05035,364.64713,226.01295,2376.5864,0.82554317,1784.4027,-0.13681708
2299,1429,1188.3485,1187.4891,182544.890625,3369396.5,224.3394,370.9699,251.65746,2141.5728,0.7881419,1787.4768,-0.08423182
2300,1455,1187.0227,3794.3162,208613.15625,3369409.75,175.2488,305.75394,191.59381,2313.897,0.8471489,1832.4642,-0.112017944
2301,1119,1186.6461,2725.1304,197921.3125,3369413.5,217.57462,371.93118,243.51295,2373.9348,0.81272995,1814.0105,-0.12877578
2302,1534,1186.0574,3636.6018,207036.015625,3369419.5,539.0372,732.24774,734.76337,2449.9797,0.5417258,1829.7416,-0.12901483
2303,1312,1188.4352,1631.5632,186985.625,3369395.75,907.00836,1198.8438,1284.6086,2016.7988,0.23404495,1795.1395,-0.038744703
2304,1476,1192.5704,3011.9668,200789.671875,3369354.25,200.69308,341.88956,212.9275,2379.0679,0.8353225,1818.9636,-0.13182299
2305,1237,1187.2142,4060.0654,211270.65625,3369407.75,224.99313,351.14227,243.16006,2259.1443,0.8028651,1837.0514,-0.06886264
2306,1182,1185.8545,1534.4509,186014.515625,3369421.5,549.7403,783.1104,790.81683,2347.328,0.49640632,1793.4624,-0.1233113
2307,1670,1192.1335,3399.5396,204665.390625,3369358.75,288.63593,444.18384,393.96887,2242.5479,0.7000815,1825.6527,-0.0908928
2308,1544,1193.0298,302.23706,173692.375,3369349.75,362.91385,504.52786,468.37045,1866.4391,0.61148,1772.2052,-0.011926063
2309,1353,1192.7554,1329.6179,183966.1875,3369352.5,519.1604,740.8762,741.3581,2250.03,0.5079346,1789.9314,-0.10146213
2310,1074,1185.9982,2326.311,193933.109375,3369420.0,504.1229,730.8459,723.9632,2354.2378,0.5311183,1807.1273,-0.12475534
2311,1207,1189.918,4188.512,212555.125,3369380.75,240.32477,379.9594,287.09818,2022.4043,0.74686354,1839.2698,-0.024802566
2312,1253,1193.6089,1364.3273,184313.265625,3369344.0,507.9142,741.409,734.0319,2241.727,0.51239014,1790.5308,-0.105905145
2313,1242,1190.8632,1870.9855,189379.859375,3369371.25,626.43274,841.15094,854.6369,2222.1458,0.44788003,1799.2722,-0.09177716
2314,1225,1194.3281,896.87103,179638.703125,3369336.75,217.08571,379.62286,239.8498,2649.616,0.83264416,1782.4653,-0.18938221
2315,1599,1195.484,497.1626,175641.625,3369325.25,315.26266,457.09882,402.08505,2031.0363,0.6718779,1775.5695,-0.043292362
2316,1073,1193.739,2160.7595,192277.59375,3369342.5,646.1892,879.04565,964.06433,2248.2832,0.40290418,1804.2742,-0.10646422
2317,1387,1193.253,2684.9763,197519.765625,3369347.5,207.98486,342.27542,232.62292,2301.2102,0.815271,1813.3207,-0.11390697
2318,1418,1203.0176,16.74189,170837.421875,3369249.75,580.07196,777.65656,924.88367,2151.5952,0.40620944,1767.2849,-0.090931386
2319,1552,1196.1147,90.766754,171577.671875,3369318.75,612.8299,829.5786,972.16754,1992.5406,0.34115627,1768.5583,-0.05029264
2320,1295,1197.5089,597.5398,176645.390625,3369305.0,265.83783,407.4077,339.1143,2174.8772,0.7302673,1777.3024,-0.088828735
2321,1274,1195.8077,1294.6154,183616.15625,3369322.0,591.4564,757.76843,799.5514,1726.8818,0.39363477,1789.329,0.03145432
2322,1128,1195.1206,2126.225,191932.25,3369328.75,747.59796,893.156,977.6405,1882.699,0.32709247,1803.6788,-0.0114493575
2323,1171,1195.9718,857.6558,179246.5625,3369320.25,214.9637,368.1819,236.60931,2554.988,0.828528,1781.7896,-0.16993503
2324,1304,1196.257,3054.1594,201211.59375,3369317.5,206.33589,345.42102,214.05061,2442.78,0.837754,1819.6936,-0.1423692
2325,1220,1196.4565,3098.936,201659.359375,3369315.5,200.63934,339.64426,210.67377,2404.5278,0.838483,1820.4666,-0.136406
2326,1450,1198.5117,3447.1863,205141.859375,3369295.0,261.71344,407.57553,276.95828,2475.3286,0.79910326,1826.478,-0.12978767
2327,1270,1198.5299,562.1142,176291.140625,3369294.75,429.67087,592.1803,608.0299,1966.8708,0.55713284,1776.6917,-0.036759034
2328,1101,1196.7275,4006.1636,210731.640625,3369312.75,255.00726,388.6762,263.2189,2717.8691,0.82139784,1836.1254,-0.17150684
2329,1422,1200.405,1811.0626,188780.625,3369276.0,616.0784,882.5759,922.66876,2250.25,0.42187488,1798.2429,-0.107424065
2330,1323,1198.3597,1937.1603,190041.609375,3369296.5,770.11,1026.0714,1127.2456,2260.023,0.34785625,1800.4178,-0.10340497
2331,1257,1198.7025,3139.3794,202063.796875,3369293.0,231.05489,378.6818,247.78362,2420.3389,0.81292343,1821.1655,-0.13306966
2332,1262,1198.7156,3212.091,202790.90625,3369292.75,381.39304,535.9889,473.8526,2169.3923,0.6545411,1822.4205,-0.07931122
2333,1734,1205.6569,266.35696,173333.5625,3369223.5,335.75375,475.90717,421.4504,2052.9678,0.65782475,1771.5927,-0.046887282
2334,1228,1199.4194,635.1425,177021.421875,3369285.75,385.18973,555.2581,530.6531,2441.5042,0.65585923,1777.9521,-0.13597554
2335,1335,1196.6838,1419.5026,184865.03125,3369313.25,560.45166,813.85956,856.4625,2288.0728,0.4545535,1791.4844,-0.111937106
2336,1210,1198.9009,1590.438,186574.375,3369291.0,539.0773,796.0595,768.1083,2206.9404,0.47196952,1794.435,-0.08093998
2337,1154,1197.3188,2029.8795,190968.796875,3369306.75,474.49783,677.3375,661.1872,2104.5706,0.52680206,1802.0173,-0.07138838
2338,1047,1198.8376,2193.108,192601.078125,3369291.5,540.2259,765.9341,775.78894,2341.6348,0.5032818,1804.8348,-0.122474946
2339,1492,1199.9316,3560.9324,206279.328125,3369280.75,481.73593,649.0248,641.1964,2024.634,0.5541266,1828.4419,-0.042726126
2340,1075,1198.4977,2780.7964,198477.96875,3369295.0,205.87907,362.47162,231.02791,2403.7302,0.82413423,1814.9768,-0.13753012
2341,1189,1200.4147,2815.323,198823.234375,3369275.75,198.07233,350.67535,225.95374,2399.237,0.82736444,1815.5736,-0.13589542
2342,1238,1201.1608,2851.3884,199183.890625,3369268.5,192.41277,351.94266,219.77141,2440.408,0.83439726,1816.1964,-0.14477764
2343,1393,1201.468,2972.1155,200391.15625,3369265.25,216.45801,349.70782,228.72649,2275.845,0.8170759,1818.2802,-0.11047482
2344,1440,1202.1819,3690.1028,207571.03125,3369258.25,619.434,815.29095,970.8993,2314.8813,0.41468382,1830.6725,-0.11002392
2345,1517,1199.8445,1117.702,181847.015625,3369281.5,199.64272,355.22873,226.96474,2271.5088,0.8173464,1786.2784,-0.113696896
2346,1132,1199.2906,2294.7244,193617.25,3369287.0,435.56052,650.4788,549.8463,2359.2358,0.61756057,1806.5887,-0.12554242
2347,1301,1198.7102,2611.9878,196789.875,3369293.0,201.11337,356.78592,225.77863,2442.563,0.830082,1812.0636,-0.14533298
2348,1232,1201.3896,4090.449,211574.484375,3369266.0,296.06372,440.32874,315.42493,2758.8384,0.7861914,1837.5823,-0.1532795
2349,1752,1205.6877,223.9572,172909.578125,3369223.0,238.70833,368.4121,289.10217,2076.4617,0.7535823,1770.8612,-0.06923406
2350,1570,1206.3739,332.76495,173997.65625,3369216.25,321.81973,456.89362,407.51147,1883.4172,0.64122885,1772.7388,-0.011054291
2351,1510,1204.145,447.54437,175145.4375,3369238.5,306.6841,444.07352,411.8616,1960.547,0.6551323,1774.7179,-0.029280683
2352,1231,1197.4012,2454.038,195210.375,3369306.0,313.41837,473.026,393.5459,2245.6045,0.7024889,1809.3372,-0.09398987
2353,1019,1201.0894,754.6065,178216.0625,3369269.0,180.73798,323.052,208.8577,2437.7832,0.84114033,1780.0142,-0.14693798
2354,1189,1203.2977,822.52734,178895.28125,3369247.0,237.66527,396.83432,264.42136,2622.3323,0.814109,1781.1871,-0.17860433
2355,1266,1203.7172,941.50867,180085.09375,3369242.75,198.54225,365.32385,224.67023,2568.5696,0.8382312,1783.2402,-0.17637686
2356,1049,1200.244,1974.7255,190417.25,3369277.5,646.03577,874.5234,922.14014,2188.462,0.39704612,1801.067,-0.08362936
2357,1114,1201.851,2510.817,195778.171875,3369261.5,354.12836,519.62836,484.58438,2254.5208,0.6646733,1810.3191,-0.10067381
2358,1332,1203.669,2933.491,200004.90625,3369243.25,211.46622,367.63815,233.78152,2462.2642,0.82607806,1817.6145,-0.14874178
2359,1159,1204.1251,3974.9268,210419.265625,3369238.75,193.49483,320.24503,215.63934,2296.6716,0.82822484,1835.5896,-0.10230422
2360,1157,1204.3336,789.1556,178561.5625,3369236.75,229.42264,384.03976,259.30078,2587.0293,0.8140398,1780.6119,-0.1682403
2361,1257,1204.0955,2892.6174,199596.171875,3369239.0,188.33969,339.58792,213.15593,2516.1782,0.8432062,1816.9093,-0.1582703
2362,1366,1204.3654,1043.7386,181107.390625,3369236.25,186.66911,344.71487,214.58199,2304.0205,0.8285742,1785.0045,-0.12135638
2363,1254,1206.7839,2250.15,193171.5,3369212.25,600.4789,813.52075,827.95935,2213.1604,0.47200575,1805.8231,-0.092377394
2364,1242,1203.8527,2418.748,194857.484375,3369241.5,436.91306,602.2323,554.5765,2285.4683,0.61967725,1808.7312,-0.104645
2365,1461,1208.7351,3725.564,207925.640625,3369192.75,545.00616,731.25256,794.681,2285.1663,0.5005225,1831.2876,-0.10188942
2366,1148,1203.4138,2355.1655,194221.65625,3369245.75,524.0331,744.02264,750.8872,2315.8755,0.5131152,1807.6338,-0.10504971
2367,1167,1204.5758,4128.6685,211956.6875,3369234.25,257.61096,399.1851,295.00427,2405.3916,0.7781756,1838.2435,-0.106820405
2368,1429,1211.0182,153.61371,172206.140625,3369169.75,290.06158,436.11685,343.28763,2087.1511,0.71440643,1769.6504,-0.06869836
2369,1197,1207.4177,669.2556,177362.5625,3369205.75,320.2264,494.0451,435.80368,2429.107,0.6966067,1778.5448,-0.11917671
2370,1117,1206.9105,3942.052,210090.515625,3369211.0,264.04297,400.78244,277.46732,2594.1406,0.80472296,1835.0234,-0.14896291
2371,1377,1210.2201,3178.3884,202453.890625,3369177.75,291.5374,450.6485,355.02396,2282.5425,0.7362945,1821.8442,-0.10546251
2372,1300,1205.1624,3521.847,205888.46875,3369228.5,227.34538,377.0523,297.05307,2166.6477,0.7648586,1827.7698,-0.07933702
2373,1093,1208.3431,701.5691,177685.6875,3369196.5,255.81152,398.3568,304.71088,2347.4795,0.76406896,1779.1028,-0.10641874
2374,1197,1209.3868,2091.2314,191582.3125,3369186.25,692.33374,913.92566,1004.6805,2110.8027,0.36368194,1803.082,-0.072677985
2375,1412,1205.6261,3358.8528,204258.53125,3369223.75,346.08286,518.0949,442.73795,2289.1494,0.6791384,1824.9568,-0.10090169
2376,1202,1210.5441,4035.287,211022.875,3369174.5,269.6123,403.12314,278.35107,2714.0667,0.8124509,1836.6344,-0.1714888
2377,1523,1211.5837,406.58896,174735.890625,3369164.25,315.47537,448.2331,414.1845,1993.8877,0.66057026,1774.0151,-0.03375563
2378,1487,1209.9368,1230.653,182976.53125,3369180.75,294.93408,440.8887,401.5891,1950.2683,0.6674476,1788.2324,-0.037243556
2379,1330,1212.2549,2546.766,196137.65625,3369157.5,236.93309,385.79285,292.39624,2247.9365,0.76580364,1810.9446,-0.099440746
2380,1144,1210.3636,4164.5024,212315.03125,3369176.25,249.39642,401.72202,295.99738,2406.6865,0.78100955,1838.8646,-0.11192971
2381,1342,1212.7213,1845.6602,189126.59375,3369152.75,984.95197,1284.6844,1483.3998,2251.2515,0.22390015,1798.846,-0.10744885
2382,1377,1212.8671,52.169933,171191.703125,3369151.25,774.5185,1001.14014,1048.4873,1406.6151,0.080364995,1767.9012,0.18963537
2383,1247,1213.0618,2751.025,198180.25,3369149.5,211.06816,361.60785,237.68684,2323.9546,0.81330705,1814.47,-0.11880308
2384,1240,1211.9928,1745.8782,188128.78125,3369160.0,681.3766,965.80725,993.6298,2395.269,0.42204133,1797.1238,-0.1376953
2385,1286,1212.7146,3608.6843,206756.84375,3369152.75,612.94244,800.8064,772.1555,2381.0334,0.5252588,1829.2721,-0.114491746
2386,1355,1213.8546,3832.437,208994.375,3369141.5,353.71292,506.23395,436.47012,2338.687,0.6933628,1833.1346,-0.10077042
2387,1420,1210.8156,3875.1296,209421.296875,3369171.75,235.73239,372.62323,257.41196,2461.4915,0.8101189,1833.8701,-0.1374455
2388,1241,1214.7751,1449.2063,185162.0625,3369132.25,606.36865,828.548,890.8308,2128.5615,0.4161022,1792.006,-0.08025116
2389,1283,1214.9026,1485.3048,185523.046875,3369131.0,571.00977,795.51794,873.2529,2202.419,0.4373951,1792.6289,-0.09756747
2390,1175,1211.4885,1900.9421,189679.421875,3369165.0,890.9762,1137.62,1273.88,2203.9153,0.28357098,1799.7993,-0.09094189
2391,1375,1214.8124,3761.7505,208287.5,3369132.0,155.45673,287.62762,172.04727,2279.5454,0.8594153,1831.915,-0.10716181
2392,1358,1218.7526,1391.4728,184584.734375,3369092.5,508.88696,753.5493,787.2585,2260.484,0.49518567,1791.0117,-0.10554496
2393,1434,1217.4965,1712.0599,187790.59375,3369105.0,779.522,1054.1638,1112.1373,1872.2145,0.24711017,1796.543,0.017893638
2394,1032,1213.2684,2058.997,191259.96875,3369147.25,572.96466,788.3745,813.30524,2202.1594,0.47122344,1802.5276,-0.09228921
2395,1546,1220.2994,3658.3423,207253.421875,3369077.0,563.934,763.60803,819.8978,2391.8533,0.49293742,1830.1327,-0.12159784
2396,1283,1216.4559,1557.2869,186242.875,3369115.5,490.8675,708.94464,680.0452,2339.9543,0.5484943,1793.8717,-0.12217204
2397,1365,1218.4271,1267.6066,183346.0625,3369095.75,225.72382,357.01978,269.9663,1865.8619,0.743963,1788.8743,-0.013667872
2398,1105,1215.0271,2384.9983,194519.984375,3369129.75,467.99277,643.3086,626.5439,2267.3086,0.57571507,1808.1542,-0.10072008
2399,1339,1222.0553,2478.2517,195452.515625,3369059.5,196.6109,324.969,212.14078,2239.9043,0.8260102,1809.767,-0.10312212
2400,1481,1216.2572,3281.4822,203484.8125,3369117.5,543.0635,737.6023,777.35046,2280.7622,0.4990036,1823.6265,-0.104327716
2401,1239,1219.2534,1520.8313,185878.3125,3369087.5,634.35876,870.1816,932.839,2297.2634,0.4374012,1793.2441,-0.114371255
2402,1290,1219.4604,2581.162,196481.625,3369085.5,204.27829,351.96783,231.51395,2320.9524,0.81777644,1811.5416,-0.11990599
2403,1288,1216.0093,2648.2725,197152.71875,3369120.0,197.81483,331.21118,219.44449,2339.4724,0.8273732,1812.6981,-0.12136663
2404,1223,1218.7628,2714.7393,197817.390625,3369092.25,212.13696,362.33975,238.23018,2314.168,0.81195486,1813.8466,-0.11610583
2405,1628,1222.9988,1151.2174,182182.171875,3369050.0,205.64496,358.3492,231.0817,2284.5686,0.8150931,1786.8684,-0.1168879
2406,1520,1225.7612,115.753944,171827.546875,3369022.5,403.5408,565.8875,505.20395,1922.1967,0.55717385,1769.0049,-0.00782754
2407,1356,1218.7279,368.37167,174353.71875,3369092.75,275.8422,402.71533,349.89453,1831.1873,0.68036985,1773.3595,0.0025794911
2408,1579,1222.3483,531.14124,175981.40625,3369056.5,294.58392,429.9126,404.04813,1952.3002,0.65972096,1776.1696,-0.019530881
2409,1081,1220.7244,729.66235,177966.625,3369072.75,211.72156,354.7308,244.00833,2427.1118,0.815004,1779.5938,-0.13235246
2410,1275,1218.3741,977.7051,180447.046875,3369096.25,301.69803,477.63608,392.6161,2403.6868,0.74648184,1783.8722,-0.14029442
2411,1266,1222.3254,1677.68,187446.796875,3369056.75,757.64734,1025.7177,1073.5063,1802.6378,0.25693113,1795.9521,0.028286515
2412,1132,1222.4408,1610.4081,186774.078125,3369055.5,490.3847,744.2942,754.49164,2238.0847,0.49586362,1794.7914,-0.104446545
2413,1240,1222.388,2000.746,190677.453125,3369056.0,554.7565,787.80365,880.423,2117.1726,0.41927177,1801.5269,-0.07521643
2414,1413,1221.092,1078.9009,181459.015625,3369069.0,189.32838,345.4883,219.50743,2365.862,0.82932454,1785.6196,-0.1353323
2415,1216,1223.6661,1644.9104,187119.109375,3369043.25,621.63116,875.2105,910.26025,2034.3413,0.38091707,1795.3873,-0.04870523
2416,1458,1227.631,477.59738,175445.96875,3369003.75,295.77435,431.94513,387.1118,2035.6283,0.6824436,1775.2485,-0.044183873
2417,1129,1224.0302,877.9486,179449.484375,3369039.75,210.28387,356.12976,228.98936,2539.8804,0.83340013,1782.1539,-0.16755205
2418,1179,1224.0077,2220.7556,192877.5625,3369040.0,575.10223,812.40076,810.8058,2259.3809,0.47467783,1805.3242,-0.106566116
2419,1275,1225.4424,3075.0713,201420.71875,3369025.5,313.13177,482.57178,406.03687,2258.0972,0.6963672,1820.0684,-0.0961046
2420,1244,1221.9429,3243.1326,203101.328125,3369060.5,474.11575,675.9582,661.00726,2340.689,0.5650591,1822.9673,-0.11815178
2421,1454,1222.8336,3318.9663,203859.65625,3369051.75,418.41953,586.04193,600.6692,2133.8054,0.5815097,1824.2765,-0.0689078
2422,1482,1238.5142,4887.8545,219548.546875,3368894.75,403.84482,543.4346,461.36032,2591.2322,0.6900561,1851.3635,-0.13255118
2423,1223,1222.6345,2322.9885,193899.890625,3369053.75,591.86346,831.8827,876.3524,2326.043,0.45432433,1807.0878,-0.118675746
2424,1387,1226.9653,3031.5286,200985.28125,3369010.25,318.35977,486.07138,409.74045,2230.0872,0.6879147,1819.3176,-0.090417035
2425,1346,1223.6486,1190.0007,182570.0,3369043.5,209.06018,358.51968,235.9636,2238.3696,0.80790335,1787.5378,-0.10647667
2426,1240,1223.7822,3796.8008,208638.0,3369042.25,506.5105,663.4363,635.81696,2296.45,0.62406474,1832.5242,-0.10260414
2427,1221,1223.7437,3914.8755,209818.75,3369042.5,220.14415,348.22113,239.61426,2385.683,0.8171574,1834.5621,-0.1265544
2428,1092,1224.7463,2151.7573,192187.578125,3369032.5,567.1841,816.27563,871.00507,2314.2244,0.45666,1804.1339,-0.11869025
2429,1218,1227.5328,3114.4722,201814.71875,3369004.75,272.9146,435.9335,325.70444,2296.954,0.7462776,1820.7494,-0.101820916
2430,1496,1231.1525,3426.7666,204937.65625,3368968.5,327.74664,491.84225,394.4278,2444.8696,0.72515327,1826.1409,-0.12613782
2431,1391,1228.1769,1348.647,184156.46875,3368998.25,491.5593,669.3609,651.6218,2088.9412,0.5549065,1790.2776,-0.064953804
2432,1359,1228.0677,1780.5555,188475.5625,3368999.25,639.6232,904.7333,907.57764,2022.2075,0.36527947,1797.7301,-0.023451775
2433,1440,1230.4799,3469.4368,205364.375,3368975.25,263.93054,421.57846,312.209,2431.9834,0.7732594,1826.8771,-0.12728335
2434,1299,1230.8876,912.1201,179791.203125,3368971.0,213.408,368.88028,236.40878,2661.0476,0.8357561,1782.7471,-0.19129963
2435,1154,1229.1317,1960.377,190273.765625,3368988.75,526.09357,780.3796,820.5845,2203.6274,0.45737714,1800.8336,-0.094827354
2436,1313,1230.7806,2280.913,193479.125,3368972.25,511.6706,710.3641,680.1257,2248.3198,0.53613603,1806.3657,-0.1017706
2437,1326,1231.7534,4195.0054,212620.0625,3368962.5,230.89668,356.30768,281.29788,1926.5159,0.74000454,1839.401,0.0043971622
2438,1855,1235.6394,197.30835,172643.078125,3368923.5,260.31482,400.83505,354.57144,1841.1455,0.6834684,1770.417,-0.0123650255
2439,1048,1229.1727,2118.497,191854.96875,3368988.25,696.9604,854.3502,925.91077,1999.0463,0.38326463,1803.5621,-0.037238523
2440,1425,1232.8779,2991.729,200587.28125,3368951.25,280.6877,433.68912,356.86526,2193.1692,0.7296714,1818.6335,-0.087004766
2441,1369,1232.9554,4068.293,211352.9375,3368950.5,273.1786,414.1808,289.12747,2729.9917,0.80735475,1837.2144,-0.17142743
2442,1343,1233.1362,611.0737,176780.734375,3368948.75,322.08414,469.12808,422.41473,2205.9731,0.68622404,1777.5542,-0.08955852
2443,1325,1232.1472,1010.76904,180777.6875,3368958.5,184.52905,342.72717,209.17284,2336.8064,0.83479744,1784.4497,-0.1292053
2444,1516,1233.2909,1307.6161,183746.15625,3368947.0,269.80408,411.3219,327.08344,2028.9235,0.7366799,1789.5721,-0.052705664
2445,1330,1232.9955,2869.2021,199362.015625,3368950.0,206.75038,359.6782,227.16617,2530.0413,0.8343128,1816.519,-0.16111557
2446,1452,1233.909,3389.9402,204569.40625,3368941.0,344.92838,523.7032,477.0978,2279.6392,0.6665278,1825.5066,-0.1031699
2447,1230,1232.9667,841.97723,179089.765625,3368950.25,203.0683,342.32886,222.687,2449.8716,0.83194304,1781.5378,-0.14636064
2448,1291,1233.3308,2678.921,197459.203125,3368946.75,212.89697,355.2773,238.80325,2281.9067,0.80916464,1813.2354,-0.1096685
2449,1393,1234.313,573.00073,176400.0,3368936.75,426.96338,591.13855,580.28357,2174.145,0.6015338,1776.8978,-0.08485363
2450,1069,1230.6558,2188.145,192551.453125,3368973.5,525.65765,798.04865,834.35077,2315.023,0.46902105,1804.7648,-0.11774498
2451,1325,1234.7012,2439.9177,195069.171875,3368933.0,199.89433,330.67435,215.52113,2240.657,0.82386535,1809.1115,-0.104282364
2452,1340,1234.1216,2827.5664,198945.65625,3368938.75,207.7515,360.79178,229.28358,2444.7163,0.8279533,1815.801,-0.14558013
2453,1365,1236.0059,2912.6484,199796.484375,3368920.0,195.21906,338.88937,221.02051,2417.1619,0.83185196,1817.2703,-0.1393898
2454,1213,1234.1138,3152.3372,202193.375,3368938.75,245.27617,399.0783,276.19867,2315.652,0.7827565,1821.406,-0.109565094
2455,1332,1236.1427,3504.804,205718.03125,3368918.5,393.3386,569.34534,583.21545,2098.9287,0.5796532,1827.4901,-0.06419823
2456,1149,1233.2567,768.17755,178351.78125,3368947.5,235.49782,394.00784,267.2176,2653.9148,0.8131366,1780.2648,-0.17796458
2457,1315,1232.5468,2787.515,198545.15625,3368954.5,206.47528,352.55438,226.62889,2387.921,0.82596403,1815.1091,-0.13359153
2458,1296,1235.6573,3545.2507,206122.5,3368923.5,803.70294,988.7299,1064.0918,1844.1436,0.28950134,1828.188,0.000760169
2459,1356,1238.0015,3583.539,206505.390625,3368900.0,760.64453,939.5177,906.2117,2361.05,0.44429904,1828.8499,-0.09337322
2460,1330,1235.303,3996.9114,210639.109375,3368927.0,181.67894,303.28534,211.94774,2093.2402,0.81591624,1835.9834,-0.061519176
2461,1246,1235.2937,4106.424,211734.234375,3368927.0,215.54535,346.43982,235.2777,2413.305,0.8228346,1837.8737,-0.119742356
2462,1366,1237.0212,76.2306,171432.3125,3368909.75,444.57834,613.0359,583.7035,1856.044,0.4944897,1768.329,0.011626244
2463,1216,1234.921,647.9367,177149.375,3368930.75,339.25577,504.6809,461.87335,2478.5198,0.68047535,1778.191,-0.14496377
2464,1327,1238.398,1880.2019,189472.015625,3368896.0,654.0158,913.30444,956.0716,2245.733,0.4183373,1799.4547,-0.104647204
2465,1207,1237.203,1924.0414,189910.40625,3368908.0,639.51575,925.0294,940.826,2286.807,0.43614084,1800.2106,-0.11604024
2466,1119,1235.4835,2032.8248,190998.25,3368925.25,587.4093,831.43787,924.7855,2186.1357,0.40619248,1802.0869,-0.09266271
2467,1104,1235.558,4145.2837,212122.84375,3368924.5,271.856,420.67935,359.02808,2096.491,0.7097564,1838.5444,-0.045245845
2468,1271,1236.5051,2616.4028,196834.03125,3368915.0,199.02281,337.84894,222.83635,2317.0457,0.8236059,1812.158,-0.11848733
2469,1470,1240.0531,2951.4592,200184.59375,3368879.5,200.81429,333.6653,214.60341,2282.0742,0.8277273,1817.942,-0.11202278
2470,2009,1244.0941,294.07068,173610.703125,3368839.0,322.41962,463.4913,420.95023,1921.5386,0.64259773,1772.0907,-0.016995179
2471,1443,1239.6902,1111.2578,181782.578125,3368883.0,206.3659,363.9418,236.32468,2341.9993,0.81584173,1786.1874,-0.13054724
2472,1147,1233.8867,2513.0315,195800.3125,3368941.25,205.86313,344.2659,222.59024,2321.2913,0.82450277,1810.3728,-0.12153295
2473,1344,1241.1057,804.49927,178715.0,3368869.0,219.9241,363.26562,244.65886,2451.0637,0.8160019,1780.8954,-0.14090173
2474,1324,1238.1654,3210.9902,202779.90625,3368898.25,598.287,805.40485,819.64575,2308.5862,0.4758019,1822.4202,-0.11090408
2475,1383,1243.4294,3625.3044,206923.046875,3368845.75,454.07953,636.58856,613.4346,2426.4614,0.59821874,1829.5732,-0.120512746
2476,1480,1243.4331,1423.2662,184902.65625,3368845.75,595.2689,794.23615,863.9304,2022.751,0.4245547,1791.5728,-0.050104536
2477,1293,1239.9165,3959.2065,210262.0625,3368880.75,169.93117,292.05722,192.19954,2107.5383,0.8325437,1835.3347,-0.067489885
2478,1635,1244.318,431.874,174988.734375,3368836.75,288.88928,422.1413,386.44647,1954.847,0.6745425,1774.4683,-0.030110192
2479,1249,1240.0992,946.3963,180133.96875,3368879.0,226.253,390.78302,271.20297,2541.0518,0.81568015,1783.3431,-0.16848986
2480,1327,1244.682,1579.4875,186464.875,3368833.25,544.711,758.2675,770.8474,2197.5437,0.49442378,1794.2689,-0.09494016
2481,1212,1240.1692,3350.991,204179.90625,3368878.25,268.19556,427.6576,340.31683,2370.146,0.7606981,1824.8373,-0.123881504
2482,1958,1247.9622,248.81818,173158.1875,3368800.5,283.71603,418.833,395.50153,1761.931,0.6375712,1771.312,0.019923167
2483,1365,1242.7472,1813.1787,188801.78125,3368852.5,873.9026,1171.9132,1273.9868,2060.549,0.24067627,1798.3003,-0.049856447
2484,1283,1243.353,2401.3438,194683.4375,3368846.5,211.97116,344.63757,226.10678,2293.7495,0.81898665,1808.4501,-0.11357175
2485,1682,1244.657,22.529133,170895.296875,3368833.5,408.4667,561.3597,561.7646,1752.3014,0.49936208,1767.4065,0.029883057
2486,1381,1242.4786,2357.6807,194246.8125,3368855.25,354.10428,509.6097,451.3186,2197.2332,0.6714545,1807.6962,-0.085866526
2487,1637,1246.0116,3697.0293,207640.296875,3368820.0,543.372,727.4569,787.2743,2168.0386,0.47246376,1830.8124,-0.07243948
2488,1434,1244.3905,690.73083,177577.3125,3368836.0,342.1855,516.92676,440.7838,2508.1296,0.7004346,1778.9342,-0.13093948
2489,1240,1242.4476,1043.3734,181103.734375,3368855.5,190.8379,346.54153,216.21814,2373.8235,0.8321879,1785.0175,-0.13701037
2490,1328,1246.8531,3855.8606,209228.609375,3368811.5,349.50903,526.14307,466.05045,2566.1868,0.69485885,1833.5542,-0.14969552
2491,1157,1246.0155,3891.1062,209581.0625,3368819.75,194.3751,323.29214,220.81331,2217.8643,0.8187291,1834.1621,-0.08914947
2492,1339,1245.8745,1219.1023,182861.03125,3368821.25,282.3185,426.76324,385.33606,2012.4989,0.67981374,1788.0513,-0.05257607
2493,1397,1245.3658,149.32283,172163.234375,3368826.25,275.0816,416.29706,357.2713,1833.781,0.68025297,1769.5942,-0.008576828
2494,1651,1248.361,338.1999,174052.0,3368796.5,299.85645,435.54572,391.79346,1900.0685,0.66030574,1772.8542,-0.016615927
2495,1517,1253.8385,508.05536,175750.546875,3368741.5,307.96573,446.74423,422.79105,1927.7811,0.64629126,1775.7875,-0.00059750205
2496,1281,1247.2982,1466.0945,185330.9375,3368807.0,546.3349,726.55194,744.9161,2120.3447,0.5106802,1792.3136,-0.069411546
2497,1115,1246.5273,2066.9685,191339.6875,3368814.75,641.8462,838.548,873.4475,2053.979,0.40830764,1802.6815,-0.055393625
2498,1295,1248.2433,2247.1807,193141.8125,3368797.5,537.6703,749.0123,739.82043,2257.4128,0.5082635,1805.7921,-0.10505008
2499,1486,1250.0188,3735.7502,208027.5,3368779.75,185.94078,331.32773,213.01279,2344.272,0.8353466,1831.4825,-0.11820031
2500,1174,1244.6099,4032.2964,210992.96875,3368834.0,184.82623,307.41992,208.99574,2124.6448,0.8206083,1836.5984,-0.06775745
2501,1498,1250.271,385.89453,174528.9375,3368777.25,313.98465,455.31042,409.68356,2073.0066,0.6689143,1773.6781,-0.050897975
2502,1271,1251.4437,3819.6562,208866.5625,3368765.5,629.94885,804.1015,829.25336,2150.8113,0.4435607,1832.9314,-0.06389761
2503,1278,1252.6025,1505.8114,185728.109375,3368754.0,469.08646,677.1612,732.3572,2256.1414,0.5245763,1793.0016,-0.10643253
2504,1355,1248.3159,1744.8856,188118.859375,3368796.75,654.1723,911.12067,932.27344,1782.8845,0.30138022,1797.1246,0.033790562
2505,1227,1249.9698,1847.2926,189142.921875,3368780.25,803.0917,1089.1014,1160.0538,2266.4512,0.34030056,1798.8926,-0.104284644
2506,1077,1251.7122,2095.9033,191629.03125,3368763.0,574.0102,817.82916,870.2391,2253.831,0.44984844,1803.1833,-0.10339975
2507,1390,1250.3964,2747.2727,198142.71875,3368776.0,205.67482,350.87518,225.89676,2345.113,0.8236286,1814.4231,-0.12483734
2508,1461,1252.7023,1260.8351,183278.34375,3368753.0,203.14134,343.15265,230.55237,2158.4055,0.8046307,1788.7748,-0.08703824
2509,1400,1254.1157,1380.1736,184471.734375,3368738.75,280.10178,412.26965,318.16965,2098.0024,0.7426401,1790.8345,-0.069070876
2510,1333,1254.5679,1541.0975,186080.96875,3368734.25,429.89722,652.2637,592.536,2434.4707,0.608241,1793.6115,-0.14103206
2511,1378,1252.3208,2545.8252,196128.25,3368756.75,204.0341,340.26996,223.27757,2210.0486,0.815216,1810.9476,-0.09518407
2512,1312,1253.4253,3257.4482,203244.484375,3368745.75,304.65472,464.62042,378.95047,2200.9648,0.7081188,1823.2291,-0.082801804
2513,1319,1256.0402,3182.0547,202490.546875,3368719.5,432.417,625.1334,614.5974,2322.314,0.5845408,1821.9292,-0.11532321
2514,1362,1253.9274,3772.8599,208398.59375,3368740.75,307.30103,463.87665,380.77533,2398.842,0.7398418,1832.1249,-0.12457545
2515,1336,1255.3907,1694.4125,187614.125,3368726.0,590.5887,832.4424,864.02246,1966.1685,0.38638222,1796.2572,-0.034940504
2516,1191,1252.5399,2709.7876,197767.875,3368754.5,201.36398,346.1016,226.8136,2261.7158,0.81670827,1813.7773,-0.106256425
2517,1295,1256.5637,3056.668,201236.6875,3368714.25,241.92548,392.0915,269.1382,2404.298,0.7987438,1819.7655,-0.13551062
2518,1437,1257.1023,3293.7168,203607.171875,3368709.0,227.74321,382.9019,252.50452,2284.8762,0.79932636,1823.8568,-0.103257015
2519,1135,1251.3744,733.51807,178005.1875,3368766.25,221.2652,367.75858,250.04141,2551.6494,0.81836575,1779.676,-0.15489005
2520,1139,1256.8788,1983.9131,190509.125,3368711.25,681.1883,876.9666,957.7318,2039.7533,0.36027637,1801.2534,-0.054101817
2521,999,1254.4034,2169.8618,192368.625,3368736.0,650.5285,897.2738,963.83887,2236.1802,0.3992329,1804.4608,-0.09875758
2522,1309,1254.8809,2313.9465,193809.46875,3368731.25,527.40564,708.4664,710.3346,2123.3552,0.49888477,1806.9475,-0.068359055
2523,1314,1259.6979,4173.824,212408.25,3368683.0,244.363,370.1423,296.45282,1939.0967,0.7314502,1839.0481,0.003101316
2524,1216,1255.4976,1620.5394,186875.390625,3368725.0,591.9157,836.52264,866.16736,2243.8667,0.4417405,1794.9827,-0.10270961
2525,1354,1257.7703,983.15656,180501.5625,3368702.25,235.05576,396.11227,273.8512,2487.9158,0.80449253,1783.9863,-0.1570244
2526,1316,1257.3298,2648.237,197152.375,3368706.75,206.40349,342.13754,226.89362,2252.605,0.81591773,1812.7174,-0.10409465
2527,1214,1254.949,2581.7744,196487.75,3368730.5,199.3336,340.05807,222.035,2192.8691,0.8150575,1811.5693,-0.091425076
2528,1276,1259.8041,3094.3943,201613.9375,3368682.0,336.30173,498.6587,463.3754,2221.9644,0.65400654,1820.4181,-0.08999518
2529,1327,1259.7506,3927.9985,209949.984375,3368682.5,192.8832,318.60062,227.1703,2101.74,0.80464137,1834.8052,-0.06396642
2530,1245,1257.6675,871.11566,179381.15625,3368703.25,193.88635,338.2072,212.41928,2444.5503,0.8384531,1782.0532,-0.14449708
2531,1494,1260.6353,1178.6493,182456.5,3368673.75,223.47156,375.54517,254.95515,2341.0923,0.80271965,1787.3607,-0.13041592
2532,1121,1259.3345,2137.2979,192042.984375,3368686.75,689.6026,905.0611,1022.74084,2127.8542,0.36270258,1803.9014,-0.07125032
2533,1407,1261.3447,2466.565,195335.65625,3368666.5,204.29886,336.32233,211.76262,2262.531,0.8281211,1809.5842,-0.108179
2534,1365,1262.134,1070.6212,181376.21875,3368658.75,187.36996,337.1099,214.26996,2361.9365,0.832691,1785.4976,-0.1333052
2535,1314,1260.9102,1656.1804,187231.8125,3368671.0,533.20355,765.3406,761.46576,2094.374,0.46224365,1795.6003,-0.06964515
2536,1162,1260.4001,3131.0886,201980.890625,3368676.0,355.24872,520.00604,502.96643,2167.5715,0.6281151,1821.0518,-0.07520035
2537,1457,1264.6116,548.32806,176153.28125,3368634.0,292.03363,425.4928,390.12286,1937.7618,0.6641719,1776.4878,-0.018100196
2538,1383,1263.2357,3013.9624,200809.625,3368647.75,245.04555,402.19232,265.4801,2441.0217,0.8037717,1819.0317,-0.14281128
2539,1277,1260.4847,4966.838,220338.375,3368675.25,217.89507,347.29602,301.04855,2086.9333,0.7482878,1852.7367,-0.055254094
2540,1074,1263.202,2013.366,190803.65625,3368648.0,660.0596,882.82446,934.9446,2189.4185,0.40351647,1801.7648,-0.08946065
2541,1355,1263.4827,2210.8318,192778.3125,3368645.25,563.4989,813.3494,845.7893,2275.168,0.4617276,1805.1722,-0.109957576
2542,1402,1265.3395,3448.6355,205156.359375,3368626.5,523.16406,710.9422,737.52496,2209.9443,0.5124644,1826.5344,-0.08751426
2543,1439,1262.6761,3660.2036,207272.03125,3368653.25,664.99164,853.74426,987.9034,2101.3599,0.3664146,1830.1846,-0.06269902
2544,1330,1259.4338,4930.9287,219979.28125,3368685.75,362.53873,503.47104,502.89587,2182.317,0.6298445,1852.1165,-0.074105315
2545,1369,1263.8005,469.22498,175362.25,3368642.0,319.38058,457.34552,431.71002,1976.6465,0.6475837,1775.1227,-0.022189654
2546,1480,1266.4885,1140.425,182074.25,3368615.0,207.21758,360.57263,232.69359,2360.333,0.81963265,1786.7041,-0.13392061
2547,1405,1263.8868,1339.1381,184061.375,3368641.25,214.44235,355.51816,245.68327,2163.7844,0.79269224,1790.1313,-0.083037354
2548,1123,1262.3446,1949.9073,190169.078125,3368656.5,461.8148,672.5962,645.7382,2219.5334,0.5568044,1800.6693,-0.097838864
2549,1362,1266.6094,2892.0764,199590.765625,3368614.0,200.05948,344.21072,221.67915,2442.4612,0.8331461,1816.9298,-0.14506972
2550,1451,1268.4756,4865.1826,219321.828125,3368595.25,412.65472,563.5293,507.45865,2389.4622,0.65228665,1850.9856,-0.10384826
2551,1399,1268.2852,59.145817,171261.453125,3368597.25,841.4146,1053.624,1058.8835,1858.3545,0.24627334,1768.0505,0.052489422
2552,1560,1266.707,102.239746,171692.390625,3368613.0,333.41666,485.0936,392.9923,1898.4391,0.6325813,1768.7931,-0.006440796
2553,1204,1263.769,2503.4343,195704.34375,3368642.25,201.40033,335.0465,212.31479,2253.2607,0.82699704,1810.2217,-0.105867736
2554,1313,1266.3663,2853.5095,199205.09375,3368616.25,213.84006,365.14014,235.14471,2436.9048,0.8232,1816.2642,-0.14292797
2555,1207,1266.8309,1906.9313,189739.3125,3368611.75,677.65906,947.5269,1019.1293,2278.1665,0.3783173,1799.9299,-0.1058591
2556,1190,1264.7858,4133.8335,212008.34375,3368632.25,253.28235,409.30252,301.88318,2485.0764,0.784104,1838.3602,-0.13652062
2557,1615,1269.2161,4804.0723,218710.71875,3368587.75,303.61578,463.84674,437.21487,2190.1875,0.6663861,1849.931,-0.073003195
2558,1503,1265.7665,5082.6416,221496.40625,3368622.25,364.7771,523.25684,449.3094,2674.1624,0.71527076,1854.738,-0.14971334
2559,1145,1265.5842,655.2288,177222.28125,3368624.25,342.6987,501.7904,487.97293,2176.4724,0.6433312,1778.3326,-0.08035336
2560,1199,1272.1752,1722.2611,187892.609375,3368558.25,571.6268,825.5004,856.6284,2123.477,0.42216727,1796.7461,-0.07696079
2561,1365,1269.0183,3328.0103,203950.09375,3368589.75,197.2575,331.75018,215.27032,2209.537,0.82032424,1824.4543,-0.08425789
2562,1430,1266.1461,5001.924,220689.234375,3368618.5,232.18951,369.49582,308.72586,2228.928,0.7561703,1853.3448,-0.08117155
2563,1382,1267.9573,904.76263,179717.625,3368600.5,194.28473,336.15088,211.52098,2427.6575,0.83765626,1782.6389,-0.13938446
2564,1177,1265.6271,2781.7085,198487.09375,3368623.75,210.59175,360.02252,230.74979,2402.717,0.82433957,1815.0248,-0.13749978
2565,1316,1268.1862,4093.297,211602.96875,3368598.25,183.94719,309.13638,210.03952,2221.681,0.82669044,1837.6621,-0.08772367
2566,1391,1264.78,5041.368,221083.6875,3368632.25,282.92596,416.1366,358.3343,2256.5261,0.72254646,1854.0251,-0.08488228
2567,1423,1269.5629,1298.3661,183653.65625,3368584.25,203.04181,347.7934,226.08292,2295.176,0.8187158,1789.4308,-0.116822235
2568,1393,1268.8779,1777.3008,188443.0,3368591.25,641.5287,908.6346,925.0463,2063.4548,0.38078186,1797.6941,-0.05583578
2569,1285,1269.1277,2816.7595,198837.59375,3368588.75,200.3603,339.135,221.7,2323.6797,0.8249827,1815.6312,-0.11977524
2570,1264,1269.4952,3524.792,205917.921875,3368585.0,833.3101,1027.0934,1017.5791,2211.8394,0.35383263,1827.8507,-0.062587924
2571,1326,1271.3243,587.1312,176541.3125,3368566.75,343.10483,498.59048,474.27,2138.883,0.6499246,1777.1606,-0.07150052
2572,1296,1270.9814,619.2184,176862.1875,3368570.25,348.35107,503.68906,476.64197,2204.53,0.6489097,1777.7141,-0.08634222
2573,1129,1265.2418,766.6253,178336.25,3368627.5,231.51108,382.42337,262.28522,2600.9822,0.8142799,1780.2543,-0.16722344
2574,1301,1269.5066,832.422,178994.21875,3368585.0,209.78824,357.1595,231.6887,2490.948,0.82811815,1781.3916,-0.15223642
2575,1528,1272.7847,2973.3286,200403.28125,3368552.25,312.0314,474.4077,385.7428,2290.843,0.7158192,1818.335,-0.10609675
2576,1297,1270.1572,3368.1304,204351.3125,3368578.5,307.85043,462.36853,408.76254,2208.404,0.70589715,1825.1472,-0.09131569
2577,1485,1271.8317,3408.2754,204752.75,3368561.75,531.4976,744.3151,778.703,2322.1462,0.50950193,1825.8408,-0.11382868
2578,1368,1270.8165,3485.7756,205527.75,3368571.75,756.0446,945.73175,958.0219,1979.2595,0.3442041,1827.178,-0.020767638
2579,1155,1269.3152,3560.1975,206271.96875,3368586.75,409.46838,562.1082,447.10303,2632.0676,0.69969916,1828.4617,-0.14816801
2580,1353,1270.2054,2279.4,193464.0,3368578.0,561.53253,783.25354,785.67554,2320.5142,0.49064296,1806.3588,-0.11434376
2581,1374,1271.5538,2425.519,194925.1875,3368564.5,204.4687,336.3712,213.30276,2238.3435,0.8248636,1808.8809,-0.10108991
2582,1384,1273.6777,3226.1892,202931.890625,3368543.25,296.6828,443.901,354.0224,2240.5476,0.7351808,1822.6992,-0.09501667
2583,1284,1271.1986,4054.5085,211215.09375,3368568.0,252.1176,403.22507,269.93924,2565.3076,0.80903417,1836.994,-0.14718221
2584,1292,1271.4583,4007.383,210743.828125,3368565.5,182.16176,313.89783,200.26006,2226.7012,0.83457726,1836.1808,-0.092847146
2585,1154,1273.026,2045.3484,191123.484375,3368549.75,647.9467,887.409,926.70624,2207.825,0.40111208,1802.3214,-0.090593025
2586,1496,1274.8583,1022.9806,180899.8125,3368531.5,198.35127,354.29813,225.01671,2484.507,0.83262235,1784.682,-0.15715486
2587,1401,1276.4989,2383.2505,194502.5,3368515.0,201.08458,326.35367,208.00499,2199.929,0.82654476,1808.1539,-0.094816074
2588,1552,1276.8337,2928.64,199956.40625,3368511.75,212.2384,353.12112,251.3982,2282.4807,0.8066753,1817.5657,-0.111613415
2589,1392,1274.5222,3969.6243,210366.25,3368534.75,199.6329,331.62213,226.99713,2212.8188,0.8138022,1835.5304,-0.08896863
2590,1162,1274.9647,714.8468,177818.46875,3368530.25,282.88037,437.3382,386.6532,2172.0706,0.70844775,1779.366,-0.06946089
2591,1264,1275.4106,3592.9731,206599.734375,3368526.0,328.8137,473.7856,414.9557,2267.4954,0.6964541,1829.0302,-0.09213616
2592,1281,1277.2959,2346.328,194133.28125,3368507.0,205.30992,314.01562,209.97853,2053.2864,0.8131765,1807.5171,-0.058291767
2593,1231,1273.5045,2613.0723,196800.71875,3368545.0,202.94963,338.10318,226.73355,2142.8303,0.80666786,1812.1184,-0.07869725
2594,1360,1276.0309,2680.025,197470.25,3368519.75,201.3478,338.15442,222.4489,2198.553,0.81468344,1813.2749,-0.09171591
2595,1312,1277.6295,1102.4185,181694.1875,3368503.75,196.93254,348.0606,223.18483,2302.5828,0.82246083,1786.0541,-0.121207595
2596,1327,1278.4355,1448.0814,185150.8125,3368495.75,237.41447,367.41333,260.24756,2155.957,0.7824623,1792.0184,-0.08399703
2597,1413,1280.8861,403.3857,174703.859375,3368471.25,322.2739,471.13022,437.31564,2164.6038,0.6687553,1773.9956,-0.07681829
2598,1345,1274.3531,946.2164,180132.15625,3368536.5,323.29666,494.41226,428.48178,2388.798,0.72693,1783.3574,-0.13241728
2599,1166,1277.5198,1594.6938,186616.9375,3368504.75,575.6634,809.3821,845.476,2293.4133,0.46218923,1794.5476,-0.114687055
2600,1207,1278.7631,3799.8484,208668.484375,3368492.25,746.31067,919.15247,1055.2146,1945.4681,0.30441302,1832.6022,-0.012388321
2601,1230,1277.335,1228.1951,182951.953125,3368506.75,224.59674,368.76544,257.5492,2236.294,0.7939425,1788.224,-0.10586435
2602,1378,1280.4768,1408.762,184757.625,3368475.25,233.60449,369.76923,281.57294,2063.1084,0.7575916,1791.341,-0.06012329
2603,1432,1281.8966,4909.1787,219761.78125,3368461.0,237.33171,372.2357,325.69763,2244.9575,0.74599797,1851.751,-0.08846905
2604,1303,1280.36,798.1228,178651.234375,3368476.5,248.48503,404.56485,280.83423,2645.1052,0.806715,1780.8054,-0.1743149
2605,1188,1280.0387,1486.0454,185530.453125,3368479.5,234.61911,368.99033,272.14267,2113.5403,0.76917994,1792.6742,-0.07423783
2606,1246,1280.5891,1874.419,189414.1875,3368474.0,758.32306,1020.1906,1106.5718,1908.8563,0.26195046,1799.3757,-0.0052178623
2607,1022,1279.862,2111.311,191783.109375,3368481.5,601.47894,832.8733,932.76074,2012.68,0.3718308,1803.463,-0.04723903
2608,1236,1283.0267,3159.0413,202260.40625,3368449.75,256.62622,401.52347,297.0898,2276.8367,0.76931167,1821.5448,-0.10432351
2609,1718,1285.6758,316.48428,173834.84375,3368423.25,329.20258,479.1432,441.89465,1981.1287,0.63808507,1772.4989,-0.040214855
2610,1622,1285.0697,358.1862,174251.859375,3368429.25,299.8884,442.58694,399.41678,1937.0018,0.6631828,1773.218,-0.019560479
2611,1350,1278.8192,3886.0564,209530.5625,3368491.75,312.65704,478.39703,375.80444,2556.36,0.7374244,1834.0901,-0.143915
2612,1302,1284.616,1559.2627,186262.625,3368433.75,472.69623,702.942,743.4804,2370.1758,0.54354453,1793.9398,-0.1309199
2613,1221,1281.5602,1811.3219,188783.21875,3368464.5,597.0905,872.1495,849.51843,1914.5466,0.37758914,1798.2875,-0.015787376
2614,1259,1281.2009,3626.8777,206938.78125,3368468.0,539.89355,694.3249,731.01666,2082.8975,0.4899042,1829.618,-0.05468689
2615,1194,1284.9028,677.8886,177448.890625,3368431.0,294.6826,446.82495,404.42545,2235.03,0.6904626,1778.7334,-0.086342454
2616,1427,1284.0974,3844.3792,209113.796875,3368439.0,714.8248,899.5592,994.1927,2202.5103,0.38291264,1833.3732,-0.07937383
2617,1396,1285.9283,439.36963,175063.703125,3368420.75,331.72635,477.9033,445.4477,2166.298,0.6624829,1774.619,-0.075648464
2618,1324,1285.0566,2723.2205,197902.203125,3368429.5,203.51585,343.50983,221.65483,2224.3806,0.81756157,1814.0247,-0.09780941
2619,1350,1290.5823,5119.758,221867.578125,3368374.25,293.7911,437.08926,339.96964,2548.7192,0.76146144,1855.3898,-0.1312465
2620,1406,1286.7468,29.177097,170961.765625,3368412.5,702.02277,906.33,818.2923,1301.0264,0.08507786,1767.5432,0.28220737
2621,1094,1282.4369,2177.959,192449.59375,3368455.75,600.32544,826.28107,882.8108,2173.362,0.41996884,1804.6143,-0.08265095
2622,1296,1287.4984,2529.3503,195963.5,3368405.0,205.96489,338.24384,214.80016,2217.5452,0.8221484,1810.6803,-0.09678355
2623,1531,1287.8021,3723.8218,207908.21875,3368402.0,210.68779,367.98956,223.20052,2511.4858,0.83565384,1831.2942,-0.1419341
2624,1762,1294.6044,274.99432,173419.9375,3368334.0,315.70657,457.563,421.32294,1846.8297,0.6288476,1771.7878,0.012533999
2625,1140,1285.8824,1843.1588,189101.59375,3368421.25,629.48334,891.2171,899.6465,1754.2798,0.31208313,1798.839,0.042806804
2626,1227,1286.9911,3041.7065,201087.0625,3368410.0,257.23227,407.44742,330.249,2239.6238,0.7527333,1819.5217,-0.101081856
2627,1484,1289.5222,3685.9448,207529.453125,3368384.75,290.2857,446.23315,361.20282,2288.0688,0.72731036,1830.6414,-0.09811472
2628,1261,1289.3894,2078.9922,191459.921875,3368386.0,644.52893,910.339,999.84454,2367.6582,0.40649673,1802.91,-0.1286536
2629,1377,1286.9441,2244.4067,193114.0625,3368410.5,533.4005,778.8395,775.1278,2327.105,0.5033749,1805.7631,-0.120329335
2630,1343,1288.6233,2570.7715,196377.71875,3368393.75,200.93709,339.51862,218.91512,2274.2297,0.82367665,1811.3956,-0.11030521
2631,1397,1291.955,524.0,175910.0,3368360.5,313.44308,451.3579,433.2405,2011.3959,0.6501779,1776.0822,-0.03925451
2632,1260,1294.8096,1198.3683,182653.6875,3368332.0,252.5,409.80673,301.4365,2279.2024,0.7676557,1787.7181,-0.11068004
2633,1393,1291.7085,1370.1543,184371.546875,3368363.0,208.60194,343.4476,241.32124,2159.1155,0.79577583,1790.6805,-0.085022606
2634,1348,1292.1061,1674.8212,187418.21875,3368359.0,556.87427,779.37463,794.19995,2167.157,0.46515107,1795.9374,-0.085482955
2635,1145,1291.1442,1936.1633,190031.625,3368368.5,523.5524,756.5004,775.6524,2367.3604,0.5167075,1800.4463,-0.1292261
2636,1272,1292.1085,2759.915,198269.15625,3368359.0,201.56407,343.90842,224.70401,2263.1729,0.81808853,1814.6614,-0.10658389
2637,1344,1293.7998,3196.456,202634.5625,3368342.0,260.44418,410.0982,322.3869,2206.012,0.75363034,1822.1956,-0.08937694
2638,1399,1291.0393,3265.1387,203321.390625,3368369.5,211.22945,354.5697,237.1351,2269.9507,0.8114562,1823.3796,-0.10484131
2639,1461,1292.0452,3763.5552,208305.546875,3368359.5,229.38809,369.42368,270.53937,2382.866,0.7950056,1831.9819,-0.12154793
2640,1364,1291.1796,4630.3374,216973.375,3368368.25,279.26392,440.43475,351.61145,2338.3738,0.7398435,1846.942,-0.105656445
2641,1266,1292.4021,860.1643,179271.640625,3368356.0,209.80331,363.58374,231.73143,2526.4163,0.8295951,1781.882,-0.15642741
2642,1327,1292.0347,1263.407,183304.0625,3368359.75,211.41974,352.7095,226.74567,2409.2524,0.82677716,1788.8389,-0.14230523
2643,1484,1295.2278,1520.4642,185874.640625,3368327.75,336.56805,503.7254,470.34973,2152.5383,0.66386575,1793.2756,-0.08204943
2644,1417,1294.1271,1630.8003,186978.0,3368338.75,542.8578,764.8712,795.6415,2250.969,0.48997626,1795.1788,-0.10560033
2645,1433,1297.0447,1749.8918,188168.921875,3368309.5,584.90857,855.0701,887.8726,2398.3787,0.46672007,1797.2351,-0.13561897
2646,1290,1293.6558,1973.7023,190407.03125,3368343.5,543.012,731.05817,744.1624,2187.2864,0.49056214,1801.0953,-0.08227582
2647,1402,1294.1227,3083.3167,201503.171875,3368338.75,382.99643,568.4083,566.7457,2232.491,0.61028904,1820.2433,-0.09177464
2648,1469,1298.115,4666.912,217339.125,3368298.75,258.58542,413.9646,331.45337,2237.8196,0.7399489,1847.5764,-0.08708987
2649,1666,1300.419,4837.7856,219047.859375,3368275.75,344.61465,503.08102,478.9628,2231.3704,0.6483585,1850.5269,-0.081635825
2650,1271,1294.2542,754.09283,178210.921875,3368337.5,247.50826,387.76633,305.21793,2336.3164,0.7650176,1780.0529,-0.10607327
2651,1328,1293.4706,2315.9202,193829.203125,3368345.25,269.28012,407.7598,329.77335,2083.355,0.73612845,1807.0002,-0.060965568
2652,1250,1293.56,3122.4863,201894.859375,3368344.5,246.4876,384.9572,288.1624,2175.484,0.76461875,1820.919,-0.07959395
2653,1477,1298.13,1057.1909,181241.90625,3368298.75,181.64421,331.2028,207.45158,2414.9468,0.84034914,1785.284,-0.14374529
2654,1338,1296.5553,2487.5664,195545.65625,3368314.5,209.75748,341.7418,216.11584,2245.6958,0.82306457,1809.9637,-0.10269775
2655,1345,1296.3837,4165.131,212321.3125,3368316.25,261.02304,398.49518,290.05875,2341.3035,0.7731959,1838.9148,-0.09366204
2656,1372,1293.6144,983.8411,180508.40625,3368343.75,220.31924,370.9293,242.81888,2596.5967,0.82754743,1784.0164,-0.17779954
2657,1136,1295.1039,2142.7588,192097.59375,3368329.0,660.6184,876.4261,956.23724,2092.5325,0.3791763,1804.0131,-0.063001744
2658,1202,1298.1273,4032.426,210994.265625,3368298.75,201.198,356.23462,224.45009,2345.5598,0.82471323,1836.6252,-0.1163476
2659,1192,1294.443,4126.0337,211930.34375,3368335.5,283.42786,433.3125,314.47818,2537.5486,0.7819345,1838.2391,-0.14495198
2660,1673,1296.1046,4959.9424,220269.421875,3368319.0,238.98027,380.17004,310.06067,2373.6404,0.76894635,1852.6335,-0.11534151
2661,1427,1300.2053,2449.169,195161.6875,3368278.0,206.44745,342.49124,216.92502,2290.7844,0.82620955,1809.3029,-0.11472443
2662,1326,1296.463,2643.991,197109.90625,3368315.25,212.72096,346.04828,232.74849,2088.4592,0.7964033,1812.663,-0.06145772
2663,1254,1292.6802,3928.657,209956.5625,3368353.25,304.71692,465.02393,408.1188,2170.5496,0.69945705,1834.8318,-0.07583413
2664,1321,1298.1643,5052.4756,221194.75,3368298.25,273.03784,409.9296,372.43527,2160.4126,0.70577615,1854.2317,-0.06670772
2665,1309,1301.0963,1165.3445,182323.4375,3368269.0,205.87013,355.44424,230.94728,2379.6765,0.8211458,1787.1515,-0.13745147
2666,1412,1299.9993,3301.9058,203689.0625,3368280.0,388.42917,564.08215,535.24646,2139.7507,0.6247044,1824.0183,-0.07487093
2667,1146,1299.8386,919.8028,179868.03125,3368281.5,177.69197,317.73123,202.8883,2372.973,0.84056467,1782.9147,-0.1258442
2668,1329,1300.1641,1330.4109,183974.109375,3368278.25,206.66516,347.97217,226.28894,2368.8345,0.8238377,1789.999,-0.13274555
2669,1260,1297.3547,2010.5063,190775.0625,3368306.5,735.2353,921.5655,1029.7985,2007.4258,0.32077953,1801.7322,-0.044301204
2670,1387,1301.2458,2876.4253,199434.25,3368267.5,196.41096,342.9553,221.6287,2393.6387,0.8299857,1816.6763,-0.13478018
2671,1242,1299.7255,3434.1553,205011.5625,3368282.75,788.53625,985.78827,1015.2641,1984.4082,0.31212914,1826.3005,-0.022563353
2672,1550,1302.26,3002.416,200694.15625,3368257.5,321.9755,490.88193,418.41934,2244.8064,0.7026305,1818.851,-0.101166904
2673,1272,1300.2461,4079.36,211463.59375,3368277.5,187.36949,325.83334,222.26414,2148.6296,0.8119534,1837.4363,-0.074041866
2674,1476,1300.7554,5010.768,220777.6875,3368272.5,251.53285,388.69037,325.25,2291.3975,0.7531033,1853.513,-0.09917572
2675,1530,1304.6621,75.331375,171423.3125,3368233.5,422.75687,578.32745,523.6699,2043.8687,0.63276595,1768.3488,-0.05937165
2676,1492,1302.7802,571.8968,176388.96875,3368252.25,324.58847,470.7426,454.3653,2066.339,0.64498013,1776.9141,-0.048945054
2677,1416,1301.9957,635.49506,177024.953125,3368260.0,326.47104,485.33615,465.7479,2240.6646,0.66183025,1778.0107,-0.09154853
2678,1315,1304.7909,1707.5004,187745.0,3368232.0,632.0411,844.76385,896.6422,2007.1282,0.38562846,1796.5076,-0.051532786
2679,1343,1302.2412,2796.2383,198632.375,3368257.5,209.54988,348.56216,231.60164,2294.8433,0.8157456,1815.293,-0.1129676
2680,1356,1302.5044,2838.5522,199055.53125,3368255.0,198.1427,335.4572,222.56932,2288.3625,0.8219419,1816.0233,-0.11171438
2681,1290,1301.7806,3511.1914,205781.90625,3368262.25,547.67596,739.5721,759.1682,2434.8613,0.52252,1827.631,-0.12875588
2682,1306,1303.0115,4878.268,219452.6875,3368250.0,315.61792,460.00153,436.4728,2128.0466,0.6558161,1851.2268,-0.05383305
2683,1202,1301.0798,3377.5947,204445.9375,3368269.25,703.8153,917.891,990.38434,2244.9568,0.39190754,1825.3251,-0.09731283
2684,1219,1303.2961,5088.0386,221550.390625,3368247.0,394.11322,580.5012,498.20508,2925.8596,0.71058726,1854.8478,-0.18626761
2685,1380,1304.0812,2209.9282,192769.28125,3368239.25,501.09384,733.6,770.5464,2232.9792,0.5040229,1805.1765,-0.09700206
2686,1487,1307.536,2406.1345,194731.34375,3368204.75,210.37122,345.62912,218.4852,2235.5034,0.8209258,1808.5638,-0.10214425
2687,1544,1307.752,2953.1626,200201.625,3368202.5,304.1658,456.53238,379.75906,2204.4973,0.7152499,1818.0037,-0.08769507
2688,1411,1306.8994,3339.005,204060.046875,3368211.0,592.842,820.72925,892.4805,2295.0432,0.44653827,1824.6619,-0.11191386
2689,1377,1306.642,3469.5542,205365.546875,3368213.5,574.6064,777.7727,754.4176,2565.8315,0.5371884,1826.9147,-0.14633301
2690,1354,1302.7438,3553.1587,206201.59375,3368252.5,412.82495,576.4889,563.86334,2216.5605,0.6075784,1828.3557,-0.08746073
2691,1221,1309.0704,887.4734,179544.734375,3368189.25,203.20229,348.36365,237.04587,2362.7896,0.8177843,1782.3616,-0.119870216
2692,1175,1303.28,1903.417,189704.171875,3368247.25,907.1732,1221.9932,1321.3898,2250.12,0.27451247,1799.8872,-0.093348406
2693,1599,1311.3314,4597.437,216644.375,3368166.75,225.90369,373.37775,264.21576,2304.259,0.7951051,1846.3832,-0.10079131
2694,1581,1305.9835,4797.285,218642.84375,3368220.25,471.16605,658.8302,722.8776,2110.8655,0.50125754,1849.8303,-0.059227057
2695,1301,1308.1261,1132.3029,181993.03125,3368198.75,198.201,350.31244,224.53343,2329.8875,0.8233062,1786.5851,-0.12766941
2696,1457,1309.95,3644.4578,207114.578125,3368180.5,661.6294,832.9856,911.0659,2064.6904,0.40194434,1829.9348,-0.049809996
2697,1183,1305.869,2604.9417,196719.421875,3368221.25,244.98267,385.76837,279.44885,2215.8174,0.7731179,1811.9937,-0.090117574
2698,1292,1308.8816,2695.6123,197626.125,3368191.25,199.94814,334.13467,217.4466,2228.7236,0.8202337,1813.5597,-0.09650465
2699,1277,1308.2725,3996.2483,210632.484375,3368197.25,413.38214,590.67346,628.2553,2138.0532,0.5709542,1836.0055,-0.06980156
2700,1681,1315.3855,4755.152,218221.515625,3368126.25,736.35364,957.141,1050.1226,2154.7307,0.37548193,1849.1073,-0.067915976
2701,1213,1307.3059,1296.0916,183630.921875,3368207.0,205.25145,344.30585,219.55318,2469.1606,0.83579326,1789.4105,-0.15626806
2702,1314,1309.1697,1790.6346,188576.34375,3368188.25,536.95056,790.60767,812.6579,2056.4912,0.43344617,1797.9442,-0.060949694
2703,1176,1308.0094,3810.2524,208772.53125,3368200.0,852.07996,1020.88434,1146.7534,1902.9277,0.25108963,1832.7953,-0.0042155692
2704,1158,1306.7435,2049.5068,191165.0625,3368212.5,669.11096,924.9365,1044.243,2283.3303,0.37346306,1802.4097,-0.11287016
2705,1396,1309.2485,2282.8403,193498.40625,3368187.5,312.14255,470.07523,389.73065,2159.0837,0.6977247,1806.4371,-0.076815516
2706,1226,1309.8059,3959.6206,210266.203125,3368182.0,437.52283,615.0514,631.1827,2117.067,0.5533065,1835.374,-0.059137855
2707,1472,1312.2365,826.3519,178933.515625,3368157.75,244.02989,391.61005,260.98846,2565.4143,0.8119325,1781.3087,-0.15863666
2708,1283,1310.8145,1434.0944,185010.9375,3368171.75,223.85892,354.4774,247.7085,2156.5554,0.7925797,1791.7932,-0.082213834
2709,1551,1315.6841,2908.209,199752.09375,3368123.25,265.39587,427.3282,361.1844,2206.4243,0.7249391,1817.2317,-0.090046324
2710,1051,1310.5747,3897.7212,209647.21875,3368174.25,276.46432,428.75357,309.96765,2557.1274,0.7803606,1834.306,-0.14455977
2711,1618,1314.356,2362.079,194290.796875,3368136.5,197.67429,315.3455,203.0788,2069.345,0.8192507,1807.8069,-0.060626
2712,1142,1310.3065,1097.7557,181647.5625,3368177.0,193.05736,338.15894,217.02014,2305.5376,0.82673925,1785.9901,-0.11997086
2713,1378,1313.6104,3235.3367,203023.375,3368144.0,433.33163,616.7547,598.5994,2182.4536,0.589138,1822.876,-0.08348821
2714,1357,1312.9728,1016.58734,180835.875,3368150.25,192.14001,337.12122,215.6728,2455.5579,0.83719665,1784.5911,-0.15167563
2715,1393,1312.5814,1478.4042,185454.046875,3368154.25,215.03589,349.23117,229.61952,2277.07,0.814664,1792.5586,-0.11292719
2716,1390,1311.3173,3597.3433,206643.4375,3368166.75,207.82806,336.92303,232.10216,2296.7114,0.81795895,1829.1223,-0.10915756
2717,1162,1315.5809,3866.8596,209338.59375,3368124.25,327.66867,481.8692,409.3339,2308.7273,0.7087499,1833.7758,-0.1062814
2718,1343,1317.3663,5152.733,222197.328125,3368106.25,287.19992,425.67014,334.0659,2264.927,0.7481276,1855.9708,-0.07903022
2719,1352,1315.1938,787.6672,178546.671875,3368128.0,257.4867,404.7145,300.642,2497.8203,0.7823914,1780.6428,-0.14698368
2720,1304,1315.0782,949.3259,180163.265625,3368129.25,316.3382,489.52762,403.6902,2539.1511,0.73232603,1783.4318,-0.15998214
2721,1285,1311.2311,1591.6218,186586.21875,3368167.75,370.10855,551.3821,542.2035,2001.17,0.589592,1794.5114,-0.04543161
2722,1276,1314.2681,1232.826,182998.265625,3368137.25,211.8605,355.09875,226.33229,2451.4875,0.8304907,1788.3224,-0.1543465
2723,1139,1316.1133,2546.8586,196138.59375,3368118.75,211.87138,347.88675,234.83934,2224.8118,0.8076815,1810.9963,-0.0969607
2724,1598,1325.0156,604.9537,176719.53125,3368029.75,300.07947,446.04944,403.39862,2272.7666,0.69887644,1777.4957,-0.09638651
2725,1044,1312.9253,2171.6055,192386.0625,3368150.75,355.7385,536.70404,534.6274,2089.907,0.63004464,1804.5195,-0.06175187
2726,1255,1319.6248,3403.9363,204709.359375,3368083.75,701.9526,913.3737,923.8781,2169.638,0.39227948,1825.7883,-0.0642631
2727,1101,1313.3596,2111.792,191787.921875,3368146.5,606.05133,816.0622,858.0604,2122.054,0.42333123,1803.4877,-0.06810484
2728,1400,1320.2721,1397.8307,184648.3125,3368077.25,210.06857,335.37537,226.46857,2205.0122,0.81021404,1791.1724,-0.09542007
2729,1125,1319.9769,4110.906,211779.0625,3368080.25,182.88977,332.0329,219.09334,2164.578,0.81626636,1837.9897,-0.07975506
2730,1471,1318.7722,4915.406,219824.0625,3368092.25,300.96432,436.52957,403.38818,2096.7896,0.6744873,1851.8749,-0.05059245
2731,1196,1322.8077,2662.301,197293.015625,3368052.0,208.54181,348.10785,234.18144,2286.7246,0.81317866,1812.9916,-0.11206433
2732,1246,1316.9438,3049.4792,201164.796875,3368110.5,307.73798,455.23956,421.98276,2108.766,0.68202317,1819.6702,-0.06138471
2733,1351,1318.1925,3163.8704,202308.703125,3368098.0,407.1458,579.51074,536.34125,2148.5122,0.61636615,1821.6448,-0.07534553
2734,1234,1322.6807,4561.168,216281.6875,3368053.25,236.67503,376.52512,273.63452,2244.8298,0.78304565,1845.7623,-0.08450074
2735,1260,1322.673,1655.704,187227.03125,3368053.25,341.58215,493.5258,424.8508,2161.9036,0.68757594,1795.6227,-0.082631394
2736,1292,1319.6014,1832.8258,188998.25,3368084.0,511.25696,773.4582,727.5503,1985.1583,0.45727867,1798.6772,-0.042443343
2737,1277,1320.7494,2742.3093,198093.09375,3368072.5,211.68677,354.34103,236.40446,2325.4778,0.81439257,1814.3712,-0.119878076
2738,1447,1324.0663,41.982723,171089.828125,3368039.25,1160.49,1389.3601,1487.7671,1766.424,0.07221378,1767.7836,0.047511026
2739,1348,1321.0786,1552.5697,186195.703125,3368069.25,218.1417,352.52634,242.59348,2138.904,0.7938288,1793.8425,-0.080954395
2740,1409,1322.9596,1868.1995,189352.0,3368050.5,488.0355,746.9819,669.9216,2193.6965,0.5273537,1799.2893,-0.09279238
2741,1375,1324.8734,536.536,176035.359375,3368031.25,315.93674,458.88947,448.60074,2050.184,0.6472679,1776.3153,-0.051552143
2742,1093,1324.5197,4055.559,211225.59375,3368034.75,197.15736,346.34308,223.86276,2261.8271,0.81977785,1837.0366,-0.10021854
2743,1313,1325.6611,2510.3076,195773.078125,3368023.5,215.9227,349.20868,237.51143,2166.8735,0.801292,1810.3702,-0.083369665
2744,1313,1326.0967,3745.5042,208125.046875,3368019.0,163.90099,295.57578,170.67023,2324.9382,0.86298823,1831.6862,-0.116182014
2745,1047,1324.6447,3837.2788,209042.78125,3368033.5,605.3448,810.15375,851.77844,2271.766,0.46154997,1833.2694,-0.09859538
2746,1370,1325.1241,2249.5278,193165.28125,3368028.75,253.77919,379.2843,305.33978,1915.6205,0.7364372,1805.8701,-0.02075652
2747,1258,1326.019,3676.7297,207437.296875,3368019.75,204.22575,343.00955,213.36089,2396.4976,0.83638096,1830.4993,-0.12882827
2748,1323,1329.542,3782.901,208499.0,3367984.5,438.25018,611.3417,681.3908,2139.4648,0.5471211,1832.3331,-0.07053437
2749,1467,1329.5698,4990.8696,220578.6875,3367984.25,372.26617,525.9693,498.46558,2199.7148,0.64865494,1853.1823,-0.07448188
2750,1355,1327.5963,1354.5292,184215.296875,3368004.0,202.10332,337.65756,216.69594,2370.2761,0.8311108,1790.4288,-0.134953
2751,1353,1325.3436,1943.1145,190101.140625,3368026.5,712.10126,968.4653,1022.0983,2123.0884,0.3596505,1800.5831,-0.04351456
2752,1401,1329.4468,3712.0122,207790.125,3367985.5,233.09422,386.54962,235.8394,2566.2092,0.8320772,1831.1097,-0.15333585
2753,1434,1328.3759,4640.6104,217076.09375,3367996.25,275.48535,437.78662,354.37308,2117.8618,0.7117726,1847.1361,-0.057421856
2754,1341,1329.5198,4150.9297,212179.296875,3367984.75,173.61372,305.5466,213.27591,2040.9031,0.8087714,1838.6849,-0.048271082
2755,1542,1333.4967,4189.8267,212568.265625,3367945.0,279.2406,420.7127,357.45718,2170.607,0.7192224,1839.358,-0.06257751
2756,1296,1328.7122,1982.5995,190496.0,3367993.0,671.811,905.8241,978.6956,2094.949,0.37536246,1801.266,-0.053958062
2757,1531,1330.4285,2322.5068,193895.0625,3367975.75,194.18256,307.93076,199.82137,2008.1558,0.81673765,1807.132,-0.044937838
2758,1252,1330.5367,2578.9233,196459.234375,3367974.75,242.11221,383.03754,270.25598,2253.3962,0.77947634,1811.5565,-0.0952727
2759,1413,1330.5803,3277.3743,203443.75,3367974.25,707.7134,931.937,999.92145,2196.1416,0.3750428,1823.6094,-0.0879923
2760,1062,1331.2457,1077.4105,181444.109375,3367967.5,196.19397,340.04944,214.96092,2411.2485,0.8346784,1785.6497,-0.14205529
2761,1167,1330.4884,2021.8578,190888.578125,3367975.0,564.0784,812.9443,857.4936,2404.9688,0.47603804,1801.9443,-0.13969664
2762,1198,1331.6411,2088.5325,191555.328125,3367963.5,483.005,735.808,703.82635,2509.4312,0.56319803,1803.0953,-0.15835653
2763,1192,1325.2584,3122.4353,201894.359375,3368027.5,473.89722,654.8205,642.073,2198.2344,0.55696416,1820.9331,-0.08609893
2764,1364,1331.9905,4950.4985,220174.984375,3367960.0,405.9091,552.4978,579.2262,2001.2804,0.5508066,1852.4865,-0.028154174
2765,1390,1331.3553,5039.9395,221069.390625,3367966.5,395.99173,555.49567,567.6698,2231.513,0.591648,1854.03,-0.07469856
2766,1337,1333.9768,1728.101,187951.015625,3367940.25,719.5153,982.3194,1094.4058,2246.5322,0.3606291,1796.8774,-0.10561639
2767,1242,1332.7214,1765.6489,188326.484375,3367952.75,544.94403,794.44403,811.11554,2184.2046,0.45737752,1797.5247,-0.09142533
2768,1301,1332.7932,2818.1445,198851.4375,3367952.0,236.46887,378.49692,289.5419,2127.5266,0.75620085,1815.6857,-0.068627246
2769,1450,1335.8145,2979.191,200461.90625,3367921.75,602.08,843.07794,867.5862,2405.3406,0.46868706,1818.4662,-0.13387404
2770,1324,1331.0869,3202.9639,202699.640625,3367969.25,565.463,764.78174,832.0249,2128.2969,0.44392064,1822.3256,-0.0740478
2771,1095,1330.8429,3921.1433,209881.4375,3367971.5,276.58722,437.31873,316.74796,2634.7834,0.78515524,1834.7196,-0.16452241
2772,1345,1331.4089,5119.029,221860.28125,3367966.0,310.62045,432.45428,377.06766,2037.8535,0.69780487,1855.3951,-0.029233588
2773,1295,1332.7753,978.3398,180453.390625,3367952.25,200.01854,333.6309,218.6139,2369.1035,0.8284056,1783.9413,-0.12594017
2774,1391,1333.7728,1270.8641,183378.640625,3367942.25,205.85837,340.642,219.34723,2443.506,0.83481944,1788.9885,-0.15279372
2775,1419,1334.8696,2472.749,195397.484375,3367931.25,222.18886,362.3862,256.42,2182.4412,0.7895036,1809.7266,-0.088917926
2776,1311,1331.9397,3087.7322,201547.328125,3367960.5,460.1026,654.8204,611.8475,2391.7266,0.6050821,1820.3374,-0.124349974
2777,1166,1333.5334,3493.5034,205605.03125,3367944.75,556.22125,732.9228,800.02313,2120.3037,0.45718357,1827.3406,-0.069414705
2778,1329,1335.1453,1620.4342,186874.34375,3367928.5,227.94281,370.5523,265.7987,2067.416,0.76986486,1795.0204,-0.06290462
2779,1245,1335.0281,3528.6226,205956.21875,3367929.75,533.6249,704.88275,777.6217,2071.1816,0.46525002,1827.9474,-0.05788073
2780,1232,1334.3986,3567.715,206347.15625,3367936.0,205.87906,327.11444,221.54788,2198.6924,0.8173873,1828.6217,-0.08584848
2781,1445,1335.9238,860.5121,179275.125,3367920.75,225.182,373.42838,282.9751,2303.515,0.7820499,1781.91,-0.11196069
2782,1446,1337.5602,2434.4468,195014.46875,3367904.5,214.00658,350.33194,225.18015,2236.3582,0.8165281,1809.0669,-0.10207462
2783,1312,1335.2058,2621.199,196881.984375,3367928.0,200.31975,339.35748,223.13719,2241.451,0.8182185,1812.2883,-0.10365169
2784,1493,1337.9545,2778.5037,198455.03125,3367900.5,217.87073,357.90622,255.75552,2189.8801,0.79026,1815.004,-0.08690289
2785,1254,1337.8118,1044.035,181110.34375,3367902.0,197.8704,337.05542,213.42503,2499.4294,0.8414707,1785.0771,-0.16044982
2786,1358,1333.1731,1197.2385,182642.390625,3367948.25,229.5751,383.6911,261.73196,2405.8252,0.80091417,1787.718,-0.13921057
2787,1400,1335.7628,1515.7329,185827.328125,3367922.25,243.37643,383.46643,279.86642,2251.6567,0.78017014,1793.2142,-0.10625882
2788,1222,1334.0212,2140.7815,192077.8125,3367939.75,577.03235,769.973,799.10596,2066.9722,0.44348603,1803.998,-0.054145787
2789,1382,1335.9269,3363.6128,204306.125,3367920.75,875.7012,1093.2924,1142.4733,2123.0789,0.29824707,1825.1001,-0.059452154
2790,1107,1333.8618,4023.7397,210907.40625,3367941.5,285.6459,430.89432,378.30173,2076.4236,0.6975728,1836.4917,-0.04797754
2791,1433,1340.3077,1687.448,187544.484375,3367877.0,585.98047,783.64026,842.9107,2091.873,0.46096754,1796.1792,-0.068729505
2792,1137,1339.0184,2716.4019,197834.015625,3367889.75,201.0919,344.44196,226.916,2302.9824,0.81975836,1813.933,-0.115153216
2793,1581,1339.1436,2859.0007,199260.0,3367888.5,277.44055,432.42032,364.4731,2171.6199,0.71415627,1816.3937,-0.07748354
2794,1422,1339.8375,3017.325,200843.25,3367881.5,474.22574,655.007,635.5865,2151.9424,0.5538031,1819.1261,-0.07249089
2795,1355,1337.9314,910.0096,179770.09375,3367900.75,274.84354,437.1882,352.7225,2315.2915,0.7359455,1782.765,-0.10424755
2796,1286,1336.5459,3440.1882,205071.875,3367914.5,444.77332,627.01825,719.8332,2202.2466,0.50333714,1826.422,-0.08145177
2797,1490,1336.6892,4870.765,219377.65625,3367913.0,379.57013,535.7131,525.0611,2164.465,0.60978293,1851.1123,-0.061758753
2798,1287,1336.5214,5080.4233,221474.234375,3367914.75,319.97824,475.60062,426.41724,2454.1584,0.7049548,1854.7311,-0.12528944
2799,1327,1341.3851,3616.5352,206835.34375,3367866.25,345.25922,490.532,476.51996,2234.2427,0.6664089,1829.4675,-0.090252474
2800,1300,1344.9246,5174.237,222412.375,3367830.75,200.99153,316.6554,260.255,1838.8165,0.7543295,1856.3541,0.012809603
2801,1476,1340.9126,1313.0643,183800.640625,3367870.75,200.8645,338.10297,211.30081,2514.6973,0.8445396,1789.7202,-0.16630143
2802,1192,1339.9261,1448.0897,185150.890625,3367880.75,213.1963,340.18204,218.22316,2311.222,0.8238848,1792.0493,-0.117576815
2803,1116,1334.4911,1904.448,189714.484375,3367935.0,579.8804,837.5103,848.7872,2120.4897,0.4261689,1799.9204,-0.06520143
2804,1072,1338.8209,2057.2473,191242.46875,3367891.75,506.75607,750.7873,766.7099,2402.7576,0.5266094,1802.559,-0.13646802
2805,1535,1342.0625,3315.2046,203822.046875,3367859.5,928.5173,1155.9701,1248.9948,2087.1003,0.2551896,1824.2677,-0.06211021
2806,1322,1339.6036,4785.8364,218528.359375,3367884.0,480.22238,646.1732,671.4213,2131.1763,0.5247645,1849.6477,-0.0596616
2807,1384,1340.3619,1159.9609,182269.609375,3367876.5,203.9982,352.8779,232.41835,2328.0505,0.8160113,1787.0785,-0.12534283
2808,1290,1341.5627,2217.5264,192845.265625,3367864.25,195.9217,311.05698,220.62907,1857.3345,0.78703845,1805.3259,-0.007161535
2809,1243,1343.7675,1809.9115,188769.109375,3367842.25,486.59653,747.79443,727.9099,2063.4858,0.4766093,1798.2938,-0.063430995
2810,1130,1340.3894,2181.5762,192485.765625,3367876.0,237.35974,373.37875,293.37036,1978.1686,0.74518657,1804.705,-0.036907263
2811,1463,1344.6884,2932.3198,199993.203125,3367833.0,336.3486,505.08612,456.1873,2171.5625,0.66826695,1817.6615,-0.07843985
2812,1179,1342.2443,4084.3953,211513.953125,3367857.5,185.97371,328.60434,205.01103,2249.4902,0.8310781,1837.5424,-0.092754394
2813,1714,1344.4778,4829.8228,218968.21875,3367835.25,583.62775,754.9259,810.9253,2081.8374,0.45147705,1850.409,-0.040545672
2814,1393,1342.4573,566.6339,176336.34375,3367855.5,310.56784,457.89017,445.13065,2063.9182,0.6472804,1776.8436,-0.048690144
2815,1535,1345.501,2393.725,194607.25,3367825.0,316.1723,469.3508,445.54333,2072.2146,0.6633976,1808.3682,-0.060769863
2816,1208,1342.5182,3980.8245,210478.25,3367854.75,467.90067,642.9859,661.5058,2156.2898,0.54735255,1835.755,-0.07135957
2817,1032,1343.5039,3946.9497,210139.5,3367845.0,270.63177,418.7248,313.3595,2351.908,0.7666786,1835.1709,-0.11028699
2818,1382,1344.8618,1119.3357,181863.359375,3367831.5,195.91426,342.0615,216.3911,2338.407,0.8291671,1786.3799,-0.12690534
2819,1311,1347.077,1583.4233,186504.234375,3367809.25,221.6209,365.9058,263.95956,2034.5934,0.7677361,1794.3878,-0.056265816
2820,1080,1348.9491,3146.0713,202130.71875,3367790.5,621.4278,858.3829,939.11206,2239.4172,0.409349,1821.3522,-0.1006602
2821,1322,1349.2988,3245.8396,203128.390625,3367787.0,785.46674,1008.2413,1116.1732,2126.6497,0.31163538,1823.074,-0.07066667
2822,1175,1348.4213,1482.6783,185496.78125,3367795.75,205.09872,332.76978,223.06128,2224.0225,0.81623405,1792.6503,-0.10048154
2823,1546,1350.1967,2284.731,193517.3125,3367778.0,325.80206,510.70795,452.2154,2264.1846,0.6868433,1806.4897,-0.10073492
2824,1132,1350.0203,2685.6582,197526.578125,3367779.75,204.7023,347.15988,230.62059,2245.7952,0.81309533,1813.4077,-0.10349857
2825,1148,1349.6289,3815.7866,208827.875,3367783.75,701.25085,899.13763,1038.2483,2128.575,0.3512191,1832.91,-0.06564334
2826,1195,1348.7072,3888.9456,209559.453125,3367793.0,172.45439,298.03262,182.3364,2280.2134,0.85186696,1834.1722,-0.10632006
2827,1452,1353.27,4614.035,216810.34375,3367747.25,251.98761,409.4628,331.14462,2217.5288,0.74787235,1846.6886,-0.07540651
2828,1229,1350.8145,1009.5273,180765.265625,3367771.75,198.77298,338.92065,220.46704,2479.9788,0.8355691,1784.4884,-0.15538381
2829,1251,1351.3021,4575.781,216427.8125,3367767.0,243.73541,389.90247,285.44046,2208.741,0.76948804,1846.0275,-0.07570602
2830,1265,1348.3502,1235.0419,183020.421875,3367796.5,197.91187,338.6759,218.32016,2444.2458,0.8356323,1788.3778,-0.15321855
2831,1273,1350.1697,2540.8665,196078.65625,3367778.25,218.61469,352.67123,234.99883,2198.9714,0.80264914,1810.9093,-0.08535053
2832,1211,1355.6829,3468.7126,205357.125,3367723.25,549.6152,730.4071,858.1478,2061.5706,0.41606224,1826.9232,-0.057257835
2833,1339,1353.2524,3649.3682,207163.6875,3367747.5,236.76176,375.34802,245.77895,2433.1458,0.8141114,1830.0397,-0.1326985
2834,1242,1354.0813,1381.7262,184487.265625,3367739.25,213.87239,339.75522,225.20934,2304.9077,0.8188031,1790.9114,-0.11773114
2835,1576,1357.5806,2893.2183,199602.1875,3367704.25,318.76077,488.25317,442.35532,2169.2266,0.6667971,1816.9929,-0.078113824
2836,1147,1349.8082,3054.986,201219.859375,3367782.0,592.08545,812.76636,855.918,2330.7996,0.4693818,1819.7808,-0.118668176
2837,1296,1353.6273,826.23535,178932.359375,3367743.75,223.37732,376.44754,303.52777,2198.4175,0.75989383,1781.3278,-0.093323566
2838,1397,1356.0093,939.27344,180062.734375,3367720.0,308.84824,500.2348,357.19257,3039.6536,0.78867626,1783.279,-0.23546658
2839,1375,1357.8531,1416.8021,184838.015625,3367701.5,222.74036,355.47565,234.18146,2359.6792,0.8161396,1791.5184,-0.12451773
2840,1202,1353.3718,4119.8843,211868.84375,3367746.25,194.37854,325.18137,222.87895,2131.9185,0.80733085,1838.16,-0.057063233
2841,1535,1357.1746,2355.3232,194223.234375,3367708.25,304.56448,441.52606,433.92963,1917.6486,0.65239185,1807.7112,-0.024372673
2842,1161,1354.9233,3855.2446,209222.4375,3367730.75,260.2808,402.83377,300.08957,2420.1895,0.78700596,1833.5935,-0.13397665
2843,1125,1356.0293,2650.912,197179.125,3367719.75,205.18533,350.29422,233.752,2190.6707,0.80682147,1812.811,-0.09081933
2844,1216,1358.3134,3177.7722,202447.71875,3367696.75,688.26605,917.61145,1035.9819,2174.9688,0.36094853,1821.9037,-0.08641106
2845,1229,1353.9008,3407.1033,204741.03125,3367741.0,580.86127,778.3023,896.2563,2255.5996,0.4354936,1825.8591,-0.0989792
2846,1315,1360.2244,2117.9924,191849.921875,3367677.75,565.0491,877.8141,945.03534,2612.6643,0.46977443,1803.6176,-0.17859557
2847,1571,1360.9255,4751.6265,218186.265625,3367670.75,564.74286,728.80524,772.95483,2002.8422,0.46122476,1849.0668,-0.02896748
2848,1511,1357.139,4911.404,219784.03125,3367708.5,397.68234,559.545,512.01587,2399.1958,0.6413974,1851.8229,-0.108095616
2849,1367,1361.0,5022.943,220899.4375,3367670.0,364.16678,522.8284,534.4016,2217.2,0.61723256,1853.7498,-0.08125786
2850,1341,1358.874,1544.8002,186118.0,3367691.25,210.3639,347.39038,221.72334,2307.1697,0.8232815,1793.7273,-0.12102389
2851,1325,1359.4875,1959.0989,190260.984375,3367685.0,653.1853,935.3257,940.98566,2295.517,0.42524678,1800.8757,-0.105679
2852,1164,1358.6538,2003.5068,190705.0625,3367693.5,585.1031,862.6503,819.1787,2316.4333,0.47675046,1801.6415,-0.11279162
2853,1465,1362.5304,1843.4656,189104.65625,3367654.75,446.24268,678.5379,652.8382,2163.0627,0.5346523,1798.8821,-0.08516301
2854,1236,1362.8617,3585.7224,206527.21875,3367651.5,198.39967,338.76862,232.33656,2311.729,0.8223251,1828.9458,-0.11207735
2855,1009,1359.5679,4010.219,210772.1875,3367684.25,388.3756,545.02277,558.1784,2062.6948,0.5937707,1836.2701,-0.052340027
2856,1434,1364.9149,4217.671,212846.71875,3367630.75,357.3173,520.1897,457.34973,2430.0857,0.6767326,1839.8529,-0.11773151
2857,1393,1364.7416,884.191,179511.90625,3367632.5,254.73367,409.35678,333.43216,2305.8228,0.7485595,1782.3333,-0.11324819
2858,1334,1360.539,1649.7151,187167.15625,3367674.5,215.94603,350.20615,244.41154,2136.647,0.7933349,1795.5382,-0.0827694
2859,1203,1360.2103,3758.6533,208256.53125,3367678.0,267.6068,425.65338,354.51456,2281.4688,0.751538,1831.929,-0.10113882
2860,1170,1362.9624,4539.207,216062.0625,3367650.5,253.12863,394.75812,281.30426,2392.3098,0.7864437,1845.4015,-0.10045675
2861,1357,1363.2594,5142.3574,222093.578125,3367647.5,264.44254,408.34634,332.14517,2297.956,0.74577487,1855.8119,-0.09114525
2862,1107,1363.4192,1783.9495,188509.5,3367645.75,558.54877,785.99414,771.41376,2084.9475,0.46172717,1797.8556,-0.068958454
2863,1326,1362.4803,1879.7188,189467.1875,3367655.25,456.01282,719.09503,598.0098,2204.7417,0.566373,1799.5076,-0.0949728
2864,1183,1361.1945,1919.7625,189867.625,3367668.0,506.52875,767.20074,695.3288,2203.8364,0.5137659,1800.1978,-0.09313239
2865,1341,1362.5988,2748.6675,198156.671875,3367654.0,208.63907,354.1443,254.47316,2132.9355,0.78655577,1814.501,-0.07717676
2866,1348,1362.5623,3688.1855,207551.859375,3367654.5,183.18472,321.51038,193.94807,2321.9578,0.84398335,1830.7139,-0.10905718
2867,1394,1363.8501,2503.2668,195702.671875,3367641.5,257.30307,394.92505,296.22885,2207.442,0.76107824,1810.2671,-0.086890355
2868,1221,1363.2941,3113.4348,201804.34375,3367647.0,700.98364,952.3472,1019.6785,2232.148,0.37406367,1820.7958,-0.0966934
2869,1197,1366.2823,3343.137,204101.375,3367617.25,617.70593,842.44025,905.7402,2448.537,0.46607402,1824.7611,-0.13413295
2870,1269,1362.0433,4051.8054,211188.0625,3367659.5,359.38614,529.32153,473.57446,2283.4429,0.6712681,1836.989,-0.09084476
2871,1302,1364.4977,1347.0721,184140.71875,3367635.0,202.83603,334.91092,203.83026,2491.2244,0.84796715,1790.3187,-0.16046031
2872,1166,1361.8225,2585.9604,196529.609375,3367661.75,189.47856,323.0652,204.94983,2177.8118,0.8272633,1811.6931,-0.08880151
2873,1289,1367.09,2959.6548,200266.546875,3367609.0,588.97675,852.64935,856.6354,2495.9565,0.4831176,1818.1439,-0.14961304
2874,1223,1365.3573,3544.3687,206113.6875,3367626.5,230.61734,370.46933,270.6893,2228.4138,0.7882015,1828.2333,-0.09284272
2875,1145,1360.8436,1080.1362,181471.359375,3367671.5,210.56375,353.64148,223.98035,2550.577,0.83761215,1785.7117,-0.17120472
2876,1240,1366.8645,1748.3,188153.0,3367611.25,714.7629,944.952,1074.1754,2053.5154,0.3212155,1797.2423,-0.061668836
2877,1198,1367.0476,2040.3147,191073.140625,3367609.5,513.1565,799.8456,790.1177,2444.7788,0.5166471,1802.2806,-0.14613073
2878,1191,1366.7926,2158.2107,192252.109375,3367612.0,579.82916,784.89,847.65155,2148.3093,0.43808764,1804.3147,-0.0734826
2879,1527,1366.6254,2248.269,193152.6875,3367613.75,497.32187,750.0547,772.7678,2456.498,0.5348536,1805.8685,-0.14451106
2880,1276,1368.2289,3211.649,202786.484375,3367597.75,783.56116,993.7978,1118.4883,1978.3848,0.2846333,1822.4929,-0.034225386
2881,1270,1365.8818,4986.1514,220531.515625,3367621.25,466.27756,617.0323,648.39606,1884.9114,0.5057921,1853.117,0.0024333529
2882,1320,1367.1864,5064.2734,221312.734375,3367608.25,474.81024,641.9432,682.2239,2251.036,0.53930277,1854.466,-0.08788871
2883,1413,1371.2633,3726.6675,207936.671875,3367567.25,174.82166,307.4699,182.63907,2278.0176,0.8486046,1831.3821,-0.096995324
2884,1342,1368.5745,5105.1123,221721.125,3367594.25,254.30104,397.26974,354.3711,2118.4985,0.71369874,1855.1714,-0.053355794
2885,1334,1370.6559,1710.9797,187779.796875,3367573.5,572.0877,779.37146,820.0045,2159.7327,0.49712822,1796.6002,-0.08379804
2886,1167,1370.8175,3377.6658,204446.65625,3367571.75,656.898,853.4516,966.27594,2215.9915,0.39703554,1825.359,-0.09197021
2887,1278,1367.0046,4154.0728,212210.71875,3367610.0,270.6643,401.38968,381.68857,1982.1987,0.6851397,1838.7562,-0.023331538
2888,1286,1368.587,2080.548,191475.484375,3367594.25,618.31885,945.76636,1036.7885,2618.2734,0.43724373,1802.9756,-0.18151361
2889,1402,1366.5007,2815.5156,198825.15625,3367615.0,208.1833,351.5599,236.01176,2255.726,0.8084065,1815.6564,-0.10061664
2890,1255,1366.4868,4951.2373,220182.375,3367615.25,518.86255,661.9677,701.5239,1906.5454,0.475231,1852.5145,-0.0011639858
2891,1241,1369.6962,972.88635,180398.859375,3367583.0,220.94843,370.79773,241.85576,2553.6357,0.82427084,1783.8658,-0.15906698
2892,1351,1370.9282,3503.4812,205704.8125,3367570.75,516.56476,701.2887,801.90375,2177.8535,0.46574166,1827.5303,-0.083913684
2893,1156,1370.9403,3791.3218,208583.21875,3367570.5,651.39014,858.1972,999.0017,2193.9343,0.3845561,1832.4977,-0.08480651
2894,1443,1371.228,1275.763,183427.625,3367567.75,189.21275,324.12683,201.58109,2505.3308,0.8506765,1789.0919,-0.16493264
2895,1480,1372.4108,2319.7979,193867.984375,3367556.0,454.7939,659.7223,715.24054,2227.6611,0.55326146,1807.1056,-0.0975456
2896,1520,1372.0355,3282.7124,203497.125,3367559.75,806.85986,1011.95,1078.7743,2164.7908,0.33338857,1823.7211,-0.06878865
2897,1273,1370.7368,3916.256,209832.5625,3367572.75,189.98036,319.97958,199.22153,2365.7393,0.84432364,1834.6537,-0.12320772
2898,1412,1369.4512,1195.842,182628.421875,3367585.5,195.34207,341.1243,220.33711,2365.162,0.8286774,1787.7122,-0.1348575
2899,1289,1373.083,2195.471,192624.703125,3367549.25,484.36035,686.5613,689.34985,2254.7373,0.54877454,1804.9607,-0.100097395
2900,1504,1374.3804,2463.8232,195308.234375,3367536.25,276.28323,410.48337,322.82846,2193.953,0.74314016,1809.5917,-0.08509997
2901,1233,1373.0868,3080.5962,201475.96875,3367549.25,643.708,885.3994,934.996,2397.4404,0.44042623,1820.2338,-0.1348812
2902,1386,1371.8016,4794.9805,218619.8125,3367562.0,538.54834,705.2352,752.74677,2183.5369,0.5050606,1849.82,-0.07337885
2903,1362,1375.1681,1612.9589,186799.59375,3367528.25,207.93172,346.0055,219.01431,2299.9485,0.82417476,1794.9114,-0.11854211
2904,1468,1375.043,2425.5586,194925.59375,3367529.5,309.80176,447.4571,388.35355,2168.1206,0.70901,1808.9318,-0.07975535
2905,1127,1372.1854,2619.1145,196861.140625,3367558.25,204.75067,352.89706,230.44632,2219.0159,0.81097734,1812.2701,-0.097224444
2906,1512,1377.7738,2998.4272,200654.28125,3367502.25,511.86575,736.33203,705.5264,2401.496,0.53918195,1818.8181,-0.12582332
2907,1278,1375.6439,4185.317,212523.171875,3367523.5,478.58215,663.63617,748.0172,2299.1462,0.5174455,1839.2994,-0.10351461
2908,1357,1372.5829,4872.637,219396.375,3367554.25,375.2093,530.7863,505.10464,2167.1584,0.6292003,1851.1606,-0.06794159
2909,1309,1374.6364,1152.89,182198.90625,3367533.75,243.02216,401.36554,289.0504,2303.2048,0.7772652,1786.9738,-0.11480667
2910,1315,1375.6708,1455.8267,185228.265625,3367523.25,206.85513,337.82394,210.45438,2479.2556,0.842741,1792.2006,-0.15786979
2911,1286,1377.8888,3035.7605,201027.609375,3367501.0,592.9852,839.83594,828.2644,2533.5452,0.49861696,1819.4623,-0.15288746
2912,1135,1374.2458,3955.6282,210226.28125,3367537.5,246.84229,394.5013,297.47488,2225.747,0.77487755,1835.3348,-0.09061373
2913,1288,1374.9945,1042.6102,181096.109375,3367530.0,194.92314,329.5691,208.68245,2451.0007,0.8416215,1785.0714,-0.1464764
2914,1426,1378.244,1500.312,185673.125,3367497.5,234.54628,371.08414,260.07327,2337.0557,0.79880506,1792.9694,-0.12431551
2915,1116,1378.871,2556.9292,196239.296875,3367491.25,198.79077,332.6075,207.0681,2225.787,0.82873625,1811.2003,-0.09818692
2916,1160,1375.1957,2715.1682,197821.6875,3367528.0,323.07587,491.50604,467.672,2087.5918,0.66034436,1813.929,-0.06623798
2917,1524,1379.8674,2851.3542,199183.546875,3367481.25,320.75067,490.24115,460.47934,2095.6304,0.65846366,1816.2812,-0.06700019
2918,1404,1380.4038,844.5812,179115.8125,3367476.0,226.49858,375.45654,294.97223,2213.3484,0.7659876,1781.658,-0.09353477
2919,1268,1377.817,3440.0544,205070.546875,3367501.75,546.679,729.459,821.39984,2105.807,0.44515955,1826.439,-0.06686838
2920,1294,1378.7983,1311.49,183784.90625,3367492.0,192.63718,330.13718,200.28748,2531.5457,0.85288453,1789.712,-0.16925128
2921,1423,1381.48,2780.263,198472.625,3367465.25,357.6901,532.84576,505.3303,2120.0432,0.6325055,1815.0553,-0.06946316
2922,1273,1378.93,4088.6575,211556.578125,3367490.75,256.78082,394.8743,288.74628,2341.7878,0.7755492,1837.6328,-0.0958748
2923,1201,1379.3289,1115.5371,181825.375,3367486.75,197.08076,341.35388,222.76103,2315.7185,0.82253283,1786.3318,-0.12180531
2924,1345,1383.9993,1675.904,187429.046875,3367440.0,500.76804,697.94574,744.0948,2163.2427,0.55584484,1796.0017,-0.081812344
2925,1170,1381.289,3832.4785,208994.78125,3367467.0,330.1846,493.96497,461.60684,2276.7188,0.6709391,1833.2128,-0.100030065
2926,1367,1385.659,4508.4644,215754.640625,3367423.5,226.95135,376.74432,262.95062,2303.673,0.7933503,1844.8811,-0.0920582
2927,1430,1382.9287,3615.035,206820.34375,3367450.75,360.4965,548.3063,507.0888,2349.5042,0.65701747,1829.4609,-0.11475706
2928,1084,1382.6356,3989.1116,210561.125,3367453.75,488.6513,672.1974,658.63007,2124.904,0.5375134,1835.9165,-0.05635432
2929,1199,1379.5247,1237.1467,183041.46875,3367484.75,188.22685,326.15762,206.94579,2390.5378,0.8402631,1788.4298,-0.1420164
2930,1297,1383.2906,1576.3639,186433.640625,3367447.0,208.86276,345.34888,214.37817,2394.5266,0.83371365,1794.284,-0.13782007
2931,1075,1384.72,1985.3944,190523.9375,3367432.75,1010.307,1321.0977,1425.4545,2131.019,0.21217026,1801.3418,-0.05133849
2932,1242,1382.4928,4586.79,216537.90625,3367455.0,197.4211,337.78342,236.24396,2120.2996,0.7989997,1846.2314,-0.05913661
2933,1425,1385.6737,4839.9146,219069.140625,3367423.25,390.18948,548.8246,524.2835,2142.2834,0.6139967,1850.6017,-0.060189087
2934,1393,1389.5743,913.80975,179808.09375,3367384.25,303.64825,489.72794,353.95334,2887.3496,0.77726686,1782.8568,-0.20520213
2935,1584,1386.9015,2383.096,194500.953125,3367411.0,418.2478,595.9574,606.99524,2199.4934,0.59020215,1808.2048,-0.0841209
2936,1281,1386.2623,1811.1959,188781.953125,3367417.5,498.88602,755.2252,704.105,2277.3604,0.52509385,1798.337,-0.1113209
2937,1273,1384.949,3875.1753,209421.75,3367430.5,187.08798,316.53574,191.66142,2378.2395,0.85080945,1833.9513,-0.12618366
2938,1162,1383.043,4403.6685,214706.6875,3367449.5,311.23926,467.15576,342.80377,2625.3623,0.7654834,1843.0713,-0.14412396
2939,1086,1384.1317,1004.7808,180717.8125,3367438.75,194.13997,340.27625,217.3011,2433.8232,0.83468354,1784.4235,-0.14348267
2940,1083,1384.2604,2679.242,197462.421875,3367437.5,318.94412,487.27838,446.8518,2081.9597,0.6669351,1813.3135,-0.06164933
2941,1565,1389.4927,2924.6602,199916.59375,3367385.0,489.82428,763.2684,727.3163,2559.1094,0.55143404,1817.5508,-0.1617196
2942,1171,1384.0923,3243.1836,203101.84375,3367439.0,798.6456,995.4236,1046.0205,2006.555,0.31115445,1823.0446,-0.031674594
2943,1290,1387.869,3319.417,203864.171875,3367401.25,624.7853,824.21936,914.13025,2303.7673,0.4353886,1824.3619,-0.10893575
2944,1444,1387.1052,5171.5806,222385.8125,3367409.0,265.29572,398.33,328.04468,2165.693,0.7350852,1856.3269,-0.06404893
2945,1214,1383.7446,3145.6367,202126.375,3367442.5,628.58154,813.81055,902.39044,1924.4629,0.3752801,1821.3611,-0.023683416
2946,1149,1389.8295,4025.598,210925.984375,3367381.75,532.1497,717.5605,707.82245,2136.276,0.5177489,1836.5494,-0.06316209
2947,1395,1388.9713,3656.4868,207234.875,3367390.25,206.44731,348.47385,232.74551,2332.6445,0.8199492,1830.1792,-0.11425332
2948,1527,1391.9286,4719.9487,217869.484375,3367360.75,559.16504,729.6235,774.4905,2185.2258,0.48858857,1848.5339,-0.06595287
2949,1064,1389.1016,1933.655,190006.546875,3367389.0,508.367,761.1541,698.4417,1986.6687,0.47343853,1800.4513,-0.04311006
2950,1281,1395.3185,2218.6074,192856.078125,3367326.75,678.2112,899.93365,936.19086,2250.8457,0.4019805,1805.3707,-0.09563634
2951,1218,1393.3801,2526.2314,195932.3125,3367346.25,209.51642,339.41873,226.0312,2175.1404,0.81179136,1810.6776,-0.08692416
2952,1323,1392.879,1535.0106,186020.109375,3367351.25,207.42139,340.62244,210.76001,2447.6985,0.8406562,1793.5753,-0.1513425
2953,1222,1389.072,4123.4663,211904.65625,3367389.25,235.80933,362.8707,248.86826,2342.7947,0.80129206,1838.2382,-0.09744176
2954,1623,1394.4836,2288.9753,193559.75,3367335.25,602.7443,869.4898,925.16327,2530.8704,0.47126678,1806.5845,-0.15744136
2955,1257,1393.4734,3566.6013,206336.015625,3367345.25,292.72552,449.01035,397.786,2205.038,0.69996876,1828.6301,-0.08456257
2956,1466,1391.6998,1383.12,184501.203125,3367363.0,206.03035,339.676,205.08424,2554.7146,0.8502416,1790.9542,-0.17139414
2957,1011,1390.6212,2649.1663,197161.65625,3367373.75,359.87585,552.1133,502.3546,2253.321,0.6527827,1812.7975,-0.10191109
2958,1178,1391.0416,3407.6816,204746.8125,3367369.5,507.809,692.25635,846.93805,2086.0603,0.4263537,1825.8865,-0.06350888
2959,1222,1393.2963,4547.7773,216147.78125,3367347.0,220.12234,361.37848,247.57774,2189.0676,0.7945879,1845.563,-0.0721322
2960,1242,1395.6964,4901.2607,219682.609375,3367323.0,528.67554,662.18036,691.69885,1913.3511,0.4849511,1851.6649,0.0018119387
2961,1232,1396.3336,4934.6167,220016.171875,3367316.75,368.04138,501.18628,482.72037,1931.3357,0.60467064,1852.241,-0.0047775693
2962,1315,1396.7118,5045.574,221125.75,3367313.0,484.427,650.72473,694.06464,2058.843,0.50148016,1854.1562,-0.04110639
2963,1264,1396.8148,947.6582,180146.578125,3367311.75,267.69302,433.01346,289.6891,2772.1038,0.80764437,1783.4445,-0.18723708
2964,1360,1395.4662,1423.1824,184901.828125,3367325.25,210.82205,344.51544,213.29779,2456.9783,0.8379273,1791.6473,-0.14781535
2965,1259,1397.6211,1899.7998,189668.0,3367303.75,529.4686,786.5369,733.7617,1907.9869,0.44266984,1799.8713,-0.02538151
2966,1164,1395.9974,2017.6855,190846.859375,3367320.0,765.6572,1034.9506,1065.0283,1998.6108,0.320122,1801.9044,-0.024144879
2967,1337,1395.9521,3472.0068,205390.0625,3367320.5,581.4308,766.083,860.8212,2166.4255,0.43406817,1826.9989,-0.07980606
2968,1035,1390.8213,1078.2,181452.0,3367371.75,189.87247,320.0454,198.61546,2403.1082,0.8466625,1785.6935,-0.14058481
2969,1371,1396.976,2887.0198,199540.203125,3367310.25,523.33044,761.0846,843.24286,2179.3188,0.4404952,1816.9048,-0.08658826
2970,1198,1397.1744,3527.9316,205949.3125,3367308.25,392.0409,580.53503,551.8681,2275.526,0.6138572,1827.9645,-0.10137359
2971,1266,1397.5118,5007.4707,220744.703125,3367305.0,396.2496,546.69824,547.0383,2064.5178,0.59405506,1853.4989,-0.0385737
2972,1294,1399.2928,1866.071,189330.71875,3367287.0,513.024,762.3783,740.1124,2115.1956,0.4818913,1799.2903,-0.0727992
2973,1321,1396.7555,3180.6267,202476.265625,3367312.5,847.63666,1053.5398,1154.9009,1973.0613,0.27254686,1821.9711,-0.031909175
2974,1282,1397.4977,3699.816,207668.15625,3367305.0,268.95865,421.94852,286.72308,2547.5195,0.79311454,1830.9308,-0.12692949
2975,1218,1397.1519,1774.7496,188417.5,3367308.5,681.7578,927.5193,997.03284,2129.748,0.37701854,1797.7136,-0.07936352
2976,1221,1395.5471,2117.4233,191844.234375,3367324.5,532.5905,819.1613,891.29974,2611.7231,0.4869237,1803.6251,-0.17677723
2977,1164,1396.5043,2152.2131,192192.125,3367315.0,585.97034,810.0215,901.85223,2294.3003,0.4298828,1804.2258,-0.110576555
2978,1159,1396.8102,2594.0544,196610.546875,3367312.0,235.368,384.79248,273.9668,2278.361,0.79263896,1811.8496,-0.11043029
2979,1258,1397.5088,3764.3926,208313.921875,3367305.0,493.12878,667.1296,697.88635,2191.728,0.536149,1832.0453,-0.080899835
2980,1626,1401.7386,4762.5776,218295.78125,3367262.5,571.1661,736.4231,832.0658,2035.9447,0.45141968,1849.274,-0.037306443
2981,1360,1401.3573,1639.322,187063.21875,3367266.5,368.3625,538.2239,508.7511,2203.8442,0.671511,1795.3792,-0.09553055
2982,1119,1398.1617,4057.5952,211245.953125,3367298.5,371.53174,549.85077,453.49063,2525.4514,0.6881045,1837.1055,-0.13479222
2983,1039,1404.4908,4383.466,214504.65625,3367235.0,402.79306,617.3147,464.81616,3087.2522,0.7372196,1842.7323,-0.22794357
2984,1375,1401.611,5086.9023,221539.03125,3367264.0,453.58582,630.03455,649.56836,2290.0957,0.56273144,1854.8717,-0.09446274
2985,1214,1401.0642,1180.318,182473.1875,3367269.25,179.45676,320.82413,205.75247,2238.6716,0.830985,1787.4603,-0.107229024
2986,1175,1400.7915,2051.8562,191188.5625,3367272.0,626.58636,900.3677,925.437,2270.469,0.4290859,1802.4963,-0.10630163
2987,1715,1405.1323,2343.9795,194109.796875,3367228.75,555.72797,807.1895,880.7997,2419.0835,0.47729832,1807.5387,-0.13751523
2988,1194,1401.3785,4808.055,218750.546875,3367266.25,543.11224,692.1298,718.9707,2070.164,0.49804056,1850.0588,-0.04654428
2989,1452,1402.2837,5127.4937,221944.9375,3367257.25,344.21558,508.4673,457.55957,2419.3206,0.68060493,1855.5726,-0.09866864
2990,1257,1401.4121,1735.9412,188029.40625,3367266.0,387.65234,569.02106,556.9328,2115.1702,0.61475503,1797.0461,-0.07628264
2991,1361,1403.3373,2491.3857,195583.859375,3367246.75,265.47464,423.5856,320.7017,2258.3298,0.7617945,1810.0812,-0.10465019
2992,1083,1401.8125,3935.3167,210023.171875,3367262.0,199.57063,325.61588,202.99077,2398.228,0.843815,1834.997,-0.13115725
2993,1448,1405.9745,4236.359,213033.59375,3367220.25,473.09253,634.02277,612.4634,2291.1658,0.56037736,1840.1942,-0.08400744
2994,1295,1400.1096,1343.3907,184103.90625,3367279.0,194.98456,328.88803,196.54402,2553.815,0.856252,1790.2731,-0.17249772
2995,1096,1403.7144,1961.9443,190289.4375,3367242.75,492.62955,741.15784,715.2126,2129.9124,0.4949347,1800.9465,-0.079065815
2996,1337,1404.1093,2738.789,198057.890625,3367239.0,379.46783,549.5961,542.4151,2044.0381,0.60698146,1814.3505,-0.05061513
2997,1260,1403.6,3064.569,201315.6875,3367244.0,841.1254,1055.5977,1142.6294,2052.2341,0.29386163,1819.9717,-0.051552687
2998,1341,1401.695,3108.7615,201757.609375,3367263.0,832.40643,1037.4172,1160.7577,1903.0455,0.25699311,1820.7333,-0.018375082
2999,1297,1402.9537,3361.9207,204289.203125,3367250.5,652.8905,828.7525,955.9792,2073.4172,0.37444496,1825.1024,-0.059876934
3000,1314,1403.5273,4972.2803,220392.8125,3367244.75,477.10806,611.8874,629.78845,1861.1887,0.49744317,1852.8942,0.012154689
3001,1320,1403.4204,880.61285,179476.125,3367245.75,265.54166,414.97046,349.43637,2276.0637,0.73480153,1782.2913,-0.107187316
3002,1265,1401.408,2965.0427,200320.421875,3367266.0,519.3431,770.2893,755.1233,2434.899,0.5219189,1818.2532,-0.13673937
3003,1164,1403.1245,3802.4236,208694.234375,3367248.75,605.2947,788.4304,869.9579,2090.8953,0.42226684,1832.7041,-0.05718848
3004,1337,1406.0486,4433.4404,215004.40625,3367219.5,313.15558,491.49365,389.98428,2688.5647,0.74655116,1843.5955,-0.17135769
3005,1244,1406.0531,1218.5466,182855.46875,3367219.5,175.13907,314.2745,196.75684,2283.1133,0.840495,1788.1223,-0.11629045
3006,1114,1403.2101,2084.6733,191516.734375,3367248.0,519.6176,793.8043,749.7473,2667.2163,0.5572062,1803.0637,-0.184487
3007,1435,1407.154,2252.3562,193193.5625,3367208.5,680.9289,949.4052,1003.79724,2470.7844,0.41682288,1805.9589,-0.14435233
3008,1240,1409.2742,1833.9088,189009.09375,3367187.25,591.8871,838.2944,904.7395,2275.2957,0.43919423,1798.7402,-0.111925915
3009,1131,1407.2157,3903.5376,209705.375,3367207.75,180.99292,310.14502,192.56322,2354.9663,0.8480908,1834.451,-0.1187508
3010,1361,1408.9993,1261.3563,183283.5625,3367190.0,182.93204,317.97098,193.24394,2445.1304,0.8529372,1788.8623,-0.15216105
3011,1324,1408.074,1468.6133,185356.125,3367199.25,207.29909,339.82138,225.15106,2309.012,0.820641,1792.4374,-0.1200301
3012,1535,1406.2657,2814.3623,198813.625,3367217.25,448.0065,656.7704,682.7788,2076.9795,0.51941895,1815.6555,-0.0641914
3013,1218,1404.6034,4466.858,215338.578125,3367234.0,198.55911,337.28983,231.49344,2145.8423,0.8034183,1844.1716,-0.06316237
3014,1055,1408.0133,1025.5668,180925.671875,3367199.75,196.0962,339.436,209.98058,2419.9175,0.8386987,1784.7942,-0.13723555
3015,1039,1407.2426,2701.8132,197688.125,3367207.5,454.81232,635.15015,665.80414,2047.7936,0.52547854,1813.714,-0.048861086
3016,1462,1409.4576,4159.899,212268.984375,3367185.5,225.36285,361.98083,250.58345,2352.8542,0.8099949,1838.8762,-0.117064685
3017,1422,1410.6857,4199.2407,212662.40625,3367173.25,364.01196,531.6364,542.1034,2201.1555,0.63417596,1839.5558,-0.08048738
3018,1187,1409.9823,982.2814,180492.8125,3367180.25,194.45071,335.46082,215.7936,2365.3757,0.8310551,1784.0485,-0.12597284
3019,1317,1408.984,3213.9126,202809.125,3367190.25,682.92786,868.2339,955.1063,2188.669,0.39701873,1822.5513,-0.08023029
3020,1204,1410.4843,3259.4868,203264.875,3367175.25,610.8962,808.6628,903.2118,2243.8604,0.43516985,1823.3384,-0.09783841
3021,1239,1410.1202,1141.4673,182084.671875,3367178.75,230.12994,388.4891,260.31314,2480.3047,0.8084947,1786.7946,-0.15182191
3022,1306,1411.7366,1701.1401,187681.40625,3367162.75,216.78522,355.00995,247.02336,2059.9568,0.78469217,1796.4508,-0.061861895
3023,1457,1414.9464,2184.214,192512.140625,3367130.5,645.175,858.0645,879.77765,2250.9543,0.42249385,1804.787,-0.091513544
3024,1378,1410.0986,2417.3528,194843.53125,3367179.0,314.2137,467.3008,417.0871,2107.5164,0.6810189,1808.8071,-0.06312139
3025,1249,1411.5653,3295.6526,203626.53125,3367164.25,668.6421,844.8807,917.05524,2089.9993,0.39557293,1823.9629,-0.06362451
3026,1068,1409.1349,3971.778,210387.78125,3367188.75,225.04494,362.38763,262.9354,2075.369,0.7769373,1835.6295,-0.053472973
3027,1414,1413.2426,1297.7532,183647.53125,3367147.5,186.08522,330.93954,197.628,2522.5254,0.8521846,1789.4923,-0.16477102
3028,1320,1413.8705,3735.3206,208023.203125,3367141.25,298.2053,443.4515,353.4659,2327.8325,0.7387768,1831.5511,-0.10354428
3029,1058,1413.5028,1057.4026,181244.03125,3367145.0,193.44234,325.7051,203.35161,2386.6455,0.8410149,1785.3461,-0.13065113
3030,999,1410.3704,1104.6527,181716.53125,3367176.25,251.61261,398.96997,313.23123,2215.92,0.7675625,1786.1597,-0.09797578
3031,1094,1411.4908,2627.544,196945.4375,3367165.0,462.85193,657.5425,656.05804,2317.7039,0.5799606,1812.4344,-0.11406248
3032,1118,1411.0126,3843.3577,209103.578125,3367169.75,207.18515,344.1932,214.4678,2402.3523,0.8355876,1833.4142,-0.13132522
3033,1334,1414.1334,3026.7878,200937.875,3367138.75,797.5259,1055.256,1109.7676,2285.8572,0.34758243,1819.3247,-0.10419375
3034,1395,1416.6659,1602.6509,186696.515625,3367113.25,202.89355,333.03836,215.53476,2324.7183,0.829542,1794.7542,-0.12530416
3035,1578,1418.0266,2455.0798,195220.796875,3367099.75,345.10394,522.84503,477.02536,2226.1748,0.6671054,1809.4619,-0.09522902
3036,1202,1413.4843,2561.0415,196280.40625,3367145.25,374.94592,556.7787,508.90265,2285.8936,0.66023165,1811.288,-0.11016862
3037,1339,1419.1367,5192.575,222595.75,3367088.75,274.55862,414.09933,358.47797,2129.1733,0.71259993,1856.7034,-0.06275403
3038,1241,1417.9266,3499.723,205667.234375,3367100.75,437.51007,599.4303,656.7244,2011.9653,0.5250369,1827.4874,-0.04050003
3039,1331,1422.8422,4693.1006,217601.0,3367051.5,456.45078,619.0804,592.8663,2187.378,0.57053447,1848.0845,-0.06735898
3040,1405,1416.3417,4870.3267,219373.265625,3367116.5,525.02203,665.58716,679.158,2099.9417,0.5008795,1851.1403,-0.03053281
3041,1241,1417.1362,1566.9259,186339.265625,3367108.75,203.17728,328.79572,204.58542,2387.6108,0.8413311,1794.1381,-0.13821596
3042,1250,1417.1736,2768.9128,198359.125,3367108.25,416.1904,616.816,601.4816,2163.4343,0.57058454,1814.8765,-0.07827224
3043,1207,1416.9569,4573.0713,216400.71875,3367110.5,224.39395,377.79037,268.18558,2201.0286,0.78430134,1846.0103,-0.07925951
3044,1044,1413.7117,847.0862,179140.859375,3367143.0,255.81322,416.9933,322.9636,2333.23,0.75609076,1781.7181,-0.11226421
3045,1294,1417.8956,1504.0471,185710.46875,3367101.0,211.00734,344.27396,211.7442,2479.2634,0.841248,1793.0536,-0.1554821
3046,1134,1419.5741,3392.9463,204599.46875,3367084.25,495.78925,657.10583,719.1094,2062.888,0.49910167,1825.6456,-0.054251023
3047,1390,1418.413,3435.6697,205026.6875,3367095.75,522.24207,697.5363,732.1212,2162.7417,0.50987536,1826.3823,-0.0763941
3048,1241,1420.465,3579.4077,206464.078125,3367075.25,458.1934,669.6124,691.0951,2361.6262,0.55610377,1828.8636,-0.12004996
3049,1214,1418.6655,4006.6152,210736.15625,3367093.25,389.29324,550.7446,495.01566,2041.5824,0.61225176,1836.2351,-0.033073373
3050,1291,1418.1758,4085.622,211526.21875,3367098.25,299.74283,449.95584,400.91943,2241.5818,0.70139766,1837.5984,-0.08205538
3051,1187,1418.4321,4497.56,215645.59375,3367095.75,284.6234,444.35382,319.37912,2500.996,0.76930726,1844.7076,-0.12865302
3052,1480,1419.8912,4610.2725,216772.71875,3367081.0,399.36215,553.3,538.7493,2148.7034,0.60964143,1846.6536,-0.06830565
3053,1416,1419.7952,2857.2336,199242.34375,3367082.0,531.1942,781.81146,844.4036,2165.3164,0.43990454,1816.4017,-0.083536886
3054,1346,1422.1271,2993.0647,200600.640625,3367058.75,831.5401,1082.39,1141.3782,2274.8127,0.34337053,1818.7466,-0.10531355
3055,1213,1418.0989,3143.1238,202101.234375,3367099.0,727.9761,938.2844,998.29596,2100.0403,0.36184302,1821.334,-0.06016166
3056,1246,1417.1597,3615.3428,206823.4375,3367108.5,236.05618,383.70145,275.64847,2246.932,0.7834184,1829.4822,-0.09718473
3057,1279,1423.9061,5154.784,222217.84375,3367041.0,225.15402,361.2111,292.70914,2169.283,0.7607896,1856.0532,-0.06892798
3058,1295,1424.7783,3336.5398,204035.40625,3367032.25,620.8502,791.71045,876.9691,2115.478,0.42054683,1824.6747,-0.065638274
3059,1092,1423.7317,3680.6667,207476.671875,3367042.75,311.1044,460.3599,353.16757,2532.7563,0.74995685,1830.6125,-0.14250092
3060,1284,1423.1387,2668.1877,197351.875,3367048.5,722.57947,952.10516,1098.2617,2225.9812,0.35735485,1813.1414,-0.09292248
3061,1129,1423.2081,3649.1072,207161.0625,3367048.0,285.04517,438.1497,342.66254,2290.0461,0.74499494,1830.0677,-0.095636435
3062,1330,1426.3601,1667.1963,187341.96875,3367016.5,251.83835,396.31277,292.49738,2288.989,0.77925205,1795.8724,-0.11251241
3063,1238,1425.0985,1995.693,190626.9375,3367029.0,634.1793,914.00244,880.75,2106.7222,0.41429958,1801.5393,-0.070861496
3064,1588,1430.602,2312.0674,193790.671875,3366974.0,702.6902,917.1319,988.0904,2206.1943,0.37388968,1807.0005,-0.0849786
3065,1069,1422.1216,3874.5752,209415.75,3367058.75,189.18802,315.6988,195.02994,2325.711,0.8449078,1833.9581,-0.1164158
3066,1290,1427.7969,1401.5139,184685.140625,3367002.0,206.78372,339.98566,209.1903,2556.3528,0.8464243,1791.2897,-0.16847433
3067,1169,1421.0898,4121.8247,211888.25,3367069.0,199.59709,339.53036,203.00641,2423.5667,0.84517765,1838.2245,-0.13495617
3068,1378,1427.2424,4534.246,216012.46875,3367007.5,294.2656,452.0116,344.43396,2407.3567,0.75117654,1845.3448,-0.115024835
3069,1328,1429.0979,1796.5602,188635.59375,3366989.0,705.37726,940.5768,1027.6694,2149.8137,0.37179407,1798.1057,-0.08423748
3070,1188,1424.0884,1929.8628,189968.625,3367039.0,533.5993,782.093,729.85815,1907.9642,0.44257933,1800.4031,-0.02449361
3071,1363,1428.2898,2943.2942,200102.9375,3366997.0,542.3338,771.98975,817.5708,2266.3699,0.46828902,1817.8907,-0.10235723
3072,1153,1429.6279,4405.9395,214729.390625,3366983.75,309.32785,481.98526,405.27234,2437.9272,0.7144601,1843.1316,-0.117409796
3073,1293,1429.6682,1439.471,185064.703125,3366983.25,195.42421,324.37973,199.7498,2361.218,0.84225696,1791.9454,-0.13123363
3074,1367,1428.8639,4835.8506,219028.5,3366991.25,652.812,820.726,899.7608,1936.831,0.38949147,1850.5508,-0.0058592255
3075,1304,1431.4908,1367.0828,184340.828125,3366965.0,202.65797,337.19937,199.61887,2629.961,0.85869795,1790.6975,-0.18870923
3076,1598,1430.02,2381.5625,194485.625,3366979.75,537.05255,794.8908,852.4853,2455.323,0.48902038,1808.1992,-0.14418474
3077,1164,1430.506,3087.4707,201544.703125,3366975.0,828.42096,1037.177,1185.994,1970.201,0.26122776,1820.3796,-0.036160525
3078,1231,1428.3469,5023.086,220900.859375,3366996.5,437.06985,584.05,560.8631,2187.0288,0.58863676,1853.7821,-0.06872848
3079,1309,1431.3759,925.50037,179925.0,3366966.25,271.7838,438.13446,334.0153,2503.569,0.76405174,1783.0797,-0.13864805
3080,1146,1429.0759,1761.5122,188285.125,3366989.25,443.60516,625.20636,647.51355,2124.099,0.57101995,1797.501,-0.07605778
3081,1498,1431.2029,2903.8752,199708.75,3366968.0,491.7924,717.0053,729.5995,2277.8303,0.5117987,1817.2119,-0.10381409
3082,1290,1430.3489,4043.8884,211108.875,3366976.5,337.7597,497.42792,415.94186,2346.7915,0.69929564,1836.8837,-0.10221701
3083,1372,1430.1414,4728.3755,217953.75,3366978.5,568.3681,766.16473,848.9089,2144.9097,0.440128,1848.6965,-0.060208775
3084,1282,1430.3097,4794.402,218614.015625,3366977.0,538.87286,697.83386,700.70825,2049.5508,0.5027844,1849.836,-0.03560058
3085,1342,1431.7906,5062.258,221292.578125,3366962.0,585.63043,760.32825,796.2962,1973.5245,0.45378992,1854.4597,-0.01949223
3086,1362,1431.3884,3537.0955,206040.953125,3366966.0,416.08444,573.65454,593.77167,2081.565,0.5625572,1828.1385,-0.053770505
3087,1169,1431.9838,1331.5099,183985.09375,3366960.25,195.14243,334.2609,198.97903,2591.6082,0.8565401,1790.0841,-0.17920679
3088,1281,1430.2076,2145.8167,192128.171875,3366978.0,512.8591,782.7974,714.573,2839.333,0.5887154,1804.132,-0.21273924
3089,1298,1431.2311,4946.047,220130.46875,3366967.75,538.9507,677.2473,707.27386,1866.1699,0.46205685,1852.4537,0.010988824
3090,1243,1433.0957,2030.2816,190972.8125,3366949.0,863.13116,1154.0519,1191.1155,2053.7913,0.29602033,1802.14,-0.045466952
3091,1261,1431.8969,2108.157,191751.5625,3366961.0,560.12805,806.0333,753.8652,2617.183,0.54793274,1803.483,-0.17284992
3092,1268,1429.3131,2527.3303,195943.296875,3366986.75,566.974,805.5497,847.25397,2463.8833,0.48990077,1810.714,-0.1485869
3093,1319,1433.3837,3777.2744,208442.75,3366946.25,575.48145,768.3639,827.4003,2153.4314,0.46341315,1832.2842,-0.07470301
3094,969,1431.3334,3949.5107,210165.109375,3366966.75,201.54489,330.14862,222.48503,2224.683,0.81646556,1835.2555,-0.089136645
3095,962,1433.2328,1083.6902,181506.90625,3366947.75,174.62578,300.28482,198.46777,2233.529,0.8372779,1785.8096,-0.102011256
3096,1189,1432.5189,1535.947,186029.46875,3366954.75,200.8709,328.1888,199.3566,2473.275,0.8500367,1793.6112,-0.15622146
3097,1075,1432.7516,3814.612,208816.125,3366952.5,479.71722,620.2084,594.3646,2025.5609,0.5604943,1832.9282,-0.03672888
3098,1275,1438.6659,4278.8057,213458.0625,3366893.25,507.3098,694.37415,662.5647,2453.7788,0.5467895,1840.9417,-0.10919548
3099,1340,1432.4948,4907.9463,219749.46875,3366955.0,538.8985,693.42615,788.44257,2031.9194,0.46700257,1851.7968,-0.026300361
3100,1112,1434.3112,957.57104,180245.71875,3366937.0,235.3768,389.58185,261.30396,2424.6025,0.804513,1783.6345,-0.1327896
3101,1034,1435.0493,1005.8665,180728.671875,3366929.5,215.36363,368.51935,230.82883,2558.691,0.83114403,1784.468,-0.15530664
3102,1018,1432.0334,1171.8801,182388.796875,3366959.75,180.97397,322.64783,202.60904,2339.5227,0.839706,1787.3303,-0.1283123
3103,1151,1431.2494,2592.8574,196598.578125,3366967.5,508.5808,685.1225,722.6794,2030.1346,0.48200777,1811.8455,-0.046794415
3104,1242,1434.7004,3171.1675,202381.671875,3366933.0,611.1039,813.2697,818.31,2312.6143,0.4800405,1821.8258,-0.109874316
3105,1293,1439.1748,895.0472,179620.46875,3366888.25,237.43774,386.09824,282.9768,2449.928,0.7926545,1782.5583,-0.14683744
3106,1568,1435.414,2219.708,192867.078125,3366925.75,695.5829,901.68365,979.72577,2130.3208,0.37100026,1805.4093,-0.07064282
3107,1608,1440.0927,2274.8047,193418.046875,3366879.0,731.02673,902.00433,967.38403,1936.3066,0.3220773,1806.3622,-0.01694026
3108,1417,1437.6245,5101.52,221685.203125,3366903.75,367.37015,513.95447,532.9202,1932.6051,0.57100713,1855.1399,-0.009592545
3109,1135,1436.7612,1204.9921,182719.921875,3366912.5,177.16124,310.59692,195.26476,2273.08,0.8405333,1787.9039,-0.11254389
3110,1336,1436.6864,1895.1864,189621.859375,3366913.25,575.90643,844.18115,851.2672,2161.927,0.4321989,1799.811,-0.08484813
3111,1262,1436.1743,2067.6687,191346.6875,3366918.25,846.36053,1140.6078,1217.7576,2230.0896,0.303871,1802.7865,-0.09717492
3112,1182,1438.3392,3237.257,203042.5625,3366896.5,644.6413,824.5829,920.6371,2061.2234,0.39068547,1822.9679,-0.056329183
3113,1288,1436.7687,3467.1802,205341.796875,3366912.25,483.17703,666.04193,750.7873,2195.1863,0.50369525,1826.9347,-0.08410137
3114,1233,1439.5433,1241.2012,183082.015625,3366884.5,184.53569,321.58636,199.2429,2408.2815,0.8465759,1788.5299,-0.14387722
3115,1220,1439.8811,2789.7778,198567.78125,3366881.25,505.44632,752.20984,804.4045,2248.8455,0.46833822,1815.2474,-0.09934185
3116,1434,1440.2587,4987.0884,220540.875,3366877.5,523.4017,665.7932,696.90936,1970.2137,0.49127188,1853.1661,-0.019526355
3117,1286,1438.9658,1860.2231,189272.234375,3366890.25,641.73987,913.1361,970.67847,2486.658,0.44119453,1799.2089,-0.15331614
3118,1130,1435.8186,2708.6716,197756.71875,3366921.75,498.36902,745.58405,721.9124,2523.2336,0.5516882,1813.846,-0.1569313
3119,1193,1439.8584,3709.99,207769.90625,3366881.5,184.99916,311.70328,186.35457,2312.3958,0.8507236,1831.1261,-0.11449985
3120,1235,1440.8,4248.096,213150.96875,3366872.0,515.7927,714.97736,744.9854,2444.2534,0.5248548,1840.4126,-0.1229469
3121,1198,1439.5927,4373.154,214401.53125,3366884.0,301.74542,455.5292,367.14523,2174.8196,0.7147711,1842.5702,-0.062317148
3122,1275,1440.229,1727.4282,187944.28125,3366877.75,212.27843,345.20038,232.67844,2146.1565,0.8025515,1796.9185,-0.08150988
3123,1016,1439.0984,1119.624,181866.234375,3366889.0,343.6201,526.6358,411.687,2701.1724,0.74811435,1786.4324,-0.18889864
3124,1161,1438.3557,1964.466,190314.65625,3366896.5,592.5034,852.65204,836.795,1931.5809,0.39028665,1801.0071,-0.02850796
3125,1261,1440.9,3052.3228,201193.21875,3366871.0,1065.6578,1300.412,1451.6531,1955.8236,0.15999526,1819.7781,-0.03409365
3126,1156,1441.3486,3918.346,209853.46875,3366866.5,198.87802,332.94897,209.70415,2399.1946,0.8388748,1834.7223,-0.12811759
3127,1417,1444.0564,4644.5757,217115.75,3366839.5,454.6577,635.09595,653.8017,2245.763,0.56240803,1847.2565,-0.09208676
3128,1330,1442.2609,1633.5812,187005.8125,3366857.5,356.70752,523.04626,462.04022,2335.1255,0.69384354,1795.3004,-0.118365146
3129,1313,1442.7936,2828.2246,198952.25,3366852.0,520.8488,766.09485,830.38916,2186.5696,0.44834608,1815.9121,-0.086959735
3130,1173,1441.3171,859.0878,179260.875,3366866.75,233.53708,386.47144,289.237,2401.8381,0.78385806,1781.9392,-0.13499922
3131,1273,1445.0416,3119.4917,201864.921875,3366829.5,603.61115,806.3668,838.8091,2234.4194,0.45929018,1820.939,-0.09380284
3132,1123,1442.6198,3276.9102,203439.09375,3366853.75,691.8967,864.8949,935.5512,2133.0747,0.39877525,1823.6542,-0.069342315
3133,1037,1442.3279,1036.6615,181036.609375,3366856.75,183.21408,316.6514,198.85728,2314.7527,0.8389511,1785.0029,-0.11195193
3134,1402,1442.0527,2490.8252,195578.25,3366859.5,574.3916,826.08344,834.44006,2512.96,0.4999136,1810.0902,-0.15749153
3135,1137,1444.168,3202.9895,202699.890625,3366838.25,740.0827,910.2674,979.2357,2058.3184,0.3616187,1822.3794,-0.055634372
3136,1302,1446.9769,4213.8965,212808.96875,3366810.25,375.0238,553.62823,587.2949,2199.5283,0.61662483,1839.8252,-0.084380575
3137,1357,1443.6433,4464.47,215314.703125,3366843.5,243.12381,383.11496,276.66174,2148.1504,0.76911247,1844.1481,-0.053884238
3138,1379,1445.9652,4759.8516,218268.515625,3366820.25,433.8593,594.3742,602.9297,2065.3894,0.5574665,1849.2468,-0.04604929
3139,1181,1445.9856,1824.6427,188916.421875,3366820.25,657.1041,902.5013,983.0368,2324.309,0.41251728,1798.5985,-0.119462304
3140,1336,1448.1302,4178.56,212455.59375,3366798.75,232.53668,369.20023,270.79004,2272.335,0.7852916,1839.216,-0.09375439
3141,1364,1447.0748,1480.1327,185471.328125,3366809.25,209.92924,342.59604,214.47911,2437.441,0.83604324,1792.6556,-0.14517339
3142,1319,1447.6172,2739.9673,198069.671875,3366803.75,473.27634,717.1217,739.898,2294.948,0.5121059,1814.3916,-0.110497475
3143,1144,1447.32,3310.131,203771.3125,3366806.75,696.17395,848.5026,933.3995,1891.3733,0.34379873,1824.2296,-0.010410231
3144,1346,1449.1738,3370.7815,204377.8125,3366788.25,603.8982,774.5743,869.5721,2070.951,0.41985732,1825.277,-0.05724266
3145,1174,1446.4242,3980.155,210471.546875,3366815.75,299.2419,450.3569,350.45316,2218.016,0.71658117,1835.7913,-0.07042333
3146,1286,1448.8242,4144.136,212111.359375,3366791.75,190.16913,331.99612,195.17496,2374.269,0.84777576,1838.6222,-0.1243644
3147,1255,1450.5522,5211.1953,222781.953125,3366774.5,389.12668,559.7251,477.00797,2646.1672,0.70690453,1857.0386,-0.14340006
3148,1106,1441.5117,2628.292,196952.921875,3366865.0,695.8409,906.76807,1023.99005,2146.086,0.38298157,1812.4618,-0.07627818
3149,1113,1447.5463,3408.2317,204752.3125,3366804.5,274.31717,410.575,337.55347,2130.9075,0.7367882,1825.9225,-0.071470305
3150,1317,1450.8922,1274.5369,183415.375,3366771.0,184.37775,317.63593,197.80904,2461.7202,0.85045844,1789.1107,-0.15407015
3151,1646,1452.4386,2348.8093,194158.09375,3366755.5,536.05835,775.03644,781.02765,2499.373,0.5287393,1807.645,-0.15199034
3152,1491,1447.7384,2420.1328,194871.328125,3366802.5,493.2847,753.9115,728.4172,2627.9963,0.56619114,1808.8733,-0.1796497
3153,1112,1446.3948,3847.9802,209149.796875,3366816.0,237.2563,370.29227,235.34712,2514.7788,0.8292146,1833.5104,-0.1535534
3154,1243,1449.1898,4431.909,214989.09375,3366788.0,253.7313,400.55832,344.84634,2012.7981,0.7070467,1843.5886,-0.03778886
3155,1268,1452.5071,5132.559,221995.59375,3366755.0,288.82138,434.45544,395.93808,2092.1794,0.67836756,1855.6823,-0.040976834
3156,987,1450.2887,1149.8156,182168.15625,3366777.0,195.32016,334.6079,208.2999,2374.084,0.8370922,1786.9589,-0.13335265
3157,1253,1451.7925,3744.4988,208114.984375,3366762.0,297.7853,448.39185,391.29608,2187.644,0.70924443,1831.727,-0.08154395
3158,1118,1451.7424,3888.9937,209559.9375,3366762.5,202.3533,324.95618,205.1449,2360.5813,0.8394592,1834.2206,-0.12134296
3159,1407,1455.2694,2973.798,200407.984375,3366727.25,1084.2878,1334.204,1478.7612,2126.5146,0.18624619,1818.4299,-0.0753531
3160,1160,1453.2992,1305.5388,183725.390625,3366747.0,188.26509,324.27887,198.6862,2438.0198,0.8481026,1789.6467,-0.1487086
3161,1333,1453.6099,1693.0015,187600.015625,3366744.0,197.90323,329.6144,209.81096,2196.1953,0.82410294,1796.3312,-0.09520604
3162,1181,1454.6926,3562.2786,206292.78125,3366733.0,349.02625,523.2947,477.11346,2288.019,0.6710108,1828.584,-0.107325606
3163,1195,1452.4569,3596.5054,206635.0625,3366755.5,350.70627,516.97406,471.86612,2212.282,0.6592714,1829.1736,-0.08703826
3164,1182,1454.104,4072.7073,211397.078125,3366739.0,220.30795,355.51523,221.9247,2482.6685,0.8346689,1837.392,-0.14181803
3165,1202,1453.2637,4105.7314,211727.3125,3366747.25,202.09984,337.04993,218.89601,2317.96,0.82446957,1837.9614,-0.109220006
3166,1005,1455.3533,982.66766,180496.671875,3366726.5,261.82538,426.3577,288.46716,2506.2944,0.789726,1784.0781,-0.14356469
3167,1526,1456.0734,2174.9246,192419.25,3366719.25,620.3853,887.71265,938.8539,2484.0613,0.44732413,1804.6467,-0.14963947
3168,1276,1451.8464,2560.572,196275.71875,3366761.5,726.0333,934.19086,1042.7238,2131.7266,0.35815415,1811.2983,-0.07166076
3169,1349,1455.682,2869.2483,199362.484375,3366723.25,519.2168,728.6649,755.14124,2180.0173,0.48534635,1816.6261,-0.08238921
3170,1185,1452.6582,3632.0354,206990.359375,3366753.5,380.45908,558.41943,512.4819,2317.4043,0.64374465,1829.7869,-0.10057169
3171,1323,1450.1006,4575.021,216420.21875,3366779.0,468.56464,638.01587,667.2483,2185.0012,0.5557032,1846.0588,-0.076753974
3172,1453,1456.8403,3014.3896,200813.890625,3366711.5,1087.2106,1313.85,1448.2161,1952.9576,0.17136861,1819.1311,-0.032396063
3173,1185,1453.8574,4017.216,210842.15625,3366741.5,406.49704,575.28186,540.62024,2261.065,0.6260697,1836.4342,-0.08428457
3174,1316,1456.6671,4313.7627,213807.625,3366713.25,625.215,814.42096,818.6854,2304.5989,0.4550642,1841.5531,-0.08434189
3175,1265,1452.434,4501.4844,215684.84375,3366755.75,269.85928,422.5328,332.6664,2297.1218,0.7484577,1844.7908,-0.094369985
3176,1443,1456.7823,4682.0747,217490.75,3366712.25,502.01108,672.1857,702.68744,2135.734,0.5158206,1847.9094,-0.062302258
3177,889,1455.0697,1065.0822,181320.828125,3366729.25,216.01912,360.08774,254.46625,2313.7407,0.8020906,1785.4996,-0.10387417
3178,1295,1456.539,5172.8125,222398.125,3366714.5,280.1421,435.14633,352.13245,2384.9756,0.74213964,1856.3788,-0.099361114
3179,1354,1455.3877,1564.579,186315.796875,3366726.0,203.50443,331.81757,204.51366,2448.131,0.84533453,1794.1166,-0.15203002
3180,1298,1455.9553,1600.5577,186675.578125,3366720.5,286.73575,433.74115,363.27582,2343.5332,0.75528467,1794.7375,-0.12826237
3181,1304,1454.6542,3502.6165,205696.15625,3366733.5,598.28107,786.709,861.7711,2134.494,0.43288034,1827.5544,-0.072900474
3182,1477,1456.7461,4873.7036,219407.03125,3366712.5,537.0491,684.9479,698.96173,2000.133,0.48392224,1851.2166,-0.009664477
3183,1449,1463.724,2246.5115,193135.109375,3366642.75,690.6394,861.9258,925.78296,1962.1863,0.34740794,1805.8855,-0.021966027
3184,1167,1455.3179,2663.7463,197307.46875,3366726.75,577.4786,834.7065,868.04626,2448.5864,0.48673064,1813.0802,-0.14266497
3185,1382,1461.2156,1516.2452,185832.453125,3366667.75,194.34877,320.85962,194.65086,2480.066,0.8539419,1793.2856,-0.15832378
3186,1302,1458.6036,3672.4578,207394.578125,3366694.0,259.4831,392.12134,279.97083,2386.6467,0.793049,1830.487,-0.12095609
3187,1455,1462.365,2457.672,195246.71875,3366656.25,636.1364,884.6952,914.0869,2477.2942,0.4590914,1809.5281,-0.14817674
3188,1211,1461.4872,3436.8513,205038.515625,3366665.25,418.4839,580.474,616.18335,2145.0835,0.56639636,1826.4229,-0.06949451
3189,1283,1458.8215,1928.2369,189952.375,3366691.75,760.84375,1017.70886,1087.8285,2059.8608,0.32385793,1800.3921,-0.06112154
3190,1300,1460.78,5031.634,220986.34375,3366672.25,698.7323,845.7923,968.9746,1959.1708,0.35407057,1853.944,-0.014837116
3191,1269,1463.7612,2091.0103,191580.09375,3366642.5,689.63477,972.01697,976.4665,2382.0547,0.4224664,1803.2028,-0.1289072
3192,1446,1462.9391,4610.8755,216778.75,3366650.5,456.787,631.8638,651.2082,2147.5317,0.5559465,1846.6833,-0.0676267
3193,1259,1462.9174,1410.3391,184773.390625,3366650.75,201.42097,328.80142,202.68307,2363.7422,0.8383965,1791.4595,-0.12655206
3194,1409,1464.692,2005.2023,190722.03125,3366633.0,582.4145,834.72144,840.78033,2018.9084,0.41487774,1801.7228,-0.0527592
3195,1358,1464.243,2132.16,191991.59375,3366637.5,543.51654,831.7342,809.0232,2818.0693,0.55248916,1803.913,-0.21208297
3196,1315,1466.7231,3146.0632,202130.625,3366612.75,562.8015,760.20074,791.4228,2165.6943,0.46553266,1821.4077,-0.080566004
3197,1252,1465.5255,4352.7373,214197.375,3366624.75,692.0048,866.73724,941.73083,1906.1862,0.3423511,1842.2296,-0.0027216347
3198,1168,1463.452,1446.5051,185135.046875,3366645.5,194.87457,324.24573,198.68065,2377.4402,0.8447601,1792.0836,-0.13661602
3199,1223,1465.3303,2698.2468,197652.46875,3366626.75,459.14023,699.21423,672.0458,2481.0552,0.57946455,1813.6803,-0.15004592
3200,1280,1463.5914,2935.5828,200025.828125,3366644.0,751.10626,990.78125,1103.239,2122.6016,0.32287538,1817.7745,-0.07546527
3201,1209,1464.5674,3340.2695,204072.6875,3366634.25,634.49133,803.35486,888.5335,2051.2861,0.40711483,1824.7578,-0.04839255
3202,1332,1464.6066,4540.437,216074.375,3366634.0,368.741,514.97974,498.09085,2073.3506,0.6264701,1845.4685,-0.05058399
3203,950,1464.1011,1098.7611,181657.609375,3366639.0,339.5316,517.0453,401.9979,2699.6936,0.73899174,1786.0852,-0.18112963
3204,1154,1468.0078,2765.2913,198322.90625,3366600.0,425.45972,655.2409,681.15985,2173.7378,0.52661425,1814.8384,-0.08422195
3205,1351,1465.0067,4953.403,220204.03125,3366630.0,499.86343,658.89935,696.63025,2174.5847,0.5268211,1852.5957,-0.058229435
3206,1279,1462.3057,1762.8092,188298.09375,3366657.0,309.42886,458.63995,409.70523,2094.4683,0.6851396,1797.5398,-0.06615561
3207,1289,1466.7253,2044.2087,191112.09375,3366612.75,671.69165,934.56287,987.20325,1897.1842,0.31994763,1802.3967,-0.013477341
3208,1260,1464.6548,2524.361,195913.609375,3366633.5,674.13416,896.6643,977.7524,2221.957,0.39619836,1810.6798,-0.094272666
3209,1284,1462.9852,4834.372,219013.71875,3366650.25,620.278,768.8785,836.28467,1919.7084,0.40154955,1850.5405,0.0059030647
3210,1111,1466.3987,1186.4923,182534.921875,3366616.0,194.58055,337.61566,210.44644,2425.7588,0.83985156,1787.5997,-0.14867106
3211,1250,1468.112,1341.4624,184084.625,3366599.0,194.5232,328.1796,200.9736,2498.1973,0.85033876,1790.2739,-0.16105959
3212,1285,1468.7277,1375.8241,184428.234375,3366592.75,195.67587,327.18677,199.86731,2479.0964,0.84997827,1790.867,-0.15795095
3213,1048,1466.8492,3258.227,203252.265625,3366611.5,713.0248,881.8521,960.98566,2047.873,0.36645254,1823.3431,-0.052802242
3214,1052,1463.3213,3946.192,210131.921875,3366646.75,226.20723,359.72623,248.03992,2315.0295,0.8040789,1835.2129,-0.10846327
3215,1512,1469.0139,4721.6885,217886.875,3366589.75,352.09525,516.57074,464.13226,2221.4795,0.6574286,1848.5985,-0.080058105
3216,1305,1464.718,4795.211,218622.109375,3366632.75,793.8207,994.38776,1113.8475,2038.0521,0.32191396,1849.8655,-0.036281943
3217,1380,1467.8768,5070.445,221374.453125,3366601.25,451.8029,620.21594,625.96484,2118.6252,0.5570249,1854.617,-0.056178514
3218,1360,1470.4514,1658.3721,187253.71875,3366575.5,191.71361,320.00037,206.69008,2215.649,0.82824296,1795.7422,-0.10055462
3219,1194,1465.5863,2595.4565,196624.5625,3366624.25,462.04773,674.96484,651.541,2328.5737,0.567651,1811.9069,-0.11381992
3220,1174,1463.8646,3814.5264,208815.265625,3366641.25,605.97955,762.7564,768.05963,2200.977,0.48536593,1832.9412,-0.072136655
3221,1308,1466.9473,4914.1636,219811.640625,3366610.5,604.9037,792.08716,866.64526,2085.944,0.42931294,1851.9193,-0.05036032
3222,1269,1466.5642,3086.3364,201533.359375,3366614.25,643.2088,856.59735,871.2892,2334.4404,0.4564762,1820.3771,-0.11022147
3223,1160,1470.4052,1222.7992,182898.0,3366576.0,189.54138,328.52844,208.6112,2359.3672,0.8366388,1788.228,-0.13248935
3224,1441,1471.8938,4397.3076,214643.078125,3366561.0,473.1728,638.3303,619.3352,2087.0125,0.5454177,1843.0017,-0.04836851
3225,1490,1474.9812,2205.9739,192729.734375,3366530.25,554.02783,822.38556,847.3463,2496.596,0.49370244,1805.1917,-0.15326624
3226,1221,1470.0442,2900.891,199678.90625,3366579.5,580.66583,813.89514,901.40375,2124.633,0.4066168,1817.179,-0.07588171
3227,1469,1474.354,1797.4227,188644.21875,3366536.5,298.22498,450.92545,375.21683,2130.279,0.70697564,1798.143,-0.07673487
3228,1352,1473.1842,1879.6168,189466.171875,3366548.25,571.1472,811.358,817.1442,2473.6143,0.5044006,1799.5603,-0.1446061
3229,1174,1469.466,1968.1976,190351.96875,3366585.25,538.49445,804.7453,742.82837,2201.8472,0.49408686,1801.0867,-0.09538309
3230,1190,1472.0764,2803.1243,198701.25,3366559.25,424.18234,661.1323,667.4122,2311.1592,0.5487757,1815.493,-0.11054461
3231,1180,1471.7601,3181.7712,202487.71875,3366562.5,620.73645,826.2017,839.33984,2236.3855,0.45536566,1822.0262,-0.09467497
3232,1222,1469.6514,3776.379,208433.78125,3366583.5,538.13995,710.55566,738.27985,2063.5,0.4931339,1832.2855,-0.05128101
3233,1228,1474.3323,4048.1409,211151.40625,3366536.75,233.50977,370.99103,234.45683,2540.4275,0.8303363,1836.9773,-0.15283915
3234,1632,1473.6783,2312.2354,193792.359375,3366543.25,686.1805,899.4997,956.6575,2240.2659,0.40130422,1807.0243,-0.09703873
3235,1720,1476.0966,2384.9558,194519.5625,3366519.0,550.7134,812.30176,826.64276,2508.767,0.5099494,1808.2802,-0.15607277
3236,1298,1475.9939,3532.7651,205997.65625,3366520.0,453.04932,627.03314,646.755,2124.286,0.5624808,1828.0847,-0.06596266
3237,1127,1473.1659,1009.36914,180763.6875,3366548.25,216.43167,364.6371,272.37756,2209.2502,0.78225976,1784.5477,-0.08866381
3238,1207,1474.5717,3223.2087,202902.09375,3366534.25,730.3356,913.2817,980.6852,2064.8218,0.3607366,1822.7426,-0.057062242
3239,1304,1476.1127,1841.7002,189087.0,3366518.75,688.29565,880.88806,946.58014,2096.7063,0.375654,1798.9077,-0.064961374
3240,1038,1472.0289,2632.0762,196990.765625,3366559.75,304.5973,463.644,359.85645,2176.3777,0.72052026,1812.5419,-0.07999096
3241,1043,1474.2109,3859.814,209268.140625,3366538.0,198.15149,326.01245,202.91658,2347.0193,0.8408956,1833.7274,-0.12076999
3242,1377,1476.6528,4996.1445,220631.4375,3366513.5,316.26144,455.84424,401.23676,2241.227,0.6965053,1853.3385,-0.074127644
3243,930,1474.3516,1129.5968,181965.96875,3366536.5,205.60216,349.33548,221.66022,2420.8677,0.83114725,1786.6222,-0.1417535
3244,1215,1474.5243,3468.4724,205354.71875,3366534.75,446.9111,613.758,608.949,2174.9653,0.57324684,1826.9746,-0.075564325
3245,1256,1478.2007,2840.9236,199079.234375,3366498.0,552.5685,775.28265,831.1413,2235.4976,0.45744416,1816.1482,-0.09523415
3246,1177,1474.605,3049.2668,201162.671875,3366534.0,632.2277,848.42566,895.8054,2210.9558,0.42569757,1819.7413,-0.088801384
3247,918,1475.4858,1043.0752,181100.75,3366525.25,248.12473,401.35947,322.70752,2202.3333,0.7501825,1785.1304,-0.09112638
3248,1181,1474.2074,3710.2573,207772.578125,3366538.0,187.43776,324.38358,200.13971,2308.73,0.84047043,1831.1466,-0.113282725
3249,1384,1477.2998,4240.2744,213072.75,3366507.0,404.0997,583.16327,643.9798,2173.333,0.5508149,1840.2942,-0.07827983
3250,1452,1477.9945,4282.225,213492.25,3366500.0,464.6095,644.51514,762.1508,2144.0854,0.47981972,1841.0186,-0.071957715
3251,1342,1477.8383,1725.0715,187920.71875,3366501.5,280.31854,423.92624,354.83643,2127.6394,0.7164141,1796.8965,-0.07034873
3252,1066,1478.0835,3993.3386,210603.390625,3366499.25,444.4409,621.4381,597.3152,2161.1614,0.5717097,1836.0333,-0.065799296
3253,1168,1482.786,5231.724,222987.25,3366452.25,289.02997,423.68408,373.69348,2091.4556,0.69096655,1857.4071,-0.040713117
3254,1241,1481.8154,1254.5222,183215.21875,3366461.75,190.05762,322.49072,206.14786,2352.249,0.83780926,1788.781,-0.13119693
3255,1313,1480.7289,3297.4783,203644.78125,3366472.75,657.8233,844.85223,954.64355,2060.9246,0.37406972,1824.027,-0.057645578
3256,1439,1481.7463,5106.0654,221730.65625,3366462.5,325.8916,484.3405,427.35477,2318.8652,0.6828534,1855.2379,-0.09196249
3257,1258,1481.3187,3398.7751,204657.75,3366466.75,552.30524,714.0946,769.5962,2024.7091,0.4766129,1825.7751,-0.040937804
3258,1239,1483.7401,4124.2754,211912.75,3366442.5,189.35109,327.92334,200.50444,2269.4666,0.83630145,1838.2954,-0.09961747
3259,1392,1483.8276,4198.9165,212659.15625,3366441.75,220.78664,361.0661,272.40445,2219.77,0.7893964,1839.5835,-0.08867513
3260,1438,1483.918,4471.849,215388.5,3366440.75,269.6203,414.24408,320.0869,2298.6885,0.75306654,1844.2936,-0.0979224
3261,1368,1483.4452,2488.117,195551.171875,3366445.5,747.1155,981.8677,1060.978,2434.5825,0.39757892,1810.0635,-0.13707383
3262,1469,1483.8312,4649.221,217162.21875,3366441.75,416.68958,582.86456,576.2362,2185.4492,0.5911306,1847.3545,-0.07607874
3263,959,1483.1857,1159.9761,182269.765625,3366448.25,195.6392,342.05005,209.88112,2454.6663,0.8415672,1787.1508,-0.15172668
3264,1371,1487.0226,1624.709,186917.09375,3366409.75,241.66667,378.60065,263.37674,2447.9722,0.8074577,1795.1697,-0.14804521
3265,1665,1490.2402,2278.221,193452.203125,3366377.5,673.3102,849.76184,921.58887,2007.0234,0.37275645,1806.4456,-0.03810429
3266,1176,1483.5366,3643.46,207104.59375,3366444.75,320.98724,477.87756,403.35205,2370.54,0.7188242,1829.9983,-0.11908804
3267,1190,1485.4117,3921.2017,209882.015625,3366426.0,199.879,336.42438,216.50925,2316.3135,0.8271052,1834.7919,-0.108585
3268,1349,1486.0282,4159.5967,212265.96875,3366419.75,192.37805,333.07413,197.56264,2385.2625,0.8464112,1838.906,-0.12514068
3269,1260,1484.835,5147.7095,222147.09375,3366431.75,370.6238,545.704,472.04205,2612.5579,0.68972355,1855.958,-0.13680567
3270,1195,1484.3013,5195.1123,222621.125,3366437.0,403.84058,575.67993,473.97363,2911.1807,0.7176883,1856.7759,-0.19222835
3271,1330,1485.6459,1472.8143,185398.140625,3366423.5,198.3579,328.24625,204.22218,2388.3206,0.84075373,1792.5486,-0.13710672
3272,1402,1488.7582,1547.311,186143.109375,3366392.5,203.47539,327.01318,203.90585,2424.9814,0.8441985,1793.8353,-0.14641218
3273,1140,1487.122,1912.107,189791.0625,3366408.75,594.17896,865.2956,906.1447,2441.786,0.45763415,1800.1277,-0.14245601
3274,1402,1485.341,2426.1099,194931.09375,3366426.5,570.74536,810.88586,778.8716,2473.7278,0.51716816,1808.9946,-0.1462285
3275,1256,1485.4761,3604.695,206716.953125,3366425.25,278.11942,440.3933,341.56607,2310.1472,0.7418125,1829.3303,-0.10529513
3276,1390,1484.5,4759.831,218268.3125,3366435.0,627.46185,798.07697,846.63165,2002.682,0.4227138,1849.2637,-0.030334668
3277,918,1485.2004,1076.1503,181431.5,3366428.0,357.44446,548.7097,437.10947,2700.6328,0.7139741,1785.7058,-0.1705979
3278,1355,1488.4435,2732.6199,197996.203125,3366395.5,442.19003,693.50885,668.1151,2574.5894,0.58575916,1814.2844,-0.16714644
3279,1276,1488.8041,3111.8809,201788.8125,3366392.0,567.86676,780.40125,765.38403,2323.4138,0.50532717,1820.8284,-0.11339616
3280,1011,1485.1791,3892.363,209593.625,3366428.25,192.27597,322.11572,198.82889,2372.1108,0.845099,1834.2941,-0.12574692
3281,1056,1489.0312,3963.2454,210302.453125,3366389.75,376.42236,547.42706,525.482,2234.251,0.61798906,1835.519,-0.08965038
3282,1339,1485.295,4433.6387,215006.390625,3366427.0,344.77444,497.0194,396.16205,2516.062,0.7240967,1843.6348,-0.13710381
3283,1170,1485.4983,4508.699,215757.0,3366425.0,311.2624,469.3295,446.44147,2254.518,0.67664254,1844.9302,-0.09180209
3284,1345,1490.307,2989.1956,200561.953125,3366377.0,796.087,990.6543,1072.887,1949.8728,0.3157335,1818.7123,-0.029025897
3285,1213,1487.6488,1311.5631,183785.625,3366403.5,182.53133,315.64633,196.85078,2393.5168,0.8471988,1789.768,-0.14021046
3286,1259,1491.7386,2068.858,191358.578125,3366362.5,711.7828,981.6743,981.7955,1923.191,0.33842766,1802.8342,-0.006335416
3287,1379,1488.0348,4576.129,216431.28125,3366399.75,365.7005,535.5435,526.37744,2176.78,0.6434424,1846.095,-0.07393823
3288,1342,1491.5842,1586.8584,186538.578125,3366364.25,314.25858,465.69485,403.55627,2316.497,0.72719795,1794.5189,-0.11797395
3289,1301,1489.5565,2557.1038,196241.03125,3366384.5,560.14453,826.73865,809.03076,2561.7395,0.5238555,1811.2567,-0.16592261
3290,1174,1489.4728,3741.079,208080.78125,3366385.25,350.35605,518.54346,480.94293,2191.2095,0.66223305,1831.6855,-0.08180427
3291,1420,1492.0641,4088.914,211559.140625,3366359.25,224.5493,364.9993,249.74437,2302.1084,0.8037924,1837.689,-0.10773341
3292,1538,1494.7224,2154.418,192214.1875,3366332.75,463.41028,746.6063,650.57446,2948.8008,0.63460505,1804.3118,-0.23566549
3293,1319,1490.997,3566.5762,206335.765625,3366370.0,402.5853,576.4511,551.18195,2230.1501,0.61701816,1828.6752,-0.09205871
3294,1340,1491.8605,4327.08,213940.796875,3366361.5,442.28806,623.4343,615.4552,2468.1768,0.60509086,1841.7988,-0.1282197
3295,1309,1493.9984,3367.211,204342.109375,3366340.0,375.52484,535.2475,494.68448,2219.6846,0.6510564,1825.2365,-0.08916166
3296,1290,1493.91,4852.838,219198.375,3366341.0,442.68954,585.3248,599.6628,2085.7158,0.54852116,1850.873,-0.031597458
3297,1353,1493.2373,1687.6881,187546.875,3366347.75,230.74612,362.02844,273.0828,2091.9973,0.7696661,1796.2592,-0.061482243
3298,1252,1494.4225,2951.5422,200185.421875,3366335.75,1091.6837,1322.151,1487.0455,1986.1238,0.16974473,1818.0646,-0.03974924
3299,1133,1495.5746,3836.3962,209033.96875,3366324.25,215.11209,343.827,216.79259,2324.0388,0.82976574,1833.3331,-0.115486056
3300,1326,1495.4457,4889.669,219566.6875,3366325.5,495.87933,683.2632,692.67084,2385.5388,0.5591785,1851.5093,-0.10070582
3301,1194,1495.0938,1948.4866,190154.859375,3366329.0,626.47485,880.0921,884.786,2316.4526,0.45357186,1800.7593,-0.11851865
3302,1393,1496.6123,2110.1643,191771.640625,3366314.0,562.77313,839.9659,819.14606,2337.033,0.47157076,1803.5493,-0.11436567
3303,1251,1492.2462,2663.908,197309.078125,3366357.5,477.43365,716.5899,680.2398,2467.9788,0.5671592,1813.1007,-0.14293694
3304,1219,1493.2273,3500.4824,205674.828125,3366347.75,615.55457,804.61523,856.7982,2197.2478,0.44548348,1827.5356,-0.084296815
3305,1152,1494.0443,3682.678,207496.78125,3366339.5,199.921,336.42795,201.61632,2408.487,0.84508175,1830.6799,-0.13256857
3306,1456,1494.9897,4689.3257,217563.25,3366330.0,452.0206,616.9856,624.0021,2129.877,0.5542201,1848.0516,-0.06283889
3307,1223,1494.4563,4812.2944,218792.9375,3366335.5,548.0115,724.6247,788.03186,1986.7866,0.45625982,1850.1736,-0.014055111
3308,1186,1499.4612,1282.7512,183497.515625,3366285.5,189.99957,321.05692,207.47429,2294.6526,0.83312553,1789.2769,-0.11837155
3309,1228,1495.1857,1427.6726,184946.71875,3366328.25,198.17264,326.16,200.8803,2386.731,0.8428837,1791.7747,-0.13672578
3310,1266,1495.8041,1508.5142,185755.140625,3366322.0,198.05647,323.12204,199.17812,2441.8855,0.848151,1793.1696,-0.1487457
3311,1654,1498.7836,2343.839,194108.390625,3366292.25,559.15265,805.91113,777.7497,2590.7263,0.53703487,1807.5818,-0.16836187
3312,1060,1494.5359,3802.5774,208695.78125,3366334.75,594.15375,765.4085,808.033,2124.669,0.44956252,1832.7491,-0.057382584
3313,1172,1496.2517,4021.669,210886.6875,3366317.5,271.57764,411.8302,276.99487,2545.8403,0.79865766,1836.5305,-0.14520904
3314,1344,1497.6451,4369.466,214364.65625,3366303.5,406.59152,567.9732,520.4055,2137.399,0.6099274,1842.533,-0.056371674
3315,1306,1498.7443,3024.7864,200917.859375,3366292.5,695.7037,889.63477,959.4855,2131.4333,0.38364795,1819.3303,-0.0686714
3316,1162,1496.908,3330.8735,203978.734375,3366311.0,430.66696,583.22205,535.3933,2257.2202,0.62997276,1824.6108,-0.095509656
3317,1270,1498.8953,4966.256,220332.5625,3366291.0,227.56456,358.22757,246.36653,2396.6235,0.8166377,1852.8326,-0.11768786
3318,1369,1499.9694,2875.6743,199426.75,3366280.25,736.8093,989.3754,1106.0504,2181.4668,0.33654147,1816.7582,-0.08768488
3319,1305,1496.1992,5032.875,220998.75,3366318.0,530.6529,665.0318,700.5096,2008.4977,0.4923243,1853.9811,-0.026943602
3320,930,1497.0376,1110.7699,181777.703125,3366309.5,240.19678,394.5441,259.16345,2550.602,0.8146336,1786.309,-0.16175675
3321,1012,1498.0712,1202.1284,182691.28125,3366299.25,208.26186,358.89426,223.20454,2495.7756,0.8348705,1787.8854,-0.1599363
3322,1313,1497.8073,1758.6802,188256.796875,3366302.0,210.51523,335.77686,216.55179,2270.549,0.824351,1797.4862,-0.11163969
3323,1254,1498.2129,3431.1309,204981.3125,3366297.75,484.35727,644.744,653.43304,2059.7288,0.5370824,1826.3413,-0.049636126
3324,1301,1500.4973,4929.4683,219964.6875,3366275.0,366.58878,518.28595,387.73367,2863.9124,0.75761425,1852.1984,-0.19990899
3325,1360,1501.2493,1990.9868,190579.875,3366267.5,531.1346,797.8555,746.0371,2225.9753,0.5004579,1801.4955,-0.10069359
3326,1445,1502.6484,2029.4526,190964.53125,3366253.5,516.01764,783.76263,740.9125,2223.5745,0.5026396,1802.1598,-0.09982225
3327,1109,1497.7449,2590.6843,196576.84375,3366302.5,365.156,575.6041,495.71326,2318.2993,0.6571034,1811.8401,-0.107373945
3328,992,1495.8146,3262.0886,203290.890625,3366321.75,752.7772,946.8821,1061.7642,2151.5132,0.34271416,1823.4235,-0.07871358
3329,1326,1502.5619,1391.9781,184589.78125,3366254.5,193.85973,317.69116,199.01094,2327.3386,0.84017944,1791.1626,-0.12062885
3330,1564,1502.9003,2236.9507,193039.5,3366251.0,722.79474,981.5051,1108.5387,2373.5916,0.36791605,1805.7396,-0.12941536
3331,1131,1498.9717,2521.977,195889.765625,3366290.25,646.75995,882.2595,1016.13306,2220.7878,0.3795623,1810.6553,-0.09393356
3332,1130,1499.3752,2773.262,198402.625,3366286.25,504.90265,721.15485,703.5,2381.9116,0.5441718,1814.9908,-0.123438284
3333,1234,1502.2545,2914.6055,199816.0625,3366257.5,1028.0964,1296.3104,1458.5283,2067.5803,0.18812497,1817.4309,-0.061686434
3334,1104,1498.2246,2698.2861,197652.859375,3366297.75,505.3279,760.54395,805.966,2364.9402,0.49365538,1813.6968,-0.1273768
3335,1357,1503.2269,3069.5652,201365.65625,3366247.75,632.9941,848.66766,842.8032,2320.7368,0.4639355,1820.1051,-0.11064679
3336,1048,1503.0916,3204.016,202710.15625,3366249.0,623.8635,829.2319,866.7061,2168.4265,0.43156195,1822.4249,-0.08222705
3337,1431,1502.3773,4612.977,216799.765625,3366256.25,493.49545,661.90564,678.91125,2190.9775,0.5441512,1846.7373,-0.07594209
3338,804,1500.3022,1029.7886,180967.890625,3366277.0,313.7245,475.54913,440.73633,2094.3352,0.6631886,1784.9137,-0.06064331
3339,1286,1506.3475,1819.8018,188868.015625,3366216.5,341.021,493.95645,469.88687,2029.458,0.646902,1798.5448,-0.045925688
3340,1065,1500.7174,2625.5137,196925.140625,3366272.75,340.39438,516.0521,457.96762,2114.2273,0.66479206,1812.4424,-0.06838746
3341,1412,1505.3173,1352.3081,184193.078125,3366226.75,183.89589,307.83215,192.94122,2357.0393,0.84780884,1790.4796,-0.13119528
3342,1293,1503.2397,4541.902,216089.015625,3366247.5,235.87703,378.5549,270.79388,2250.7126,0.78512883,1845.5112,-0.09190421
3343,1003,1503.1007,3173.388,202403.875,3366249.0,520.28217,713.7767,679.03687,2238.0757,0.5351805,1821.8964,-0.09555537
3344,1512,1510.863,2189.82,192568.203125,3366171.25,666.3125,927.5685,1003.21893,2426.999,0.42812112,1804.9304,-0.13778791
3345,1196,1505.5853,3141.7434,202087.4375,3366224.25,582.0493,781.64044,752.2985,2287.8728,0.5054773,1821.3516,-0.10565208
3346,1319,1504.9811,5067.3896,221343.90625,3366230.25,423.43365,606.58075,580.9348,2511.6445,0.6133323,1854.5807,-0.12345809
3347,1560,1511.2898,2457.1333,195241.328125,3366167.0,657.57306,909.19617,977.834,2446.5317,0.43954673,1809.5425,-0.14067543
3348,1124,1505.3604,2808.3826,198753.828125,3366226.5,504.03113,728.48175,733.1232,2278.4583,0.51035285,1815.5997,-0.10197671
3349,1088,1506.432,3768.725,208357.25,3366215.75,345.86398,508.79688,451.10846,2195.2756,0.6704799,1832.1704,-0.07968001
3350,1305,1509.4246,4257.636,213246.359375,3366185.75,374.8751,542.4544,564.233,2105.5916,0.58938205,1840.6085,-0.059664153
3351,1213,1510.6167,5174.3833,222413.828125,3366173.75,300.27576,458.31903,388.52472,2376.7852,0.7164671,1856.4297,-0.10125516
3352,1524,1510.0919,4729.235,217962.34375,3366179.0,439.72113,611.7664,550.4639,2356.7341,0.6153729,1848.7472,-0.098727845
3353,1312,1512.3788,4781.557,218485.5625,3366156.25,426.43903,568.91235,564.516,1919.8452,0.55657494,1849.6511,-0.0015923141
3354,964,1510.5789,1175.4896,182424.890625,3366174.25,225.47821,375.96472,237.67531,2500.6536,0.8245089,1787.4321,-0.15570275
3355,1249,1511.3442,1857.4515,189244.515625,3366166.5,384.17535,555.40753,495.67453,2203.5808,0.65272653,1799.1968,-0.09029311
3356,1018,1509.8949,3236.005,203030.046875,3366181.0,662.54913,845.8153,923.9204,2127.6404,0.39923716,1822.98,-0.073218204
3357,1011,1508.0128,3871.7388,209387.390625,3366199.75,191.35707,318.50742,197.07419,2311.1997,0.8424193,1833.9487,-0.112695366
3358,875,1509.9177,1056.5417,181235.421875,3366180.75,351.13428,547.94116,424.26285,2821.9424,0.7254851,1785.38,-0.16745892
3359,997,1510.8124,1141.663,182086.625,3366172.0,206.51154,349.41324,222.7001,2420.704,0.82997036,1786.8488,-0.13927448
3360,1105,1511.7972,1227.8905,182948.90625,3366162.0,191.09865,330.84616,206.59729,2331.657,0.836258,1788.3367,-0.12617071
3361,1337,1512.3104,4056.398,211233.984375,3366157.0,194.40015,324.902,198.8908,2330.8982,0.84266317,1837.1372,-0.11538435
3362,1186,1514.4232,5250.554,223175.546875,3366135.75,255.5742,396.17117,327.85245,2221.9158,0.74534905,1857.746,-0.08440889
3363,1421,1514.4686,1650.9937,187179.9375,3366135.25,198.3874,323.01337,212.30823,2197.4001,0.82186127,1795.6367,-0.09431529
3364,1119,1512.311,1888.3762,189553.765625,3366157.0,424.063,603.1966,557.2636,2160.1228,0.5976018,1799.7307,-0.08138959
3365,1118,1508.9607,3466.713,205337.125,3366190.5,608.31665,779.0528,829.602,2037.0698,0.42947066,1826.9603,-0.044696897
3366,1364,1514.382,4219.8726,212868.71875,3366136.25,426.4091,584.90985,625.85046,2115.934,0.56234723,1839.9591,-0.06284467
3367,1335,1514.9633,4297.0103,213640.09375,3366130.25,371.29214,544.00525,588.91534,2238.7341,0.5852105,1841.2904,-0.087595195
3368,847,1512.9257,1007.4014,180744.015625,3366150.75,243.8843,393.49234,332.15347,2055.7969,0.7210679,1784.5339,-0.062230777
3369,1197,1513.9541,3942.9124,210099.125,3366140.5,428.15204,591.48456,624.5071,2126.1162,0.5555072,1835.1797,-0.06300147
3370,1537,1516.2141,4407.6216,214746.21875,3366117.75,217.96812,364.19388,234.6337,2362.9578,0.81837314,1843.1998,-0.11631057
3371,1026,1514.2622,3658.0215,207250.21875,3366137.5,193.71443,325.0848,194.94931,2383.6404,0.8486503,1830.2638,-0.12979017
3372,1196,1514.1957,3713.261,207802.609375,3366138.0,287.25836,446.3562,384.53427,2193.6504,0.71955985,1831.217,-0.08270014
3373,1295,1518.0726,1786.6494,188536.5,3366099.25,206.39189,335.78146,221.83437,2201.4683,0.8151095,1797.9786,-0.09582514
3374,1460,1518.0774,2376.6685,194436.6875,3366099.25,578.9592,831.8236,819.8068,2547.4473,0.5137106,1808.1575,-0.16242945
3375,1154,1515.4489,5216.5625,222835.625,3366125.5,253.06845,396.45926,346.34488,2147.462,0.7221356,1857.1598,-0.0687864
3376,871,1514.5074,1087.2502,181542.5,3366135.0,290.8048,469.21066,339.68887,2777.946,0.78001136,1785.9121,-0.17806068
3377,1331,1515.3005,1720.0767,187870.765625,3366127.0,212.47559,338.5646,220.39444,2308.494,0.8238355,1796.8289,-0.118769474
3378,1062,1512.097,2840.6196,199076.1875,3366159.0,576.4176,812.1794,898.7505,2136.0918,0.41138488,1816.1592,-0.07679061
3379,1084,1515.5553,3284.071,203510.71875,3366124.5,550.82654,722.53595,752.333,2164.026,0.4988271,1823.812,-0.07600325
3380,1340,1517.6635,3528.0127,205950.125,3366103.25,381.1485,540.2325,487.9761,2200.2205,0.65250933,1828.0221,-0.08084814
3381,1143,1516.7988,3624.79,206917.90625,3366112.0,212.42783,360.5013,221.35521,2434.9065,0.83282715,1829.6917,-0.13826445
3382,1202,1514.9983,3987.3594,210543.59375,3366130.0,431.76706,619.6572,600.0108,2369.8037,0.59342533,1835.9471,-0.113957234
3383,1304,1516.8168,5002.773,220697.734375,3366111.75,461.0882,601.70514,591.4981,2039.6212,0.5754001,1853.4707,-0.035482243
3384,1216,1517.2023,5136.865,222038.65625,3366108.0,360.42474,534.92395,514.6131,2307.514,0.6442951,1855.785,-0.09510003
3385,1177,1519.4681,1447.7153,185147.15625,3366085.25,187.26933,317.95456,193.61852,2424.1895,0.8508502,1792.1326,-0.1460034
3386,1443,1519.4088,2413.6667,194806.671875,3366086.0,673.77167,931.018,964.7204,2562.3018,0.45658293,1808.7965,-0.16231455
3387,1374,1517.7963,4175.758,212427.578125,3366102.0,222.00218,365.623,266.4607,2219.773,0.78977203,1839.1993,-0.08791902
3388,1432,1518.4343,4451.503,215185.03125,3366095.75,292.06076,428.56424,303.12988,2620.0698,0.79179317,1843.958,-0.16353558
3389,1779,1524.1472,2306.747,193737.46875,3366038.5,677.94183,863.5604,937.17145,2051.3828,0.3725443,1806.9541,-0.050664634
3390,1346,1518.3083,4501.6777,215686.78125,3366097.0,298.3165,446.86255,325.45172,2560.5305,0.7729566,1844.8239,-0.15104157
3391,1177,1521.4707,3591.5361,206585.359375,3366065.25,449.36023,619.0476,622.2226,2138.5854,0.56397384,1829.12,-0.06844564
3392,1522,1520.4186,4129.9785,211969.78125,3366075.75,192.01576,333.19907,200.35414,2318.814,0.8395492,1838.4106,-0.10915009
3393,1250,1519.2504,5102.643,221696.4375,3366087.5,300.0776,450.7628,432.4464,2132.1711,0.6650566,1855.1954,-0.06308441
3394,1214,1521.472,1482.5396,185495.390625,3366065.25,191.88673,317.92587,194.12068,2433.0005,0.85163546,1792.7343,-0.14916936
3395,1347,1523.9762,1571.7268,186387.265625,3366040.25,313.20712,463.91238,405.23163,2359.8772,0.7369749,1794.274,-0.12858908
3396,1192,1522.1031,1923.25,189902.5,3366059.0,563.7236,794.9543,794.71265,2283.663,0.48063302,1800.3372,-0.10683928
3397,1313,1522.8446,2495.9924,195629.921875,3366051.5,568.5883,822.68164,832.166,2473.1716,0.502921,1810.2184,-0.14778695
3398,1140,1523.7158,2750.836,198178.359375,3366042.75,522.6298,792.5114,726.41315,2686.6333,0.56731427,1814.6156,-0.18294166
3399,1396,1520.8868,3399.3115,204663.125,3366071.25,374.06662,552.00574,507.67407,2252.8267,0.6481002,1825.803,-0.09325264
3400,1097,1523.4868,1256.0437,183230.4375,3366045.25,192.36737,326.8578,209.39745,2309.2034,0.83258665,1788.8282,-0.12183564
3401,1259,1523.73,1320.2081,183872.078125,3366042.75,186.03217,314.76648,199.08896,2390.1648,0.8453499,1789.9352,-0.13768055
3402,1408,1525.1832,1530.7379,185977.375,3366028.25,193.62181,315.51526,198.2429,2409.7368,0.8470908,1793.5675,-0.14269234
3403,1250,1523.8992,3102.4792,201694.796875,3366041.0,628.156,842.7944,847.3048,2229.9968,0.44960627,1820.6827,-0.094808124
3404,1120,1524.7268,3316.6099,203836.09375,3366032.75,213.23839,347.89465,218.73482,2315.6562,0.82719916,1824.3778,-0.11604707
3405,1404,1521.6068,4652.4224,217194.21875,3366064.0,498.5534,653.7144,670.1916,2142.4722,0.5381225,1847.4268,-0.06692727
3406,1453,1526.6793,1611.9525,186789.53125,3366013.25,200.65106,329.2536,205.20474,2477.8289,0.8463407,1794.9692,-0.1567449
3407,1117,1524.4342,2969.4216,200364.21875,3366035.75,658.27216,881.4655,965.47626,2208.956,0.39620364,1818.3873,-0.093298934
3408,1385,1525.8296,3901.4836,209684.84375,3366021.75,209.09747,342.98267,214.89026,2419.7192,0.83694154,1834.4702,-0.13414179
3409,1261,1524.9802,4828.252,218952.515625,3366030.25,418.22086,559.2831,559.3073,2039.7244,0.58312225,1850.4625,-0.034126602
3410,1240,1526.9298,1963.0032,190300.03125,3366010.75,545.5661,845.38873,803.99274,2536.344,0.5161918,1801.0254,-0.16172385
3411,1381,1524.5887,2075.0398,191420.40625,3366034.0,720.15314,990.65204,1030.1879,2032.9048,0.33684915,1802.957,-0.0480397
3412,1189,1526.9352,2648.6694,197156.6875,3366010.75,459.16864,721.8175,655.7788,2486.685,0.5819886,1812.8545,-0.15123641
3413,1216,1527.8207,2539.3948,196063.953125,3366001.75,486.04605,723.72736,690.1382,2403.6875,0.5556799,1810.9696,-0.13560237
3414,1210,1528.5579,2573.4875,196404.875,3365994.5,523.7132,806.2479,805.4818,2491.1216,0.5122877,1811.5582,-0.15432626
3415,1147,1528.1621,2717.068,197840.6875,3365998.5,488.75763,735.01526,662.05927,2544.6853,0.5833572,1814.0352,-0.16003834
3416,1119,1527.1663,3559.1733,206261.734375,3366008.25,616.49506,775.294,796.882,2047.8757,0.46012774,1828.5642,-0.048739903
3417,1373,1529.1617,2121.2913,191882.90625,3365988.5,591.81537,879.1191,803.925,2329.6665,0.48578486,1803.7571,-0.11556011
3418,957,1526.1359,3794.3364,208613.359375,3366018.75,665.1118,844.1996,950.1369,2091.7012,0.3825938,1832.6215,-0.05737432
3419,1297,1527.5845,4333.0186,214000.1875,3366004.25,278.43484,429.43024,407.99536,1996.239,0.67752784,1841.9176,-0.033789754
3420,1479,1527.9385,4578.601,216456.015625,3366000.5,328.1217,483.76337,434.57132,2121.1062,0.67330104,1846.1556,-0.06090618
3421,1275,1528.5035,4867.312,219343.125,3365995.0,393.15256,574.5796,492.76276,2553.8643,0.6638467,1851.1382,-0.13685066
3422,1149,1529.5109,2683.369,197503.6875,3365985.0,395.50043,595.4156,528.41077,2294.416,0.63033074,1813.4543,-0.10702918
3423,1252,1531.445,3000.8076,200678.078125,3365965.5,577.6214,766.1789,812.6222,2268.9963,0.48762766,1818.9321,-0.09219054
3424,1378,1530.3447,3355.2417,204222.421875,3365976.5,231.40857,363.27866,231.03629,2252.0312,0.8076845,1825.047,-0.09844297
3425,1082,1529.1848,3824.549,208915.5,3365988.25,269.71164,400.28098,307.4168,2217.4714,0.760322,1833.1443,-0.08735917
3426,1275,1531.3733,4905.28,219722.796875,3365966.25,307.83765,460.42,319.67175,2782.165,0.793651,1851.7947,-0.19458751
3427,1806,1535.6722,2265.0427,193320.421875,3365923.25,683.9449,936.5551,1010.9651,2422.427,0.41817638,1806.2402,-0.13702096
3428,1135,1530.2185,2609.5066,196765.0625,3365977.75,515.9392,781.489,749.52686,2541.829,0.54700965,1812.1804,-0.16083854
3429,1187,1530.8298,3743.4355,208104.359375,3365971.75,378.14154,554.1137,562.43304,2110.31,0.61380523,1831.7454,-0.060758464
3430,1305,1531.0161,1683.5901,187505.90625,3365969.75,217.30766,345.58813,233.98506,2216.5303,0.8034928,1796.2073,-0.09248373
3431,1179,1531.7761,2936.206,200032.0625,3365962.25,737.1323,952.1264,1058.7871,2144.1594,0.3452396,1817.8177,-0.07570853
3432,1233,1532.6091,3035.541,201025.40625,3365954.0,552.37714,715.2425,709.4773,2246.9575,0.53477037,1819.532,-0.095107816
3433,1194,1530.9338,3491.9263,205589.265625,3365970.75,471.8438,612.0858,628.1185,2120.9949,0.5703172,1827.4056,-0.06320114
3434,1153,1531.6514,3443.1292,205101.296875,3365963.5,583.085,787.22375,825.9419,2291.6123,0.47318405,1826.5641,-0.09971044
3435,1057,1532.3812,3856.384,209233.84375,3365956.25,198.70293,323.87796,200.24503,2309.2195,0.83970034,1833.6951,-0.11027475
3436,1441,1531.6086,4090.945,211579.453125,3365964.0,192.29979,335.1638,198.68842,2359.753,0.8445837,1837.7422,-0.123204865
3437,964,1531.0809,1118.5249,181855.25,3365969.25,195.73859,337.27905,216.44917,2411.974,0.8337381,1786.4598,-0.13626204
3438,1476,1536.5393,2216.9302,192839.296875,3365914.5,470.31064,678.998,657.1751,2302.3857,0.5734482,1805.4106,-0.11446097
3439,1362,1536.8722,1413.1586,184801.59375,3365911.25,197.99266,331.26614,207.84692,2401.0269,0.83794564,1791.5452,-0.13636558
3440,1128,1533.8334,2785.7065,198527.0625,3365941.75,475.8803,716.3431,728.336,2451.3572,0.5384513,1815.222,-0.1391408
3441,1246,1534.8179,2898.5056,199655.0625,3365931.75,1054.5,1304.2351,1482.8676,2067.6372,0.18098268,1817.1687,-0.060173873
3442,1252,1531.5863,4019.9585,210869.59375,3365964.25,215.65814,343.87302,215.03435,2414.5215,0.83640015,1836.5172,-0.13021992
3443,1228,1531.294,4369.3174,214363.171875,3365967.0,413.27036,572.5505,534.4023,2094.6758,0.5910776,1842.5457,-0.04727064
3444,1392,1532.0316,4689.7925,217567.921875,3365959.75,571.8944,763.00287,795.9102,2204.9749,0.48102984,1848.0763,-0.07605888
3445,1336,1539.0524,4757.7266,218247.265625,3365889.5,444.44012,591.76874,566.875,2100.8533,0.5785376,1849.2518,-0.05413304
3446,1294,1537.3624,1376.5981,184435.984375,3365906.5,192.81955,320.5576,202.38486,2380.6904,0.84150183,1790.9147,-0.13458827
3447,1288,1536.0055,1749.9014,188169.015625,3365920.0,202.08463,331.73953,214.89946,2223.6482,0.8220054,1797.3536,-0.101508416
3448,1422,1535.4916,2157.9832,192249.828125,3365925.0,628.1034,897.94794,938.48737,2331.0127,0.43782872,1804.3932,-0.12066929
3449,1190,1535.8395,3686.321,207533.21875,3365921.5,221.53026,363.51932,243.27226,2272.7378,0.8062847,1830.7622,-0.1006936
3450,1191,1536.2494,4940.8667,220078.671875,3365917.5,179.75021,299.80814,201.89505,2162.5164,0.8300733,1852.411,-0.07423098
3451,1148,1534.8467,4972.0654,220390.65625,3365931.5,210.18729,353.0418,264.21255,2130.6384,0.78097093,1852.9489,-0.063975945
3452,1151,1540.9983,4479.582,215465.8125,3365870.0,362.60297,505.19287,397.08167,2548.1191,0.73096555,1844.4528,-0.1443403
3453,1436,1536.9895,5035.763,221027.625,3365910.0,526.6163,680.3485,745.49304,2049.8547,0.4695607,1854.0491,-0.035439268
3454,1099,1535.7761,1288.3785,183553.78125,3365922.25,179.04823,308.52228,193.85715,2328.0327,0.8452147,1789.3921,-0.12582287
3455,1391,1539.2782,2003.1259,190701.25,3365887.25,549.7257,837.7976,769.2523,2479.1377,0.5205954,1801.7236,-0.14754543
3456,1286,1538.1477,2039.6843,191066.84375,3365898.5,572.8783,856.535,822.3927,2334.074,0.4863844,1802.3536,-0.124466516
3457,1178,1537.3184,2860.3787,199273.78125,3365906.75,1101.4261,1387.6578,1545.8455,2302.3057,0.21923392,1816.5121,-0.11443036
3458,928,1534.6821,1032.1143,180991.140625,3365933.25,366.5803,531.2613,517.31464,2190.876,0.6230183,1784.9712,-0.08448855
3459,1125,1536.0276,3213.1501,202801.5,3365919.75,546.6018,721.12976,774.8613,2108.8943,0.46898362,1822.598,-0.06688641
3460,1081,1539.765,5196.635,222636.34375,3365882.25,397.36725,560.18134,591.9482,2113.0269,0.57795244,1856.8265,-0.059083253
3461,1164,1538.8978,1194.3711,182613.71875,3365891.0,192.76375,334.6512,213.69415,2310.0635,0.82843465,1787.7721,-0.12032081
3462,1231,1540.0829,1839.3647,189063.65625,3365879.25,216.33347,355.12186,253.01665,2044.9894,0.77857333,1798.8989,-0.058236625
3463,1132,1534.3038,3172.137,202391.375,3365937.0,494.17316,671.2208,644.8799,2242.5344,0.558335,1821.8895,-0.08983569
3464,1192,1539.9186,3250.3892,203173.890625,3365880.75,454.5319,607.0453,601.4622,2148.1233,0.5786749,1823.2423,-0.0724887
3465,1244,1536.7878,4538.985,216059.84375,3365912.0,243.32155,386.28055,282.48553,2342.25,0.7946106,1845.476,-0.11616045
3466,1386,1540.3672,4618.1997,216852.0,3365876.25,377.76117,536.5844,526.811,2142.127,0.60830504,1846.8446,-0.06568503
3467,1062,1540.2769,1160.0697,182270.703125,3365877.25,203.9887,346.10452,222.5226,2352.8042,0.8260734,1787.1812,-0.1261005
3468,1211,1539.7052,3069.2544,201362.546875,3365883.0,473.86624,676.4806,600.55164,2459.2378,0.6093683,1820.1171,-0.14154342
3469,1218,1540.9376,3135.5674,202025.671875,3365870.5,607.62646,811.54596,777.1519,2249.2078,0.48727095,1821.2617,-0.098778695
3470,1197,1540.3417,5074.746,221417.46875,3365876.5,484.45865,662.19385,716.36176,2265.7686,0.52929753,1854.7233,-0.0850872
3471,1238,1543.5768,5267.0127,223340.125,3365844.25,252.23909,398.9588,332.353,2259.9353,0.742539,1858.0428,-0.09103477
3472,1175,1541.6469,2819.748,198867.484375,3365863.5,645.84,907.86127,977.80853,2372.76,0.42206353,1815.8131,-0.12949142
3473,1300,1543.8523,3972.27,210392.703125,3365841.5,446.15616,634.64,629.0792,2259.1038,0.559235,1835.7,-0.085076965
3474,1254,1542.4067,4271.1987,213381.984375,3365856.0,343.92902,500.44177,492.66827,2196.0605,0.6447218,1840.8575,-0.079252034
3475,834,1539.307,1063.1248,181301.25,3365887.0,296.8783,463.44363,385.43765,2408.0498,0.72384095,1785.5084,-0.11022737
3476,1655,1545.0701,2344.1372,194111.375,3365829.25,730.8511,966.29065,1072.3997,2270.2368,0.3633962,1807.6094,-0.107418135
3477,1335,1546.1588,4798.666,218656.65625,3365818.5,594.0165,738.23224,758.567,1941.0944,0.46834567,1849.9614,-0.0060641896
3478,1142,1543.6191,3932.4019,209994.015625,3365843.75,325.85638,473.85025,441.66113,2149.2295,0.66451585,1835.012,-0.06370751
3479,1270,1546.9819,4198.897,212658.96875,3365810.25,427.07718,609.54407,656.8323,2108.1794,0.55076426,1839.6119,-0.05935108
3480,1207,1546.2262,5162.452,222294.53125,3365817.75,394.43332,568.9453,594.3289,2224.0422,0.58904886,1856.2395,-0.078750454
3481,1454,1549.315,2436.187,195031.875,3365786.75,601.46423,881.71045,897.7201,2617.1,0.48791102,1809.1995,-0.17493536
3482,1208,1548.8593,1805.5083,188725.078125,3365791.5,265.42673,409.79636,345.22723,2097.4722,0.72531843,1798.3192,-0.06848563
3483,1369,1550.3674,4157.2095,212242.09375,3365776.25,219.43755,358.20892,256.252,2191.4954,0.79820377,1838.8942,-0.07921579
3484,1305,1549.8873,4234.3984,213013.984375,3365781.25,539.02606,715.236,826.1058,2082.4858,0.43934074,1840.226,-0.05725444
3485,889,1545.1913,1092.0157,181590.15625,3365828.0,277.95724,438.41226,319.73285,2521.235,0.7737059,1786.0098,-0.14466725
3486,1308,1550.4067,1343.4648,184104.65625,3365776.0,191.69304,320.45834,204.34059,2380.6926,0.8407827,1790.3497,-0.13662991
3487,1232,1549.8109,1495.6697,185626.703125,3365782.0,184.71591,310.12054,190.64366,2430.981,0.85402495,1792.9749,-0.14884649
3488,1084,1549.4308,3774.6375,208416.375,3365785.75,669.7334,904.9004,1018.62177,2363.264,0.40782613,1832.2924,-0.122996815
3489,1428,1551.5315,4427.1094,214941.09375,3365764.75,236.92227,367.40546,239.0252,2448.6016,0.8198216,1843.552,-0.13228205
3490,1324,1546.4358,1890.204,189572.03125,3365815.75,485.79532,677.85803,687.23865,2115.1829,0.5277002,1799.779,-0.072721384
3491,1379,1551.8579,2474.7078,195417.078125,3365761.5,514.0196,753.2915,771.4576,2441.3953,0.5221222,1809.8652,-0.14129485
3492,1151,1547.0426,3651.642,207186.421875,3365809.5,200.06342,342.66376,206.72372,2362.1208,0.8376968,1830.1691,-0.12223195
3493,1321,1549.919,4723.206,217902.0625,3365780.75,531.9364,692.8948,685.6609,2354.6064,0.55408585,1848.6609,-0.10926567
3494,912,1547.8081,1005.0866,180720.859375,3365802.0,320.47424,476.97205,451.0192,2107.3948,0.6524538,1784.5116,-0.06578201
3495,1138,1548.3217,1225.3945,182923.9375,3365796.75,205.99736,355.16257,224.5659,2449.8936,0.82966894,1788.312,-0.14765748
3496,1254,1554.0614,2096.0933,191630.9375,3365739.5,721.8999,985.51514,1035.4055,1922.6866,0.30766004,1803.3346,-0.015744872
3497,1378,1551.2809,4052.3796,211193.796875,3365767.25,195.76488,331.75616,201.3077,2357.4565,0.8423862,1837.0857,-0.12195357
3498,1342,1553.8099,5230.562,222975.625,3365742.0,420.22726,583.4851,527.99774,2562.2727,0.6583709,1857.4182,-0.13517928
3499,1465,1554.5099,1640.5931,187075.9375,3365735.0,208.40068,334.39148,221.28635,2348.2747,0.8260242,1795.4772,-0.1259671
3500,1066,1547.394,3285.059,203520.59375,3365806.0,204.85085,330.56473,213.09286,2232.8442,0.82514405,1823.8441,-0.09552042
3501,1238,1552.8975,3385.3352,204523.34375,3365751.0,356.04684,529.0218,472.6882,2256.2925,0.67051935,1825.5768,-0.091716476
3502,1264,1552.4525,5125.151,221921.5,3365755.5,481.03403,651.20886,702.3584,2067.1829,0.51139563,1855.5985,-0.042288747
3503,1316,1556.253,2517.383,195843.828125,3365717.5,562.7029,783.7804,867.0106,2222.224,0.4442631,1810.6036,-0.09947572
3504,1200,1552.46,3616.3574,206833.578125,3365755.5,220.85333,370.39835,229.37083,2446.5159,0.8262378,1829.5627,-0.13650112
3505,1645,1556.6973,2389.2925,194562.921875,3365713.0,721.8325,992.77997,1142.3715,2354.065,0.36373723,1808.394,-0.12682872
3506,1229,1556.0333,3424.724,204917.25,3365719.75,414.8926,632.5948,544.24084,2496.1409,0.6480187,1826.2579,-0.14509545
3507,1378,1556.4441,4306.561,213735.609375,3365715.5,373.62772,533.18726,510.28085,1944.8933,0.5944157,1841.4741,-0.017427975
3508,1376,1555.3713,1715.7303,187827.296875,3365726.25,201.82776,330.15335,208.43568,2390.192,0.8390484,1796.7737,-0.13938567
3509,1235,1553.8785,1932.1141,189991.140625,3365741.25,523.9757,768.4794,744.7425,2389.2595,0.5244527,1800.5057,-0.13189183
3510,1283,1556.8511,3717.1543,207841.546875,3365711.5,288.1972,440.35696,369.1964,2197.8052,0.72236836,1831.304,-0.0825889
3511,1339,1553.7894,1451.0605,185180.609375,3365742.0,182.2024,307.084,193.16168,2324.6084,0.8456372,1792.2074,-0.1249394
3512,1208,1557.1995,1560.13,186271.296875,3365708.0,272.35556,427.37625,343.14984,2394.0522,0.7717499,1794.0905,-0.13605694
3513,1314,1559.2435,3467.5662,205345.65625,3365687.5,297.94635,437.05405,353.14383,2229.6484,0.737652,1826.9985,-0.09345902
3514,1363,1558.7007,4389.1733,214561.734375,3365693.0,351.51138,514.8635,377.57227,2842.2993,0.7629313,1842.9006,-0.1899261
3515,1183,1558.344,2629.2822,196962.828125,3365696.5,604.2743,855.4717,859.2646,2270.7012,0.4524771,1812.5352,-0.10633999
3516,1079,1555.3624,2738.304,198053.03125,3365726.5,588.01666,821.01715,907.01575,2336.2734,0.44343585,1814.4146,-0.1202187
3517,1249,1558.1946,3510.936,205779.359375,3365698.0,233.47238,357.79742,270.89352,2116.4668,0.77369314,1827.7465,-0.06459613
3518,1198,1560.2688,3874.8906,209418.90625,3365677.25,179.0217,305.07013,179.8005,2311.6077,0.8553259,1834.0272,-0.11350431
3519,1342,1558.3018,4843.1313,219101.3125,3365697.0,307.6796,466.78912,356.52048,2274.7046,0.71980774,1850.7343,-0.08206102
3520,1288,1557.6335,4997.4707,220644.703125,3365703.75,572.9717,699.07025,786.3482,1874.5206,0.4204139,1853.3973,0.006009542
3521,996,1558.9026,1132.5602,181995.59375,3365691.0,237.89859,396.76505,265.498,2538.2922,0.80828583,1786.7161,-0.14572215
3522,1202,1560.1156,1773.5774,188405.78125,3365678.75,228.35399,362.74417,274.12772,2082.8577,0.7671884,1797.7739,-0.060734157
3523,1592,1563.1815,2182.9685,192499.6875,3365648.25,590.2927,845.83136,853.77325,2188.4897,0.43909174,1804.8378,-0.079946294
3524,1208,1559.0125,3545.6365,206126.359375,3365690.0,517.8079,647.40314,634.3046,1951.2252,0.5217362,1828.3455,-0.01967593
3525,1350,1560.64,4512.4673,215794.671875,3365673.5,240.37926,377.20444,297.40445,2294.0037,0.7784726,1845.0292,-0.102243476
3526,1374,1562.0095,1593.9899,186609.90625,3365660.0,198.18231,326.43814,204.50182,2465.543,0.8456417,1794.677,-0.1535905
3527,1157,1558.7848,1972.7693,190397.6875,3365692.25,479.74893,780.1309,679.69965,2558.3994,0.5755696,1801.2095,-0.16754705
3528,1212,1559.0388,3581.42,206484.203125,3365689.5,408.98102,567.67737,531.71454,2008.5413,0.5912061,1828.9629,-0.034461275
3529,1439,1561.8075,4119.8354,211868.359375,3365662.0,209.56845,353.0278,234.56845,2256.8596,0.81113255,1838.2545,-0.094469726
3530,1144,1558.1714,1260.6119,183276.125,3365698.25,171.72116,299.74475,188.72116,2279.319,0.8459509,1788.9244,-0.11507097
3531,1190,1560.4891,2668.359,197353.59375,3365675.0,636.85675,894.28784,919.6504,2327.5383,0.43533432,1813.2103,-0.11815628
3532,974,1560.0934,3194.1272,202611.265625,3365679.0,228.88295,365.87784,241.6037,2280.693,0.8077962,1822.2811,-0.10682997
3533,1105,1557.1312,3320.017,203870.171875,3365708.75,210.00995,345.69955,227.0353,2280.9312,0.81583863,1824.4518,-0.1014824
3534,1283,1566.3235,1861.4388,189284.390625,3365616.75,269.55026,425.50586,364.0,2139.32,0.72687167,1799.2926,-0.07865073
3535,1364,1560.0748,4655.004,217220.03125,3365679.25,289.1811,438.93695,343.24927,2252.8762,0.73847944,1847.4885,-0.090454675
3536,1302,1561.9454,4884.794,219517.9375,3365660.5,244.29532,387.05414,266.31528,2455.7666,0.804671,1851.4548,-0.13044286
3537,1395,1564.7627,5291.268,223582.6875,3365632.25,235.33333,379.61435,344.39713,2069.8774,0.7136371,1858.4707,-0.049695045
3538,1291,1563.7367,2555.3608,196223.609375,3365642.75,558.196,810.3633,842.4531,2437.4631,0.5012154,1811.2625,-0.14327602
3539,1249,1563.0625,2591.1816,196581.8125,3365649.5,569.8759,783.3803,834.0344,2206.9888,0.45993242,1811.8801,-0.0938157
3540,1199,1560.8132,3105.6355,201726.359375,3365671.75,649.588,842.794,823.88324,2327.4062,0.46469304,1820.7548,-0.10570928
3541,1167,1562.389,3807.0813,208740.8125,3365656.0,693.8175,838.28705,898.3188,1921.5184,0.37468004,1832.8582,-0.011982437
3542,1352,1563.4045,4346.154,214131.53125,3365646.0,664.92084,857.61096,866.12354,2340.1826,0.4536611,1842.1605,-0.08067518
3543,1150,1564.5173,4460.374,215273.75,3365634.75,259.97043,383.60956,271.1087,2430.739,0.8012798,1844.132,-0.12960981
3544,1161,1562.3755,1527.0491,185940.484375,3365656.25,184.97417,317.0982,192.70543,2442.3647,0.85319966,1793.5225,-0.15056424
3545,1142,1563.12,2772.6987,198396.984375,3365648.75,707.5766,951.7027,1085.4614,2282.5645,0.3591957,1815.0117,-0.10964289
3546,1320,1560.2734,2967.9402,200349.40625,3365677.25,536.7174,709.7515,743.42725,2211.599,0.50690883,1818.3788,-0.08633787
3547,1300,1564.9154,1303.8838,183708.84375,3365630.75,195.42154,331.70615,212.87154,2377.7246,0.8347985,1789.6742,-0.13684931
3548,1320,1564.2363,4011.2803,210782.8125,3365637.75,213.4144,333.55984,213.48561,2310.3652,0.8313381,1836.3824,-0.106443904
3549,1271,1566.0432,4557.96,216249.59375,3365619.5,282.72305,424.36508,354.321,2088.8984,0.7186937,1845.8167,-0.05632002
3550,1165,1567.6257,5095.3545,221623.546875,3365603.75,481.82834,646.7605,687.7837,2017.8018,0.51230145,1855.091,-0.03367773
3551,1254,1564.721,1676.5199,187435.203125,3365632.75,217.22687,353.4984,244.72807,2252.3916,0.80158,1796.1019,-0.10062369
3552,1287,1567.3699,2061.2144,191282.140625,3365606.25,617.2766,900.2145,877.38385,2447.0256,0.475166,1802.7394,-0.14442274
3553,1287,1566.2175,2703.9014,197709.015625,3365617.75,662.411,916.9635,972.7929,2361.0183,0.4174751,1813.8263,-0.12539361
3554,1152,1564.4141,2882.9175,199499.171875,3365635.75,657.76215,890.03296,1002.3411,2146.4229,0.366298,1816.9138,-0.07641165
3555,1208,1563.6084,2928.1208,199951.203125,3365644.0,529.6937,717.94617,750.97186,2077.1978,0.47081563,1817.6934,-0.05338948
3556,1162,1565.2452,3841.7263,209087.265625,3365627.5,257.9131,394.71,287.0568,2209.2444,0.76740974,1833.4573,-0.08450751
3557,1274,1567.7151,4591.9277,216589.28125,3365602.75,666.44586,879.0879,974.478,2177.4011,0.41674858,1846.4036,-0.07439933
3558,1551,1567.0793,5489.3604,225563.59375,3365609.25,339.80594,513.45264,489.58865,2562.9426,0.6649756,1861.8904,-0.07237225
3559,758,1563.5804,1049.3469,181163.46875,3365644.25,320.8918,493.9657,421.05542,2405.3674,0.7012111,1785.2831,-0.117823154
3560,1561,1570.0525,2135.5188,192025.1875,3365579.5,666.78955,934.47504,931.4866,1837.499,0.32999036,1804.0226,0.013738308
3561,1485,1570.1434,2229.5266,192965.265625,3365578.5,497.9414,725.02155,709.79663,2319.5056,0.53915685,1805.6443,-0.11898156
3562,1823,1570.0807,2305.3044,193723.046875,3365579.25,597.46185,843.26,802.54663,2583.467,0.51233083,1806.9515,-0.16168043
3563,1254,1569.2736,3904.8093,209718.09375,3365587.25,198.27034,330.99283,211.54704,2255.2815,0.8272935,1834.5476,-0.09999406
3564,1258,1567.7408,4926.168,219931.6875,3365602.5,169.11685,290.84183,193.08466,2140.3809,0.83422995,1852.1714,-0.07064078
3565,1197,1569.5288,2843.4202,199104.203125,3365584.75,1030.1587,1273.9181,1439.4303,2028.634,0.19850215,1816.2349,-0.049253773
3566,1320,1569.0841,3007.9304,200749.3125,3365589.25,432.77423,626.15796,577.8644,2411.2083,0.6169319,1819.0729,-0.13246158
3567,1079,1567.9296,3162.0908,202290.90625,3365600.75,288.2289,427.72104,324.88785,2188.8257,0.7496108,1821.732,-0.08453286
3568,1154,1569.247,3348.7834,204157.84375,3365587.5,221.65685,356.60397,236.76343,2280.0945,0.80842745,1824.9539,-0.09993121
3569,1159,1569.3071,3751.603,208186.03125,3365587.0,388.45212,573.9879,570.7748,2254.8774,0.61799496,1831.9042,-0.09670422
3570,1139,1568.4697,3040.7876,201077.875,3365595.25,485.83582,656.0799,644.4425,2177.3943,0.55314356,1819.6395,-0.08065056
3571,1327,1570.6248,4083.9963,211509.96875,3365573.75,197.54485,342.72116,209.0,2323.9556,0.8331695,1837.6401,-0.11282907
3572,1240,1571.3307,5055.447,221224.46875,3365566.75,708.18506,930.7536,1043.1101,2300.415,0.40198252,1854.4039,-0.09971019
3573,1480,1569.7007,5451.938,225189.375,3365583.0,222.20406,359.24393,293.02365,2231.338,0.76902753,1861.2456,-0.07180937
3574,1192,1572.7727,3226.407,202934.0625,3365552.25,257.22986,390.75082,292.38507,2144.677,0.7633652,1822.844,-0.07425642
3575,1451,1568.3901,5411.339,224783.390625,3365596.0,336.7698,508.86215,438.25775,2372.1191,0.7032564,1860.5444,-0.09126675
3576,1276,1570.1952,4689.751,217567.5,3365578.0,368.82132,532.31036,486.65125,2092.6394,0.63445723,1848.0927,-0.04605173
3577,805,1572.2124,1026.4819,180934.8125,3365558.0,280.97455,443.72607,360.34598,2339.408,0.72921795,1784.8931,-0.11567007
3578,1363,1575.0946,2023.7058,190907.0625,3365529.0,498.7678,775.95746,738.1981,2464.653,0.5383693,1802.0962,-0.14815487
3579,1198,1574.3647,2806.8606,198738.609375,3365536.25,1135.6244,1420.3656,1560.3121,2286.297,0.2044392,1815.6064,-0.1101749
3580,1390,1575.059,4962.469,220294.6875,3365529.5,331.20035,475.3651,415.54352,2058.2227,0.68618983,1852.801,-0.043110494
3581,1023,1575.5288,1105.8436,181728.4375,3365524.75,260.12512,413.90616,328.94867,2264.9888,0.74642074,1786.2635,-0.097758286
3582,1308,1573.5703,3682.4893,207494.890625,3365544.25,324.4075,498.23013,425.4717,2327.127,0.7078149,1830.7136,-0.11234926
3583,1368,1575.1096,4768.3525,218353.53125,3365529.0,448.25146,604.2105,578.2193,2069.6191,0.5675036,1849.4513,-0.04307128
3584,1408,1576.162,5330.2036,223972.03125,3365518.5,238.8608,392.49857,353.9176,2166.4773,0.7158171,1859.1476,-0.067948
3585,861,1573.3043,1075.2776,181422.78125,3365547.0,294.51917,447.18524,374.47156,2199.3901,0.70853245,1785.7352,-0.064556554
3586,1166,1575.0583,3074.698,201416.984375,3365529.5,561.4297,767.3139,714.6484,2456.0164,0.54702073,1820.2277,-0.13644867
3587,1078,1574.1373,3259.629,203266.28125,3365538.75,209.42023,338.78943,219.08441,2218.0464,0.81851804,1823.4178,-0.09139869
3588,1192,1575.2719,3941.3901,210083.90625,3365527.25,378.2567,542.0604,532.2005,2036.9346,0.5967166,1835.1815,-0.03736253
3589,1214,1577.8427,5021.548,220885.46875,3365501.5,553.98474,709.3946,779.10956,2143.9465,0.47107977,1853.8218,-0.061223727
3590,1244,1572.6599,5193.2896,222602.890625,3365553.5,381.29663,533.5402,565.66,1961.3103,0.56165993,1856.7833,-0.023275472
3591,1312,1573.3217,1412.3285,184793.28125,3365546.75,195.24542,330.48856,206.14253,2415.854,0.84101605,1791.5491,-0.14290601
3592,1082,1574.037,1160.8059,182278.0625,3365539.75,190.0878,332.92606,207.72551,2440.9944,0.8414015,1787.2108,-0.14211865
3593,1414,1576.2588,1375.8473,184428.46875,3365517.5,196.35503,331.3522,216.05728,2312.5605,0.8256361,1790.9213,-0.11572448
3594,1194,1579.3065,1477.5084,185445.078125,3365487.0,179.56532,315.4757,195.56114,2373.833,0.8472103,1792.6763,-0.13602705
3595,1534,1577.8859,2265.1995,193322.0,3365501.25,597.9974,844.9475,843.1708,2532.19,0.50366884,1806.2635,-0.15907007
3596,1232,1576.716,4260.013,213270.125,3365512.75,361.1031,523.57465,529.3198,2142.34,0.621419,1840.68,-0.06396397
3597,1254,1578.0519,5372.921,224399.21875,3365499.5,453.83255,640.9131,656.0789,2212.02,0.539179,1859.8856,-0.06542845
3598,1284,1583.9899,5518.9165,225859.15625,3365440.0,326.52725,500.23755,581.02106,2156.6199,0.57969046,1862.4078,-0.069546156
3599,1200,1575.3541,1194.69,182616.90625,3365526.5,205.785,346.5375,222.90916,2375.5725,0.8275758,1787.796,-0.12642783
3600,1399,1581.0,1744.4296,188114.296875,3365470.0,219.99965,349.05255,242.37456,2221.1562,0.80614495,1797.2815,-0.1010082
3601,1221,1578.3906,1824.4857,188914.859375,3365496.0,190.543,324.15726,208.34807,2143.3386,0.8212848,1798.6611,-0.08212188
3602,1238,1578.2327,4186.7207,212537.203125,3365497.75,380.0929,541.5533,552.21,2075.971,0.604382,1839.4161,-0.050602034
3603,1289,1580.5276,1905.7455,189727.453125,3365474.75,555.8495,833.2296,921.7475,2383.313,0.4567631,1800.064,-0.13052526
3604,1134,1577.1014,3976.9321,210439.3125,3365509.0,308.70987,465.69843,349.68253,2498.1191,0.7521214,1835.7957,-0.13790666
3605,1314,1581.8904,4622.993,216899.9375,3365461.0,419.97336,572.8866,566.6735,2084.9429,0.5800648,1846.9459,-0.054243565
3606,1270,1580.1858,4807.005,218740.046875,3365478.25,356.28897,477.411,432.8063,1839.8992,0.61892456,1850.1205,0.023784652
3607,1254,1579.5295,5152.1084,222191.09375,3365484.75,586.67065,767.0104,878.4474,1948.4976,0.3925233,1856.0757,-0.017423175
3608,995,1579.1196,3292.187,203591.875,3365488.75,215.36885,344.67035,229.91457,2215.5479,0.8094745,1823.9819,-0.08934255
3609,1220,1584.6951,1619.4786,186864.78125,3365433.0,189.04016,309.47827,190.7545,2447.009,0.85477895,1795.1279,-0.15067647
3610,1318,1583.7944,2423.3513,194903.515625,3365442.0,580.9507,803.9822,883.91956,2253.6204,0.4400721,1808.9948,-0.10224402
3611,1129,1582.7263,3134.9504,202019.5,3365452.75,494.19662,673.75995,624.4969,2213.0364,0.57188624,1821.2709,-0.088811114
3612,1213,1580.3883,3646.061,207130.609375,3365476.0,281.06595,443.85077,354.23248,2332.3264,0.7478065,1830.0883,-0.113570005
3613,1394,1583.6678,5250.1006,223171.0,3365443.25,268.80917,421.40747,374.30273,2266.3623,0.7161611,1857.7686,-0.08957063
3614,1572,1583.1545,2349.7812,194167.8125,3365448.5,675.73663,893.13324,972.4291,2223.3018,0.39769128,1807.7252,-0.0900952
3615,1287,1584.9945,2497.561,195645.609375,3365430.0,621.1698,840.272,920.54663,2206.4558,0.41750637,1810.2755,-0.09319743
3616,1323,1585.0348,4732.934,217999.34375,3365429.75,524.72107,694.19806,695.91534,2248.2896,0.53642356,1848.8445,-0.08217603
3617,776,1581.2087,1003.27576,180702.75,3365468.0,306.17914,464.4742,423.43686,2174.2422,0.67377335,1784.4973,-0.07836651
3618,1147,1581.9991,1230.4717,182974.71875,3365460.0,197.79512,338.16302,214.01047,2441.7148,0.8379745,1788.4165,-0.14664857
3619,1174,1584.2938,1949.0,190160.0,3365437.0,575.18524,843.3335,870.85815,2352.8982,0.4620052,1800.812,-0.12536596
3620,1282,1587.8978,1990.0569,190570.5625,3365401.0,513.64624,786.4871,753.7578,2416.041,0.5225044,1801.522,-0.13873439
3621,1146,1584.3813,3409.308,204763.078125,3365436.25,574.04974,755.0288,777.96075,2243.8804,0.48740816,1826.0051,-0.08931393
3622,1282,1585.642,1334.5538,184015.53125,3365423.5,185.58347,314.93173,205.06747,2309.8503,0.8358843,1790.2136,-0.12185922
3623,1351,1587.7639,2459.607,195266.0625,3365402.25,445.30606,639.7994,629.5111,2239.291,0.5676805,1809.6221,-0.10143634
3624,1351,1588.6521,4488.568,215555.6875,3365393.5,193.40193,319.9578,214.24278,2183.4087,0.8208626,1844.6294,-0.081392825
3625,1413,1588.833,4223.335,212903.34375,3365391.75,456.98514,634.5584,664.2279,2194.3042,0.5514653,1840.0527,-0.08049859
3626,1187,1588.2848,4291.3237,213583.234375,3365397.25,353.0497,498.71356,468.37827,1926.1592,0.6025415,1841.2256,-0.008938876
3627,1093,1587.356,2647.1582,197141.578125,3365406.5,627.53064,874.4831,887.54254,2439.8289,0.47012794,1812.8574,-0.14406689
3628,1164,1589.5223,2908.3909,199753.90625,3365384.75,558.189,754.4484,901.7328,1978.7585,0.3798099,1817.3654,-0.03815681
3629,1066,1586.7054,3373.7776,204407.78125,3365413.0,227.94371,361.09476,263.22702,2194.9775,0.7852001,1825.3932,-0.0857817
3630,1260,1588.6206,3489.6287,205566.28125,3365393.75,216.97937,351.10953,233.10318,2265.196,0.8113915,1827.393,-0.09875496
3631,1426,1588.993,4041.2566,211082.5625,3365390.0,191.75316,331.09537,200.31697,2355.7727,0.8425847,1836.911,-0.12094887
3632,1251,1587.5524,3607.5251,206745.25,3365404.5,349.1187,518.42847,451.42966,2228.1619,0.67429,1829.4266,-0.0836798
3633,1355,1588.7313,4149.55,212165.5,3365392.75,518.3786,680.8207,751.8192,2041.4657,0.48081893,1838.7795,-0.03345312
3634,1380,1590.1833,4409.461,214764.609375,3365378.25,293.00653,432.06558,296.5453,2633.6355,0.7923467,1843.265,-0.1519911
3635,1338,1591.3079,3448.0867,205150.875,3365367.0,539.79224,720.2952,735.0112,2227.4626,0.5259942,1826.6775,-0.08516586
3636,1141,1589.0789,1268.6486,183356.484375,3365389.25,189.42944,330.76074,207.99738,2403.3137,0.839548,1789.0786,-0.1419228
3637,1216,1590.7582,1442.7632,185097.625,3365372.5,180.72615,308.29605,193.3898,2320.4363,0.84528404,1792.0828,-0.12256706
3638,1356,1592.4248,1790.9388,188579.390625,3365355.75,198.87169,325.9871,208.38828,2253.0515,0.82908696,1798.0894,-0.10600757
3639,1076,1586.9861,2743.8596,198108.59375,3365410.25,762.9874,1026.8248,1133.6705,2316.591,0.34529847,1814.5255,-0.11455153
3640,1365,1591.9297,3790.7048,208577.046875,3365360.75,533.3194,707.99194,752.8,2081.4043,0.4775837,1832.5892,-0.044765744
3641,1352,1592.8306,4534.818,216018.1875,3365351.75,276.82617,411.09543,331.9142,2231.562,0.7516455,1845.4293,-0.09060145
3642,1354,1592.7223,1700.9475,187679.46875,3365352.75,199.57939,331.0934,206.22636,2417.8186,0.8420229,1796.5372,-0.14439125
3643,1236,1591.267,3530.2573,205972.578125,3365367.25,485.54855,617.51294,618.9409,1960.9879,0.5314807,1828.0952,-0.021708004
3644,1372,1594.0393,4368.192,214351.921875,3365339.5,299.57434,449.28717,316.27405,2605.078,0.77924836,1842.5547,-0.15099476
3645,1281,1594.025,1511.3684,185783.6875,3365339.75,197.64285,338.45316,212.6175,2453.233,0.83957714,1793.2677,-0.15166181
3646,1296,1588.9313,2094.5146,191615.140625,3365390.75,650.1366,926.3858,933.7041,2342.652,0.44241276,1803.3245,-0.12471416
3647,1243,1593.572,2610.375,196773.75,3365344.25,700.1834,938.6919,1014.1472,2263.5833,0.38014477,1812.2258,-0.10408638
3648,1342,1593.535,1552.1959,186191.953125,3365344.75,194.18369,328.67252,204.25558,2408.218,0.8428186,1793.9717,-0.14255379
3649,1349,1595.9956,2537.1082,196041.078125,3365320.0,649.15753,832.57227,866.20386,2198.6228,0.4404713,1810.963,-0.08900725
3650,1136,1593.3134,2982.8398,200498.40625,3365346.75,393.14172,570.86707,519.4648,2279.3203,0.6354279,1818.6515,-0.10396742
3651,1303,1593.8312,3569.2288,206362.28125,3365341.75,273.61935,420.2126,336.30392,2278.5972,0.7458709,1828.7688,-0.099434346
3652,1281,1594.2076,4446.1084,215131.09375,3365338.0,233.45863,363.46564,231.73848,2442.7388,0.8267265,1843.8992,-0.13416967
3653,1382,1597.6838,2203.3372,192703.375,3365303.25,728.1031,999.72284,1010.40955,2013.7548,0.34900874,1805.2059,-0.034824725
3654,1242,1595.4951,2948.0178,200150.171875,3365325.0,385.99115,557.0169,486.94363,2160.9363,0.6386417,1818.0518,-0.07585726
3655,1364,1596.8651,4327.8594,213948.59375,3365311.25,476.83505,641.14734,591.88416,2394.882,0.5985811,1841.86,-0.10313858
3656,1122,1591.9136,4840.773,219077.734375,3365360.75,353.2803,521.8645,478.2647,2080.488,0.6475725,1850.7085,-0.05010817
3657,1177,1594.779,4874.4233,219414.234375,3365332.25,217.24979,357.75403,234.91249,2311.257,0.8140679,1851.2904,-0.102052286
3658,1174,1594.7113,4909.6484,219766.484375,3365333.0,184.00171,315.22147,207.38416,2209.2432,0.8274305,1851.8983,-0.081709445
3659,1252,1595.4441,5116.216,221832.15625,3365325.5,597.7756,751.52075,838.0655,1900.9633,0.4026064,1855.4633,-0.006722336
3660,1406,1597.3556,1660.133,187271.328125,3365306.5,211.29124,344.03415,233.76422,2281.6921,0.81328976,1795.8354,-0.11088932
3661,1475,1600.7268,2163.3147,192303.140625,3365272.75,654.18677,915.5081,949.44135,1968.0105,0.3507088,1804.5171,-0.024874188
3662,1113,1595.8885,2870.141,199371.40625,3365321.0,677.8068,892.0539,1023.08264,2114.7278,0.3505713,1816.7085,-0.07136186
3663,1052,1592.3374,3193.1826,202601.828125,3365356.75,204.1768,337.93442,226.81749,2146.2444,0.8082166,1822.28,-0.07861527
3664,1394,1596.1578,3714.2317,207812.3125,3365318.5,265.9828,409.84793,317.1808,2195.7654,0.75264955,1831.2717,-0.08320566
3665,1229,1598.6664,5214.625,222816.25,3365293.25,425.16516,596.7616,575.786,2241.0984,0.583106,1857.163,-0.07390492
3666,1231,1598.7157,1874.3745,189413.75,3365292.75,257.4671,414.4476,341.29407,2163.9578,0.72916096,1799.5317,-0.08337488
3667,1408,1596.9247,2390.9858,194579.859375,3365310.75,472.35226,657.4922,668.44037,2135.4937,0.53341323,1808.4427,-0.07730558
3668,1152,1595.4722,3321.3308,203883.3125,3365325.25,210.49132,337.84116,230.92535,2201.0894,0.8089389,1824.4924,-0.08891915
3669,1330,1596.9827,3831.721,208987.21875,3365310.25,407.36768,559.41956,539.8865,2116.4924,0.61042994,1833.2993,-0.059151713
3670,1232,1598.0138,1130.444,181974.4375,3365299.75,274.91232,434.5779,337.50974,2471.5068,0.75979036,1786.6992,-0.13487707
3671,1388,1601.2753,2573.487,196404.875,3365267.25,781.1646,969.89984,1033.442,2018.0115,0.32962617,1811.5933,-0.03443182
3672,1288,1599.4138,2679.6343,197466.34375,3365285.75,663.828,921.66034,895.389,2453.0605,0.46974453,1813.4235,-0.14539091
3673,1209,1598.5873,5075.6045,221426.046875,3365294.25,741.72375,912.7403,988.29944,2001.2977,0.35290378,1854.7638,-0.028596131
3674,1199,1598.6781,5299.5103,223665.09375,3365293.25,246.43536,388.0926,367.0542,1934.2244,0.68056375,1858.6278,-0.016360363
3675,956,1596.2646,1050.2218,181172.21875,3365317.25,296.42572,451.91895,413.63547,2189.808,0.684807,1785.3147,-0.0776887
3676,1115,1601.0844,2716.1077,197831.078125,3365269.25,642.16455,892.1955,850.74347,2420.8955,0.4854769,1814.0536,-0.13735855
3677,1518,1603.3848,4988.1465,220551.46875,3365246.25,705.4371,813.1242,884.16797,1812.7003,0.36222503,1853.2567,0.024155848
3678,1413,1604.7035,1585.6122,186526.125,3365233.0,213.03114,341.2562,228.48868,2442.263,0.8278644,1794.5537,-0.145351
3679,1125,1598.9965,2775.6045,198426.046875,3365290.0,1142.4084,1410.8187,1567.8174,2157.1724,0.1727234,1815.079,-0.08176142
3680,1130,1599.7947,3106.7903,201737.90625,3365282.0,518.94336,728.3062,705.65485,2295.4858,0.5241525,1820.7931,-0.10619655
3681,1518,1600.5396,3874.7122,209417.125,3365274.5,202.30171,335.2029,205.43544,2291.587,0.8349874,1834.0427,-0.108731166
3682,1274,1601.7904,4000.8235,210678.234375,3365262.0,202.22998,320.4427,208.12952,2208.4019,0.82601106,1836.2192,-0.08507102
3683,1398,1599.8855,4655.2524,217222.53125,3365281.25,407.43347,569.78754,572.23676,2020.0587,0.59025675,1847.5107,-0.030544808
3684,1172,1600.4624,4699.1646,217661.640625,3365275.5,514.6553,677.5461,641.0631,2156.5137,0.54273534,1848.2687,-0.060442124
3685,1306,1603.6869,5430.3184,224973.1875,3365243.25,351.05627,487.3553,406.7527,2336.5093,0.70448726,1860.8873,-0.069763206
3686,1145,1601.6245,1297.4131,183644.125,3365263.75,196.36987,326.10437,211.90306,2365.6467,0.8344608,1789.581,-0.13367535
3687,1442,1604.077,4575.7925,216427.921875,3365239.25,589.13525,773.6768,820.1276,2159.867,0.475468,1846.1415,-0.068811275
3688,1465,1606.0342,4115.3984,211823.984375,3365219.75,363.1877,511.66415,491.17612,2014.8383,0.6117933,1838.1981,-0.0239161
3689,1154,1599.688,3750.773,208177.734375,3365283.0,294.88214,453.2851,393.62305,2206.4895,0.7068097,1831.9038,-0.085526176
3690,1378,1605.5007,3916.064,209830.640625,3365225.0,439.7569,620.63934,630.947,2165.4731,0.5633192,1834.7585,-0.07329892
3691,1265,1603.6909,2056.0798,191230.796875,3365243.0,486.48062,762.1075,711.3075,2563.0742,0.56471795,1802.6687,-0.167678
3692,1215,1602.2477,3043.3704,201103.703125,3365257.5,296.19836,434.70782,339.6782,2207.2725,0.73770475,1819.7001,-0.088778585
3693,1205,1606.8938,5177.6953,222446.953125,3365211.0,356.6805,524.99084,539.4266,2177.0107,0.6031901,1856.5293,-0.06858161
3694,1264,1607.5609,1838.2675,189052.671875,3365204.5,215.6341,356.928,264.10165,2116.6804,0.78050303,1798.9133,-0.071339674
3695,1115,1605.1094,2838.1768,199051.765625,3365229.0,615.0126,823.3395,926.97,2016.8839,0.37227583,1816.1614,-0.04771167
3696,1094,1605.0978,3165.48,202324.796875,3365229.0,207.52103,337.22394,220.6307,2156.1216,0.8131648,1821.8081,-0.07933671
3697,1194,1603.6399,4080.0076,211470.078125,3365243.5,211.71776,352.55444,227.42294,2343.9597,0.82223,1837.5864,-0.11758783
3698,1234,1607.9878,5354.658,224216.578125,3365200.0,482.2119,631.1572,684.6775,1824.6151,0.4557892,1859.5836,0.024047108
3699,1318,1608.2185,5395.2646,224622.65625,3365197.75,436.70032,652.8236,583.92676,2947.5107,0.6648318,1860.2844,-0.18330139
3700,1183,1605.8275,1170.3483,182373.484375,3365221.75,198.00339,335.30432,214.77177,2347.322,0.82898664,1787.3915,-0.11519719
3701,1306,1608.5842,2123.7917,191907.921875,3365194.25,656.5536,927.22284,932.4334,2370.959,0.45368293,1803.8391,-0.13017777
3702,1228,1612.5211,5271.2573,223382.578125,3365154.75,233.69055,377.1083,332.31516,2162.0293,0.7314216,1858.1464,-0.06824029
3703,1428,1610.9082,5463.647,225306.46875,3365171.0,329.79132,453.37814,375.19818,2139.7744,0.6936838,1861.4657,-0.03782818
3704,1117,1610.0851,1925.4082,189924.078125,3365179.25,644.0537,928.6325,1027.2798,2399.2905,0.3998389,1800.4177,-0.13355091
3705,1579,1612.9943,2322.1875,193891.875,3365150.0,547.99084,799.14124,728.99524,2691.305,0.5638276,1807.2637,-0.1851801
3706,1116,1606.8055,3250.8306,203178.3125,3365212.0,234.34499,361.6604,244.82437,2233.7822,0.7999989,1823.2815,-0.09267057
3707,1248,1607.5881,3957.5608,210245.609375,3365204.0,422.61377,574.9455,542.379,2259.133,0.6173419,1835.4755,-0.08354914
3708,1521,1611.954,4944.6343,220116.34375,3365160.5,380.6351,506.0467,474.50888,1949.2722,0.63365036,1852.5096,-0.015897065
3709,1345,1611.5844,1359.3524,184263.53125,3365164.25,208.8777,349.70447,242.313,2270.7725,0.8058779,1790.6544,-0.11156654
3710,1548,1612.7733,2281.261,193482.609375,3365152.25,423.687,694.5872,563.5365,2813.5776,0.66160935,1806.5576,-0.21098168
3711,1259,1611.4218,4785.4717,218524.71875,3365165.75,545.4472,700.5949,715.83954,2111.6895,0.5009202,1849.763,-0.053159386
3712,1004,1607.748,1020.21515,180872.15625,3365202.5,312.1519,468.48804,447.8262,2119.382,0.65287155,1784.803,-0.060180567
3713,1215,1611.1729,1207.7893,182747.890625,3365168.25,223.95062,366.26913,232.20576,2540.3901,0.8305968,1788.0399,-0.1613149
3714,1478,1611.322,1401.4885,184684.890625,3365166.75,210.75339,344.71786,234.61096,2359.9678,0.81811476,1791.3811,-0.12935248
3715,1043,1609.8649,3219.1755,202861.75,3365181.25,223.18408,359.84467,236.83604,2173.9263,0.79894996,1822.7368,-0.07576153
3716,1332,1610.2448,5031.7764,220987.765625,3365177.5,682.9565,865.12274,917.9373,2185.0469,0.4127792,1854.0127,-0.06925657
3717,1291,1613.9558,3009.0898,200760.90625,3365140.5,261.9024,403.48334,299.66693,2217.5972,0.7630628,1819.1143,-0.09018281
3718,1079,1609.5625,3284.6248,203516.25,3365184.5,226.06766,352.7609,239.44392,2199.9211,0.801454,1823.8658,-0.08593248
3719,1223,1614.1693,1728.3818,187953.8125,3365138.25,198.63124,325.00244,205.7036,2341.657,0.8370576,1797.0211,-0.1266347
3720,1642,1616.6108,2237.162,193041.625,3365114.0,536.0061,789.4619,779.97626,2273.07,0.49052745,1805.7987,-0.10676895
3721,1024,1608.5986,2807.207,198742.0625,3365194.0,646.09863,844.60254,1018.25586,1927.1504,0.32506877,1815.6288,-0.024171168
3722,1096,1610.1862,3077.5857,201445.859375,3365178.25,507.21442,716.0502,625.7801,2495.8184,0.595846,1820.2942,-0.14733301
3723,1380,1613.1565,3677.081,207440.8125,3365148.5,480.27972,673.4942,676.9051,2308.666,0.5624406,1830.6387,-0.105284
3724,1416,1615.3425,5497.077,225640.78125,3365126.5,347.81287,514.2733,571.58405,2089.8376,0.5812626,1862.0446,-0.035359196
3725,1417,1616.5435,5537.547,226045.46875,3365114.5,202.2096,336.19125,303.2096,2161.8806,0.75842065,1862.7434,-0.06805658
3726,1336,1616.961,1765.6183,188326.1875,3365110.5,220.2077,352.8241,237.50412,2305.2563,0.81169206,1797.6648,-0.11628416
3727,1240,1615.133,3348.5308,204155.3125,3365128.75,222.84193,353.6871,235.96129,2264.6064,0.8102996,1824.971,-0.10288168
3728,1142,1614.3065,1244.0587,183110.59375,3365137.0,218.06392,359.63397,222.47636,2630.767,0.84301543,1788.6671,-0.18463266
3729,1404,1618.0563,4609.882,216768.8125,3365099.5,351.0228,499.59402,459.87463,2123.4023,0.6526453,1846.736,-0.060251217
3730,1228,1616.6694,4752.7095,218197.09375,3365113.25,435.68405,589.37946,576.41284,2101.2834,0.58664936,1849.2,-0.05348383
3731,1245,1614.551,2023.2603,190902.59375,3365134.5,608.4614,861.9309,927.8048,2375.3604,0.4364444,1802.1078,-0.12960276
3732,1098,1612.3224,3642.0117,207090.125,3365156.75,545.36975,767.4417,845.54736,2311.4116,0.47721282,1830.0332,-0.10950561
3733,1259,1612.2843,4184.726,212517.265625,3365157.25,384.96744,538.09296,543.13025,2005.9158,0.5945639,1839.3972,-0.029528119
3734,1404,1614.76,4256.7456,213237.453125,3365132.5,320.552,463.67307,410.61896,2055.2444,0.68278116,1840.641,-0.04846492
3735,1104,1614.6232,1629.0055,186960.0625,3365133.75,188.89221,314.65216,190.15851,2484.1516,0.85716975,1795.3071,-0.15816005
3736,1088,1616.0146,3386.8474,204538.46875,3365119.75,314.96048,474.62134,392.55148,2274.8162,0.7173358,1825.6324,-0.102688305
3737,1280,1618.6414,4508.608,215756.078125,3365093.5,237.82578,368.55624,284.91327,2150.8274,0.77203846,1844.9886,-0.07273143
3738,1092,1615.2354,5144.0273,222110.28125,3365127.75,515.43774,677.82416,742.4469,1893.6447,0.45063236,1855.9519,-0.0035034784
3739,1283,1615.0983,1480.403,185474.03125,3365129.0,313.3227,509.24396,433.6555,2326.564,0.6941048,1792.7441,-0.12425228
3740,1149,1617.7024,1958.8442,190258.4375,3365103.0,615.3486,855.39905,903.0748,2231.0618,0.4182374,1800.9982,-0.09643697
3741,1102,1616.6833,3420.4773,204874.78125,3365113.25,449.01453,660.1797,585.6225,2457.129,0.61546123,1826.213,-0.13387385
3742,1200,1619.07,4821.1,218881.0,3365089.25,582.66833,725.06085,757.6925,1841.8242,0.43004248,1850.3811,0.018270416
3743,1204,1620.9642,5325.301,223923.0,3365070.25,375.5976,516.1229,537.7687,1830.6001,0.5461073,1859.0826,0.020588502
3744,1307,1620.6312,2363.733,194307.328125,3365073.75,621.3428,815.0321,835.733,2138.595,0.4310959,1807.984,-0.06715096
3745,1174,1618.5656,2507.805,195748.046875,3365094.25,871.9664,1024.3888,1102.6759,1980.431,0.30501306,1810.4684,-0.033815816
3746,1166,1620.1981,3471.8147,205388.15625,3365078.0,230.27101,369.18954,248.66638,2216.6072,0.795205,1827.1003,-0.08746382
3747,1167,1620.09,3509.618,205766.1875,3365079.0,361.33075,523.2785,531.0129,2265.6487,0.6379519,1827.7526,-0.09976354
3748,1181,1619.1372,2637.7063,197047.0625,3365088.75,582.199,838.70874,819.9111,2491.1074,0.5061174,1812.7097,-0.15319994
3749,1498,1622.3372,2432.1775,194991.78125,3365056.75,589.05676,788.5871,846.43256,2130.0076,0.43659592,1809.1656,-0.073018774
3750,1315,1622.2411,2473.0981,195400.984375,3365057.5,566.8555,744.70264,763.64185,2102.708,0.47316393,1809.8715,-0.06591726
3751,1080,1620.6482,2893.9546,199609.546875,3365073.5,640.19073,827.96204,945.17035,1974.7593,0.35707572,1817.1311,-0.03644009
3752,1244,1623.1953,1319.6287,183866.28125,3365048.0,227.56793,369.13867,263.5193,2322.436,0.79343456,1789.975,-0.11986103
3753,1222,1623.8445,2928.0835,199950.84375,3365041.5,371.86578,533.2046,475.2938,2114.2144,0.644496,1817.7214,-0.066800945
3754,1343,1623.9844,4389.8853,214568.84375,3365040.25,288.80453,429.8686,288.55884,2614.009,0.7995441,1842.9425,-0.15865897
3755,1364,1624.8527,4469.6196,215366.1875,3365031.5,189.28445,323.14297,196.17155,2249.9868,0.83944106,1844.3187,-0.098295875
3756,1286,1624.2979,1531.8553,185988.546875,3365037.0,192.28305,327.35342,219.05676,2355.824,0.8292913,1793.6362,-0.13193823
3757,1194,1625.5201,1896.2043,189632.046875,3365024.75,456.8639,704.1273,708.87103,2475.7869,0.5735861,1799.9215,-0.14498262
3758,1143,1621.9615,3134.4182,202014.1875,3365060.5,342.4768,489.72617,409.94662,2153.0034,0.6878949,1821.2802,-0.074259326
3759,1122,1623.9207,4053.9045,211209.046875,3365040.75,200.25401,337.6729,209.82709,2371.5063,0.83601606,1837.1453,-0.1227212
3760,1198,1620.793,4296.799,213637.984375,3365072.0,591.53674,765.1703,773.1244,2016.6218,0.44032001,1841.3348,-0.024132716
3761,1197,1625.538,3545.9875,206129.875,3365024.5,288.34586,434.59564,338.91144,2337.7954,0.7567942,1828.3826,-0.1156195
3762,1105,1621.0841,3610.9873,206779.875,3365069.25,281.26108,434.47284,345.88733,2302.823,0.7478551,1829.502,-0.106901444
3763,1189,1625.333,3775.0916,208420.90625,3365026.75,321.52734,479.22623,410.9159,2161.8394,0.68981785,1832.3353,-0.07596147
3764,1216,1625.69,5237.832,223048.3125,3365023.0,369.21628,538.59705,572.1743,1984.458,0.5528394,1857.5753,-0.026579566
3765,1546,1630.0284,1806.6617,188736.625,3364979.75,188.27231,316.5052,202.2264,2183.5437,0.8291347,1798.3792,-0.09181234
3766,1247,1625.6752,2083.3071,191503.0625,3365023.25,541.9627,802.093,802.267,2515.9783,0.51312315,1803.149,-0.15542713
3767,1273,1624.4635,2748.7942,198157.9375,3365035.25,1097.3739,1360.5522,1482.769,2200.7808,0.20551965,1814.6287,-0.088289686
3768,1222,1627.6964,4720.477,217874.765625,3365003.0,405.25613,549.3126,535.7193,2035.2251,0.6011553,1848.6487,-0.039007835
3769,1073,1623.1594,1990.3439,190573.4375,3365048.5,531.65845,778.84155,759.5746,2334.556,0.5042241,1801.5442,-0.12076292
3770,1231,1629.06,4020.558,210875.578125,3364989.5,186.86514,311.32007,202.59708,2144.2168,0.82627934,1836.5723,-0.073852316
3771,1282,1626.7628,4217.595,212845.953125,3365012.25,435.68954,590.86584,602.31824,2007.4282,0.5617121,1839.971,-0.03363549
3772,1337,1627.2603,4430.4463,214974.46875,3365007.5,198.64996,329.44354,201.79694,2276.5044,0.83740425,1843.6439,-0.102539174
3773,1233,1628.142,4678.085,217450.84375,3364998.5,313.35443,473.81427,374.86456,2342.1963,0.7229178,1847.9174,-0.101235636
3774,1239,1625.8903,4860.498,219274.984375,3365021.0,286.40314,432.74133,303.79016,2506.0618,0.7813524,1851.064,-0.13960871
3775,1197,1622.4019,1442.127,185091.265625,3365056.0,199.34544,338.4436,222.24101,2292.5588,0.82326686,1792.0875,-0.11834733
3776,1504,1630.2806,1685.266,187522.65625,3364977.25,194.36967,315.34906,202.41954,2264.8628,0.8334612,1796.2853,-0.108549915
3777,1136,1628.7404,3579.631,206466.3125,3364992.5,432.99823,630.1382,642.88995,2238.4216,0.58842236,1828.9646,-0.095682524
3778,1385,1630.9437,3809.6,208766.0,3364970.5,422.9639,580.8758,568.52924,2090.9978,0.5844712,1832.9333,-0.057053275
3779,1399,1629.5597,4347.239,214142.390625,3364984.5,295.79236,445.80344,296.0922,2758.0444,0.8031454,1842.2092,-0.17875625
3780,1125,1628.8356,5059.359,221263.59375,3364991.75,646.0271,822.3769,899.692,2004.5826,0.39550132,1854.4968,-0.032372393
3781,1184,1628.359,5096.7695,221637.6875,3364996.5,738.2458,900.5752,997.3142,1969.0527,0.34174258,1855.1422,-0.01829627
3782,1377,1628.8475,2971.4343,200384.34375,3364991.5,240.73566,380.84604,258.89325,2153.4954,0.7835536,1818.4717,-0.07630091
3783,1316,1629.0137,3847.9604,209149.609375,3364989.75,230.57826,372.9871,254.17934,2308.6665,0.80180615,1833.5942,-0.107274696
3784,1313,1627.5582,4151.7593,212187.59375,3365004.5,547.18585,755.278,845.70447,2196.8835,0.45537597,1838.8353,-0.08087171
3785,1373,1631.0233,4546.7485,216137.484375,3364969.75,316.14056,447.04733,368.42316,2104.185,0.713983,1845.6523,-0.06041743
3786,1313,1627.3976,4903.6045,219706.046875,3365006.0,217.24638,343.2734,225.3233,2361.9019,0.82708836,1851.8085,-0.11092203
3787,1228,1631.6799,1147.1768,182141.765625,3364963.25,289.77402,443.0798,367.01508,2320.0408,0.72656524,1787.0049,-0.10285126
3788,1255,1631.5012,2601.522,196685.21875,3364965.0,856.98285,1116.2996,1256.8541,2375.7314,0.32190508,1812.0914,-0.12952705
3789,1363,1632.7645,1273.3008,183403.0,3364952.25,279.70505,430.91928,348.08658,2287.226,0.74548626,1789.1808,-0.110321924
3790,1165,1630.3622,2703.806,197708.0625,3364976.5,550.97,817.7232,719.27124,2605.735,0.56470484,1813.8553,-0.17477302
3791,1189,1631.2448,3312.4844,203794.84375,3364967.5,225.95795,353.418,234.59714,2283.0833,0.8117717,1824.3567,-0.10673987
3792,1454,1633.064,2191.0322,192580.328125,3364949.25,639.36383,912.8064,954.3157,2008.3649,0.35805842,1805.011,-0.036210753
3793,1279,1633.8944,3740.1016,208071.015625,3364941.0,458.97653,648.9797,633.1204,2256.4426,0.5780437,1831.7356,-0.097356476
3794,1300,1635.6915,3980.33,210473.296875,3364923.0,255.19539,389.20078,293.62845,2286.123,0.775718,1835.8812,-0.103293724
3795,1227,1635.7393,4639.1436,217061.4375,3364922.5,326.64386,488.2975,430.4556,2280.11,0.6772621,1847.2488,-0.09426641
3796,1259,1636.5051,2666.5537,197335.53125,3364915.0,612.164,890.4194,885.29785,2527.7092,0.48541898,1813.2157,-0.16180739
3797,1174,1633.9949,2861.627,199286.265625,3364940.0,565.29175,769.7283,908.77893,2147.448,0.41127634,1816.5797,-0.07757744
3798,1170,1634.3137,3197.9443,202649.4375,3364936.75,234.85983,367.69232,249.83333,2181.43,0.7906504,1822.382,-0.07865399
3799,1325,1636.1366,3705.4438,207724.4375,3364918.75,362.93887,532.4694,502.84225,2189.837,0.651212,1831.1387,-0.08123783
3800,1302,1636.6437,1857.0791,189240.796875,3364913.5,199.47696,334.79263,227.46889,2228.0095,0.816378,1799.2521,-0.100183725
3801,1166,1635.2188,2787.2563,198542.5625,3364927.75,723.1111,880.35077,1010.08746,1791.0039,0.28242135,1815.2974,0.015601386
3802,1144,1637.5219,3444.3828,205113.828125,3364904.75,232.5507,371.58304,256.71417,2250.751,0.79141384,1826.6353,-0.09371445
3803,1539,1637.9474,3894.5686,209615.6875,3364900.5,536.9747,745.0364,794.66534,2193.6926,0.50906336,1834.4026,-0.08218052
3804,1336,1638.0277,5004.469,220714.6875,3364899.75,568.3873,720.3945,783.98126,1969.0397,0.4432267,1853.5537,-0.018776419
3805,1190,1634.8698,5203.3145,222703.140625,3364931.25,521.4403,687.7025,700.93616,2153.4697,0.51186407,1856.9836,-0.05657777
3806,1289,1639.4158,1606.4779,186734.78125,3364885.75,183.21024,308.154,192.95772,2424.8003,0.8518588,1794.9309,-0.14556308
3807,1277,1637.0642,2147.6992,192147.0,3364909.25,635.4695,896.0947,946.5321,2153.6091,0.40140072,1804.2654,-0.083987534
3808,1298,1636.9453,2539.1719,196061.71875,3364910.5,895.5909,1070.1444,1161.8413,2142.0142,0.30976912,1811.0184,-0.073757574
3809,1337,1638.0837,3938.6194,210056.1875,3364899.25,594.819,791.73224,880.7382,2267.653,0.45993012,1835.1627,-0.09965839
3810,1409,1640.147,1566.6998,186337.0,3364878.5,196.37721,329.93542,224.22888,2306.4653,0.8211756,1794.2451,-0.117010824
3811,1402,1638.7476,2396.4956,194634.953125,3364892.5,646.8709,854.35986,919.2011,2197.418,0.41535884,1808.558,-0.08585695
3812,1296,1638.2986,5375.246,224422.46875,3364897.0,523.77124,737.946,650.42053,3036.4954,0.6392324,1859.9521,-0.20895967
3813,1110,1636.5181,3035.983,201029.828125,3364914.75,330.61893,467.97476,393.8,2104.8972,0.6969872,1819.5889,-0.06565404
3814,1258,1639.3124,1187.3934,182543.9375,3364887.0,221.73927,356.49524,260.76074,2177.0588,0.7823471,1787.7023,-0.08264428
3815,1449,1643.6211,4966.817,220338.171875,3364843.75,632.9248,757.33093,817.47345,1869.3827,0.4065586,1852.9065,0.009535932
3816,1031,1640.776,5125.5625,221925.625,3364872.25,714.2687,864.4947,964.8943,1854.9912,0.3209528,1855.6445,0.013846373
3817,1249,1643.7118,1500.9303,185679.296875,3364843.0,351.96597,547.4396,491.02563,2370.8884,0.6633543,1793.1124,-0.13045952
3818,1293,1642.0619,1647.2073,187142.078125,3364859.5,189.23087,317.8515,203.97603,2188.2385,0.82738197,1795.6346,-0.092476025
3819,1243,1641.7007,2570.9138,196379.140625,3364863.0,1068.7177,1290.3593,1422.5684,2325.8416,0.26133105,1811.5682,-0.11157488
3820,1336,1642.9446,1374.7185,184417.1875,3364850.5,210.13773,344.1029,241.00523,2208.335,0.7991382,1790.9352,-0.08988028
3821,1202,1640.7937,2825.0225,198920.21875,3364872.0,603.4168,789.4401,853.3985,2076.9197,0.43285623,1815.9515,-0.060172204
3822,1293,1641.9165,3106.3528,201733.53125,3364860.75,406.45322,575.84143,499.36505,2282.4995,0.65211165,1820.8054,-0.104485564
3823,1162,1641.2917,3238.7437,203057.4375,3364867.0,225.27539,350.51636,240.61533,2173.672,0.7986468,1823.0892,-0.082468756
3824,1152,1640.5703,3273.3828,203403.828125,3364874.25,223.56163,346.62674,238.55208,2144.4905,0.7982584,1823.6864,-0.07650885
3825,1350,1642.0563,4086.1592,211531.59375,3364859.5,262.31705,405.38962,322.36594,2198.1052,0.7402418,1837.7101,-0.075860515
3826,1565,1642.3738,5420.367,224873.671875,3364856.25,397.838,553.7342,462.83643,2617.078,0.6894498,1860.7325,-0.1261298
3827,1138,1641.3629,3070.232,201372.3125,3364866.25,619.2346,811.85675,823.3963,2349.5571,0.48726878,1820.182,-0.11786412
3828,1001,1637.5485,3165.2559,202322.5625,3364904.5,237.84416,374.22577,255.37662,2217.2627,0.78904253,1821.8196,-0.08691422
3829,1369,1645.7684,5300.1455,223671.453125,3364822.25,595.3126,779.4299,812.4916,2309.875,0.47124508,1858.6594,-0.07602593
3830,1102,1643.893,2111.5554,191785.5625,3364841.0,488.87296,721.75684,695.29175,2439.0132,0.55240446,1803.6453,-0.14062685
3831,1377,1644.9448,2048.4924,191154.921875,3364830.5,561.2168,813.23566,847.0145,2335.3623,0.46598476,1802.558,-0.12212418
3832,1155,1647.0641,4314.0596,213810.59375,3364809.25,436.2961,582.94543,517.6918,2384.8997,0.64247113,1841.6447,-0.11052314
3833,1214,1643.851,5167.289,222342.890625,3364841.5,645.972,808.402,899.76526,2102.837,0.41233155,1856.366,-0.047729008
3834,1414,1646.8741,1228.778,182957.78125,3364811.25,267.0283,408.89532,344.5488,2200.4272,0.74575704,1788.4199,-0.093746595
3835,1310,1647.2886,1418.1183,184851.1875,3364807.0,410.96146,561.8847,528.35535,2001.747,0.5897083,1791.6859,-0.04431431
3836,1449,1648.3893,2260.9463,193279.46875,3364796.0,515.0849,777.8247,741.68494,2343.2686,0.51449394,1806.2245,-0.12139423
3837,1064,1644.4352,3370.6362,204376.359375,3364835.75,219.45677,352.3158,242.00375,2199.9868,0.8006396,1825.3661,-0.08999284
3838,1475,1648.497,5550.4595,226174.59375,3364795.0,219.06577,353.05222,323.59595,2336.4482,0.7581116,1862.9802,-0.102738455
3839,1476,1647.9987,2303.744,193707.4375,3364800.0,481.50473,722.26086,694.8889,2440.791,0.55204993,1806.9625,-0.14048274
3840,1286,1647.2317,4123.159,211901.59375,3364807.75,303.4409,465.03577,406.72162,2311.0708,0.7170236,1838.351,-0.10774773
3841,1469,1648.1858,4580.197,216471.96875,3364798.25,572.1205,725.4268,742.8979,2174.7876,0.5065915,1846.2373,-0.075214945
3842,1320,1645.4652,3649.2046,207162.046875,3364825.25,291.80682,441.29773,360.5553,2236.478,0.7324504,1830.1727,-0.0924534
3843,1238,1648.1228,4802.1147,218691.15625,3364798.75,544.9685,680.8966,708.8029,1792.6825,0.4468401,1850.0665,0.028063135
3844,1252,1645.2667,1724.6046,187916.046875,3364827.25,228.20088,359.65494,260.9908,2234.2808,0.7963514,1796.9713,-0.10155093
3845,1311,1647.1396,1930.1823,189971.828125,3364808.5,579.3143,869.2212,958.9733,2537.8303,0.45077825,1800.5183,-0.16561882
3846,1279,1651.0641,1335.882,184028.8125,3364769.25,193.78226,328.4965,211.65715,2415.4004,0.837123,1790.2693,-0.14428337
3847,1492,1651.3472,2347.8713,194148.71875,3364766.5,508.4196,773.1662,706.9303,2678.4238,0.57989246,1807.7253,-0.18751296
3848,1088,1648.932,3491.8088,205588.09375,3364790.75,330.41086,507.69394,408.8998,2314.7114,0.70501107,1827.4587,-0.11079227
3849,1259,1651.0707,4273.967,213409.671875,3364769.25,756.22797,921.90546,1000.7983,2102.3638,0.36361623,1840.9547,-0.053014155
3850,1293,1651.0402,1463.4315,185304.3125,3364769.5,346.0205,546.1013,467.54562,2387.4138,0.67708755,1792.4694,-0.1356571
3851,1210,1651.1396,3404.052,204710.515625,3364768.5,219.78348,354.5901,233.66446,2343.6082,0.8182025,1825.9458,-0.121891804
3852,1166,1651.7007,4240.026,213070.25,3364763.0,570.27875,752.4297,793.283,1959.8174,0.43564096,1840.3694,-0.025775865
3853,1238,1651.2108,4766.446,218334.453125,3364768.0,618.4023,758.5945,812.66077,1964.7836,0.42729867,1849.4524,-0.020169094
3854,1138,1648.847,5266.347,223333.46875,3364791.5,485.09402,636.57117,728.804,1840.7355,0.44037548,1858.0775,0.013060523
3855,1200,1650.9725,2007.9958,190749.953125,3364770.25,650.5737,924.36,1046.935,2293.5842,0.37948602,1801.8624,-0.1152825
3856,1195,1653.7063,2729.527,197965.265625,3364743.0,1118.9373,1364.9791,1501.2117,2243.5364,0.21791436,1814.3103,-0.10081795
3857,1447,1654.669,4929.671,219966.71875,3364733.25,413.9278,542.64514,513.9495,2049.6099,0.61767006,1852.2704,-0.03722686
3858,1570,1650.8522,5461.4663,225284.65625,3364771.5,253.86243,386.0962,396.68918,1940.8064,0.6674199,1861.4454,-0.0098087005
3859,1524,1651.8746,5505.374,225723.75,3364761.25,229.08727,364.31168,358.1811,2007.9298,0.7043515,1862.2036,-0.034160618
3860,1315,1650.6235,4186.4854,212534.84375,3364773.75,391.48517,552.3734,552.4038,2082.734,0.60473937,1839.4451,-0.048123527
3861,1432,1655.8771,5341.284,224082.84375,3364721.25,494.48184,683.77094,652.1341,2831.6792,0.6258005,1859.3738,-0.18339162
3862,1192,1654.5453,3338.7332,204057.328125,3364734.5,222.17618,344.07047,245.849,2148.9949,0.7931637,1824.8204,-0.0780105
3863,1261,1654.0127,4840.29,219072.90625,3364739.75,439.226,561.3767,516.50195,2161.23,0.61279786,1850.7278,-0.06048566
3864,1212,1653.2401,1966.9497,190339.5,3364747.5,621.7661,863.2735,919.3445,2284.5496,0.42426428,1801.1555,-0.109343246
3865,1558,1658.7086,2218.3345,192853.34375,3364693.0,818.4127,1086.748,1174.2837,1932.5333,0.26122952,1805.4944,-0.020891896
3866,1260,1654.6016,2626.6675,196936.671875,3364734.0,695.6302,965.4794,1032.446,2450.7095,0.41157973,1812.5363,-0.14492294
3867,1192,1655.0219,3528.146,205951.46875,3364729.75,416.61746,573.875,571.0604,2163.7954,0.6054386,1828.0885,-0.0699366
3868,1297,1655.6654,4883.4937,219504.9375,3364723.25,206.92868,330.99884,213.2205,2359.888,0.8346113,1851.4741,-0.116350755
3869,1336,1656.8533,5034.419,221014.1875,3364711.5,644.378,840.9465,937.6097,2212.3176,0.41157937,1854.0789,-0.078517295
3870,1363,1659.0426,1297.4314,183644.3125,3364689.5,202.42259,338.8863,216.91637,2475.7395,0.8371367,1789.6101,-0.15486278
3871,1413,1652.1741,1766.2031,188332.03125,3364758.25,193.61005,322.0446,199.44656,2316.9346,0.83984643,1797.6923,-0.12060138
3872,1326,1654.9374,2463.344,195303.4375,3364730.75,740.7896,884.322,934.48566,1854.055,0.33924666,1809.719,0.00025586344
3873,1261,1654.7272,2937.4956,200044.953125,3364732.75,294.3299,457.67645,361.57574,2132.1157,0.71898067,1817.8984,-0.07303007
3874,1371,1656.6929,3006.2283,200732.28125,3364713.0,300.97885,449.70096,352.33115,2159.8425,0.7275232,1819.0851,-0.0801411
3875,1236,1653.5631,4513.2993,215803.0,3364744.25,195.29652,320.01617,204.86812,2200.0903,0.8293473,1845.0854,-0.08685978
3876,1275,1657.9121,4372.032,214390.3125,3364701.0,208.43765,342.99805,212.22745,2409.3699,0.8388713,1842.6499,-0.12903291
3877,1193,1657.2599,4408.6167,214756.171875,3364707.5,194.45515,319.77493,197.70453,2273.409,0.8400454,1843.2808,-0.10249591
3878,1203,1657.3774,4698.2163,217652.15625,3364706.25,444.58353,597.9202,590.6018,2065.0881,0.57468784,1848.2778,-0.04635497
3879,1328,1661.8727,1833.8396,189008.390625,3364661.25,193.7052,325.5531,206.22026,2293.2585,0.83137614,1798.8636,-0.11036772
3880,1370,1655.1562,2507.6365,195746.359375,3364728.5,838.5555,1040.6183,1126.3569,2143.0364,0.32316962,1810.4832,-0.06853437
3881,1219,1658.0624,4480.2715,215472.71875,3364699.5,184.20099,317.8589,197.17145,2187.5972,0.8344264,1844.5176,-0.08434363
3882,1196,1657.8419,1886.9707,189539.703125,3364701.5,307.4377,482.90762,451.81564,2247.3896,0.68891215,1799.7782,-0.10222153
3883,1324,1655.1284,2893.2146,199602.140625,3364728.75,446.31723,615.8641,618.5211,2093.7046,0.5538086,1817.1348,-0.059177626
3884,1251,1654.7833,3609.1958,206761.953125,3364732.25,245.85852,387.85132,280.2358,2277.2046,0.7813228,1829.4867,-0.099700585
3885,1452,1662.9938,3682.376,207493.75,3364650.0,223.50345,362.55786,243.67218,2328.0723,0.81133616,1830.7532,-0.113798186
3886,1313,1659.5521,3855.8965,209228.96875,3364684.5,324.44403,483.38385,434.13556,2090.9277,0.6709057,1833.7452,-0.058003295
3887,1195,1661.1498,4735.175,218021.75,3364668.5,462.67615,605.7381,575.0803,2088.6611,0.5759349,1848.9172,-0.048583556
3888,1119,1658.5756,5074.017,221410.171875,3364694.25,680.0997,836.87134,920.74084,2055.0156,0.3898588,1854.763,-0.041127436
3889,1191,1660.8716,2767.7405,198347.40625,3364671.25,915.6944,1052.7482,1140.0143,1763.6045,0.22210437,1814.9729,0.02781237
3890,1283,1658.417,4048.0405,211150.40625,3364695.75,213.20187,347.47388,217.53546,2276.7646,0.8231946,1837.0599,-0.09860361
3891,1192,1661.3096,3142.2551,202092.546875,3364667.0,244.9698,382.9069,262.56375,2163.2314,0.7796371,1821.434,-0.07601788
3892,1262,1662.458,4006.2368,210732.375,3364655.5,189.27734,310.30032,197.75198,2134.6292,0.82777995,1836.3405,-0.06451011
3893,1428,1664.2465,4613.8115,216808.125,3364637.5,270.5364,423.20447,352.4748,2268.1057,0.7288919,1846.8245,-0.09208962
3894,1219,1662.1559,4658.7646,217257.65625,3364658.5,352.05005,517.05334,447.0,2327.1362,0.67241573,1847.5992,-0.101719595
3895,1259,1663.7062,2168.1304,192351.3125,3364643.0,570.6283,827.4762,833.2665,2185.0305,0.44862553,1804.6309,-0.08937604
3896,1345,1663.2297,2427.545,194945.453125,3364647.75,736.43866,902.9769,1000.70337,1873.7163,0.30894592,1809.1055,-0.0034455594
3897,1302,1661.9639,3568.5945,206355.9375,3364660.25,384.08832,566.43085,525.25116,2207.252,0.64002794,1828.7896,-0.08411238
3898,1328,1664.2711,4442.7056,215097.0625,3364637.25,187.32379,320.76205,193.20331,2252.5332,0.8418907,1843.8722,-0.09786891
3899,1266,1662.6556,1536.0498,186030.5,3364653.5,235.6722,392.86533,274.20813,2356.92,0.79071033,1793.7277,-0.1272963
3900,1189,1663.968,2691.3643,197583.640625,3364640.25,619.58704,885.00085,901.5534,2414.0513,0.4592198,1813.6569,-0.13818611
3901,1129,1665.1736,3218.2153,202852.15625,3364628.25,222.8565,348.51373,233.34456,2201.4146,0.8067294,1822.7462,-0.09007603
3902,1490,1662.49,3774.851,208418.515625,3364655.0,275.61813,422.92752,323.7725,2237.7349,0.7490977,1832.3484,-0.09314705
3903,1282,1666.436,1158.5647,182255.640625,3364615.75,305.72855,443.13065,416.32996,2041.8529,0.66185987,1787.2188,-0.034042057
3904,1195,1665.3138,3300.1882,203671.875,3364626.75,235.9046,357.22177,252.08452,2189.0142,0.7909828,1824.1605,-0.085061565
3905,1155,1668.406,3465.4607,205324.609375,3364596.0,367.72815,524.348,495.13593,2263.982,0.6546462,1827.0133,-0.09458238
3906,1234,1663.9546,5234.865,223018.65625,3364640.5,801.99066,961.9218,1074.7236,1838.5178,0.26673615,1857.5409,0.013758996
3907,1188,1664.2509,2083.8704,191508.703125,3364637.5,475.80682,742.2605,657.6877,2754.8286,0.6103921,1803.1776,-0.19808283
3908,1262,1669.6648,1698.3645,187653.640625,3364583.25,184.229,303.98218,188.76625,2331.5332,0.8492189,1796.5308,-0.12580311
3909,1180,1664.4712,2972.461,200394.609375,3364635.25,266.25424,417.0746,306.77118,2086.4143,0.7449664,1818.5063,-0.058309138
3910,1393,1671.3359,1259.9626,183269.625,3364566.75,390.27423,564.8227,490.1005,2587.5945,0.7060935,1788.9701,-0.16394365
3911,1256,1667.0613,2851.2366,199182.359375,3364609.5,652.8897,821.1397,930.4244,1949.207,0.37718654,1816.4163,-0.014674929
3912,1135,1667.7163,3180.1162,202471.15625,3364602.75,223.44582,350.03613,231.61409,2257.8616,0.8128988,1822.0902,-0.103150226
3913,1509,1668.945,3814.141,208811.40625,3364590.5,226.09608,372.31876,254.4049,2215.6223,0.7928783,1833.0292,-0.089416094
3914,1289,1668.6532,4155.56,212225.59375,3364593.5,361.36774,515.77966,486.85336,2095.6826,0.63359076,1838.9197,-0.047856517
3915,944,1666.7659,5139.135,222061.34375,3364612.25,777.0964,955.86865,1049.6567,2029.8549,0.3128179,1855.8903,-0.013502142
3916,1241,1671.2095,1664.9025,187319.03125,3364568.0,184.53183,311.03748,200.00806,2164.5322,0.8285729,1795.9543,-0.08373772
3917,1378,1671.2728,1799.7402,188667.40625,3364567.25,197.58563,331.28665,214.21371,2236.4016,0.82229227,1798.2802,-0.09869444
3918,1032,1669.3663,3431.9631,204989.625,3364586.25,241.09981,378.43896,269.56104,2241.965,0.7832816,1826.4358,-0.09358738
3919,1302,1669.7642,3927.099,209941.0,3364582.25,561.3241,734.1106,774.0384,2097.9194,0.46692616,1834.9785,-0.056249212
3920,1351,1670.6055,3966.0386,210330.390625,3364574.0,300.96744,448.9963,385.3353,2192.3804,0.7126135,1835.6506,-0.08161266
3921,1398,1669.9413,5387.0522,224540.53125,3364580.5,407.99643,576.3884,475.7432,2662.1924,0.6861881,1860.1697,-0.12912668
3922,1244,1672.3119,1392.1536,184591.53125,3364557.0,506.38907,659.30066,680.51526,2086.8142,0.5199681,1791.2505,-0.0615727
3923,1241,1670.6301,1592.2651,186592.65625,3364573.75,175.81346,305.37592,192.24496,2389.0476,0.8500056,1794.7012,-0.13852866
3924,1340,1671.4314,2805.4426,198724.421875,3364565.75,841.3761,1025.4768,1135.4086,1997.6414,0.2808918,1815.6283,-0.035531346
3925,1183,1669.2638,3045.114,201121.140625,3364587.25,526.2046,709.0431,669.68726,2270.1353,0.5472989,1819.762,-0.09908617
3926,1492,1670.6561,3733.1367,208001.375,3364573.5,455.65347,643.0845,637.69305,2243.2769,0.5778253,1831.6324,-0.09222447
3927,1244,1672.0128,4336.0586,214030.59375,3364559.75,286.09647,420.35208,284.34967,2612.9446,0.80309826,1842.0355,-0.16802596
3928,1155,1670.9056,5103.7993,221708.0,3364571.0,723.2069,902.9177,1059.1489,2065.2832,0.32873094,1855.2823,-0.044606004
3929,1118,1667.6842,5198.803,222658.03125,3364603.25,451.3426,644.3833,730.0425,2382.9236,0.54151905,1856.9203,-0.11161228
3930,1255,1674.3347,4214.3784,212813.78125,3364536.75,406.39523,561.4861,549.62946,1985.5697,0.5942223,1839.9371,-0.029293906
3931,1350,1672.0297,4542.774,216097.734375,3364559.75,516.5285,679.4037,674.8463,2168.4106,0.5436679,1845.6023,-0.07023784
3932,1196,1672.995,2126.383,191933.828125,3364550.0,532.57776,749.8612,757.7705,2240.8691,0.494855,1803.9153,-0.09878861
3933,1377,1674.5629,2388.0144,194550.140625,3364534.25,585.09875,786.43427,839.7945,2159.7825,0.45467028,1808.4291,-0.08476054
3934,1223,1674.3549,2656.6975,197236.96875,3364536.5,532.24,808.4898,763.3291,2544.0205,0.5436951,1813.0638,-0.16504611
3935,1453,1678.7612,5568.867,226358.671875,3364492.5,237.08672,372.72952,384.73297,2167.914,0.69850594,1863.311,-0.06385296
3936,1238,1673.5541,1193.6534,182606.53125,3364544.5,247.23828,382.44345,294.62115,2215.6365,0.76306957,1787.8275,-0.08506998
3937,1503,1678.5841,2589.523,196565.234375,3364494.25,699.9471,937.7695,997.44147,2295.736,0.39027125,1811.9071,-0.107724234
3938,1223,1674.6051,3083.6812,201506.8125,3364534.0,277.9027,424.20767,319.67047,2164.3533,0.74034005,1820.4298,-0.072158985
3939,1394,1676.0574,4990.4766,220574.765625,3364519.5,673.1589,818.27405,887.302,1831.4508,0.35858986,1853.3291,0.02028398
3940,1417,1679.0127,1628.5046,186955.046875,3364489.75,186.83133,323.4185,202.17467,2378.7153,0.84226304,1795.3304,-0.13512638
3941,1228,1674.4446,3263.6995,203307.0,3364535.5,232.27931,358.20685,242.95602,2199.097,0.7983327,1823.5353,-0.087157905
3942,1322,1675.9591,3887.1633,209541.625,3364520.5,653.8555,804.4819,851.5484,1929.8298,0.40233254,1834.2924,-0.016949408
3943,1170,1674.8975,4101.886,211688.859375,3364531.0,209.94786,357.6547,231.8735,2214.2273,0.808527,1837.9965,-0.08358699
3944,1187,1677.77,2027.7633,190947.625,3364502.25,637.4579,872.6567,937.5038,2237.1191,0.40714356,1802.2164,-0.099365085
3945,1429,1677.5752,2553.1638,196201.640625,3364504.25,642.6228,918.2351,946.9601,2510.5703,0.45308626,1811.2793,-0.15644811
3946,1239,1679.1041,1437.5665,185045.671875,3364489.0,475.04236,636.8608,626.74536,2078.2861,0.54030865,1792.0372,-0.058830116
3947,1263,1678.2407,1737.5732,188045.734375,3364497.5,201.83096,332.54037,209.6049,2358.9014,0.835104,1797.2113,-0.1286013
3948,1196,1679.1355,1913.857,189808.5625,3364488.75,506.3838,761.82904,813.49585,2342.4612,0.49502262,1800.2524,-0.12492336
3949,1216,1678.8413,4296.2407,213632.40625,3364491.5,473.78043,611.6118,584.1834,2159.0625,0.58726054,1841.3517,-0.06079552
3950,1321,1680.5095,1350.6283,184176.28125,3364475.0,192.80923,328.5072,216.54655,2421.7964,0.83340275,1790.5385,-0.14460072
3951,1539,1681.3651,5431.2417,224982.421875,3364466.25,334.8291,472.99545,510.6251,1985.202,0.599365,1860.9373,-0.004453533
3952,1283,1683.5012,2322.661,193896.609375,3364445.0,446.13367,684.05536,634.7046,2331.3171,0.564204,1807.306,-0.11624071
3953,1161,1681.8579,2912.703,199797.03125,3364461.5,642.80536,848.1671,897.9139,2169.6855,0.42953947,1817.4836,-0.0811183
3954,1154,1681.0381,3117.8086,201848.09375,3364469.5,252.47746,386.51907,268.60486,2159.1353,0.77421093,1821.0216,-0.07541772
3955,1289,1680.2196,3640.0776,207070.78125,3364477.75,204.135,341.80994,219.66795,2303.7642,0.8248843,1830.0314,-0.110070124
3956,1232,1680.2329,4787.13,218541.296875,3364477.75,336.61688,476.05276,405.21347,1965.9302,0.6664646,1849.8223,-0.01898773
3957,1171,1678.5841,1503.3997,185704.0,3364494.25,248.97523,410.47012,289.65073,2392.7588,0.78130865,1793.1724,-0.1290544
3958,1346,1685.0402,1865.9807,189329.8125,3364429.5,188.11552,327.4034,219.8997,2205.8203,0.8167882,1799.4294,-0.093181714
3959,1178,1681.9244,1986.2928,190532.921875,3364460.75,597.0136,803.6647,855.348,2117.0022,0.43096825,1801.5032,-0.068811506
3960,1307,1683.2533,2286.828,193538.28125,3364447.5,641.2724,908.88715,933.6071,2319.5642,0.42456645,1806.6879,-0.11108397
3961,1175,1682.8723,2487.3796,195543.796875,3364451.25,602.3813,784.7192,802.20087,2065.8154,0.44605094,1810.1471,-0.054658655
3962,1499,1684.3569,5525.2554,225922.5625,3364436.5,198.84056,327.8766,302.7565,2087.2842,0.7491992,1862.5608,-0.044932004
3963,1245,1678.665,3370.2234,204372.234375,3364493.25,218.62009,349.71246,232.37029,2281.478,0.81429935,1825.375,-0.10782337
3964,1446,1683.9592,5311.9185,223789.1875,3364440.5,429.5619,592.9343,495.9108,2662.5115,0.67806524,1858.8793,-0.1423241
3965,1463,1684.8475,5479.2056,225462.0625,3364431.5,323.57144,481.79016,488.73956,2319.5264,0.6609534,1861.7664,-0.081798576
3966,1184,1682.4375,2251.3008,193183.0,3364455.5,1016.6529,1316.3264,1427.7162,2028.5659,0.1919833,1806.0746,-0.03893497
3967,1146,1682.0541,3501.9783,205689.78125,3364459.5,378.3342,546.88306,500.83072,2177.2234,0.63701934,1827.6497,-0.074740894
3968,1282,1687.1022,4070.0615,211370.625,3364409.0,220.19656,365.54602,253.99844,2082.8152,0.77895474,1837.453,-0.04875531
3969,1456,1686.7994,4909.011,219760.109375,3364412.0,270.89868,403.16037,319.114,2170.888,0.75100726,1851.9282,-0.06785053
3970,1031,1681.1707,5165.75,222327.5,3364468.25,576.45056,756.22015,819.0606,2196.1223,0.46750158,1856.3558,-0.06440592
3971,1311,1687.2799,1561.2402,186282.40625,3364407.25,199.84401,338.28146,227.19183,2292.091,0.81609863,1794.1743,-0.11379879
3972,1231,1685.6093,1948.749,190157.484375,3364424.0,561.47565,845.2128,849.7157,2700.4138,0.5221721,1800.8574,-0.19168648
3973,1144,1685.8191,2061.6345,191286.34375,3364421.75,575.3068,807.88153,816.7268,2276.0696,0.4781331,1802.8047,-0.10656773
3974,1250,1684.552,4826.9263,218939.265625,3364434.5,570.7976,708.8752,731.3304,1906.8464,0.46306768,1850.5109,0.0019155977
3975,1311,1685.9901,4867.4043,219344.046875,3364420.0,212.37605,339.3013,221.33943,2405.4531,0.83233654,1851.21,-0.1272651
3976,1523,1687.4065,4954.5063,220215.0625,3364406.0,563.5003,683.1533,773.2879,1709.5482,0.39258486,1852.7135,0.05244471
3977,1306,1682.5826,5272.2104,223392.109375,3364454.25,579.7634,811.018,719.0957,3142.1758,0.6021902,1858.1935,-0.21203883
3978,1363,1686.5583,1225.201,182922.015625,3364414.5,279.52753,426.2656,335.5664,2303.8489,0.7454644,1788.3782,-0.10890279
3979,1167,1686.3993,1470.9589,185379.59375,3364416.0,326.78235,502.38474,429.30634,2434.2246,0.7049511,1792.6168,-0.13697983
3980,1281,1689.555,2188.3591,192553.59375,3364384.5,527.94885,788.53864,744.4598,2224.3071,0.4970989,1804.9924,-0.097083114
3981,1056,1685.5673,2742.9194,198099.1875,3364424.25,1135.5421,1276.627,1373.0966,2024.1288,0.20908356,1814.5565,-0.038773905
3982,1146,1687.041,3541.2905,206082.90625,3364409.5,429.50436,617.99475,610.22516,2171.8699,0.58712375,1828.3302,-0.078455105
3983,1361,1687.2006,4253.569,213205.6875,3364408.0,839.12415,1019.07275,1145.291,1969.6378,0.27378327,1840.6191,-0.023808911
3984,1317,1689.5277,4572.398,216393.984375,3364384.75,527.9472,710.3899,749.37317,2214.4985,0.5189561,1846.1213,-0.08206725
3985,1186,1688.6678,2355.9612,194229.609375,3364393.25,407.98608,618.87775,570.4958,2291.7441,0.60502934,1807.8829,-0.11065621
3986,1183,1687.7413,3327.296,203942.96875,3364402.5,226.01015,351.75992,251.78107,2111.055,0.78505206,1824.6387,-0.06825947
3987,1198,1689.9808,4028.863,210958.625,3364380.25,245.18448,389.15942,272.00583,2244.196,0.7805689,1836.7435,-0.08570098
3988,1250,1688.5457,5058.55,221255.5,3364394.5,670.9016,862.9252,1042.5236,2140.6191,0.35953036,1854.5093,-0.06308684
3989,1314,1692.8744,2523.465,195904.65625,3364351.25,545.5221,825.08374,777.5061,2695.4712,0.5380787,1810.7744,-0.18065101
3990,1140,1690.6395,2711.4219,197784.21875,3364373.5,1152.8763,1377.3995,1547.8145,1965.6991,0.133825,1814.0156,-0.025508499
3991,1197,1688.4736,3602.979,206699.78125,3364395.25,196.90643,336.5163,198.87886,2328.9648,0.8418584,1829.3951,-0.11629355
3992,1378,1693.9739,3707.9448,207749.453125,3364340.25,430.3672,613.0087,625.15314,2233.7837,0.5907609,1831.2086,-0.09481415
3993,1119,1689.42,4677.5566,217445.5625,3364385.75,306.6318,456.50223,436.6729,2073.3208,0.649171,1847.9357,-0.04735803
3994,1270,1692.1575,5020.0273,220870.28125,3364358.5,799.9677,976.1626,1097.7083,2104.727,0.32030755,1853.8462,-0.05213707
3995,1444,1692.5852,1311.2487,183782.484375,3364354.25,203.6856,340.0478,217.58241,2539.7617,0.8396451,1789.8652,-0.16764547
3996,1447,1692.5591,5352.6553,224196.5625,3364354.5,320.67242,457.59985,406.56842,2130.5298,0.6725235,1859.586,-0.04918904
3997,1415,1694.7576,2876.865,199438.65625,3364332.5,691.38446,892.1668,933.8657,2158.8762,0.39756358,1816.8716,-0.07522317
3998,1104,1693.2935,3239.3523,203063.53125,3364347.0,227.05707,355.31793,227.64854,2271.374,0.81610686,1823.1241,-0.10487376
3999,1168,1689.5582,3404.7107,204717.109375,3364384.5,239.1387,378.64383,273.94348,2188.4348,0.7777353,1825.9751,-0.08490634
4000,1239,1694.0468,4132.8804,211998.8125,3364339.5,390.93866,535.70703,499.97012,2060.5667,0.619926,1838.54,-0.042007606
4001,1246,1690.5225,4399.963,214669.625,3364374.75,212.78812,344.07504,216.0586,2339.7268,0.83113575,1843.1465,-0.11656969
4002,1146,1689.5812,4469.3096,215363.09375,3364384.25,199.24869,327.31415,210.14835,2220.0227,0.8273065,1844.3427,-0.090456106
4003,1153,1691.3582,4711.863,217788.625,3364366.5,501.07632,635.93494,643.2793,2040.85,0.5390686,1848.5286,-0.038024295
4004,1215,1690.5654,2624.0115,196910.109375,3364374.25,533.17694,770.8938,764.7794,2287.856,0.49851725,1812.5077,-0.10632403
4005,1251,1692.8698,2947.7163,200147.15625,3364351.25,672.8441,881.1295,915.93604,2215.6123,0.41982937,1818.0929,-0.094199486
4006,1392,1696.1552,4639.8843,217068.84375,3364318.5,290.1372,451.75717,373.67313,2322.25,0.71900964,1847.2887,-0.106254615
4007,1296,1695.1088,1772.5687,188395.6875,3364329.0,187.83565,310.59567,195.58989,2186.869,0.8338941,1797.8232,-0.09160389
4008,1297,1695.0786,2453.5898,195205.90625,3364329.25,557.69196,764.3034,797.1102,2110.386,0.46147612,1809.5702,-0.06763351
4009,1317,1694.1913,4184.2656,212512.65625,3364338.0,351.246,517.085,529.15643,2091.887,0.6252818,1839.4266,-0.053508203
4010,1465,1694.4559,4507.7344,215747.34375,3364335.5,294.9092,427.7297,370.84915,2038.8286,0.70630854,1845.0078,-0.044923525
4011,1301,1696.1884,3018.9077,200859.078125,3364318.0,557.1303,744.0711,695.6518,2329.567,0.54174894,1819.3226,-0.11089222
4012,1441,1695.4781,3844.075,209110.75,3364325.25,521.7786,698.93335,735.1888,2131.9243,0.5119312,1833.5579,-0.068229444
4013,1187,1693.4347,4364.0127,214310.125,3364345.75,191.53917,318.7203,198.51474,2335.7861,0.8432137,1842.5276,-0.11526738
4014,1268,1695.567,4746.504,218135.03125,3364324.25,607.7311,754.21924,795.5245,1969.5276,0.4360348,1849.128,-0.022224834
4015,1172,1696.2261,2834.7678,199017.671875,3364317.75,726.9398,916.2457,1018.247,1960.1536,0.31981614,1816.1461,-0.031153016
4016,1113,1694.9937,3201.6406,202686.40625,3364330.0,217.52066,345.19138,222.24438,2183.3748,0.8135777,1822.4744,-0.08594203
4017,1243,1697.5117,2148.5261,192155.265625,3364305.0,501.03378,762.2393,727.08405,2497.779,0.54327464,1804.3092,-0.1510713
4018,1262,1697.9517,2985.156,200521.5625,3364300.5,697.2013,886.8368,904.3423,2209.9492,0.41718245,1818.7412,-0.08812884
4019,1252,1697.3906,3162.0647,202290.640625,3364306.0,217.02635,346.75638,224.39456,2233.3857,0.8163532,1821.7927,-0.098252736
4020,1241,1698.5222,2103.0298,191700.296875,3364294.75,623.3259,823.9174,878.69543,2051.3384,0.40432587,1803.5249,-0.055651195
4021,1260,1697.961,3992.2754,210592.75,3364300.5,253.69762,398.5881,284.54205,2238.2476,0.7651012,1836.116,-0.07659549
4022,1193,1698.2657,2772.9246,198399.25,3364297.25,910.16595,1076.2594,1201.4233,1971.174,0.25188377,1815.0802,-0.029274652
4023,1370,1701.3329,3668.3687,207353.6875,3364266.75,208.92336,338.29123,213.72774,2298.7454,0.826518,1830.5293,-0.10618291
4024,1524,1699.315,3765.5984,208325.984375,3364286.75,271.44028,405.54068,329.21652,2112.1418,0.7359226,1832.2058,-0.058680404
4025,1209,1700.3746,4602.2085,216692.09375,3364276.25,260.81058,420.49255,337.7527,2251.2593,0.736837,1846.6405,-0.08929111
4026,1200,1696.9858,5226.1743,222931.75,3364310.25,647.1825,832.08875,917.4913,2165.4097,0.39679652,1857.4054,-0.052009203
4027,1147,1701.1168,1412.9476,184799.46875,3364268.75,389.4307,528.0789,483.4381,2196.1787,0.6472859,1791.6235,-0.08787416
4028,1272,1699.6808,2417.7979,194847.984375,3364283.25,568.8278,786.7268,786.6545,2323.7869,0.49317026,1808.955,-0.111828536
4029,1314,1701.347,2221.4749,192884.75,3364266.5,606.7713,865.4361,894.0034,2124.726,0.41499436,1805.5693,-0.07469828
4030,1102,1699.323,3573.2332,206402.328125,3364286.75,207.85027,354.61615,214.3158,2404.3193,0.835758,1828.887,-0.13176353
4031,1068,1697.5122,5131.9155,221989.15625,3364305.0,757.73596,913.49347,994.1395,1986.7229,0.33641154,1855.7792,-0.016974038
4032,1491,1704.6908,1274.1067,183411.0625,3364233.0,215.30852,338.07043,223.81288,2376.5474,0.82538575,1789.2307,-0.1265485
4033,1284,1702.0023,3290.8552,203578.546875,3364260.0,221.38629,336.96106,232.52025,2147.49,0.802974,1824.0167,-0.076860584
4034,1157,1701.0242,3914.751,209817.5,3364269.75,572.46326,739.51166,747.1703,2209.3318,0.50112605,1834.7798,-0.08063917
4035,1327,1703.3444,4433.532,215005.3125,3364246.5,189.05464,319.2483,190.42992,2290.4043,0.8462213,1843.7316,-0.105133876
4036,1411,1701.8555,1830.8959,188978.953125,3364261.5,183.47733,309.27393,185.23671,2410.2104,0.8563177,1798.8326,-0.14101736
4037,1232,1703.5463,2675.517,197425.171875,3364244.5,853.78894,1109.9517,1258.2966,2211.2097,0.29320252,1813.4025,-0.09554733
4038,1172,1701.1382,3056.0479,201230.484375,3364268.5,251.74232,399.78754,294.0418,2233.692,0.7698103,1819.9657,-0.0974443
4039,1124,1701.3033,3442.6245,205096.25,3364267.0,218.60231,350.4831,238.2411,2221.6191,0.8061124,1826.6346,-0.093052216
4040,950,1699.3643,5191.042,222580.421875,3364286.25,464.26843,606.11896,637.3174,1844.3542,0.49434194,1856.8003,0.008524398
4041,1335,1702.5677,5398.0938,224650.9375,3364254.25,354.32584,525.7768,473.13184,2523.7085,0.6721168,1860.3745,-0.08215895
4042,1266,1704.883,1524.3523,185913.53125,3364231.25,215.0458,356.29346,245.32661,2364.0203,0.8162388,1793.5469,-0.13310932
4043,1247,1705.9174,1375.5814,184425.8125,3364220.75,215.919,354.86768,243.94627,2405.9502,0.8137881,1790.9816,-0.14018413
4044,1100,1703.87,3475.7,205427.0,3364241.25,385.50363,535.26184,476.84818,2171.9246,0.658468,1827.2065,-0.07852444
4045,1177,1703.7078,5095.0654,221620.65625,3364243.0,625.08154,798.5977,906.06116,1974.1079,0.3783795,1855.1461,-0.022607364
4046,1549,1707.2646,1177.8044,182448.046875,3364207.25,263.18076,400.16785,359.54388,2053.7422,0.70419043,1787.5712,-0.04809601
4047,1257,1705.0016,1705.4789,187724.78125,3364230.0,189.06921,312.75418,198.73628,2219.9395,0.8321269,1796.671,-0.09617419
4048,1566,1708.4316,3804.417,208714.171875,3364195.75,207.30716,342.3838,233.72159,2277.357,0.8168795,1832.8796,-0.10586813
4049,1404,1707.2784,3952.354,210193.53125,3364207.25,466.4936,653.84045,706.5456,2052.713,0.5054832,1835.4314,-0.047287088
4050,1310,1709.5793,5588.767,226557.671875,3364184.25,327.23856,490.3164,582.47675,2012.9661,0.5574177,1863.6677,-0.03278165
4051,1224,1708.6683,1897.1903,189641.90625,3364193.25,232.98653,387.3656,283.80432,2257.9448,0.7822918,1799.9795,-0.105722144
4052,1132,1707.8215,2006.7181,190737.1875,3364201.75,434.6312,646.64844,665.38916,2197.4783,0.547875,1801.8682,-0.09248815
4053,1074,1708.4935,3352.1042,204191.046875,3364195.0,226.64246,356.01675,243.22346,2242.7422,0.80260736,1825.0764,-0.09862175
4054,1328,1708.0979,4322.8247,213898.25,3364199.0,255.44202,388.2854,253.03313,2578.945,0.82059824,1841.8236,-0.16264457
4055,1324,1707.9985,1670.5166,187375.171875,3364200.0,184.86443,310.64276,195.71715,2281.906,0.840543,1796.0695,-0.11438258
4056,1447,1708.5778,1596.7871,186637.875,3364194.25,302.15894,472.66827,408.20352,2258.5757,0.70426,1794.7981,-0.10744313
4057,1100,1708.8318,4284.672,213516.71875,3364191.75,416.82092,557.91815,497.08728,2215.3018,0.6343154,1841.1656,-0.0710896
4058,1085,1711.2848,3132.3254,201993.25,3364167.25,223.2424,352.37512,226.86913,2243.837,0.8158262,1821.2863,-0.1017492
4059,1038,1710.8622,4773.236,218402.359375,3364171.5,375.9422,510.28033,467.35837,1922.9952,0.6267404,1849.5962,-0.012744064
4060,1493,1713.3892,5452.24,225192.40625,3364146.0,187.48929,305.30643,280.14032,1907.3138,0.74986833,1861.3135,-0.008718483
4061,1197,1710.6683,2804.1956,198711.953125,3364173.25,623.4691,836.0025,904.8421,2067.1985,0.39399904,1815.6256,-0.05799859
4062,1281,1711.6128,3094.374,201613.734375,3364163.75,246.47775,386.8829,255.39423,2312.6487,0.8005339,1820.6317,-0.1139445
4063,1115,1711.869,3519.2654,205862.65625,3364161.25,321.86636,469.6242,388.81885,2283.0261,0.7161704,1827.9618,-0.103054486
4064,1310,1711.29,4221.675,212886.75,3364167.0,686.6695,882.1313,968.21985,2003.019,0.35540688,1840.0798,-0.03432734
4065,1120,1713.1161,5257.2153,223242.15625,3364148.75,430.94153,640.4821,562.1304,2985.9822,0.6793367,1857.9481,-0.20818412
4066,1326,1713.3944,3880.034,209470.34375,3364146.0,685.5475,855.2549,926.74133,2065.4473,0.38746247,1834.1865,-0.04916215
4067,1159,1712.3124,4809.9707,218769.703125,3364157.0,314.3874,449.57895,371.01123,2019.572,0.7072481,1850.2307,-0.029768668
4068,1416,1715.9498,5498.1484,225651.484375,3364120.5,264.9223,422.25952,423.47845,2314.6985,0.6886854,1862.1068,-0.09485304
4069,1481,1716.0581,5546.132,226131.3125,3364119.5,268.9193,414.37442,443.72012,2035.5497,0.6435076,1862.9348,-0.026354728
4070,1345,1716.8297,1638.377,187053.765625,3364111.75,196.22714,329.5539,219.76208,2247.332,0.8198848,1795.5195,-0.10219282
4071,1117,1714.239,2041.982,191089.8125,3364137.5,572.1128,829.19336,928.141,2295.773,0.42944393,1802.4796,-0.11574874
4072,1170,1711.6658,4102.6357,211696.359375,3364163.25,629.2214,872.7231,1008.1624,2319.4932,0.41207743,1838.0262,-0.10770761
4073,1235,1718.4972,4158.902,212259.015625,3364095.0,390.26883,569.8615,575.6551,2189.6543,0.607944,1839.0001,-0.08040974
4074,1408,1714.5114,4542.5776,216095.78125,3364135.0,615.61505,770.4194,787.4336,2075.9033,0.46224084,1845.618,-0.047103174
4075,1126,1712.548,1742.1545,188091.546875,3364154.5,187.52797,313.51776,192.6088,2268.3374,0.84205264,1797.3073,-0.111308075
4076,1329,1717.8473,1798.7727,188657.71875,3364101.5,189.13995,315.93228,188.55116,2467.7915,0.857234,1798.2865,-0.15324523
4077,1294,1715.7991,2377.5764,194445.765625,3364122.0,421.56955,622.73645,576.408,2220.9502,0.5900944,1808.269,-0.09371225
4078,1071,1716.1149,4049.1074,211161.078125,3364118.75,356.9645,507.2969,448.16153,2091.3015,0.65962285,1837.1047,-0.047405355
4079,1213,1716.9084,1970.061,190370.609375,3364111.0,399.4831,600.59644,570.6826,2254.694,0.6181228,1801.2404,-0.09888146
4080,1143,1717.5792,3384.0464,204510.46875,3364104.25,244.40683,369.26773,273.44708,2061.6055,0.7615552,1825.6317,-0.052010592
4081,1336,1716.5906,3626.4333,206934.328125,3364114.0,342.62576,513.2844,446.6437,2280.4595,0.6888515,1829.8129,-0.10212133
4082,1279,1716.634,4854.3735,219213.734375,3364113.75,572.40967,707.02734,729.58563,1943.5989,0.46355078,1850.9988,-0.009411
4083,1531,1720.58,4935.2085,220022.09375,3364074.25,617.0725,750.7701,805.71454,1794.0961,0.39168978,1852.3953,0.026991136
4084,1279,1717.9633,5291.899,223588.984375,3364100.25,359.79868,511.35535,410.819,2542.651,0.72051233,1858.5487,-0.11836048
4085,1312,1719.8362,1338.942,184059.421875,3364081.75,187.73247,323.16693,206.24162,2425.1663,0.8417246,1790.3566,-0.14623943
4086,1258,1717.2234,1485.5994,185526.0,3364107.75,184.23569,322.3144,203.87958,2298.1519,0.83603644,1792.8846,-0.11973845
4087,1198,1717.4633,1932.0334,189990.328125,3364105.25,583.1244,842.8159,958.7771,2349.861,0.42855588,1800.5847,-0.12862518
4088,1699,1721.8469,2563.5928,196305.921875,3364061.5,637.8787,867.857,896.3861,2269.7468,0.4299511,1811.4806,-0.09918348
4089,1306,1720.248,2644.0781,197110.78125,3364077.5,674.69336,934.2523,987.30475,2307.004,0.39922783,1812.8682,-0.112651676
4090,1543,1723.7563,3736.884,208038.84375,3364042.5,378.07516,543.82764,507.1374,2208.0967,0.64332175,1831.7217,-0.085319765
4091,1097,1718.9572,2076.65,191436.5,3364090.5,555.9385,797.36145,822.7174,2338.849,0.47138652,1803.0798,-0.11746643
4092,1245,1716.2522,2258.7004,193257.0,3364117.5,761.1426,1015.9257,1112.747,1890.5863,0.27768978,1806.2188,-0.017780127
4093,1289,1718.145,2298.8928,193658.921875,3364098.5,709.2506,990.3309,982.1691,2074.195,0.3615101,1806.913,-0.051013697
4094,1454,1720.683,2602.5034,196695.03125,3364073.25,533.6847,781.533,768.10315,2445.9812,0.5217873,1812.1512,-0.13975275
4095,1282,1715.9243,2916.5256,199835.25,3364120.75,655.87054,861.63495,896.4111,2170.2676,0.4180072,1817.5658,-0.08023688
4096,1695,1720.7947,4983.9463,220509.46875,3364072.0,762.40765,955.95105,1072.859,2133.4644,0.34299338,1853.2363,-0.057150014
4097,1407,1720.634,1446.1357,185131.359375,3364073.75,188.31166,322.4929,209.3145,2289.3274,0.8313946,1792.2057,-0.118257806
4098,1284,1723.6495,3262.4705,203294.703125,3364043.5,224.46806,345.11917,229.98209,2205.6892,0.8100343,1823.5372,-0.09047292
4099,1129,1717.9725,5161.641,222286.40625,3364100.25,475.4092,644.7077,660.43225,2126.0806,0.5401264,1856.3011,-0.05083581
4100,1439,1722.3634,4895.3003,219623.0,3364056.25,418.29813,556.8534,525.6831,1999.1884,0.59043115,1851.7074,-0.022959214
4101,1308,1722.2186,2335.2532,194022.53125,3364057.75,502.8364,742.4889,692.4572,2203.8975,0.52594376,1807.5421,-0.092414595
4102,1303,1718.4681,2487.4153,195544.15625,3364095.25,794.5153,970.802,1065.7598,1871.4792,0.27027297,1810.1649,-0.0069110617
4103,1373,1723.8638,5327.4106,223944.109375,3364041.25,279.96432,402.70795,306.41623,2330.9023,0.7611681,1859.1641,-0.08768146
4104,1518,1721.031,1226.3499,182933.5,3364069.75,257.68906,397.4038,282.09155,2405.305,0.7885337,1788.4153,-0.12947136
4105,1313,1722.3489,2739.5278,198065.28125,3364056.5,1028.7445,1125.717,1195.3489,1847.8043,0.2298672,1814.5156,0.0099568805
4106,1117,1721.5354,5063.942,221309.421875,3364064.75,721.0385,888.61816,961.7856,1982.1388,0.36756492,1854.617,-0.020361857
4107,1306,1723.67,1554.7817,186217.8125,3364043.25,261.13092,407.1474,328.89203,2193.1233,0.7446496,1794.081,-0.09156022
4108,1080,1723.6361,3227.8352,202948.34375,3364043.75,228.48796,357.59167,220.30879,2355.4912,0.82803243,1822.9398,-0.12414099
4109,1160,1725.1104,3418.9966,204859.96875,3364029.0,220.16379,342.78104,230.10173,2180.988,0.8072664,1826.2382,-0.08302247
4110,1233,1720.678,4472.379,215393.78125,3364073.25,342.1695,468.79684,428.52798,2007.0536,0.66685945,1844.4097,-0.037837222
4111,1278,1724.1425,5027.879,220948.78125,3364038.5,825.9718,1014.5188,1140.3866,2149.4167,0.33372182,1853.9958,-0.062220845
4112,1379,1724.8252,1864.8303,189318.296875,3364031.75,186.36221,314.63995,203.83865,2288.0913,0.83320725,1799.4292,-0.109673105
4113,1130,1724.0062,2702.4265,197694.265625,3364040.0,949.17303,1123.5867,1259.762,1791.9948,0.19164096,1813.8765,0.019698553
4114,1272,1726.2461,2848.978,199159.78125,3364017.5,643.22644,870.0825,934.99176,2205.5388,0.40978566,1816.4055,-0.09293846
4115,1254,1726.1388,3318.8804,203858.8125,3364018.5,231.26634,359.26474,248.64114,2174.973,0.79477745,1824.5116,-0.0822665
4116,1357,1727.364,5368.331,224353.3125,3364006.25,415.03354,560.33234,475.72476,2261.724,0.6465072,1859.8717,-0.061885845
4117,1117,1725.0492,3192.1316,202591.3125,3364029.5,224.65443,354.91046,221.75023,2221.471,0.8165651,1822.3245,-0.0940448
4118,1233,1728.1346,3553.395,206203.953125,3363998.75,448.3901,634.987,644.8548,2161.0007,0.56546175,1828.5582,-0.07469114
4119,1126,1724.231,4357.3135,214243.125,3364037.75,193.54085,324.86234,197.73445,2407.174,0.8478555,1842.4259,-0.1288534
4120,1163,1720.9906,4677.9907,217449.90625,3364070.0,469.22528,620.8134,571.85297,2198.4634,0.593965,1847.9573,-0.07042809
4121,1207,1729.9462,2120.7764,191877.765625,3363980.5,697.3741,903.4913,994.8546,2090.9282,0.35437837,1803.8463,-0.06409113
4122,1208,1726.6614,2183.2417,192502.421875,3364013.5,615.18335,895.6304,997.98883,2373.743,0.41522133,1804.9222,-0.13000597
4123,1327,1728.3918,2958.826,200258.265625,3363996.0,726.6198,897.26227,955.55804,2129.3428,0.38512513,1818.3014,-0.07074756
4124,1207,1728.6968,4017.2122,210842.125,3363993.0,238.79909,369.62387,272.15494,2001.4557,0.75420433,1836.5603,-0.026140599
4125,1214,1727.1655,4256.0527,213230.53125,3364008.25,558.4901,712.6285,692.33606,2129.1343,0.5276833,1840.6802,-0.055717748
4126,1316,1726.2135,4395.2637,214622.640625,3364017.75,198.17857,322.55472,200.25,2254.7446,0.8370592,1843.0817,-0.098501325
4127,1345,1729.7903,3695.9167,207629.171875,3363982.0,224.61784,353.12418,241.28178,2182.487,0.8012451,1831.0177,-0.081914335
4128,1239,1725.5625,4714.1455,217811.453125,3364024.5,701.0145,838.84424,898.0936,2064.783,0.4080317,1848.5833,-0.04567276
4129,1050,1730.4076,4077.763,211447.625,3363976.0,716.44855,956.59045,1099.6761,2350.1904,0.3628164,1837.6057,-0.113968715
4130,1041,1727.488,5199.953,222669.53125,3364005.0,684.69116,842.66187,958.6681,1762.5101,0.30827743,1856.9664,0.030228749
4131,1234,1726.8461,2524.1313,195911.3125,3364011.5,805.0008,980.904,1074.4072,1853.1099,0.26175728,1810.8022,-0.00085032877
4132,1071,1731.7003,3492.5547,205595.546875,3363963.0,539.9561,701.2101,704.3613,2085.1577,0.5091216,1827.5103,-0.054187153
4133,1278,1731.3162,3589.9272,206569.28125,3363966.75,371.04852,544.3701,503.93427,2318.5164,0.6608769,1829.19,-0.10657462
4134,1045,1728.0077,5123.065,221900.65625,3364000.0,709.48804,881.51294,1006.5809,2124.198,0.36417773,1855.6399,-0.059881598
4135,976,1728.4088,2152.2112,192192.109375,3363996.0,506.8494,783.2239,742.66595,2716.326,0.5614123,1804.3878,-0.19141452
4136,1143,1730.4497,2408.6833,194756.828125,3363975.5,427.8259,626.9755,600.74365,2178.9568,0.5757488,1808.8126,-0.082987174
4137,1174,1731.3322,4614.517,216815.171875,3363966.75,243.6184,404.13116,318.80026,2305.2705,0.7543427,1846.8668,-0.101439565
4138,1385,1734.2405,5410.3315,224773.3125,3363937.5,223.15704,351.64368,337.91443,1906.5664,0.7049905,1860.5995,-0.0016013645
4139,1366,1734.3931,2885.4187,199524.1875,3363936.0,561.1047,797.18884,777.9553,2393.4348,0.50843555,1817.038,-0.13039733
4140,1181,1732.2472,3982.894,210498.9375,3363957.5,305.13803,471.69095,375.8713,2292.4607,0.7329434,1835.9698,-0.09874489
4141,1444,1735.2319,4577.3745,216443.75,3363927.75,288.04742,448.67416,373.95532,2032.8691,0.68424463,1846.2278,-0.034653034
4142,1276,1735.5642,1259.9514,183269.515625,3363924.25,221.0102,355.19278,250.32289,2235.7634,0.79783636,1789.0021,-0.094768375
4143,1315,1735.2882,2995.581,200625.8125,3363927.0,458.2985,617.00916,584.1038,2176.1064,0.59164166,1818.9387,-0.08145299
4144,1254,1734.0167,3029.1643,200961.640625,3363939.75,248.88437,382.9729,282.38358,2105.362,0.7621906,1819.5175,-0.0625376
4145,1303,1734.4766,4192.9434,212599.4375,3363935.25,575.6777,740.49274,771.3162,1994.6738,0.46527448,1839.5947,-0.03377813
4146,1502,1736.5692,1309.1824,183761.828125,3363914.25,236.63515,380.89215,260.15646,2462.4854,0.80304426,1789.8517,-0.14012226
4147,1244,1733.6713,1404.422,184714.21875,3363943.25,194.54904,333.1045,212.92845,2330.7356,0.83083636,1791.4928,-0.12589504
4148,1394,1732.7526,2451.886,195188.859375,3363952.5,548.59827,807.0445,783.6001,2444.8518,0.511212,1809.559,-0.142449
4149,1041,1732.0221,3063.2815,201302.8125,3363959.75,259.36984,403.36023,280.11526,2163.1008,0.76554424,1820.1051,-0.07624995
4150,1368,1733.6221,3848.3303,209153.3125,3363943.75,581.36255,765.8582,841.7895,2132.397,0.43934548,1833.6489,-0.05742646
4151,1231,1735.649,4647.2754,217142.75,3363923.5,506.50366,662.0398,644.0252,2107.4468,0.54654634,1847.434,-0.052638676
4152,1384,1735.3483,4508.1597,215751.59375,3363926.5,664.74347,825.026,841.1048,2089.3525,0.44084167,1845.0336,-0.050487455
4153,1070,1734.3121,5232.897,222998.96875,3363937.0,548.3014,741.2388,726.3299,2637.6272,0.5635365,1857.5378,-0.14934467
4154,1437,1739.5588,1193.6646,182606.640625,3363884.5,287.4739,432.1037,357.0494,2298.4753,0.73118186,1787.861,-0.10185618
4155,1157,1737.2074,2211.8894,192788.890625,3363908.0,536.5052,753.8669,834.72864,2094.8699,0.44390714,1805.4215,-0.06829307
4156,1264,1733.6891,3919.565,209865.65625,3363943.0,620.49445,795.64557,878.6701,2065.0237,0.4207762,1834.8779,-0.05158609
4157,1273,1738.1162,4129.6675,211966.671875,3363898.75,450.3959,637.92535,694.9631,2217.0276,0.54270023,1838.5048,-0.08707532
4158,1291,1736.5856,2776.44,198434.40625,3363914.25,772.2026,939.5306,1042.928,1797.8792,0.2678011,1815.1592,0.012863137
4159,1224,1737.2124,3159.5808,202265.8125,3363908.0,228.07558,356.4134,232.59314,2109.1646,0.7981837,1821.7687,-0.0655424
4160,1225,1737.1421,3456.7363,205237.359375,3363908.5,220.7404,344.10693,227.88327,2198.3438,0.8107113,1826.8949,-0.0867776
4161,1359,1739.2457,3658.5056,207255.0625,3363887.5,220.25092,348.0353,227.68654,2306.0288,0.81812835,1830.3767,-0.10949008
4162,1171,1738.1357,1717.9445,187849.4375,3363898.75,180.4556,308.28223,186.845,2379.5193,0.85360694,1796.9023,-0.13623002
4163,1297,1738.8812,4747.4224,218144.21875,3363891.25,590.57825,719.96454,793.33386,1876.9653,0.43208018,1849.1633,0.0019092942
4164,1145,1739.5703,4830.4727,218974.71875,3363884.25,484.74936,612.52405,598.0079,1772.1965,0.5159099,1850.5966,0.038969155
4165,1337,1741.1272,1758.9125,188259.125,3363868.75,188.94914,311.68884,190.68063,2335.2778,0.8476983,1797.6105,-0.124033645
4166,1582,1743.1434,3777.387,208443.875,3363848.5,309.13528,460.39127,404.73642,2148.5374,0.6949862,1832.4294,-0.07147212
4167,1298,1740.9916,1514.0231,185810.234375,3363870.0,189.92026,327.27042,209.1252,2367.1665,0.8384617,1793.3867,-0.1348839
4168,1089,1739.6254,2019.7604,190867.609375,3363883.75,343.93893,533.6226,504.3705,2202.976,0.64827675,1802.1088,-0.08997598
4169,1084,1739.2002,4786.337,218533.375,3363888.0,252.66882,381.24448,286.4751,2015.6172,0.76180637,1849.8348,-0.03039457
4170,1229,1743.8926,1616.5834,186835.828125,3363841.0,264.4345,425.9166,312.31854,2386.0884,0.7701102,1795.157,-0.13142993
4171,1186,1740.6215,4293.8594,213608.59375,3363873.75,309.5894,447.16443,342.758,2440.9814,0.750812,1841.3386,-0.12526157
4172,1275,1738.4039,4432.542,214995.421875,3363896.0,217.4204,338.45804,227.13647,2204.2776,0.81216866,1843.7303,-0.084021315
4173,1198,1744.1127,5518.421,225854.21875,3363838.75,244.91861,384.4378,397.99957,1955.6779,0.6665545,1862.4689,-0.018223856
4174,1223,1741.7416,5576.9844,226439.84375,3363862.5,383.66312,552.05804,671.5503,1916.8103,0.487084,1863.4784,-0.0049789036
4175,1218,1741.6602,1366.4984,184334.984375,3363863.5,226.46306,382.92447,267.90393,2420.2085,0.8023056,1790.8428,-0.14331049
4176,1142,1741.218,3120.9807,201879.8125,3363867.75,220.38704,353.81873,225.80298,2182.3867,0.81104547,1821.1047,-0.08659325
4177,1111,1741.3591,5091.4014,221584.015625,3363866.5,747.8677,900.6913,1031.7948,1985.9172,0.3260414,1855.0995,-0.021299483
4178,1268,1746.1467,1582.3936,186493.9375,3363818.5,437.5008,626.47675,626.1952,2347.0627,0.59211373,1794.5685,-0.12769845
4179,1439,1746.3773,1683.1974,187501.96875,3363816.25,195.28423,323.67303,208.35164,2335.8564,0.83358413,1796.3071,-0.122191645
4180,1096,1746.302,2241.8977,193088.96875,3363817.0,593.3746,823.90875,902.2062,2059.7432,0.39827338,1805.9435,-0.056570597
4181,1368,1745.671,2815.4336,198824.34375,3363823.25,519.69006,709.8947,724.8392,2123.746,0.50063086,1815.8362,-0.07327287
4182,1461,1745.5975,1830.3723,188973.71875,3363824.0,185.93909,311.25052,186.3282,2509.524,0.860907,1798.8452,-0.16154431
4183,1100,1744.7682,1986.7273,190537.28125,3363832.25,261.34818,426.08862,349.63864,2165.9456,0.7204592,1801.5415,-0.07684603
4184,1347,1746.5546,3816.274,208832.734375,3363814.5,307.0787,465.59244,409.64737,2160.026,0.6979086,1833.1018,-0.07345731
4185,1262,1746.8407,3289.194,203561.9375,3363811.5,229.41759,356.5206,228.9683,2206.9453,0.80895007,1824.0092,-0.088260986
4186,1377,1745.9928,1904.0936,189710.9375,3363820.0,185.81119,316.04828,202.34277,2220.9387,0.83189154,1800.1168,-0.09909599
4187,1074,1747.7961,2093.041,191600.40625,3363802.0,645.1634,902.42456,1002.0354,2417.481,0.41594377,1803.3767,-0.13827808
4188,1153,1747.5056,2358.72,194257.203125,3363805.0,531.3317,786.3404,771.8465,2392.464,0.5178377,1807.9591,-0.13557102
4189,1391,1748.2675,2672.2537,197392.53125,3363797.25,1185.0183,1413.8357,1589.2124,2054.945,0.14061353,1813.3677,-0.054572523
4190,1207,1743.0381,3352.088,204190.875,3363849.5,237.6628,356.7647,249.45734,2114.1956,0.78599524,1825.0924,-0.06660321
4191,1196,1745.7433,4328.318,213953.1875,3363822.5,218.02257,346.6898,244.52592,2244.97,0.81139886,1841.9354,-0.09716509
4192,1176,1745.932,5443.557,225105.5625,3363820.75,171.27509,296.2955,237.23384,2135.523,0.7992179,1861.1779,-0.05686913
4193,1154,1747.7045,2277.032,193440.3125,3363803.0,766.3167,1028.507,1122.5109,1925.6755,0.2823458,1806.5502,-0.025412863
4194,1320,1749.2963,2929.246,199962.46875,3363787.0,699.2701,896.7102,915.3996,2225.1428,0.4191035,1817.8011,-0.091741025
4195,1568,1752.4911,4958.219,220252.1875,3363755.0,679.94836,907.3278,1059.414,2333.0383,0.3829799,1852.8064,-0.10321796
4196,1395,1751.6094,5481.605,225486.046875,3363764.0,215.5595,352.41577,329.32724,2050.1296,0.724068,1861.8369,-0.042421516
4197,1198,1748.404,1944.5042,190115.046875,3363796.0,273.80927,437.67072,347.86853,2288.4407,0.73989576,1800.8151,-0.10736703
4198,1179,1749.777,2057.759,191247.59375,3363782.25,413.40714,617.0318,635.5178,2260.7837,0.57781684,1802.7692,-0.10218393
4199,1141,1748.6819,3525.3848,205923.84375,3363793.25,361.32428,533.5846,510.51096,2184.446,0.65154576,1828.0846,-0.08424959
4200,1233,1749.1687,3953.4583,210204.578125,3363788.25,523.93835,719.11273,788.21576,2162.8362,0.47697362,1835.4697,-0.071177006
4201,942,1748.2048,5147.947,222149.46875,3363798.0,481.73993,663.34607,652.8185,2240.208,0.55426204,1856.0781,-0.082488745
4202,1230,1750.5756,4230.0806,212970.8125,3363774.25,747.5675,904.57886,994.787,2011.1984,0.34975666,1840.2428,-0.03187972
4203,1353,1751.504,4873.4546,219404.546875,3363765.0,503.06726,645.81226,646.0754,2004.9238,0.51930827,1851.3435,-0.024173336
4204,1242,1750.8914,5268.33,223353.296875,3363771.0,447.7842,658.2911,540.5459,3099.851,0.6961402,1858.1565,-0.2230172
4205,1345,1751.8922,1474.2357,185412.359375,3363761.0,179.49516,313.80038,194.72342,2345.1453,0.8459178,1792.7059,-0.1299552
4206,1116,1751.8871,3086.3513,201533.515625,3363761.25,221.59633,354.3701,228.90547,2215.0037,0.8093056,1820.5125,-0.0905737
4207,1382,1751.5557,3884.6519,209516.515625,3363764.5,760.97107,933.424,1036.2526,1966.5658,0.3193062,1834.2838,-0.025655163
4208,1426,1755.0399,5010.2344,220772.34375,3363729.5,775.01825,1004.02313,1157.2875,2272.43,0.33817253,1853.7051,-0.09260456
4209,1046,1752.9235,5178.025,222450.25,3363750.75,503.6262,676.8738,699.0277,2027.02,0.48055694,1856.5992,-0.02631515
4210,1171,1751.9838,1792.1665,188591.65625,3363760.25,189.89154,317.70068,190.95346,2474.2856,0.85584664,1798.1893,-0.1541135
4211,1432,1755.1794,2632.4714,196994.71875,3363728.25,981.16864,1183.3307,1374.5638,1972.4637,0.18617731,1812.6847,-0.0354113
4212,1405,1758.553,1650.8192,187178.1875,3363694.5,186.78008,317.43665,212.21565,2195.046,0.82116413,1795.7548,-0.088038154
4213,1238,1755.013,2313.3909,193803.90625,3363729.75,588.57794,824.97095,784.69305,1851.3373,0.40399092,1807.1809,0.004232637
4214,1196,1751.8629,3388.0444,204550.4375,3363761.25,221.55101,344.9632,233.71489,2214.1907,0.80814004,1825.7168,-0.092777036
4215,1160,1752.1241,4052.4714,211194.71875,3363758.75,454.56982,658.13275,701.88275,2207.8,0.5385602,1837.1793,-0.08550681
4216,1105,1754.5023,4099.336,211663.359375,3363735.0,335.65338,483.8715,461.99005,2014.0063,0.6443444,1837.9889,-0.03633578
4217,1332,1756.9009,1432.9039,184999.03125,3363711.0,181.37012,310.24963,196.60286,2297.0188,0.84098184,1791.9956,-0.119040444
4218,1278,1754.014,3623.9436,206909.4375,3363739.75,336.42957,504.9922,434.39905,2323.9663,0.6957575,1829.7874,-0.11152659
4219,1191,1752.1948,4468.614,215356.140625,3363758.0,396.1209,518.7666,477.08145,1924.5138,0.623754,1844.3589,-0.015699882
4220,1328,1753.5068,4542.632,216096.3125,3363745.0,468.73947,619.8818,613.0316,1951.253,0.5366099,1845.6365,-0.01246409
4221,1278,1755.5087,5052.327,221193.28125,3363725.0,655.6502,809.2242,885.3537,2025.9886,0.3989158,1854.4315,-0.030814195
4222,1314,1756.5548,5301.4985,223684.984375,3363714.5,333.54642,467.6111,345.48172,2701.9583,0.7668864,1858.7313,-0.16084361
4223,1222,1759.7578,1284.9222,183519.21875,3363682.5,250.96399,395.24878,307.35843,2229.166,0.7639418,1789.445,-0.09105412
4224,1438,1755.4082,2492.8638,195598.640625,3363726.0,632.7924,851.8091,836.5758,2346.3787,0.45646876,1810.2767,-0.10928218
4225,1518,1757.8893,2591.9639,196589.640625,3363701.0,760.7826,997.7312,1090.4176,2238.4895,0.35230884,1811.9873,-0.09521271
4226,1291,1757.5353,5343.992,224109.921875,3363704.75,392.25018,508.98062,447.36716,2054.1511,0.65719914,1859.465,-0.02722173
4227,1068,1757.7875,2423.9841,194909.84375,3363702.0,498.52997,728.8296,718.52386,2275.6755,0.5254895,1809.0898,-0.10899177
4228,1303,1757.2041,2534.6187,196016.1875,3363708.0,739.38525,918.9094,988.70685,1905.9393,0.31758025,1810.9978,-0.01414711
4229,1213,1755.5623,2710.0115,197770.109375,3363724.5,678.0713,894.7234,1026.3224,2243.0413,0.38569647,1814.0225,-0.092954695
4230,1158,1756.0916,4366.11,214331.09375,3363719.0,233.44733,370.59152,275.69775,2229.2488,0.7852816,1842.5922,-0.08987389
4231,1265,1756.151,4682.1494,217491.5,3363718.5,642.5731,781.7478,811.51385,2105.4854,0.4536796,1848.0448,-0.04562234
4232,1672,1761.9156,4916.346,219833.46875,3363660.75,685.4665,855.4707,940.32654,2080.3572,0.3786763,1852.0881,-0.038092542
4233,1383,1758.846,4162.597,212295.96875,3363691.5,327.19812,478.61896,430.78165,2088.872,0.6797823,1839.0823,-0.056008942
4234,1214,1759.6334,5548.803,226158.03125,3363683.75,383.75577,551.9732,617.6544,1892.4629,0.5257933,1862.9999,-0.002727871
4235,1197,1761.98,2387.4026,194544.03125,3363660.25,551.1629,788.17505,796.2786,2182.7927,0.4707847,1808.4608,-0.08833644
4236,1268,1759.1759,2746.4827,198134.828125,3363688.25,640.8588,839.4377,922.1577,2163.0867,0.41123483,1814.6532,-0.07164061
4237,1145,1754.7965,3226.8123,202938.125,3363732.0,224.37947,341.52313,217.5441,2263.1274,0.8235602,1822.9368,-0.10335517
4238,1236,1760.5381,3714.1067,207811.0625,3363674.5,285.26376,426.02994,336.48947,2208.3713,0.74844736,1831.3457,-0.08696472
4239,1313,1761.1577,1544.4319,186114.3125,3363668.5,282.75705,441.12985,360.89032,2342.211,0.7435789,1793.9213,-0.11973653
4240,1173,1758.1611,3424.9685,204919.6875,3363698.5,216.1364,337.40494,227.93692,2100.9983,0.8025357,1826.3567,-0.06414844
4241,1138,1757.9456,3192.1792,202591.796875,3363700.5,232.86731,357.43234,228.63972,2329.6072,0.8195506,1822.3408,-0.117091276
4242,1368,1765.3787,3748.5227,208155.21875,3363626.25,384.25513,566.66815,534.5482,2318.758,0.64171404,1831.9418,-0.11050999
4243,993,1760.9476,5210.82,222778.203125,3363670.5,626.789,792.26483,812.77344,2215.727,0.45755577,1857.1686,-0.063257
4244,1320,1763.3811,5381.298,224482.96875,3363646.25,230.89697,365.6341,330.04166,2060.2031,0.72940373,1860.1112,-0.0426361
4245,1116,1759.4373,2155.9524,192229.53125,3363685.75,539.1859,795.2648,795.8132,2336.5413,0.49321735,1804.4675,-0.12228238
4246,1395,1762.8939,2854.0437,199210.4375,3363651.0,576.46344,789.39496,822.8803,2227.8738,0.46797746,1816.5104,-0.09587588
4247,1184,1762.6791,4400.955,214679.546875,3363653.25,292.58615,408.0397,344.86826,2122.5034,0.73398346,1843.1963,-0.06526393
4248,1200,1761.5734,4716.5835,217835.84375,3363664.25,612.765,762.5292,803.57086,2011.0359,0.4501922,1848.6414,-0.032665968
4249,1058,1764.3033,4806.584,218735.84375,3363637.0,396.76654,541.8403,487.67865,2026.8695,0.62537074,1850.1954,-0.031244626
4250,1484,1767.3208,1240.5936,183075.9375,3363606.75,222.83423,353.57816,266.3383,2082.0942,0.7734055,1788.6842,-0.062321063
4251,1289,1761.924,1865.5027,189325.03125,3363660.75,181.44492,309.64197,187.86696,2429.274,0.85499877,1799.4591,-0.14302601
4252,1339,1767.1315,3258.041,203250.40625,3363608.75,223.88051,343.528,221.0717,2198.0732,0.81591976,1823.4813,-0.08822672
4253,1248,1764.7653,4264.6885,213316.875,3363632.25,408.95593,540.2925,474.7636,2091.6692,0.6350171,1840.8463,-0.049022786
4254,1485,1767.1313,2971.6458,200386.453125,3363608.75,421.86633,566.77844,507.78955,2088.0176,0.6307685,1818.541,-0.061719757
4255,1507,1770.0597,1346.071,184130.71875,3363579.5,198.50497,338.82217,211.33975,2450.2966,0.8402242,1790.5046,-0.1502396
4256,1253,1766.3289,3049.4365,201164.359375,3363616.75,233.2055,370.44016,244.77574,2178.4673,0.7958938,1819.8824,-0.08476905
4257,1299,1766.6852,3320.368,203873.6875,3363613.25,232.81525,356.01233,241.41493,2117.0386,0.7923863,1824.5563,-0.06751882
4258,1121,1763.4246,4019.4067,210864.0625,3363645.75,239.10616,383.38715,270.20605,2156.0205,0.7763936,1836.614,-0.075432986
4259,1068,1764.0477,5119.263,221862.625,3363639.5,641.007,817.8207,924.02856,2136.6624,0.40129194,1855.5902,-0.061666183
4260,1267,1765.6725,4610.1885,216771.875,3363623.25,312.7139,472.34253,381.07812,2168.3508,0.6947031,1846.8075,-0.06379817
4261,1276,1768.0,1391.7225,184587.21875,3363600.0,194.89969,324.80878,206.1732,2361.735,0.8385125,1791.2909,-0.13382009
4262,1082,1764.2394,3493.7117,205607.125,3363637.5,232.78004,362.30408,241.60074,2246.6248,0.804695,1827.5454,-0.097169496
4263,1318,1768.8209,3553.343,206203.4375,3363591.75,333.459,497.61078,399.61685,2379.9453,0.7326951,1828.5763,-0.122214586
4264,1309,1770.9198,3681.2659,207482.65625,3363570.75,287.8411,428.77005,340.534,2216.421,0.7408067,1830.784,-0.08535542
4265,1248,1770.6346,2185.9705,192529.703125,3363573.75,543.2308,772.01404,839.58014,2218.9531,0.47270188,1804.9907,-0.09430229
4266,1408,1771.2954,2895.5696,199625.6875,3363567.0,603.0689,821.7216,815.8871,2258.8318,0.467895,1817.2307,-0.101121575
4267,1195,1765.354,3588.7625,206557.625,3363626.5,248.682,398.99414,278.13892,2322.0176,0.7894221,1829.1857,-0.114776686
4268,1208,1768.8965,3987.1821,210541.8125,3363591.0,442.67053,624.75415,596.2177,2250.702,0.6000513,1836.0605,-0.09040244
4269,1153,1769.607,4770.674,218376.734375,3363584.0,207.7537,339.73288,231.24545,1982.8534,0.7871159,1849.5782,-0.022392867
4270,1333,1774.6272,1207.4081,182744.078125,3363533.75,245.2333,379.92123,309.7487,2099.619,0.7441262,1788.1156,-0.054995287
4271,1223,1770.4628,2124.915,191919.15625,3363575.25,458.6447,737.3009,673.30334,2603.5308,0.59059364,1803.9375,-0.17633557
4272,1344,1776.7084,2560.2559,196272.5625,3363513.0,711.8356,909.99927,988.81995,2002.9293,0.34515145,1811.4495,-0.04213777
4273,1252,1770.4592,3147.409,202144.09375,3363575.5,235.73044,364.27237,231.18651,2360.6606,0.81944674,1821.5745,-0.123735316
4274,1209,1770.8734,4203.075,212700.75,3363571.25,719.7667,893.7113,952.3011,2051.8313,0.3736892,1839.7861,-0.040603567
4275,989,1768.5682,5240.6753,223076.75,3363594.25,410.99594,589.2331,500.32,2677.2903,0.6775797,1857.6871,-0.15537365
4276,1014,1771.7751,1966.7781,190337.78125,3363562.25,196.62328,335.12082,226.60898,2208.3418,0.81429666,1801.2107,-0.092787996
4277,1034,1771.2389,2031.4574,190984.578125,3363567.5,340.45068,514.61316,507.37137,2060.9285,0.6222929,1802.3259,-0.05844988
4278,1459,1773.7197,3011.8835,200788.84375,3363542.75,288.58395,442.0072,345.6662,2158.0017,0.7193904,1819.2382,-0.07290968
4279,1221,1769.6544,3923.2522,209902.53125,3363583.5,681.4382,864.1114,946.09503,2132.1416,0.3819936,1834.958,-0.063150756
4280,1202,1771.9609,4842.282,219092.8125,3363560.5,591.42096,713.7238,747.29034,1823.0325,0.42696497,1850.8147,0.030278359
4281,1345,1770.3079,1722.5167,187895.171875,3363577.0,191.02081,321.43756,195.15465,2457.0576,0.8519178,1796.9972,-0.15079953
4282,1179,1774.7014,2339.3833,194063.828125,3363533.0,545.89185,783.4436,718.5089,1949.6628,0.45684007,1807.6388,-0.0073568462
4283,1217,1770.7461,2453.5662,195205.65625,3363572.5,535.4326,761.40015,748.08466,2329.3984,0.51367027,1809.6063,-0.11817817
4284,1362,1773.8767,2784.5315,198515.3125,3363541.25,736.53784,945.3238,1068.6688,2043.3502,0.31764534,1815.3165,-0.05342593
4285,1116,1771.5403,3462.2957,205292.953125,3363564.5,220.83691,345.26883,228.77777,2246.094,0.8143036,1827.0068,-0.09816463
4286,1361,1773.0771,4502.1206,215691.203125,3363549.25,714.50696,859.7627,903.1785,1957.0051,0.37912855,1844.9464,-0.020010551
4287,1026,1773.037,3110.6375,201776.375,3363549.75,242.58723,374.7037,241.41618,2282.2402,0.8041618,1820.9414,-0.100985095
4288,1533,1774.7612,3849.4631,209164.625,3363532.5,459.516,610.968,608.4886,2028.82,0.55408114,1833.6874,-0.036186118
4289,1277,1772.1903,4645.401,217124.0,3363558.0,481.0517,641.0971,627.62646,2162.6304,0.55592275,1847.418,-0.059875425
4290,1292,1774.7354,5418.193,224851.9375,3363532.75,268.60913,417.54877,384.18576,2457.1726,0.72992784,1860.7528,-0.12018722
4291,1149,1775.0548,2219.323,192863.234375,3363529.5,555.46954,800.302,950.35724,2233.533,0.41068769,1805.5681,-0.10122377
4292,1493,1781.8185,4987.7065,220547.0625,3363461.75,665.51373,894.345,1046.3087,2179.539,0.3688569,1853.3282,-0.072992854
4293,1148,1774.4338,5083.3076,221503.078125,3363535.75,671.929,833.2482,920.0989,2128.4517,0.4077557,1854.9745,-0.060011573
4294,1031,1776.0494,2001.1387,190681.390625,3363519.5,202.25703,348.14453,235.02522,2276.5767,0.8123218,1801.8054,-0.10793459
4295,1191,1775.3022,4301.0874,213680.875,3363527.0,287.3308,409.47354,322.90344,2263.926,0.7581214,1841.479,-0.09721782
4296,1326,1776.224,4575.867,216428.671875,3363517.75,348.86877,518.4951,456.3352,2332.09,0.66971874,1846.2201,-0.10205534
4297,1368,1777.5936,1505.8414,185728.40625,3363504.0,207.85527,342.53876,231.94116,2293.6252,0.81348485,1793.2638,-0.11404511
4298,1148,1780.0278,4079.4565,211464.5625,3363479.75,286.64285,437.18033,374.17856,2027.9294,0.7097078,1837.6576,-0.040268198
4299,1133,1773.9991,4433.4863,215004.859375,3363540.0,371.50662,492.88348,442.47574,2006.6301,0.6491557,1843.7627,-0.030160613
4300,1284,1778.7594,4123.7476,211907.46875,3363492.5,267.71573,412.0553,366.6028,2114.331,0.71827835,1838.4211,-0.06039756
4301,1129,1777.2861,5457.1025,225241.03125,3363507.25,262.9247,422.52347,381.65103,2481.2231,0.72862077,1861.4253,-0.12487416
4302,1514,1780.4584,3804.0706,208710.703125,3363475.5,450.3659,628.39166,641.3045,2163.1255,0.5671561,1832.907,-0.069299184
4303,1421,1784.0626,1314.52,183815.203125,3363439.25,223.10909,353.3744,230.09149,2431.0464,0.82607883,1789.9675,-0.13889344
4304,1345,1778.5948,1761.745,188287.453125,3363494.0,200.76245,341.77362,213.25502,2505.2852,0.83970946,1797.6779,-0.15621237
4305,1278,1782.615,1929.9452,189969.453125,3363453.75,180.94875,307.81964,193.49295,2285.4304,0.8423401,1800.5807,-0.11291374
4306,1135,1780.0767,2253.5356,193205.359375,3363479.25,535.6009,765.34937,810.86475,2247.7285,0.4846084,1806.1606,-0.09983267
4307,1248,1777.9703,3355.3093,204223.09375,3363500.25,225.83012,345.30368,232.50562,2194.2405,0.8068598,1825.1643,-0.08739181
4308,1279,1782.634,3647.4019,207144.015625,3363453.75,257.93512,388.17905,289.86084,2124.4473,0.75757605,1830.2053,-0.06405419
4309,1164,1779.6632,4338.3804,214053.8125,3363483.25,817.988,939.9596,1006.29724,2156.6736,0.3909589,1842.1244,-0.05525634
4310,1120,1780.1777,1895.5625,189625.625,3363478.25,183.15446,309.3616,189.65938,2417.6255,0.8537108,1799.9866,-0.14273934
4311,1092,1780.0494,2288.6301,193556.296875,3363479.5,681.6236,909.424,993.9057,1904.6969,0.3237391,1806.766,-0.02300037
4312,1285,1779.9276,5514.596,225815.96875,3363480.75,353.60312,513.22644,559.7654,1970.7794,0.56655085,1862.4185,-0.021735553
4313,1255,1781.3865,1575.1681,186421.6875,3363466.25,224.42351,368.39005,257.5546,2389.6143,0.8050406,1794.4614,-0.13408679
4314,1410,1781.3632,1613.3127,186803.125,3363466.25,194.71028,329.72128,223.82234,2237.133,0.8159509,1795.1193,-0.09967784
4315,1227,1781.3912,1803.4915,188704.90625,3363466.0,181.20782,309.46658,184.0432,2557.556,0.8653321,1798.3992,-0.17197569
4316,1139,1784.3529,4741.3027,218083.03125,3363436.5,201.61107,336.67163,238.9482,2047.7445,0.79020613,1849.078,-0.043878127
4317,1292,1784.0287,1459.5936,185265.9375,3363439.75,177.89087,309.02362,193.84636,2326.5051,0.8454616,1792.4695,-0.12596127
4318,1410,1784.3816,2821.039,198880.390625,3363436.25,528.20886,724.85425,753.86487,2125.4924,0.4869658,1815.9513,-0.07088631
4319,1147,1785.5005,5323.2964,223902.96875,3363425.0,231.25545,336.84567,316.84918,1924.0854,0.7285963,1859.1201,-0.008308793
4320,1094,1779.8574,2092.5447,191595.453125,3363481.5,417.08,600.98535,628.271,2180.7385,0.5649838,1803.3838,-0.082818806
4321,1149,1781.4856,5151.786,222187.859375,3363465.25,410.8686,604.35596,632.9321,2242.4326,0.571579,1856.159,-0.0868588
4322,1120,1785.5563,3181.4312,202484.3125,3363424.5,228.9384,353.57947,227.35446,2279.9026,0.81755906,1822.1685,-0.10838825
4323,1325,1788.2694,1839.2974,189062.96875,3363397.25,186.56113,314.84152,186.54,2574.8716,0.8641509,1799.0201,-0.17407545
4324,1505,1785.3987,2668.2805,197352.8125,3363426.0,1096.9475,1213.2568,1311.5927,1822.1312,0.18076718,1813.3169,0.015782388
4325,1276,1783.8417,2931.3684,199983.6875,3363441.5,778.0376,956.6344,1053.339,2068.55,0.3300319,1817.8541,-0.056111634
4326,1222,1784.919,3394.5164,204615.15625,3363430.75,220.19148,341.90753,228.52455,2192.9377,0.81018263,1825.8439,-0.08649221
4327,1369,1787.7495,5036.8013,221038.015625,3363402.5,813.5274,911.51715,1035.3258,1879.7765,0.2874194,1854.1779,0.009474681
4328,1066,1785.3715,5191.7363,222587.359375,3363426.25,538.6079,702.22095,720.47095,2100.6956,0.47010586,1856.8501,-0.032628532
4329,1594,1790.1844,1687.7322,187547.328125,3363378.25,187.16594,318.65717,193.56305,2434.437,0.8522588,1796.4071,-0.14869912
4330,1236,1788.0793,3516.8787,205838.78125,3363399.25,407.92395,584.13513,554.49677,2207.7847,0.6302155,1827.9562,-0.086704664
4331,1243,1787.2373,3893.1318,209601.3125,3363407.75,625.2671,810.1472,877.4425,2051.6565,0.42576903,1834.4465,-0.048911467
4332,1391,1787.5758,4882.341,219493.40625,3363404.25,733.84546,863.05176,970.57874,1805.5852,0.30781424,1851.5128,0.023271184
4333,1114,1787.605,2060.711,191277.109375,3363404.0,317.86087,481.85144,471.1544,2068.2708,0.6414606,1802.8385,-0.05989475
4334,1367,1789.0425,3289.5625,203565.625,3363389.5,255.70958,384.1902,278.3204,2125.414,0.7678089,1824.0354,-0.070531555
4335,1052,1784.1207,4465.5986,215325.984375,3363438.75,491.3189,646.9743,633.43866,1952.2548,0.5219599,1844.3213,-0.017878568
4336,1170,1789.0026,2480.7563,195477.5625,3363390.0,477.89658,698.3346,633.69104,2347.0986,0.5736945,1810.0841,-0.11893391
4337,1235,1790.0834,3078.3562,201453.5625,3363379.25,233.27652,365.11176,239.94089,2182.9485,0.79874235,1820.3926,-0.08169503
4338,1220,1788.2795,3956.2034,210232.03125,3363397.25,431.09592,605.9672,652.3705,2107.2385,0.5460413,1835.535,-0.061273858
4339,1051,1787.1409,4047.492,211144.921875,3363408.5,336.27213,496.06186,460.06757,2085.7869,0.662367,1837.1094,-0.05101898
4340,1247,1787.8636,4537.3247,216043.25,3363401.25,463.54532,633.8124,572.8777,2393.5051,0.5995628,1845.5604,-0.10228679
4341,1317,1791.1473,1272.2217,183392.21875,3363368.5,268.12378,411.74487,309.8079,2271.8838,0.75405973,1789.2416,-0.09742708
4342,1176,1789.4813,2411.3835,194783.84375,3363385.25,600.19385,837.70325,881.2887,2187.6357,0.42674184,1808.8878,-0.0890476
4343,1479,1793.6437,2519.0378,195860.375,3363343.5,670.85736,914.24475,961.2928,2342.4404,0.41457114,1810.7466,-0.117558375
4344,1334,1791.2542,4236.0996,213031.0,3363367.5,474.3231,619.65515,615.69415,2020.0,0.53697634,1840.3651,-0.02785699
4345,1332,1793.1066,1419.6066,184866.0625,3363349.0,189.46097,320.11523,205.17642,2274.185,0.83312774,1791.7844,-0.11397298
4346,1453,1791.223,2626.4646,196934.640625,3363367.75,1052.0327,1225.7443,1364.8169,1852.4941,0.16628678,1812.5984,0.0003838898
4347,1372,1790.8586,3222.1267,202891.265625,3363371.5,217.3739,334.9475,216.84256,2156.5198,0.81604135,1822.8729,-0.07866575
4348,1123,1789.9198,3434.2983,205012.984375,3363380.75,221.2333,342.54053,225.2992,2145.514,0.807291,1826.5325,-0.0722658
4349,1533,1797.1572,3767.1904,208341.90625,3363308.5,260.86105,407.90738,306.49316,2346.5923,0.77657104,1832.2784,-0.11936223
4350,1134,1790.1984,4376.278,214432.78125,3363378.0,451.16492,609.32806,616.3386,2061.9312,0.5396578,1842.783,-0.04211479
4351,1544,1793.7623,4950.202,220172.03125,3363342.5,748.1114,937.50714,1079.4443,1987.8219,0.3067251,1852.6864,-0.024279725
4352,1317,1787.7737,2710.8733,197778.734375,3363402.25,993.0581,1141.2479,1236.5068,2019.8098,0.24747248,1814.0527,-0.02934341
4353,1262,1793.7188,3612.9976,206799.96875,3363342.75,219.16165,348.3526,229.93106,2215.3638,0.80749,1829.617,-0.086935624
4354,1149,1793.5265,5260.86,223278.59375,3363344.75,420.41385,601.0531,497.94083,2898.8286,0.70475715,1858.0464,-0.18788353
4355,1254,1795.5494,2372.4138,194394.140625,3363324.5,708.15826,975.55066,968.0203,1973.4856,0.35531494,1808.2186,-0.01426186
4356,1196,1791.7952,4677.562,217445.625,3363362.0,474.58026,609.9256,597.5326,2087.03,0.5609081,1847.9817,-0.046184413
4357,1170,1795.1128,5291.0874,223580.875,3363328.75,222.62393,340.67606,255.99402,2113.0352,0.78820753,1858.5686,-0.040720873
4358,1133,1795.4033,4152.5815,212195.8125,3363326.0,406.09708,574.01324,572.1642,1995.286,0.56715417,1838.9261,-0.03378902
4359,1112,1795.6619,4183.866,212508.65625,3363323.5,471.05035,648.9263,631.4946,2229.8247,0.5521875,1839.466,-0.080039635
4360,1426,1797.4025,2869.049,199360.484375,3363306.0,614.03894,827.1981,874.3913,2178.3423,0.43074733,1816.7856,-0.084238
4361,1306,1796.9625,5356.1904,224231.90625,3363310.5,218.60107,324.02908,283.5138,2022.0077,0.7555444,1859.6926,-0.0351195
4362,1304,1798.6189,5486.68,225536.796875,3363293.75,415.4045,577.69476,639.2124,1949.0695,0.5216588,1861.945,-0.015855048
4363,1300,1794.1069,2750.0723,198170.71875,3363339.0,606.2046,778.51385,857.89154,1930.1561,0.39088368,1814.7318,-0.021486195
4364,1372,1799.527,1377.1217,184441.21875,3363284.75,212.52187,351.2857,237.0,2359.6553,0.81630933,1791.0549,-0.1318269
4365,1369,1796.6027,1650.0037,187170.03125,3363314.0,188.80351,323.1921,202.94814,2359.1687,0.8402677,1795.7595,-0.12856334
4366,1470,1797.4442,3719.928,207869.28125,3363305.5,231.20816,366.07483,244.183,2303.736,0.8094644,1831.4633,-0.11049158
4367,1196,1798.9147,4709.135,217761.34375,3363290.75,609.3403,735.857,793.18896,1948.5126,0.44624084,1848.5295,-0.016951567
4368,1144,1796.1722,5112.5605,221795.609375,3363318.25,598.9362,780.89905,845.5791,2208.125,0.45131695,1855.4888,-0.079035155
4369,1430,1799.777,1537.4111,186044.109375,3363282.25,187.85175,314.19125,201.1493,2265.9048,0.8357938,1793.8193,-0.10928595
4370,1326,1797.4744,2155.6267,192226.265625,3363305.25,628.85895,898.6048,995.2466,2384.8027,0.43074313,1804.4805,-0.13246176
4371,1398,1800.4907,2589.8147,196568.140625,3363275.0,1036.5293,1250.3677,1443.6345,1922.5687,0.15369911,1811.9707,-0.020131398
4372,1247,1799.8966,3576.0137,206430.140625,3363281.0,208.63913,342.13232,209.66399,2248.4106,0.8287943,1828.9818,-0.100258015
4373,1167,1798.5792,5392.6074,224596.078125,3363294.25,167.57755,282.91946,216.75235,2101.7456,0.812444,1860.3218,-0.054358546
4374,1184,1795.5743,4805.2583,218722.578125,3363324.25,589.7289,708.8378,726.68835,1807.9291,0.44278058,1850.1865,0.026028994
4375,1137,1799.8364,5226.889,222938.890625,3363281.75,362.4226,535.26166,450.17722,2672.5652,0.7062674,1857.463,-0.14817631
4376,1164,1805.366,2308.823,193758.234375,3363226.25,787.4399,1039.0704,1202.5739,2168.7456,0.30315155,1807.1265,-0.08607705
4377,1278,1802.7621,2959.9404,200269.40625,3363252.5,404.4902,569.9738,534.85913,2126.843,0.61017627,1818.356,-0.06526795
4378,1261,1801.1594,4273.111,213401.109375,3363268.5,407.91357,560.37115,547.9651,1994.6812,0.5743618,1841.0082,-0.028307991
4379,1105,1801.0887,4408.7847,214757.84375,3363269.0,322.6362,456.60815,389.2181,2124.668,0.6844943,1843.3488,-0.055804126
4380,1225,1802.1559,3480.009,205470.09375,3363258.5,224.84735,351.4612,232.11429,2292.734,0.81540346,1827.3268,-0.10947599
4381,1130,1799.8682,4018.392,210853.921875,3363281.25,236.99823,376.17346,272.70178,2091.7363,0.7680127,1836.6133,-0.056709446
4382,1203,1804.3092,5069.266,221362.65625,3363237.0,787.4185,890.20905,936.9904,2066.384,0.37250483,1854.7454,-0.031248784
4383,1388,1803.1592,3043.3047,201103.046875,3363248.5,226.4276,353.8534,238.70389,2071.509,0.7896858,1819.7942,-0.055212162
4384,1116,1801.4158,3120.3906,201873.90625,3363265.75,232.27689,362.69354,234.01434,2307.1497,0.81475276,1821.123,-0.115016975
4385,1156,1805.0173,1873.013,189400.125,3363229.75,188.96756,318.35382,193.19853,2489.6855,0.85513335,1799.6099,-0.15687655
4386,1303,1808.0737,1487.6615,185546.609375,3363199.25,204.65427,339.96738,230.22525,2284.7283,0.81535524,1792.9655,-0.11275859
4387,1362,1805.3804,1730.3304,187973.3125,3363226.25,184.88547,312.56424,188.73788,2443.435,0.8553281,1797.1493,-0.14704327
4388,1332,1802.7207,4610.596,216775.96875,3363252.75,615.949,786.72675,848.7725,2061.1165,0.42411447,1846.8312,-0.04078091
4389,1489,1807.8301,4915.755,219827.546875,3363201.75,599.36,764.0087,797.86633,2174.646,0.46727228,1852.0984,-0.06404674
4390,1042,1801.3158,1964.5634,190315.625,3363266.75,194.91411,343.81573,215.42514,2360.822,0.8303657,1801.187,-0.12871903
4391,1212,1805.6501,2200.6602,192676.59375,3363223.5,553.2781,797.99506,850.40924,2325.186,0.46531695,1805.2611,-0.116775855
4392,1311,1807.1548,2441.8506,195088.5,3363208.5,474.50534,727.0839,631.9039,2482.0256,0.5934079,1809.4219,-0.15211837
4393,1507,1809.4194,2996.258,200632.578125,3363185.75,298.6407,444.9489,364.26077,2215.426,0.7193251,1818.9856,-0.08735106
4394,1460,1807.3287,3324.6316,203916.3125,3363206.75,228.35684,350.2887,231.09178,2113.5168,0.80115056,1824.6489,-0.06838249
4395,1202,1808.1681,4098.117,211651.171875,3363198.25,310.08652,443.52747,382.4251,1964.1356,0.6961971,1837.9924,-0.02924364
4396,1224,1803.848,4846.5415,219135.40625,3363241.5,662.84393,784.24347,880.6773,1835.4429,0.36814666,1850.9025,0.014404607
4397,1101,1805.2734,5442.307,225093.0625,3363227.25,210.02544,345.25613,308.91144,2151.3215,0.7505736,1861.1821,-0.06822624
4398,1616,1810.5123,1224.6046,182916.046875,3363175.0,318.07736,464.5984,450.00742,2020.9976,0.6420868,1788.4302,-0.029674599
4399,1189,1807.9883,3155.557,202225.5625,3363200.0,247.78973,378.43567,257.77377,2275.4458,0.79648465,1821.7327,-0.10652005
4400,1346,1808.7429,3256.2146,203232.140625,3363192.5,224.01709,344.2214,225.0156,2173.1494,0.81084204,1823.4694,-0.08205618
4401,1263,1810.5067,3540.7434,206077.4375,3363175.0,282.7316,431.8931,342.24863,2157.8457,0.7485608,1828.3783,-0.07986462
4402,1203,1810.1754,3872.226,209392.265625,3363178.25,566.43726,732.74396,798.8944,2020.571,0.44956604,1834.0964,-0.037181575
4403,1160,1806.4913,3986.5266,210535.265625,3363215.0,425.56982,597.31464,563.3293,2225.3328,0.61416656,1836.0665,-0.08248207
4404,1161,1807.3058,4313.782,213807.8125,3363207.0,365.31354,514.2472,459.8596,2106.0225,0.6427728,1841.7125,-0.055904686
4405,1152,1805.7109,4771.3125,218383.125,3363223.0,649.809,761.4323,831.5395,1760.0508,0.37734994,1849.6053,0.04797137
4406,1154,1808.4169,2034.2383,191012.375,3363195.75,242.59921,391.40036,308.27295,2153.222,0.749791,1802.3922,-0.07760761
4407,1323,1807.9086,3676.5405,207435.40625,3363201.0,257.02267,388.42856,280.79666,2235.9485,0.7800229,1830.7196,-0.0928123
4408,1367,1811.8514,3836.3093,209033.09375,3363161.5,409.48502,564.1353,498.56036,2197.1257,0.6453821,1833.4777,-0.07849565
4409,1235,1808.2316,3926.0745,209930.75,3363197.75,456.3158,626.48663,636.3652,2067.7424,0.55433995,1835.0245,-0.04803415
4410,1385,1813.5177,5014.246,220812.46875,3363144.75,684.40436,832.42816,886.9639,2069.9133,0.40322822,1853.8002,-0.0401146
4411,972,1808.5175,5170.1646,222371.640625,3363194.75,529.5761,690.9254,740.28705,1939.5035,0.46081528,1856.488,-0.01553776
4412,1277,1809.9303,2121.3225,191883.21875,3363180.75,364.67307,539.9499,503.65387,2207.3684,0.6474886,1803.8949,-0.08963246
4413,1251,1810.1982,3365.9497,204329.5,3363178.0,225.16147,346.17426,229.09512,2198.546,0.81039447,1825.3629,-0.0887905
4414,984,1805.4756,1999.4868,190664.875,3363225.25,189.13821,324.6809,201.188,2310.8096,0.8376661,1801.7914,-0.11664279
4415,1226,1812.4242,2235.9094,193029.09375,3363155.75,601.8601,825.3634,928.4258,2189.6948,0.4147379,1805.8723,-0.08806957
4416,1053,1807.2573,2340.4587,194074.59375,3363207.5,561.6206,783.97864,800.96014,2066.9448,0.43734092,1807.6731,-0.06059032
4417,1060,1811.5104,4477.904,215449.03125,3363165.0,531.90564,717.68823,721.3292,2213.9934,0.5232091,1844.5459,-0.07895295
4418,1206,1809.1592,4645.3584,217123.59375,3363188.5,378.2214,544.9013,503.23633,2298.344,0.6389548,1847.4338,-0.09252639
4419,1304,1812.8367,1771.1519,188381.515625,3363151.75,189.10008,321.2573,195.68137,2497.6626,0.8541355,1797.8569,-0.16013147
4420,1129,1811.8875,2272.6812,193396.8125,3363161.0,533.22235,782.9132,823.535,2337.7861,0.47835168,1806.5063,-0.12057111
4421,1601,1815.8507,2912.1106,199791.109375,3363121.5,605.50653,783.78577,841.1624,2043.3367,0.43132517,1817.5372,-0.045708276
4422,1113,1812.2803,4351.451,214184.515625,3363157.25,542.19495,705.4897,765.26953,1988.3082,0.45742553,1842.3647,-0.022274254
4423,1103,1810.8042,4439.2666,215062.65625,3363172.0,411.35992,568.2774,546.31006,2174.991,0.6006804,1843.879,-0.06979866
4424,1177,1812.2667,4509.294,215762.9375,3363157.25,458.45795,608.0739,593.3853,2233.7527,0.5833748,1845.0878,-0.06960194
4425,1194,1811.0293,4571.412,216384.125,3363169.75,514.2856,686.38025,715.8329,2067.3801,0.4850541,1846.1589,-0.042275466
4426,1541,1817.7184,1341.9092,184089.09375,3363102.75,239.6658,381.44128,253.27515,2450.8967,0.80895954,1790.4568,-0.14591286
4427,1403,1816.0427,2551.7378,196187.375,3363119.5,1070.0286,1303.8639,1491.2527,2033.9647,0.16568792,1811.3214,-0.051498786
4428,1549,1813.3738,2785.5093,198525.09375,3363146.25,702.388,941.3144,1077.478,2193.7317,0.3462996,1815.3523,-0.08974658
4429,1268,1817.1451,4209.991,212769.90625,3363108.5,400.2303,528.83594,505.10648,1847.873,0.56611425,1839.9265,0.013190553
4430,1168,1815.4341,1906.3151,189733.15625,3363125.75,191.90967,319.80994,196.44606,2495.6199,0.8536821,1800.1893,-0.15982722
4431,1079,1812.8091,2086.6125,191536.125,3363152.0,222.92863,362.12698,272.56857,2168.3953,0.77557474,1803.2976,-0.081222095
4432,1470,1817.5674,2833.7117,199007.125,3363104.25,595.07416,826.79456,848.518,2259.7585,0.4565935,1816.1858,-0.10139507
4433,1185,1815.4354,3410.2896,204772.890625,3363125.75,224.5038,347.6152,231.4557,2111.4136,0.8005937,1826.1302,-0.06627584
4434,1300,1814.1631,1581.2623,186482.625,3363138.25,187.14154,319.35077,199.32193,2352.145,0.84290373,1794.5828,-0.12949444
4435,1181,1813.641,1808.1431,188751.4375,3363143.5,193.42252,319.47882,192.27477,2597.8074,0.86168385,1798.4954,-0.17940785
4436,1096,1816.7792,5137.5083,222045.078125,3363112.25,521.0415,698.47675,741.6359,2194.6792,0.49707097,1855.9282,-0.07374621
4437,1293,1817.8994,2698.9744,197659.75,3363101.0,989.42926,1104.0789,1177.8782,1797.894,0.22238147,1813.8619,0.02065161
4438,1285,1818.3354,3194.2163,202612.15625,3363096.75,220.44046,341.46692,219.00467,2160.3074,0.81450474,1822.4044,-0.0791526
4439,1174,1819.7743,3451.0452,205180.453125,3363082.25,219.49063,341.49915,221.7436,2286.5527,0.8212712,1826.8353,-0.10669827
4440,1256,1818.0095,4061.8647,211288.65625,3363100.0,343.42355,497.65128,468.71655,1998.094,0.63390005,1837.3715,-0.02933293
4441,1280,1821.6312,1261.1321,183281.3125,3363063.75,285.4742,425.30157,350.98358,2132.661,0.7206871,1789.0657,-0.06333718
4442,1433,1821.157,1302.1493,183691.5,3363068.5,227.9679,361.31262,252.71388,2218.1738,0.7921366,1789.7728,-0.08859698
4443,1298,1819.9661,1448.8867,185158.875,3363080.25,184.49924,313.0366,198.19453,2287.0493,0.8396767,1792.3027,-0.11701754
4444,1382,1820.3604,1618.2634,186852.640625,3363076.5,181.47902,309.92258,192.00362,2293.5818,0.8440176,1795.224,-0.11412497
4445,1294,1818.8501,3801.8013,208688.015625,3363091.5,381.8841,535.7357,500.7326,2027.0146,0.61329186,1832.8855,-0.032702707
4446,1252,1821.9991,4129.7812,211967.8125,3363060.0,459.6885,634.7676,683.07745,1936.6997,0.4942991,1838.5449,-0.019761495
4447,1140,1823.8271,5418.064,224850.640625,3363041.75,207.1443,357.1263,273.82367,2379.3052,0.7938299,1860.772,-0.113276996
4448,1142,1821.6769,1939.1139,190061.140625,3363063.25,197.42644,335.8472,212.95885,2330.986,0.82960105,1800.758,-0.12071166
4449,1404,1822.1389,2658.4773,197254.78125,3363058.5,1068.0527,1213.1321,1328.323,1845.6549,0.18794681,1813.1654,0.007295995
4450,1319,1822.3563,3640.013,207070.125,3363056.5,223.33662,352.7301,221.24791,2386.821,0.830038,1830.0962,-0.12868811
4451,1060,1820.3679,5201.1743,222681.75,3363076.25,509.56415,674.88257,666.366,2174.7737,0.53190196,1857.0283,-0.0627984
4452,1201,1821.701,2400.154,194671.546875,3363063.0,787.05414,1045.8218,1135.2731,1925.2128,0.27036268,1808.7097,-0.009378276
4453,1223,1822.0964,3089.8054,201568.0625,3363059.0,250.58545,384.18192,266.2682,2269.6128,0.7914803,1820.6052,-0.10669324
4454,1539,1825.9032,4978.8174,220458.171875,3363021.0,742.39703,892.8895,988.6628,1941.5211,0.3325087,1853.1943,-0.010326276
4455,1278,1822.2512,5315.396,223823.96875,3363057.5,275.6835,395.56534,339.94992,2111.5625,0.7306789,1858.9999,-0.050312314
4456,1205,1826.6233,2176.083,192430.828125,3363013.75,478.13818,737.1477,727.9208,2466.452,0.54454726,1804.8474,-0.1442098
4457,1216,1820.0156,2485.7427,195527.421875,3363079.75,642.0119,881.7446,864.16736,2228.2656,0.43920714,1810.185,-0.09485855
4458,1215,1822.958,4741.005,218080.046875,3363050.5,667.9416,796.23456,853.6321,1841.5415,0.38192922,1849.0902,0.014515779
4459,1453,1826.9766,2738.8044,198058.046875,3363010.25,802.042,969.0193,1069.1714,1848.8049,0.26792422,1814.5532,-0.0006772371
4460,1414,1828.5848,3742.7375,208097.375,3362994.25,218.28146,349.04385,219.5976,2382.5466,0.830563,1831.8712,-0.12830783
4461,1064,1823.844,4542.1797,216091.796875,3363041.5,412.36044,547.5832,557.828,1981.0859,0.5632037,1845.6604,-0.01829269
4462,1177,1826.5709,5094.373,221613.734375,3363014.25,325.887,477.39337,421.62064,2292.393,0.693431,1855.1884,-0.096230775
4463,1068,1826.9017,5466.6777,225336.78125,3363011.0,385.28745,564.9209,590.3329,2100.8755,0.58066934,1861.612,-0.055404685
4464,1136,1826.235,1849.6971,189166.96875,3363017.75,190.37764,319.57175,193.08275,2561.3582,0.8592038,1799.2181,-0.17189477
4465,1319,1827.5504,3502.2783,205692.78125,3363004.5,248.24791,387.43365,266.27975,2311.223,0.7958939,1827.7228,-0.114030726
4466,1099,1826.0709,4816.5376,218835.375,3363019.25,707.384,836.3394,951.8663,1868.3121,0.3419764,1850.3947,0.0060368166
4467,1465,1830.3925,1703.1864,187701.859375,3362976.0,182.53072,309.13446,187.21092,2433.9604,0.8566049,1796.6935,-0.14793275
4468,1284,1828.6378,1411.7656,184787.65625,3362993.5,199.08566,330.98947,217.26247,2275.9863,0.8241182,1791.6669,-0.113975294
4469,1111,1827.6472,4388.873,214558.734375,3363003.5,448.2484,617.71014,643.4509,2168.523,0.56569284,1843.0172,-0.06700298
4470,1340,1827.1761,4882.3096,219493.09375,3363008.25,642.47687,814.83734,870.2052,2132.7754,0.42335525,1851.5299,-0.05188071
4471,1360,1833.6647,1510.9927,185779.921875,3362943.25,184.025,310.98972,198.19853,2249.6567,0.83643776,1793.3806,-0.10482073
4472,1535,1832.2528,1663.0717,187300.71875,3362957.5,188.33942,324.51465,194.08795,2507.6455,0.8559363,1796.0026,-0.16373533
4473,1371,1829.7725,3285.7957,203527.953125,3362982.25,264.37527,392.1528,286.55652,2068.026,0.7579382,1823.9895,-0.053517856
4474,1215,1830.6798,3701.1992,207682.0,3362973.25,207.19012,338.5531,209.41234,2246.2478,0.8281853,1831.1556,-0.09785997
4475,1316,1829.8374,3955.5562,210225.5625,3362981.5,515.1672,681.443,727.87994,2119.2112,0.50258595,1835.543,-0.056423046
4476,1392,1830.5999,4248.003,213150.03125,3362974.0,459.8319,603.64655,598.8671,1924.1954,0.53227806,1840.5884,-0.010054135
4477,1241,1828.714,5271.4126,223384.125,3362992.75,248.15955,384.81265,306.15833,2281.3223,0.76692677,1858.2439,-0.09049429
4478,1183,1831.9095,2061.344,191283.4375,3362961.0,269.4742,413.1437,356.9442,2139.5322,0.71875197,1802.8711,-0.07056711
4479,1370,1830.6744,2622.454,196894.546875,3362973.25,863.16095,982.6343,1074.5103,1697.6656,0.23111254,1812.5482,0.047908716
4480,1306,1831.1593,3603.8706,206708.703125,3362968.5,224.09341,357.45407,239.50612,2176.8093,0.7989661,1829.4769,-0.0794795
4481,1328,1833.8148,3904.9263,209719.265625,3362941.75,375.0821,527.875,523.2583,1983.0791,0.60453945,1834.6714,-0.028297938
4482,1240,1832.9951,3027.6912,200946.90625,3362950.0,242.02379,370.83307,241.88548,2212.5593,0.79830486,1819.539,-0.08576241
4483,1351,1832.4619,3228.9622,202959.625,3362955.5,228.68727,351.79016,227.74907,2202.9995,0.81062937,1823.0105,-0.089707956
4484,1413,1831.9016,4168.709,212357.09375,3362961.0,422.42322,588.59094,598.43097,2205.7927,0.5705433,1839.2211,-0.072837576
4485,1281,1830.4215,4674.3286,217413.28125,3362975.75,492.99844,633.97266,610.45514,2154.2678,0.5686743,1847.9432,-0.06247748
4486,1138,1831.1178,5381.616,224486.15625,3362968.75,226.82953,346.93585,292.6652,2320.9763,0.7776332,1860.1462,-0.098838806
4487,1225,1833.3126,4289.1274,213561.28125,3362946.75,330.6098,471.3045,410.1404,2131.6008,0.6730698,1841.2991,-0.056325663
4488,1478,1835.818,5049.3667,221163.671875,3362921.75,520.00305,675.3579,683.3366,2176.3962,0.53014123,1854.416,-0.06207912
4489,1144,1832.3811,5347.645,224146.453125,3362956.25,291.2404,411.5389,447.84964,1832.7251,0.61856455,1859.5607,0.012072119
4490,1237,1833.9797,1548.5804,186155.8125,3362940.25,182.58528,308.76312,194.86217,2209.8682,0.8367186,1794.0289,-0.095686816
4491,1015,1832.1094,1978.7389,190457.390625,3362959.0,183.68375,317.92166,190.42265,2422.6492,0.8536209,1801.4465,-0.14366877
4492,1440,1833.2701,2875.916,199429.15625,3362947.25,665.2472,860.77155,910.23126,2074.5693,0.3955571,1816.9211,-0.056290828
4493,1222,1833.3241,4025.0278,210920.28125,3362946.75,400.99673,556.8208,536.05646,2042.8372,0.5993265,1836.743,-0.040676475
4494,1272,1835.2626,5237.486,223044.859375,3362927.5,357.3117,506.26572,457.05307,2250.4446,0.6619727,1857.6614,-0.07559068
4495,1219,1835.8228,2367.0288,194340.28125,3362921.75,582.91425,846.7621,871.6206,2255.3198,0.44759953,1808.1451,-0.102627315
4496,1191,1836.0546,4595.768,216627.6875,3362919.5,445.04996,586.42444,565.3791,1954.654,0.5432685,1846.5903,-0.012634315
4497,973,1834.6382,2011.9795,190789.796875,3362933.5,211.82375,356.77954,241.80473,2360.278,0.8123625,1802.0211,-0.1278681
4498,1404,1837.188,2518.3774,195853.78125,3362908.0,1050.9174,1284.5474,1424.6243,2061.0344,0.19624257,1810.7562,-0.058411766
4499,1494,1836.0876,2953.9854,200209.859375,3362919.0,436.76407,603.1764,621.9291,2075.1492,0.56235385,1818.2692,-0.056500774
4500,1157,1834.1677,3127.1443,201941.4375,3362938.25,512.18585,705.31287,690.898,2275.343,0.54337007,1821.255,-0.10490111
4501,1224,1836.143,3569.2532,206362.53125,3362918.5,221.54248,352.77942,221.4183,2251.3555,0.81947005,1828.8821,-0.09957302
4502,1178,1837.1434,4785.384,218523.84375,3362908.5,648.50934,762.87354,780.674,1901.2836,0.42759207,1849.8622,0.0037137058
4503,1569,1839.6539,4941.3804,220083.8125,3362883.5,964.4283,1117.6501,1231.3843,1763.3627,0.18672794,1852.5546,0.048357185
4504,1094,1837.425,2453.2422,195202.421875,3362905.75,616.86884,867.91364,856.78613,2225.4058,0.4534594,1809.6329,-0.097847916
4505,1145,1834.3834,4709.03,217760.296875,3362936.25,752.3022,877.12317,971.2061,1774.4131,0.30931836,1848.5436,0.03810719
4506,1226,1835.319,1377.4209,184444.203125,3362926.75,221.85808,358.52936,243.04813,2359.5317,0.8111819,1791.0779,-0.13077159
4507,1326,1843.0226,3063.503,201305.03125,3362849.75,324.65875,469.2862,387.91855,2225.8115,0.71539253,1820.1614,-0.09607143
4508,1192,1840.1376,3386.9146,204539.140625,3362878.5,219.69547,337.43457,225.40855,2130.7358,0.8072613,1825.7386,-0.07198007
4509,1333,1840.8245,1746.0496,188130.5,3362871.75,189.4396,315.9126,193.94148,2476.4377,0.8535355,1797.4379,-0.1543125
4510,1372,1841.6392,2142.3433,192093.4375,3362863.5,255.08237,397.54446,313.4231,2154.8718,0.7457409,1804.2728,-0.076514885
4511,1272,1838.213,2587.8254,196548.25,3362897.75,995.71735,1150.6014,1302.8931,1860.8553,0.1925523,1811.9546,-0.00074233004
4512,1023,1838.0734,4455.6235,215226.234375,3362899.25,484.70184,659.9863,611.61975,2287.5693,0.5683115,1844.1736,-0.0812625
4513,999,1841.0431,1822.4795,188894.796875,3362869.5,191.1947,318.65466,190.42892,2602.124,0.8632349,1798.7561,-0.1803775
4514,1191,1840.0907,2296.8337,193638.34375,3362879.0,709.5407,932.74646,1094.2515,2089.8228,0.32699648,1806.9366,-0.06439093
4515,1404,1843.6887,3779.7976,208467.96875,3362843.0,377.03418,536.8319,494.2849,2128.1624,0.6447613,1832.5175,-0.06640989
4516,1145,1839.676,4327.359,213943.59375,3362883.25,564.3546,724.02356,779.58777,1907.6838,0.43234068,1841.9615,-0.0015084826
4517,1134,1838.4576,4849.361,219163.609375,3362895.5,654.27954,804.9859,828.1834,1975.8342,0.40993994,1850.9664,-0.014406188
4518,1363,1845.5128,2805.9414,198729.40625,3362824.75,635.6812,864.9736,928.1295,2202.2812,0.41485536,1815.7201,-0.090106264
4519,1265,1842.6862,3350.0933,204170.9375,3362853.25,226.39526,344.5747,227.54742,2136.627,0.8061609,1825.1047,-0.07358425
4520,1273,1842.7156,4631.3267,216983.265625,3362852.75,345.70227,500.79654,434.22388,2300.3503,0.6836526,1847.2068,-0.094300956
4521,1152,1840.0356,2333.909,194009.09375,3362879.75,652.0039,892.6441,972.4822,2136.7349,0.38557708,1807.576,-0.077682495
4522,1152,1840.7986,3990.6885,210576.875,3362872.0,348.6736,495.51996,452.73352,2058.8455,0.6601028,1836.154,-0.047068723
4523,1242,1844.0732,4417.8687,214848.6875,3362839.25,275.68115,413.5604,348.971,2107.285,0.7137349,1843.5249,-0.05079691
4524,1416,1844.315,2214.7769,192817.765625,3362836.75,534.1737,765.96185,831.8676,2324.334,0.48306298,1805.5234,-0.117505506
4525,1210,1842.8339,2257.8926,193248.921875,3362851.75,504.76404,727.07477,757.2661,2235.8892,0.49339703,1806.2664,-0.09790517
4526,1222,1843.491,3162.8176,202298.171875,3362845.0,321.7062,468.12643,381.16245,2233.311,0.7208655,1821.8748,-0.09128643
4527,1154,1840.7235,5164.915,222319.15625,3362872.75,482.2578,632.6079,641.3245,1993.7872,0.53299034,1856.4117,-0.024004204
4528,1172,1847.2031,2420.058,194870.578125,3362808.0,893.6681,1171.6681,1268.0299,1989.9198,0.23853433,1809.0653,-0.031182425
4529,1340,1846.8634,1472.7426,185397.421875,3362811.25,215.02538,352.84665,239.62276,2286.7012,0.8092859,1792.7275,-0.11203378
4530,1242,1846.517,1882.6393,189496.390625,3362814.75,186.20612,318.11716,194.0938,2546.3555,0.857981,1799.7963,-0.16966449
4531,1356,1845.7323,2102.07,191690.703125,3362822.75,257.52838,405.8525,313.3374,2205.393,0.7544815,1803.5803,-0.084935576
4532,1234,1845.9384,3316.2236,203832.234375,3362820.5,228.66208,347.797,228.92018,2115.1426,0.80339986,1824.522,-0.06943986
4533,1276,1843.9318,3866.348,209333.484375,3362840.75,485.6348,652.3221,639.9922,2207.8745,0.5843964,1834.0106,-0.079147145
4534,1001,1843.7812,4363.171,214301.71875,3362842.25,597.77625,758.1798,812.2148,1908.1519,0.42556465,1842.5812,-0.0057509444
4535,1153,1846.3391,5122.3003,221893.0,3362816.5,503.30487,668.2567,750.4792,2151.811,0.49641943,1855.679,-0.06414328
4536,1198,1846.8723,3429.4976,204964.96875,3362811.25,223.52588,343.91818,220.93073,2215.576,0.8168666,1826.4763,-0.09116109
4537,1366,1845.4268,4094.1355,211611.359375,3362825.75,630.2416,845.73865,992.67426,2158.3315,0.380772,1837.9408,-0.07601525
4538,1163,1846.148,4488.2827,215552.828125,3362818.5,427.94754,568.73773,546.4308,2046.6578,0.57372266,1844.7406,-0.03011687
4539,1292,1848.517,1786.0674,188530.671875,3362794.75,193.43924,318.06616,198.4075,2437.7869,0.8488739,1798.1318,-0.14868847
4540,1242,1847.8809,3533.116,206001.15625,3362801.25,408.16507,581.60547,558.3462,2027.2416,0.6059789,1828.2642,-0.04669607
4541,1339,1849.3428,3665.077,207320.765625,3362786.5,212.34727,336.5056,212.25467,2167.8237,0.8185527,1830.5411,-0.07756908
4542,1378,1851.8403,3468.174,205351.75,3362761.5,223.13788,349.8084,221.81204,2347.056,0.8268768,1827.1458,-0.12258336
4543,1473,1853.3965,2769.5356,198365.359375,3362746.0,739.47046,993.7702,1125.1575,2203.392,0.32574055,1815.096,-0.08994593
4544,1192,1851.6787,5444.168,225111.6875,3362763.25,283.85822,462.52853,435.3859,2298.261,0.67456675,1861.2345,-0.09021545
4545,1271,1849.2053,2691.5957,197585.953125,3362788.0,865.59796,988.3607,1085.0492,1744.9894,0.24590005,1813.7496,0.029512482
4546,1470,1850.964,2996.5876,200635.875,3362770.25,247.46428,381.6823,261.0034,2213.0,0.7855999,1819.011,-0.085681275
4547,1436,1851.6254,3828.2625,208952.625,3362763.75,469.0195,658.93176,671.6699,2207.0989,0.55620486,1833.3572,-0.08276018
4548,1096,1849.1807,4525.0303,215920.3125,3362788.25,434.99817,566.22266,562.07025,1964.0593,0.55524087,1845.3759,-0.015787192
4549,1147,1852.1726,5294.5303,223615.3125,3362758.25,222.14952,341.0593,258.06888,2184.619,0.7878838,1858.653,-0.0699184
4550,1054,1851.9857,1957.278,190242.78125,3362760.25,192.71585,323.50995,200.9815,2424.001,0.8462767,1801.0862,-0.14426866
4551,1294,1852.9636,1249.4575,183164.578125,3362750.25,309.94205,450.14682,440.5703,2002.629,0.64477277,1788.8801,-0.025322814
4552,1159,1851.132,1915.4185,189824.1875,3362768.75,205.3723,343.39948,227.91458,2396.2717,0.82383597,1800.3639,-0.13424498
4553,1081,1854.371,2033.7771,191007.765625,3362736.25,264.8048,409.96347,342.1323,2136.1702,0.72343814,1802.4067,-0.07134014
4554,1495,1856.1599,4903.846,219708.46875,3362718.5,708.19464,876.9726,960.5224,1955.9698,0.3447159,1851.9143,-0.011175632
4555,1318,1849.9226,1581.3004,186483.0,3362780.75,183.2242,309.6544,192.21623,2258.5933,0.8420358,1794.6012,-0.107612826
4556,1332,1853.1201,1627.0405,186940.40625,3362748.75,191.33784,321.07697,194.89264,2420.4846,0.8495844,1795.3916,-0.14257759
4557,1192,1851.6451,4055.4363,211224.359375,3362763.5,621.65186,784.26843,845.02515,1974.9673,0.41778374,1837.276,-0.033064783
4558,1329,1854.8744,4565.31,216323.09375,3362731.25,473.1821,633.4372,654.0226,1983.8307,0.5114534,1846.0734,-0.019647093
4559,1132,1854.6635,4756.1465,218231.46875,3362733.25,683.568,778.51324,863.18024,1649.1351,0.32227254,1849.3656,0.07159966
4560,1381,1857.1832,1286.7878,183537.875,3362708.25,219.87907,352.52063,263.1528,2086.3926,0.77613056,1789.5259,-0.066893384
4561,1408,1857.061,1323.7706,183907.703125,3362709.5,254.5142,387.94247,283.91833,2274.424,0.774054,1790.1636,-0.09914209
4562,1201,1854.1357,2556.8918,196238.921875,3362738.75,1210.1373,1355.9288,1475.6694,2000.4247,0.16928045,1811.4287,-0.028304126
4563,1440,1859.1764,3259.6917,203266.921875,3362688.25,259.2816,382.53647,265.16458,2061.177,0.7671527,1823.5531,-0.049615677
4564,1287,1851.0614,4208.6187,212756.1875,3362769.5,424.14297,578.35895,568.9394,2047.2836,0.5718912,1839.9182,-0.041124497
4565,1507,1853.5879,5013.7905,220807.90625,3362744.0,548.8593,701.8932,757.9974,2079.4612,0.47736147,1853.81,-0.049442463
4566,1459,1857.4928,2842.5215,199095.21875,3362705.0,505.99554,705.85364,711.4287,2257.7664,0.52408725,1816.3567,-0.10022334
4567,1581,1856.9893,2919.3435,199863.4375,3362710.0,522.6192,697.58,729.45795,2165.7869,0.5038165,1817.6815,-0.0722825
4568,1384,1860.3483,3936.4329,210034.328125,3362676.5,570.6062,746.93567,765.2926,2169.3274,0.48525724,1835.2272,-0.067788064
4569,1069,1851.2395,5202.3667,222693.671875,3362767.5,479.1506,646.5276,663.8662,2030.0879,0.51097924,1857.0625,-0.03787663
4570,1336,1858.503,1433.2971,185002.96875,3362695.0,188.24327,320.4749,200.78854,2334.929,0.8408769,1792.0531,-0.12757125
4571,1150,1855.7261,2480.8713,195478.71875,3362722.75,779.20044,998.30524,1091.5774,2065.033,0.31374902,1810.1183,-0.05617508
4572,1261,1857.0714,3193.5513,202605.515625,3362709.25,225.60904,348.82593,222.32236,2221.4563,0.816865,1822.4113,-0.09391144
4573,1286,1858.4573,5080.709,221477.09375,3362695.5,238.8052,391.96463,292.02762,2198.691,0.76282036,1854.9667,-0.0699127
4574,1123,1856.3188,5406.108,224731.078125,3362716.75,247.47195,404.5334,327.75513,2409.399,0.76341397,1860.5798,-0.120440416
4575,1233,1859.3147,3100.6172,201676.171875,3362686.75,503.60745,701.84344,647.00244,2326.167,0.5695656,1820.8093,-0.11567101
4576,1389,1857.144,4131.6226,211986.21875,3362708.5,623.77466,828.4636,912.8373,2128.4954,0.40488982,1838.5928,-0.063687675
4577,1313,1864.0769,1357.607,184246.0625,3362639.25,222.06398,361.53998,240.5415,2460.7427,0.820093,1790.7506,-0.14818265
4578,1473,1863.48,2728.776,197957.75,3362645.25,699.7332,883.2094,1026.2142,1904.3538,0.30396962,1814.3977,-0.015072189
4579,1326,1862.4547,3628.9827,206959.828125,3362655.5,236.94344,373.25717,266.94418,2143.482,0.7770929,1829.9246,-0.07333693
4580,1160,1860.3491,3709.4285,207764.28125,3362676.5,232.93275,357.8595,232.48793,2387.2568,0.82119423,1831.3113,-0.12702304
4581,1206,1863.345,2387.7463,194547.46875,3362646.5,605.03107,856.0249,969.437,2175.7903,0.39242318,1808.5159,-0.087569594
4582,1358,1861.6488,2655.3447,197223.453125,3362663.5,765.3601,906.2272,992.66864,1750.7268,0.2783838,1813.1304,0.03231986
4583,1184,1863.6537,4656.705,217237.046875,3362643.5,582.9164,713.51184,741.95184,2010.6453,0.47928125,1847.654,-0.028687354
4584,1261,1863.3362,5328.4077,223954.078125,3362646.75,378.04837,522.9366,534.3656,2109.0598,0.60331947,1859.2423,-0.057304487
4585,1196,1864.7174,4276.194,213431.9375,3362632.75,318.84198,467.1547,377.98746,2283.8538,0.7136424,1841.0902,-0.09869518
4586,1273,1862.1022,4820.6787,218876.78125,3362659.0,640.75885,805.28046,847.0428,2096.137,0.4183894,1850.4822,-0.04112824
4587,1373,1866.0962,1687.866,187548.65625,3362619.0,188.81902,320.47668,193.28004,2483.542,0.85514605,1796.4469,-0.15833457
4588,1362,1862.2966,2176.6653,192436.65625,3362657.0,235.22357,376.75623,285.9508,2213.1384,0.7727805,1804.8749,-0.09180453
4589,1167,1863.9349,5366.203,224332.03125,3362640.75,295.2982,427.92975,472.12854,1886.1324,0.6044489,1859.8947,-0.0028514222
4590,1139,1864.0009,1853.0071,189200.0625,3362640.0,186.65715,320.3108,193.72652,2510.088,0.8553084,1799.2938,-0.15946257
4591,1153,1867.2966,4726.268,217932.6875,3362607.0,907.52905,1022.4718,1166.4146,1764.5316,0.21366635,1848.8557,0.032994498
4592,1288,1866.097,1534.045,186010.453125,3362619.0,177.64363,305.32764,193.36491,2233.0637,0.83939546,1793.7943,-0.100977376
4593,1336,1868.7792,1725.9738,187929.734375,3362592.25,196.3312,324.94946,205.79753,2405.1123,0.8403895,1797.1055,-0.1379977
4594,1217,1866.074,1996.6105,190636.109375,3362619.25,194.11298,328.33484,205.41208,2357.9475,0.8388774,1801.7715,-0.12923655
4595,1144,1866.1285,4693.201,217602.015625,3362618.75,819.38464,955.83655,1084.9755,1867.6145,0.2758092,1848.2848,0.0093214195
4596,1595,1868.5598,4972.795,220397.953125,3362594.5,789.2307,933.60626,1049.2615,1951.6069,0.3086214,1853.1094,-0.0143198455
4597,1309,1868.7922,1395.4698,184624.703125,3362592.0,200.1398,332.13675,223.39954,2185.2031,0.8118927,1791.4059,-0.09298043
4598,1289,1866.7688,3501.1326,205681.328125,3362612.25,246.59659,378.26068,262.5074,2261.4158,0.79145724,1827.7213,-0.10142702
4599,1297,1867.0062,4176.909,212439.09375,3362610.0,491.38626,670.90515,715.09485,2123.7603,0.5040034,1839.3785,-0.05481708
4600,1191,1866.6499,4241.406,213084.0625,3362613.5,414.13855,564.3283,555.95636,2000.3837,0.5667237,1840.491,-0.031295832
4601,1222,1865.6162,3743.2905,208102.90625,3362623.75,247.99672,378.31424,285.4648,2223.189,0.7773385,1831.8978,-0.09316161
4602,1179,1869.1764,4309.8887,213768.890625,3362588.25,453.95334,599.50385,591.0958,1988.2494,0.5477514,1841.6735,-0.02408701
4603,1271,1869.5901,5260.431,223274.3125,3362584.0,269.63297,422.20377,361.1365,2228.3674,0.71897864,1858.0723,-0.07389997
4604,1186,1867.344,2065.1628,191321.625,3362606.5,196.67496,325.64587,209.11299,2369.8284,0.8358491,1802.9543,-0.12958483
4605,1085,1869.2609,2318.2,193852.0,3362587.5,659.7355,883.5249,970.618,2250.0557,0.39320278,1807.3192,-0.099673666
4606,1374,1869.3005,2882.8218,199498.21875,3362587.0,574.5822,775.1376,879.2409,2111.1667,0.41727632,1817.0575,-0.06762192
4607,1158,1868.8213,3135.6106,202026.109375,3362591.75,410.52203,583.9996,535.92444,2300.1355,0.6312718,1821.4174,-0.10347419
4608,1095,1869.7699,3404.5515,204715.515625,3362582.25,232.56529,353.71326,230.68494,2211.4138,0.80881,1826.0568,-0.089013465
4609,1303,1871.2134,3974.8765,210418.765625,3362567.75,602.7943,782.22485,870.18494,2034.7245,0.41157138,1835.8953,-0.043000847
4610,1048,1866.9972,4446.519,215135.1875,3362610.0,532.2853,684.4499,665.624,2059.0564,0.5018657,1844.0295,-0.032651618
4611,1430,1870.3595,4861.7427,219287.421875,3362576.5,724.5574,899.7587,964.52795,2050.135,0.35844213,1851.1943,-0.033962153
4612,1462,1872.3981,2966.3447,200333.453125,3362556.0,272.9347,409.77087,299.59677,2163.1494,0.7607413,1818.4995,-0.07689798
4613,1408,1870.7599,3036.885,201038.84375,3362572.5,267.92044,398.50638,294.6541,2178.9148,0.7697871,1819.7155,-0.08491805
4614,1197,1870.015,3224.5413,202915.40625,3362579.75,247.36967,372.87384,259.27026,1948.4014,0.7598312,1822.9519,-0.019371416
4615,1313,1871.9436,3596.0532,206630.53125,3362560.5,223.50343,359.5796,237.45392,2245.7366,0.8081821,1829.361,-0.099601656
4616,1272,1869.9347,3898.89,209658.90625,3362580.75,553.76337,754.875,842.2775,2123.1448,0.44600806,1834.5839,-0.06457861
4617,1327,1870.8756,4013.6646,210806.640625,3362571.25,430.48605,579.1952,590.49286,1898.9827,0.54924846,1836.5642,-0.010221034
4618,1260,1870.8842,4386.3276,214533.28125,3362571.25,491.24008,644.8436,616.0619,2146.2114,0.5759944,1842.9929,-0.06185501
4619,1093,1871.6167,5147.8296,222148.296875,3362563.75,329.6496,482.53156,439.80328,2112.7266,0.6685429,1856.1305,-0.04970871
4620,1324,1870.7402,2621.7053,196887.046875,3362572.5,862.68164,1033.054,1141.4343,1908.869,0.2536097,1812.5546,-0.016900362
4621,1346,1871.324,4605.88,216728.796875,3362566.75,428.91382,602.4621,597.5193,2214.998,0.58214253,1846.7806,-0.07754239
4622,1350,1874.6244,1497.8445,185648.4375,3362533.75,187.87482,316.2237,205.80074,2242.2458,0.8305725,1793.1742,-0.103117295
4623,1224,1872.9093,2244.858,193118.578125,3362551.0,452.45996,669.10175,653.2263,2300.6704,0.5639877,1806.0562,-0.11258148
4624,1106,1873.801,2533.577,196005.765625,3362542.0,1051.1067,1164.4733,1270.5629,1836.6786,0.19717671,1811.036,0.006637973
4625,1401,1875.4312,3292.3425,203593.421875,3362525.75,232.17345,348.3897,228.78479,2052.6099,0.797256,1824.1239,-0.05239899
4626,1106,1870.2858,3562.5642,206295.640625,3362577.25,271.97107,412.5868,295.44846,2321.293,0.785218,1828.7826,-0.11596859
4627,1093,1871.2306,4348.2993,214153.0,3362567.75,456.54437,611.3486,603.9144,2006.0659,0.54130787,1842.337,-0.029188456
4628,1123,1872.5084,5228.1675,222951.671875,3362555.0,388.71683,551.56903,517.4185,2218.2742,0.6215638,1857.517,-0.07342602
4629,1231,1874.0406,2282.6296,193496.296875,3362539.5,584.0646,827.12225,903.54144,2378.1567,0.4644956,1806.7081,-0.1295111
4630,1141,1872.6766,2443.7607,195107.609375,3362553.25,707.36285,978.7818,979.32513,1964.5377,0.335514,1809.4865,-0.014223095
4631,978,1872.6166,5179.784,222467.84375,3362553.75,653.5634,803.67896,906.8098,1746.773,0.3292787,1856.6823,0.035721596
4632,1262,1876.9929,1654.4453,187214.453125,3362510.0,192.55904,327.43225,196.73454,2542.689,0.85577816,1795.876,-0.16973615
4633,1049,1870.6339,1817.3441,188843.4375,3362573.75,190.86987,318.18542,194.95853,2489.305,0.85425645,1798.6821,-0.15847898
4634,947,1874.9071,1938.0052,190050.046875,3362531.0,186.23654,316.6906,196.88913,2494.6667,0.85320365,1800.7651,-0.15870924
4635,1264,1877.9391,3806.838,208738.375,3362500.5,349.10995,494.5158,447.13052,2194.1946,0.6764613,1832.9998,-0.08265679
4636,1122,1877.3334,1596.8564,186638.5625,3362506.75,192.90686,324.7473,197.87523,2470.8591,0.850809,1794.883,-0.1549139
4637,1292,1876.9326,1766.2646,188332.640625,3362510.75,188.40054,316.49457,200.65828,2400.803,0.8452328,1797.8043,-0.14155939
4638,1323,1877.5767,2352.2078,194192.078125,3362504.25,633.47314,856.305,976.86505,2195.078,0.38769296,1807.9098,-0.088283174
4639,1272,1876.3279,3370.3184,204373.1875,3362516.75,229.33215,356.69733,233.77437,2074.5508,0.7952324,1825.4694,-0.05760211
4640,1369,1877.7224,2129.62,191966.203125,3362502.75,204.41563,343.1041,218.48503,2327.586,0.8244888,1804.071,-0.11495011
4641,1098,1877.949,2502.9216,195699.21875,3362500.5,1084.7937,1334.9521,1478.7118,1949.7997,0.1503153,1810.5093,-0.031460274
4642,954,1875.0063,4506.723,215737.234375,3362530.0,311.66037,454.01468,361.609,2219.607,0.7096738,1845.0718,-0.07598546
4643,1209,1874.0447,4785.236,218522.359375,3362539.5,738.1299,857.30273,965.81555,1816.4359,0.31429064,1849.8761,0.019328648
4644,1173,1875.168,2588.2966,196552.96875,3362528.25,892.5388,1037.214,1149.6019,1856.7869,0.24312027,1811.9805,-0.0014676166
4645,1542,1880.8514,5047.383,221143.828125,3362471.5,416.59662,576.22437,551.393,2169.6907,0.60188705,1854.4016,-0.06966601
4646,1357,1880.9078,3333.6978,204006.96875,3362471.0,240.92299,366.48157,242.85704,2150.0168,0.7958494,1824.8398,-0.07616275
4647,1182,1880.4053,3679.0151,207460.15625,3362476.0,233.50677,357.66498,226.72673,2442.6829,0.8294758,1830.796,-0.13976914
4648,1149,1880.356,3774.1,208411.0,3362476.5,318.10532,458.20364,378.76413,2090.4004,0.69803196,1832.4362,-0.05596573
4649,1224,1877.929,3862.4583,209294.578125,3362500.75,348.90604,518.22876,483.07025,2162.5906,0.65855867,1833.9591,-0.074667834
4650,1100,1882.45,4475.9326,215429.328125,3362455.5,425.42908,561.5736,549.53906,2130.8591,0.5963806,1844.544,-0.055234306
4651,1556,1883.2976,4933.1846,220001.84375,3362447.0,814.76605,965.3676,1049.3754,1927.6683,0.30762818,1852.4326,-0.0067330613
4652,1113,1879.8652,5115.7896,221827.890625,3362481.25,595.6658,768.248,830.7251,2138.47,0.46913102,1855.5814,-0.05643072
4653,1298,1882.9114,3077.5747,201445.75,3362451.0,654.4985,890.75885,953.661,2349.1472,0.42256272,1820.423,-0.121103466
4654,1312,1881.7637,4086.254,211532.53125,3362462.25,695.5747,894.4558,980.8628,2062.4666,0.35722822,1837.8214,-0.04809767
4655,1168,1881.9213,2094.9854,191619.859375,3362460.75,227.49059,366.25858,257.36902,2285.5942,0.7939332,1803.4758,-0.104293056
4656,1348,1883.2211,2208.572,192755.71875,3362447.75,228.13205,360.4785,253.44214,2317.5637,0.8048896,1805.4353,-0.11750024
4657,1302,1883.6752,3438.5823,205055.828125,3362443.25,220.02765,343.10675,213.84485,2297.9624,0.8288652,1826.6503,-0.11119356
4658,1138,1882.5923,4539.5024,216065.03125,3362454.0,453.58173,593.04395,586.8137,1986.9033,0.5517074,1845.6406,-0.018410739
4659,1342,1885.0701,1460.3524,185273.53125,3362429.25,238.37854,378.98584,278.23993,2246.5112,0.7821052,1792.533,-0.10300818
4660,1328,1887.8562,1562.5076,186295.078125,3362401.5,194.69427,328.29517,206.6747,2312.2485,0.8348845,1794.2959,-0.12061034
4661,1075,1882.3656,5430.802,224978.015625,3362456.25,253.75256,423.62698,374.83627,2185.2605,0.7004092,1861.0173,-0.072647035
4662,1142,1883.4316,4416.6733,214836.734375,3362445.75,488.8726,654.9422,603.44135,2167.5486,0.56473976,1843.5221,-0.054674327
4663,1633,1885.4354,2809.346,198763.453125,3362425.75,619.203,872.5337,920.4329,2429.351,0.45896304,1815.7979,-0.13737428
4664,1368,1887.0482,3164.9094,202319.09375,3362409.5,221.79312,342.98245,219.89035,2152.3484,0.8130001,1821.9314,-0.077425666
4665,1099,1882.0045,4050.2356,211172.359375,3362460.0,649.0382,845.63605,897.99634,2124.1328,0.40285784,1837.2002,-0.056942638
4666,1129,1887.6918,4149.8955,212168.953125,3362403.0,539.5952,703.25507,700.12933,2165.5713,0.5296819,1838.9219,-0.0693285
4667,1117,1887.4146,1968.6222,190356.21875,3362405.75,188.16696,317.81155,197.86124,2443.4043,0.84967035,1801.2992,-0.14832057
4668,1321,1883.6434,2689.3074,197563.078125,3362443.5,855.0401,993.43,1108.9985,1645.8171,0.19553253,1813.7267,0.05652548
4669,1217,1888.083,1879.3008,189463.0,3362399.25,203.3028,331.037,216.64174,2491.2983,0.8392497,1799.7592,-0.1567471
4670,1198,1888.9841,2412.5742,194795.75,3362390.25,624.8435,873.2984,1019.37646,2157.209,0.3597161,1808.9564,-0.08220589
4671,1083,1888.1173,1909.192,189761.921875,3362398.75,195.6145,327.3943,208.59972,2518.2212,0.8457886,1800.2747,-0.16079973
4672,1215,1888.0363,3535.0486,206020.484375,3362399.75,558.6,759.32184,776.49133,2165.706,0.5046308,1828.3162,-0.0754681
4673,1084,1887.179,5394.1235,224611.234375,3362408.25,298.93542,446.56964,416.27905,2126.352,0.68645686,1860.3866,-0.061369453
4674,1158,1886.1926,5293.7495,223607.5,3362418.0,223.10794,350.10535,272.09973,2171.7017,0.77757597,1858.6544,-0.0679878
4675,1411,1892.0311,1269.6506,183366.5,3362359.75,308.4968,450.6081,415.5117,2074.6335,0.6672028,1789.2479,-0.05311355
4676,1378,1890.6503,4215.0312,212820.3125,3362373.5,395.246,539.61975,513.06384,2114.3308,0.6239488,1840.0469,-0.057622407
4677,1318,1894.9894,4637.519,217045.1875,3362330.0,647.49396,772.54553,806.3589,1968.956,0.43806174,1847.337,-0.017757148
4678,1457,1891.3329,5005.8184,220728.1875,3362366.75,740.27936,890.11945,959.5079,2064.1145,0.3721918,1853.6892,-0.04280966
4679,1221,1889.14,2031.4644,190984.640625,3362388.5,272.2719,417.6593,347.41565,2299.4534,0.7418155,1802.3838,-0.10825796
4680,1313,1894.7494,2160.5393,192275.390625,3362332.5,199.47716,327.85452,227.91698,2212.1968,0.81320894,1804.6125,-0.0940984
4681,1520,1890.8585,2765.708,198327.078125,3362371.5,683.28485,900.59143,973.5885,2106.6057,0.3660482,1815.0479,-0.062170282
4682,1448,1894.3888,2933.1235,200001.234375,3362336.0,302.55112,451.18164,366.0304,2129.9614,0.7184746,1817.937,-0.06569797
4683,1609,1894.1964,3005.6545,200726.546875,3362338.0,223.18863,343.87973,217.23369,2107.5771,0.81079406,1819.1879,-0.06606774
4684,1339,1894.6594,3645.345,207123.453125,3362333.5,255.04631,389.51605,263.19342,2336.2637,0.7930827,1830.2218,-0.11447276
4685,1245,1894.6643,4116.829,211838.28125,3362333.25,853.30444,1020.05865,1058.1277,2215.2402,0.35195655,1838.3547,-0.07627533
4686,1109,1893.0018,2469.0586,195360.59375,3362350.0,783.50183,1064.7556,1149.7859,2032.8887,0.28528798,1809.9325,-0.03490453
4687,1268,1893.134,4573.0156,216400.15625,3362348.75,304.64432,451.27917,355.55283,2274.402,0.72363806,1846.2235,-0.08893525
4688,1467,1896.019,1307.1841,183741.84375,3362319.75,261.5876,392.00885,284.63052,2312.6912,0.7786925,1789.8971,-0.11006404
4689,1092,1893.3773,1624.2252,186912.25,3362346.25,192.70467,322.82693,194.06136,2559.9321,0.8582226,1795.363,-0.17157608
4690,1180,1894.9991,1800.8356,188678.359375,3362330.0,190.72458,315.24194,197.06355,2428.6836,0.8496501,1798.4094,-0.14760964
4691,1339,1894.3301,3471.2068,205382.0625,3362336.75,223.38387,350.2487,215.236,2343.7751,0.83124715,1827.2179,-0.12095073
4692,1468,1895.7827,4891.009,219580.09375,3362322.25,685.8345,839.45984,993.5436,2035.9163,0.34622204,1851.7104,-0.03553084
4693,1493,1895.856,2853.962,199209.625,3362321.5,464.1306,671.1316,661.0901,2211.3376,0.5563027,1816.5724,-0.091715105
4694,1301,1894.7701,4748.368,218153.6875,3362332.25,607.6464,724.40814,783.3405,1825.512,0.40119842,1849.2493,0.02175001
4695,1097,1892.2397,5086.8276,221538.28125,3362357.5,273.05927,427.8113,362.89062,2169.9854,0.71518093,1855.0872,-0.069471195
4696,1030,1895.0602,5203.1777,222701.78125,3362329.5,511.7602,682.20483,672.6165,2084.7593,0.5079957,1857.0957,-0.045004398
4697,1332,1896.4828,1422.3551,184893.546875,3362315.25,220.07057,352.58783,248.38289,2236.211,0.79988647,1791.8834,-0.104457885
4698,1277,1899.4103,3838.7314,209057.3125,3362286.0,487.27957,664.40405,696.2255,2074.902,0.5278291,1833.5598,-0.054006755
4699,1082,1894.2495,4674.1895,217411.890625,3362337.5,692.6202,816.18854,873.52496,1815.4954,0.35849965,1847.9694,0.025190521
4700,1241,1898.203,2565.1257,196321.25,3362298.0,938.2184,1124.0303,1298.1772,1867.1918,0.18734479,1811.5919,-0.0037007283
4701,1392,1899.2004,1344.8972,184118.96875,3362288.0,191.14871,306.93677,204.07616,2207.0425,0.8289888,1790.5491,-0.09382395
4702,1354,1898.5901,3199.164,202661.640625,3362294.0,313.08124,456.76514,359.19238,2116.299,0.7178877,1822.5276,-0.06296048
4703,1182,1895.4188,3712.6877,207796.875,3362325.75,210.43231,328.1193,209.03976,2292.977,0.8322362,1831.3838,-0.10937317
4704,1215,1898.5219,3920.6248,209876.25,3362294.75,626.70044,815.80493,881.758,2137.8716,0.43197265,1834.9719,-0.070269376
4705,1251,1899.1599,3953.9824,210209.828125,3362288.5,634.92004,794.10394,846.3541,1986.9984,0.41439024,1835.5477,-0.030829566
4706,1248,1897.4415,4261.2534,213282.53125,3362305.5,387.60257,546.5144,555.7692,2128.6602,0.609283,1840.8473,-0.059142802
4707,1187,1897.9368,1841.8737,189088.734375,3362300.75,186.25273,316.15417,192.68913,2504.9226,0.8561103,1799.1185,-0.1592973
4708,1329,1899.1144,3118.7532,201857.53125,3362288.75,346.46463,510.14673,419.5775,2254.9707,0.6912133,1821.141,-0.099776
4709,1390,1899.7245,3243.2058,203102.0625,3362282.75,237.3,362.1687,231.53813,2210.3398,0.8088037,1823.2878,-0.090327375
4710,1089,1896.2231,5358.9956,224259.953125,3362317.75,402.20386,549.75806,591.8246,2084.7236,0.56271535,1859.7844,-0.050621264
4711,1067,1899.2793,4329.4443,213964.4375,3362287.25,397.46484,527.3758,484.2212,1888.3711,0.5828349,1842.0245,0.010211903
4712,1316,1901.4498,1713.4362,187804.359375,3362265.5,195.25684,321.52545,201.89362,2431.1726,0.8454994,1796.9054,-0.14551409
4713,1210,1900.7083,2378.229,194452.28125,3362273.0,745.6624,987.53143,1145.7914,2174.4612,0.31855214,1808.3698,-0.08334783
4714,1326,1897.6403,4820.3237,218873.234375,3362303.5,576.05505,761.8054,804.0483,2190.3628,0.46307403,1850.492,-0.07146233
4715,1484,1902.2548,2649.5269,197165.265625,3362257.5,648.1051,871.1766,949.7187,2137.975,0.38426116,1813.0494,-0.07397807
4716,1487,1904.7122,2896.6719,199636.71875,3362233.0,498.77438,733.0414,784.41394,2278.7026,0.5109371,1817.3132,-0.10196702
4717,1161,1899.5848,5326.832,223938.3125,3362284.25,389.74075,543.9156,542.2291,2292.336,0.6220873,1859.2311,-0.08235033
4718,1340,1903.4836,1382.4575,184494.578125,3362245.25,197.43283,321.3955,218.29477,2165.1545,0.81511724,1791.1989,-0.08737747
4719,1426,1901.65,2725.6858,197926.859375,3362263.5,824.9169,977.0077,1099.9573,1738.9236,0.22616626,1814.3627,0.030240929
4720,1312,1903.8491,4708.224,217752.25,3362241.5,543.2515,677.6014,701.1494,1955.4946,0.48506808,1848.5608,0.00031693096
4721,1334,1904.1282,1525.4033,185924.03125,3362238.75,183.24438,315.13568,202.26987,2238.629,0.8333172,1793.6642,-0.103196226
4722,1155,1902.7186,2000.7394,190677.390625,3362252.75,250.1329,396.8632,312.51385,2250.2437,0.7595908,1801.8606,-0.103216745
4723,1258,1905.4674,4296.7466,213637.46875,3362225.25,417.20987,548.91095,538.0119,1825.8832,0.5470035,1841.4633,0.016648548
4724,1158,1904.0104,4362.071,214290.703125,3362240.0,913.69214,1022.23315,1107.9154,1963.1641,0.28745976,1842.5895,-0.011783987
4725,1064,1902.3046,4448.703,215157.03125,3362257.0,371.1955,492.5954,437.22696,2027.9304,0.63479453,1844.0831,-0.02776485
4726,1337,1906.3994,1675.8481,187428.484375,3362216.0,192.27,320.8807,194.56882,2468.6897,0.8515824,1796.2596,-0.15342033
4727,1308,1906.7661,3051.9954,201189.953125,3362212.25,693.3196,899.3341,962.7355,2202.9136,0.40018806,1819.9932,-0.08798385
4728,1231,1905.5256,3505.295,205722.953125,3362224.75,562.85864,715.9748,708.684,2019.5988,0.5012994,1827.8112,-0.043110088
4729,1168,1904.3074,3745.8887,208128.890625,3362237.0,407.60275,568.9435,535.5959,2071.4973,0.6094782,1831.9606,-0.05428264
4730,1130,1905.3867,4025.8813,210928.8125,3362226.25,670.74603,854.108,889.8558,2180.023,0.42262912,1836.7908,-0.07232269
4731,1304,1907.0836,1752.6472,188196.46875,3362209.25,196.87692,321.40106,209.0556,2362.9585,0.83684266,1797.5844,-0.13360135
4732,1221,1901.5266,2318.2227,193852.21875,3362264.75,564.4267,813.0209,892.33417,2400.0247,0.45237872,1807.3353,-0.13275799
4733,1366,1911.1106,3276.738,203437.375,3362169.0,231.2134,348.0388,232.03477,2077.934,0.7971389,1823.8715,-0.057850398
4734,1321,1905.9364,3572.735,206397.34375,3362220.75,218.65102,355.65405,227.33687,2279.573,0.8182755,1828.9746,-0.10718128
4735,1496,1910.6196,3610.5723,206775.71875,3362173.75,349.43515,506.59894,462.4211,2085.3857,0.6585164,1829.6294,-0.060289327
4736,1378,1909.9202,3991.7808,210587.8125,3362180.75,524.4231,691.5617,726.4129,1931.8687,0.47454432,1836.2046,-0.020159496
4737,1268,1906.25,4179.742,212467.421875,3362217.5,387.74133,551.6743,520.0205,2076.2366,0.604409,1839.4452,-0.044339467
4738,1354,1908.5983,4852.7886,219197.890625,3362194.0,746.24005,921.822,1014.4874,2082.147,0.35138753,1851.0569,-0.048115905
4739,1072,1904.8722,5170.7593,222377.59375,3362231.25,707.1287,865.21454,933.44965,1837.3032,0.34446174,1856.5408,0.014018564
4740,1256,1905.9514,2063.7205,191307.203125,3362220.5,262.79736,412.61584,309.4379,2468.0327,0.78747815,1802.9484,-0.14851497
4741,1332,1903.9235,3403.7793,204707.796875,3362240.75,232.20158,355.9332,225.6723,2284.4768,0.8186387,1826.0593,-0.10722112
4742,1325,1908.3887,3885.4407,209524.40625,3362196.0,434.83774,606.68756,571.38416,2205.5825,0.5978217,1834.3696,-0.0762898
4743,1444,1909.1163,2606.9307,196739.3125,3362188.75,767.0249,970.60144,1097.5125,2059.295,0.3091812,1812.3181,-0.053269286
4744,1337,1910.8429,3312.8398,203798.40625,3362171.5,234.93118,350.5931,229.4181,2142.0374,0.80438215,1824.494,-0.07337347
4745,1669,1912.0684,4962.597,220295.96875,3362159.25,747.10364,882.88495,965.18756,1927.5321,0.33686972,1852.9528,-0.009145629
4746,1271,1906.8466,2241.5295,193085.296875,3362211.5,238.09126,374.16995,270.40677,2250.0295,0.7857392,1806.0153,-0.10160475
4747,1253,1907.3328,2279.0598,193460.59375,3362206.75,603.5419,850.5862,1007.36633,2306.2573,0.4147086,1806.6627,-0.11344956
4748,1132,1908.7517,5139.275,222062.75,3362192.5,273.82333,422.71335,375.88736,2187.6191,0.703278,1855.9993,-0.06553745
4749,1160,1907.8776,5264.17,223311.703125,3362201.25,358.3845,524.3625,444.2375,2755.7544,0.7201737,1858.1536,-0.16851953
4750,1308,1914.1881,2190.4756,192574.75,3362138.0,202.3834,326.3941,217.84404,2318.7444,0.8257576,1805.1383,-0.11692033
4751,1235,1909.528,4604.6055,216716.0625,3362184.75,694.93524,825.3822,861.14496,2031.6332,0.4144371,1846.7759,-0.036567092
4752,1152,1910.105,5233.204,223002.03125,3362179.0,446.411,631.69226,573.4036,2841.3035,0.6625115,1857.6204,-0.18404475
4753,1201,1909.4114,2530.2856,195972.859375,3362186.0,945.3639,1245.373,1379.5795,2044.1407,0.2054878,1810.9965,-0.03533354
4754,1083,1906.1256,4505.918,215729.1875,3362218.75,410.4746,540.53,544.76544,1988.8145,0.5762492,1845.0719,-0.023383712
4755,1123,1906.9465,4784.523,218515.234375,3362210.5,752.97687,888.4399,995.35706,1861.3054,0.31174833,1849.8784,0.0067938035
4756,1377,1914.0037,1487.6885,185546.890625,3362140.0,194.09222,327.86203,214.1496,2267.1997,0.8264818,1793.0187,-0.11161259
4757,1099,1909.6442,1937.5577,190045.578125,3362183.5,199.69382,332.66696,212.54459,2478.944,0.84058887,1800.7744,-0.15374632
4758,1483,1912.7134,2965.4458,200324.453125,3362152.75,221.78827,345.16992,220.87761,2047.593,0.80313736,1818.5032,-0.05149989
4759,1441,1912.2117,3361.8015,204288.015625,3362158.0,230.38618,352.22208,231.2311,1983.1906,0.78794116,1825.3392,-0.033414226
4760,1149,1913.2002,4392.498,214594.984375,3362148.0,860.2942,963.93036,1069.9583,1772.141,0.25292414,1843.1185,0.028502977
4761,1144,1912.945,2440.4055,195074.0625,3362150.5,648.7111,903.2959,1014.5153,2321.1907,0.40174598,1809.448,-0.11775217
4762,1044,1911.7079,2495.98,195629.796875,3362163.0,819.7567,1122.0,1213.7126,2269.5264,0.30995494,1810.4059,-0.09933547
4763,998,1912.8267,5419.7476,224867.46875,3362151.75,266.57416,428.38077,381.58215,2214.7153,0.704822,1860.8398,-0.07857664
4764,1258,1915.3998,4061.5334,211285.34375,3362126.0,446.22256,630.5207,618.96344,2445.523,0.6024173,1837.4104,-0.13549688
4765,1338,1915.9723,1595.0388,186620.390625,3362120.25,192.02466,319.64575,199.5284,2373.8572,0.8439812,1794.8708,-0.13380887
4766,1233,1916.6797,2099.5603,191665.609375,3362113.25,192.17397,325.30453,196.55556,2419.3142,0.8490004,1803.5717,-0.14195396
4767,1251,1919.2399,3091.4788,201584.78125,3362087.5,633.6243,884.7386,1003.55634,2311.16,0.41410652,1820.68,-0.11449364
4768,1128,1916.8538,3777.2483,208442.484375,3362111.5,312.62854,449.5337,393.6844,2071.9893,0.67986035,1832.5073,-0.046072293
4769,1129,1916.1967,3807.4897,208744.90625,3362118.0,557.5173,704.15765,757.2383,2050.3508,0.48911473,1833.0286,-0.0488409
4770,1360,1922.0985,3147.178,202141.78125,3362059.0,290.8401,433.13455,356.77795,2034.8331,0.7229064,1821.6421,-0.050051294
4771,1228,1915.7866,3679.7493,207467.5,3362122.25,215.52199,336.26874,214.50652,2283.2996,0.8278636,1830.8251,-0.10869268
4772,1368,1920.4086,5037.1987,221041.984375,3362076.0,649.2778,796.4459,858.4627,2002.4839,0.41228613,1854.2434,-0.027873058
4773,1173,1919.6104,5073.0776,221400.78125,3362084.0,541.07245,710.58997,749.7153,2069.653,0.483175,1854.862,-0.04251243
4774,1485,1922.528,2792.54,198595.40625,3362054.75,746.88214,1019.89966,1164.4435,2223.9893,0.324891,1815.5258,-0.09116626
4775,1483,1922.5421,4917.7803,219847.8125,3362054.5,768.8901,921.49426,1018.98987,1849.5685,0.29543167,1852.1842,0.011401207
4776,1253,1921.5842,1637.8308,187048.3125,3362064.25,196.74103,326.32242,198.32481,2579.388,0.8566767,1795.6116,-0.17722048
4777,1270,1920.8724,2131.0583,191980.578125,3362071.25,187.47244,314.41968,193.15276,2318.7566,0.84514385,1804.117,-0.120053634
4778,1322,1923.5991,2345.2625,194122.625,3362044.0,563.6524,815.6513,853.9864,2501.6123,0.4984149,1807.8123,-0.1524034
4779,1258,1917.38,2685.88,197528.796875,3362106.25,852.7242,1008.53656,1131.5262,1758.3287,0.21822073,1813.6837,0.022089822
4780,1190,1917.3252,4541.155,216081.546875,3362106.75,321.1025,482.2706,382.47394,2419.6865,0.7200113,1845.6847,-0.12042234
4781,1156,1922.449,1789.2656,188562.65625,3362055.5,191.52422,317.78287,200.86722,2416.6973,0.8462675,1798.2234,-0.14532891
4782,1490,1925.9315,2832.8826,198998.828125,3362020.75,607.8161,808.51105,855.3158,2185.0513,0.45090812,1816.2231,-0.08402937
4783,1282,1925.0249,4242.384,213093.84375,3362029.75,668.1568,834.37366,930.28864,2119.6177,0.40931332,1840.5343,-0.054784816
4784,1010,1919.9901,4421.914,214889.140625,3362080.0,527.06537,661.0089,642.0376,2017.6891,0.5231022,1843.629,-0.03306556
4785,1140,1921.9596,5110.2695,221772.6875,3362060.5,493.09738,658.2781,804.5684,2145.9536,0.4668327,1855.5048,-0.066350825
4786,1374,1923.8821,1450.3202,185173.203125,3362041.25,205.98108,336.5131,226.27365,2261.8325,0.81664723,1792.3793,-0.11114579
4787,1006,1919.8022,5387.671,224546.71875,3362082.0,375.22714,520.39514,499.20328,2267.9736,0.65594804,1860.2894,-0.08768031
4788,1248,1923.9752,1866.6057,189336.0625,3362040.25,205.97395,341.58655,222.66347,2520.8643,0.83994114,1799.5579,-0.1637188
4789,1553,1924.6272,3442.4893,205094.890625,3362033.75,214.61172,338.0998,204.74887,2317.293,0.83694303,1826.7367,-0.11546611
4790,1367,1925.5881,4096.1978,211631.96875,3362024.0,963.3577,1106.5588,1209.9144,1995.128,0.2517664,1838.013,-0.032680523
4791,1134,1922.6367,4475.7285,215427.28125,3362053.75,431.9806,553.2222,517.485,1833.1094,0.5535356,1844.5585,0.02046254
4792,1109,1921.6465,5298.0713,223650.71875,3362063.5,361.8936,506.9928,408.35754,2670.289,0.734592,1858.7445,-0.14709157
4793,1341,1924.5466,4143.586,212105.859375,3362034.5,514.56525,658.7785,678.88293,1955.2274,0.5131348,1838.83,-0.007119429
4794,1302,1925.3563,1557.5353,186245.359375,3362026.5,197.80338,333.43433,212.42589,2375.579,0.8346905,1794.2288,-0.13488838
4795,1259,1925.0985,1905.0668,189720.671875,3362029.0,192.27124,321.61676,200.48808,2545.678,0.8546118,1800.2217,-0.16965269
4796,1127,1923.9237,1968.1721,190351.71875,3362040.75,194.059,324.6535,208.73958,2399.8767,0.8399309,1801.3093,-0.1387393
4797,1287,1929.5952,3029.7412,200967.40625,3361984.0,676.5843,878.90985,905.749,2197.1196,0.42410877,1819.6201,-0.07867362
4798,1333,1925.8695,3538.3354,206053.359375,3362021.25,415.85522,591.06525,544.3916,2233.7007,0.650412,1828.3905,-0.093519524
4799,1268,1929.4882,1827.6632,188946.625,3361985.0,190.82649,319.3683,201.79298,2382.9124,0.8419042,1798.889,-0.13194512
4800,1277,1933.3453,2220.3235,192873.234375,3361946.5,189.0552,318.5411,200.20087,2302.2673,0.83852154,1805.6624,-0.11629862
4801,1189,1927.5475,2411.1875,194781.875,3362004.5,692.0601,933.9319,1074.0227,2242.7036,0.3555499,1808.9512,-0.09974377
4802,1441,1930.814,2753.3726,198203.71875,3361971.75,722.7259,903.71515,1023.4598,1989.413,0.32127884,1814.8541,-0.029612016
4803,1364,1931.283,3221.362,202883.625,3361967.25,229.19354,350.24927,219.97728,2209.7354,0.8177058,1822.9259,-0.091327615
4804,1145,1927.4952,4209.217,212762.171875,3362005.0,628.93536,810.6707,834.56683,2244.9502,0.48267215,1839.9634,-0.07479175
4805,1206,1925.456,4669.6353,217366.34375,3362025.5,468.14676,633.2015,616.728,2218.7927,0.5651038,1847.9048,-0.07116977
4806,1285,1926.8296,5001.782,220687.8125,3362011.75,771.5346,901.44824,981.7004,1897.8506,0.32866856,1853.6353,-0.0011206829
4807,1353,1929.6586,2034.3658,191013.65625,3361983.5,233.48744,376.50186,266.41797,2384.0156,0.7986804,1802.4537,-0.12868935
4808,1353,1932.7946,3181.3962,202483.96875,3361952.0,301.55582,443.2949,331.2162,2186.4585,0.7439854,1822.2373,-0.077967204
4809,1182,1932.0178,3857.1328,209241.328125,3361959.75,522.22,711.14465,714.96533,2271.6514,0.53475165,1833.8922,-0.09467283
4810,1142,1930.7759,4729.647,217966.46875,3361972.25,377.09018,512.8187,459.13486,2071.3284,0.6364264,1848.9424,-0.040499236
4811,1581,1933.2012,1284.5793,183515.796875,3361948.0,261.35547,393.15814,327.52942,2227.0063,0.7428262,1789.526,-0.09388709
4812,1112,1930.6915,4761.6484,218286.484375,3361973.0,536.83545,664.5072,667.53326,1940.7599,0.49505278,1849.4944,-0.01076551
4813,1438,1933.4868,1326.2538,183932.53125,3361945.25,206.92838,319.6196,225.8783,2141.486,0.8072701,1790.2448,-0.07828055
4814,1362,1932.4471,1409.8429,184768.421875,3361955.5,235.81645,373.46768,275.54553,2230.138,0.7831227,1791.6855,-0.10143802
4815,1613,1936.9287,2872.693,199396.9375,3361910.75,531.2954,782.2982,849.0772,2295.7524,0.47681904,1816.9149,-0.105032854
4816,1205,1930.4166,3718.8862,207858.859375,3361975.75,324.02075,475.10623,403.21826,2194.0955,0.70527697,1831.5068,-0.08365676
4817,1394,1936.7539,2992.828,200598.28125,3361912.5,360.74033,522.7905,474.77258,2085.2195,0.65625787,1818.9868,-0.061884336
4818,1457,1934.8943,3484.9836,205519.84375,3361931.0,501.52298,642.7536,665.0975,2002.626,0.52954966,1827.4745,-0.038134053
4819,1143,1929.8329,5202.5933,222695.9375,3361981.75,513.3648,674.0337,656.6019,1976.9497,0.4992726,1857.101,-0.022819333
4820,1015,1929.605,5356.9497,224239.5,3361984.0,434.0591,592.1138,608.4049,2321.0103,0.60390073,1859.7638,-0.10053858
4821,1265,1934.7051,2304.619,193716.1875,3361933.0,447.82056,651.11896,631.56836,2257.779,0.5735002,1807.1168,-0.10084721
4822,1135,1933.4836,2467.4731,195344.734375,3361945.25,656.078,928.07446,1022.3498,2429.8506,0.41180858,1809.9247,-0.14105085
4823,1709,1937.4518,2921.9976,199889.96875,3361905.5,218.78145,349.74896,231.60942,2029.4221,0.7933814,1817.7656,-0.04760055
4824,1287,1934.1903,3964.735,210317.34375,3361938.0,581.57495,753.97437,811.77936,2043.2618,0.44281518,1835.7493,-0.04707907
4825,1250,1934.0784,4572.851,216398.515625,3361939.25,392.64,531.556,503.3152,2083.163,0.60772234,1846.239,-0.043254152
4826,1322,1935.0068,4806.2256,218732.25,3361930.0,785.72845,934.9735,1013.1104,1961.6097,0.32603586,1850.2654,-0.01732662
4827,1402,1937.219,1367.0293,184340.296875,3361907.75,242.7689,373.42795,287.23608,2141.2554,0.76443905,1790.9497,-0.074124984
4828,1227,1937.8606,3332.8582,203998.578125,3361901.5,221.40994,343.49512,218.33823,2126.5906,0.81179816,1824.852,-0.070855506
4829,1359,1933.8374,3646.14,207131.40625,3361941.5,235.36497,364.87933,231.92862,2333.3877,0.81812036,1830.2537,-0.11654884
4830,1341,1936.4504,4280.5757,213475.75,3361915.5,814.7002,929.9232,997.26843,2055.0933,0.37142423,1841.1984,-0.040461794
4831,1277,1935.4573,4635.754,217027.53125,3361925.5,403.10846,526.12335,475.65546,1974.9652,0.6123899,1847.3248,-0.01016644
4832,1451,1938.2391,4877.9683,219449.6875,3361897.5,803.03516,958.6327,1046.6582,2007.8491,0.32071778,1851.5044,-0.030192902
4833,1224,1936.9673,1699.8759,187668.75,3361910.25,187.49101,312.31863,192.00041,2426.6753,0.85217154,1796.6891,-0.1438762
4834,1210,1936.9248,1735.0876,188020.875,3361910.75,193.32439,310.98883,203.64133,2295.6116,0.8362567,1797.2963,-0.118226625
4835,1285,1937.7837,2158.9875,192259.875,3361902.25,193.0895,322.71713,216.63852,2288.9746,0.8246495,1804.6068,-0.10977762
4836,1205,1932.5087,2565.551,196325.515625,3361955.0,840.3191,1132.0507,1224.9938,2071.6975,0.26615158,1811.6157,-0.04647237
4837,1371,1938.0037,2634.884,197018.84375,3361900.0,736.8198,971.6455,1120.7264,2215.1292,0.33122426,1812.8141,-0.09256439
4838,1368,1934.329,3924.408,209914.078125,3361936.75,633.84576,812.66815,861.8136,2131.8486,0.43894106,1835.0537,-0.0705968
4839,1380,1934.1841,4328.1333,213951.328125,3361938.25,863.43475,964.1377,1052.9862,1834.7406,0.28538138,1842.0177,0.01667782
4840,1063,1934.2023,2378.443,194454.4375,3361938.0,550.43884,764.40826,800.5635,2199.943,0.46328968,1808.3896,-0.089271806
4841,1359,1940.3716,2714.2185,197812.1875,3361876.25,726.1593,913.4739,986.4036,1969.5162,0.33160543,1814.1835,-0.03261611
4842,1092,1936.3737,1999.261,190662.609375,3361916.25,268.337,414.61172,333.79166,2150.364,0.73616976,1801.8516,-0.07572506
4843,1301,1936.9678,3400.0945,204670.9375,3361910.25,225.07916,346.4289,212.25749,2310.4404,0.8308892,1826.0112,-0.11386278
4844,1080,1937.5222,5326.9775,223939.78125,3361904.75,308.07825,436.1838,353.60925,2244.8147,0.7313597,1859.2501,-0.075104594
4845,1390,1941.3108,2263.3289,193303.28125,3361867.0,255.86943,397.60144,324.39783,2035.4316,0.7438795,1806.408,-0.052391995
4846,1128,1941.8875,3827.001,208940.0,3361861.0,559.7961,747.0789,782.01416,2075.7668,0.48120537,1833.377,-0.05318801
4847,1360,1941.0463,1516.3478,185833.484375,3361869.5,199.33897,337.12573,222.35368,2307.2065,0.82268673,1793.5264,-0.11503553
4848,1423,1943.5355,3257.6873,203246.875,3361844.75,226.86436,341.53793,217.86789,2071.3247,0.8067974,1823.5581,-0.055333685
4849,1346,1939.5022,4021.9487,210889.484375,3361885.0,683.8046,865.3826,931.75037,2047.0342,0.3921888,1836.7385,-0.047011122
4850,1299,1940.445,4367.832,214348.3125,3361875.5,910.33716,1007.36646,1103.5334,1831.288,0.25915706,1842.7053,0.011693224
4851,1137,1939.0897,4510.01,215770.09375,3361889.0,424.65347,578.96045,579.15125,2125.9429,0.57259357,1845.1572,-0.048110597
4852,1334,1943.3043,2073.3682,191403.6875,3361847.0,194.97638,333.467,200.53336,2474.0286,0.849608,1803.1329,-0.15470724
4853,1127,1942.4987,4445.04,215120.40625,3361855.0,434.53772,560.47473,533.50397,1958.5013,0.5711049,1844.0381,-0.013964624
4854,1143,1938.9047,5169.573,222365.734375,3361891.0,580.94666,727.5739,772.7371,1771.4738,0.42481592,1856.5353,0.030425668
4855,1227,1944.6863,1664.8451,187318.453125,3361833.25,199.49063,326.83252,212.86226,2358.3125,0.83328694,1796.0889,-0.13207993
4856,1277,1945.6703,2594.7932,196617.9375,3361823.25,847.72906,1138.4108,1245.7122,2131.2327,0.27144143,1812.1263,-0.065876886
4857,1397,1945.7946,3070.338,201373.375,3361822.0,704.7609,947.8955,1049.3594,2176.9363,0.35780895,1820.328,-0.07479124
4858,1257,1945.9618,4699.542,217665.421875,3361820.5,339.04614,489.97772,429.20844,2224.0479,0.67134666,1848.4298,-0.06784245
4859,1419,1946.5377,4840.766,219077.65625,3361814.5,780.18884,922.7259,998.4686,1954.253,0.3307257,1850.8663,-0.018857166
4860,1518,1948.3346,3116.9282,201839.28125,3361796.75,372.02963,551.49207,513.12384,2125.405,0.6393658,1821.1327,-0.06990864
4861,1402,1941.98,3575.8281,206428.28125,3361860.25,346.33594,501.8609,451.33453,2121.1926,0.65223634,1829.0447,-0.06299364
4862,1216,1944.2467,3752.7532,208197.53125,3361837.5,469.9441,627.0518,581.1809,2031.9679,0.56478995,1832.0974,-0.03573603
4863,1065,1942.03,5270.535,223375.34375,3361859.75,450.34647,648.3737,553.6535,3083.9653,0.6934878,1858.2783,-0.21998855
4864,1171,1947.2605,1770.4569,188374.5625,3361807.5,198.20709,325.9321,219.97908,2297.6255,0.8246072,1797.9114,-0.11954663
4865,1080,1943.487,2502.2878,195692.875,3361845.25,895.71484,1188.5227,1383.9435,2376.2148,0.28382525,1810.53,-0.12969156
4866,1329,1948.1265,2670.0332,197370.328125,3361798.75,737.60724,949.8232,1050.5267,2018.976,0.31170002,1813.4252,-0.044671603
4867,1074,1944.2244,2534.785,196017.84375,3361837.75,880.95575,1200.2449,1465.5624,2414.6345,0.25964567,1811.0908,-0.13944745
4868,1264,1944.8623,4178.916,212459.15625,3361831.5,533.24603,701.81647,713.0166,2205.394,0.5181296,1839.4486,-0.07950429
4869,1185,1945.3638,3888.076,209550.75,3361826.25,275.17807,417.60422,360.7502,2109.1965,0.71892524,1834.4321,-0.06507738
4870,1448,1951.507,4940.4653,220074.65625,3361765.0,733.45233,868.9344,920.16986,1913.1865,0.3557199,1852.5884,-0.008195481
4871,1197,1946.1804,1939.0702,190060.703125,3361818.25,187.99164,316.5309,200.01755,2382.7202,0.8438372,1800.8185,-0.13440658
4872,1541,1952.5853,3297.632,203646.3125,3361754.25,214.06328,332.66385,210.63336,2139.3203,0.8193553,1824.2513,-0.07450683
4873,1155,1950.9645,4122.7505,211897.5,3361770.25,724.29004,876.7671,947.5273,1968.3463,0.36262766,1838.4825,-0.00969109
4874,1172,1946.6732,4603.306,216703.0625,3361813.25,548.3191,672.0665,671.5853,2031.8387,0.51355314,1846.77,-0.030080896
4875,1248,1947.4775,5237.171,223041.71875,3361805.25,498.62018,697.8001,655.5617,2783.8145,0.62342685,1857.7052,-0.17151952
4876,926,1945.7625,5412.5747,224795.75,3361822.5,310.43304,489.87366,400.53616,2742.1729,0.7424541,1860.7305,-0.18008193
4877,1212,1948.5602,3687.4827,207544.828125,3361794.5,275.28796,419.04538,354.00906,2203.2393,0.7319702,1830.9736,-0.08804519
4878,1175,1947.9149,5137.92,222049.203125,3361800.75,358.60895,523.246,582.1923,2232.1196,0.5900192,1855.9932,-0.086596
4879,1244,1950.8127,3367.0771,204340.78125,3361771.75,230.24196,353.3167,221.61415,2191.1777,0.8132782,1825.4482,-0.082007654
4880,1385,1953.078,4980.075,220470.75,3361749.25,738.37976,878.3173,964.5668,1957.6127,0.34685972,1853.2725,-0.018479053
4881,1338,1953.9313,3521.5247,205885.25,3361740.75,560.1764,748.6144,817.2257,2134.997,0.4921935,1828.1136,-0.070043705
4882,1491,1952.9209,3613.9456,206809.453125,3361750.75,266.2153,405.9249,282.76056,2364.463,0.78752697,1829.7073,-0.11953521
4883,1219,1951.1879,5060.7964,221277.96875,3361768.0,375.48688,539.8831,453.11075,2425.213,0.6791435,1854.6641,-0.10597118
4884,1447,1954.537,1476.8148,185438.15625,3361734.75,194.83553,330.38147,220.5729,2258.34,0.8214129,1792.8514,-0.10973723
4885,1518,1955.6633,2958.0408,200250.40625,3361723.25,225.78986,344.82443,215.01712,1984.4249,0.8027634,1818.3959,-0.03680272
4886,1301,1950.2867,4059.3943,211263.9375,3361777.25,388.80093,527.81476,474.59723,2145.8047,0.6578607,1837.3894,-0.06543724
4887,1322,1951.2421,1591.8495,186588.5,3361767.5,202.2326,331.00153,211.43646,2372.9973,0.83528227,1794.8334,-0.13428913
4888,1273,1955.1013,1627.0149,186940.15625,3361729.0,202.43402,324.61743,214.35036,2322.7334,0.82995975,1795.4417,-0.12511583
4889,1106,1953.1853,1884.934,189519.34375,3361748.25,209.1528,338.50723,220.09991,2462.6853,0.83251643,1799.8883,-0.14749153
4890,1317,1953.7404,4408.1357,214751.359375,3361742.5,530.81244,684.31586,684.12604,2170.3918,0.5319897,1843.4066,-0.067350365
4891,1180,1953.1653,5098.4414,221654.40625,3361748.25,333.1343,486.7068,463.32883,2194.211,0.6602925,1855.3145,-0.07298899
4892,1291,1954.79,3785.866,208528.65625,3361732.0,420.05655,570.70026,538.56775,2056.6514,0.60924333,1832.6735,-0.046622496
4893,1299,1955.8615,2440.0715,195070.71875,3361721.5,629.7922,878.8992,907.5142,2463.6428,0.44619232,1809.463,-0.13497731
4894,1461,1957.3457,2111.013,191780.125,3361706.5,187.07324,316.26456,191.24469,2443.2532,0.854094,1803.7891,-0.14767577
4895,1395,1957.425,2187.9841,192549.84375,3361705.75,196.02724,329.5552,208.05412,2383.9036,0.83910555,1805.1165,-0.13424063
4896,1395,1959.0911,2813.5786,198805.78125,3361689.0,720.3516,915.1265,1005.0577,1967.866,0.33631432,1815.906,-0.028064152
4897,1435,1960.8348,3991.625,210586.25,3361671.75,712.331,922.6244,983.3519,2053.9707,0.3515624,1836.2252,-0.04300059
4898,1157,1954.1453,4542.898,216098.984375,3361738.5,325.74936,465.62402,412.08038,2138.6812,0.67064637,1845.7314,-0.059693716
4899,1274,1958.7378,1807.5087,188745.09375,3361692.5,192.18446,319.19507,209.22057,2304.9514,0.8308779,1798.5559,-0.11473642
4900,937,1953.5603,5384.8677,224518.671875,3361744.5,469.67984,621.7914,646.9685,2289.779,0.5859171,1860.2559,-0.09476566
4901,1386,1960.8485,1436.617,185036.171875,3361671.5,195.158,321.6508,221.67892,2219.852,0.8174002,1792.1614,-0.101732425
4902,1336,1961.9551,1849.3256,189163.25,3361660.5,203.17702,333.4304,222.06812,2412.4644,0.8307687,1799.2786,-0.14088814
4903,1271,1960.3918,2333.8567,194008.5625,3361676.0,445.83752,650.98035,656.68964,2315.203,0.58529204,1807.6334,-0.114110075
4904,1145,1958.8018,4773.971,218409.71875,3361692.0,859.0533,988.80786,1071.5249,1870.325,0.2838746,1849.7195,0.0041260603
4905,1244,1958.205,1551.4148,186184.15625,3361698.0,210.09123,348.45337,226.80104,2356.8042,0.82341033,1794.1396,-0.13149263
4906,1440,1963.1875,2776.5256,198435.25,3361648.0,787.26044,966.016,1070.183,1933.1385,0.2893069,1815.2689,-0.02213253
4907,1343,1963.3932,3423.2466,204902.46875,3361646.0,204.84251,331.15265,193.0067,2306.5837,0.8449218,1826.423,-0.11304917
4908,1395,1963.8917,3459.1655,205261.65625,3361641.0,291.97275,420.9355,316.83942,2116.9727,0.74439096,1827.0427,-0.06702125
4909,1369,1963.8276,4305.019,213720.1875,3361641.75,875.9175,986.0241,1090.2031,1776.5851,0.25159678,1841.6324,0.02698881
4910,1158,1958.152,4476.453,215434.53125,3361698.5,465.06262,610.7664,597.6736,2052.041,0.55515957,1844.587,-0.039276216
4911,1510,1963.004,5021.024,220880.234375,3361650.0,648.4073,805.7474,843.4043,2095.4297,0.43596724,1853.9833,-0.04801755
4912,1348,1963.0289,4255.1187,213221.1875,3361649.75,913.0905,1040.986,1131.1461,1922.5245,0.27170113,1840.7712,-0.009770569
4913,1456,1963.3125,3156.1208,202231.203125,3361647.0,270.70056,406.30392,287.17136,2163.977,0.7641177,1821.8157,-0.07699643
4914,1276,1961.8417,4218.013,212850.125,3361661.5,743.4906,895.4992,978.5768,2080.134,0.37660232,1840.1307,-0.049392924
4915,1370,1964.919,4903.498,219704.984375,3361630.75,810.7927,955.6657,1086.7504,1799.5189,0.25110728,1851.9567,0.02518895
4916,1109,1961.1136,5298.5796,223655.796875,3361668.75,327.45355,474.58972,387.1073,2579.7727,0.74466866,1858.7705,-0.13455744
4917,1224,1962.1422,1971.6741,190386.734375,3361658.5,292.75204,443.81616,366.0045,2234.9368,0.7398614,1801.3885,-0.0951899
4918,1322,1963.9962,3203.761,202707.609375,3361640.0,211.17473,331.20084,202.68987,2133.6357,0.8254253,1822.6377,-0.0734855
4919,1248,1961.94,4665.31,217323.09375,3361660.5,331.28607,504.3149,424.25,2414.778,0.70067805,1847.8466,-0.11800733
4920,1201,1964.2515,2403.379,194703.78125,3361637.5,679.3043,929.44586,1090.3302,2351.8276,0.3710413,1808.8342,-0.12488984
4921,1257,1962.9229,3023.1973,200901.96875,3361650.75,765.751,943.4889,1003.87274,1919.9427,0.3203389,1819.5231,-0.013705216
4922,1302,1965.4785,3946.6052,210136.046875,3361625.25,489.66513,649.64746,682.56683,1912.007,0.50707936,1835.4509,-0.014478293
4923,1364,1967.6239,1309.0103,183760.109375,3361603.75,275.2984,406.09384,374.29617,1902.8622,0.6721615,1789.9645,-0.019925553
4924,1404,1966.9166,1394.4224,184614.21875,3361610.75,222.39459,352.0755,253.98006,2254.455,0.7962468,1791.4369,-0.10607686
4925,1243,1966.0796,2232.005,192990.046875,3361619.25,192.49196,323.52454,208.67015,2169.1946,0.822856,1805.8798,-0.08607515
4926,1109,1964.2029,2369.3455,194363.453125,3361638.0,647.807,889.41797,1058.504,2390.6375,0.39308012,1808.2473,-0.13466083
4927,1215,1967.5901,4154.5645,212215.640625,3361604.0,967.07904,1094.2222,1191.6815,1940.0156,0.2522614,1839.039,-0.016153837
4928,1163,1968.0361,1916.5184,189835.1875,3361599.75,189.9914,320.19864,198.5,2495.6711,0.8522812,1800.4403,-0.15992944
4929,1599,1971.2195,2891.89,199588.90625,3361567.75,223.1723,347.32834,247.95122,1914.2983,0.7700644,1817.2623,-0.01516735
4930,1219,1966.5365,4092.8745,211598.75,3361614.75,552.0213,710.98193,687.43317,2240.0042,0.52188796,1837.9744,-0.06344234
4931,1181,1967.3099,2010.3624,190773.625,3361607.0,314.27097,476.15665,399.50507,2397.746,0.7340088,1802.0582,-0.12896721
4932,1260,1968.3112,2043.519,191105.1875,3361597.0,215.59364,359.0639,237.91548,2459.7747,0.82310367,1802.6305,-0.14957586
4933,1184,1963.8159,5203.4873,222704.875,3361641.75,529.11194,692.6288,705.0486,1983.8805,0.4745061,1857.1312,-0.020250203
4934,981,1963.3639,5355.674,224226.734375,3361646.25,282.23648,422.72937,394.24567,2231.5444,0.7130897,1859.7565,-0.085048035
4935,1401,1969.9401,1349.3326,184163.328125,3361580.5,306.636,441.9001,379.87723,2219.7673,0.7070231,1790.6609,-0.089374915
4936,1400,1970.245,2736.56,198035.59375,3361577.5,640.2272,871.5907,935.0093,2119.5347,0.38875687,1814.583,-0.07203997
4937,1612,1973.4752,2846.6365,199136.359375,3361545.25,388.71155,580.9175,532.9553,2030.259,0.5812654,1816.483,-0.039293908
4938,1224,1967.4199,3724.1658,207911.65625,3361605.75,412.12827,577.3652,503.90115,2180.8562,0.6397849,1831.615,-0.07461801
4939,1372,1968.1136,4736.331,218033.3125,3361598.75,552.0168,679.38995,681.559,1893.7463,0.47211587,1849.0743,0.0016578424
4940,1224,1968.5768,2298.1438,193651.4375,3361594.25,199.00204,331.26758,231.84192,2107.2068,0.7981326,1807.0215,-0.06691259
4941,1199,1968.5939,2478.2192,195452.1875,3361594.0,726.46747,989.12634,1082.985,2450.4563,0.39412346,1810.127,-0.14128703
4942,1342,1970.2266,3655.912,207229.125,3361577.75,228.59389,363.97095,262.72058,2204.4492,0.7828424,1830.4391,-0.08645675
4943,1324,1971.1805,4344.746,214117.46875,3361568.25,777.7198,877.34595,998.6526,1749.108,0.28628525,1842.321,0.03814491
4944,1141,1970.7712,1720.4418,187874.421875,3361572.25,200.03987,321.73795,218.39351,2198.326,0.81810975,1797.0604,-0.09598608
4945,1411,1973.2609,2144.2834,192112.828125,3361547.5,193.53082,324.0372,198.93657,2510.6616,0.85178936,1804.3705,-0.15982279
4946,1295,1972.7205,3561.2603,206282.59375,3361552.75,381.21622,551.878,479.87955,2291.0525,0.6668894,1828.8077,-0.10295894
4947,1245,1972.5743,2620.0425,196870.421875,3361554.25,877.83496,1165.8008,1302.769,2102.6956,0.24242409,1812.5747,-0.058844164
4948,1070,1969.9635,3817.2131,208842.125,3361580.25,692.26544,893.7402,960.4682,2139.7532,0.38447648,1833.2211,-0.06959452
4949,1270,1972.1228,3906.6465,209736.46875,3361558.75,520.4394,696.27325,719.21027,1950.578,0.50426227,1834.7646,-0.024454618
4950,1312,1973.8757,2555.5374,196225.375,3361541.25,846.6269,1129.5679,1318.8262,2256.3381,0.28348288,1811.4629,-0.10360241
4951,1164,1973.9244,1687.5,187545.0,3361540.75,197.55197,317.72723,220.14648,2148.2688,0.8126452,1796.494,-0.084884085
4952,1392,1975.7866,2695.1172,197621.171875,3361522.25,761.0675,978.8211,1117.5488,2023.6947,0.288729,1813.871,-0.048521407
4953,1341,1975.9218,3239.5347,203065.34375,3361520.75,224.90157,347.6152,215.43997,2161.0771,0.81650376,1823.2603,-0.0775357
4954,1506,1973.6042,3859.9536,209269.53125,3361544.0,477.5239,638.7231,622.3121,2009.7828,0.5564474,1833.96,-0.037755787
4955,1105,1974.5376,1752.4019,188194.015625,3361534.5,202.1543,325.94977,226.52127,2144.2896,0.8082654,1797.6134,-0.08475989
4956,1233,1977.3893,3056.6228,201236.234375,3361506.0,499.12286,646.8317,618.2275,1866.4834,0.5188824,1820.1063,0.006708003
4957,1181,1975.0703,4380.925,214479.25,3361529.25,578.26587,703.56903,716.2964,1965.2362,0.4789104,1842.9468,-0.017230451
4958,1325,1973.5518,3337.5237,204045.234375,3361544.5,241.68452,365.88794,230.43057,2209.4517,0.808641,1824.9492,-0.087328
4959,1357,1978.0317,3492.877,205598.765625,3361499.75,834.846,1034.2572,1178.9697,1980.0854,0.2650723,1827.6307,-0.031567864
4960,1257,1973.5791,4805.9,218729.0,3361544.25,858.3365,996.2713,1089.1504,1908.1265,0.27912584,1850.2769,-0.0051175556
4961,1194,1976.2579,2518.1992,195852.0,3361517.5,883.2437,1171.5477,1342.1206,2395.8948,0.30081397,1810.8202,-0.13158779
4962,1168,1973.6353,4508.808,215758.078125,3361543.75,483.93878,634.47046,661.1798,2029.2063,0.52886546,1845.1521,-0.029487964
4963,1156,1977.4749,4568.276,216352.75,3361505.25,453.5744,611.5381,565.9732,2234.8235,0.590672,1846.1797,-0.08026051
4964,1264,1976.5482,4631.472,216984.71875,3361514.5,291.77136,426.67404,354.7682,2231.1914,0.72627085,1847.2693,-0.08497622
4965,1001,1973.8231,5326.7734,223937.734375,3361541.75,240.18082,364.7927,318.2932,2136.015,0.7463704,1859.2625,-0.06547287
4966,1326,1976.5913,1508.417,185754.171875,3361514.0,204.66893,344.50076,231.2285,2266.8545,0.8136759,1793.4073,-0.11002888
4967,1372,1978.2858,4028.221,210952.21875,3361497.25,552.95917,720.2449,676.1589,2224.6597,0.5352985,1836.8645,-0.08154963
4968,1288,1975.4418,5168.091,222350.90625,3361525.5,597.5765,751.7562,781.9352,1874.7275,0.4491988,1856.5258,0.002146523
4969,1398,1982.4922,3092.0679,201590.6875,3361455.0,493.91132,681.69745,717.5594,2071.2832,0.49803266,1820.7201,-0.054332778
4970,1389,1979.7242,3387.5342,204545.34375,3361482.75,213.03851,340.162,200.75739,2290.943,0.8383584,1825.8147,-0.11063207
4971,1132,1975.8295,5265.0303,223320.3125,3361521.75,280.2438,419.5627,362.16077,2249.6484,0.7222764,1858.1982,-0.080759585
4972,1409,1982.9496,2653.14,197201.40625,3361450.5,867.4418,1110.5955,1277.9613,2048.7405,0.2380146,1813.1505,-0.05319333
4973,1384,1979.8619,2991.6287,200586.28125,3361481.5,492.45447,651.72217,627.65063,1959.4628,0.5408964,1818.9866,-0.023763122
4974,1262,1977.3779,4440.812,215078.125,3361506.25,463.62283,600.8011,585.37244,1952.9691,0.5405547,1843.9808,-0.012849146
4975,1133,1978.7415,5125.775,221927.75,3361492.5,310.96558,470.97528,467.53796,2310.1272,0.6643412,1855.7972,-0.10156311
4976,1176,1979.0144,2264.8962,193318.96875,3361489.75,257.40518,409.59567,319.21173,2230.9524,0.75359476,1806.4532,-0.09501545
4977,1537,1983.516,2929.6545,199966.546875,3361444.75,230.68965,354.12656,260.54196,1908.2124,0.76543456,1817.9196,-0.014647393
4978,1410,1982.951,4871.3867,219383.875,3361450.5,848.51416,1008.4475,1172.5581,1906.0837,0.24892984,1851.4108,0.0032066926
4979,1222,1982.2004,1653.5385,187205.390625,3361458.0,207.45335,333.00696,238.14525,2118.6519,0.7969597,1795.9125,-0.07904227
4980,1422,1984.2827,3276.2532,203432.53125,3361437.25,226.17299,348.3597,239.9652,2056.504,0.7901374,1823.8975,-0.053322166
4981,1134,1981.1313,4598.746,216657.46875,3361468.75,453.35538,594.1878,628.43384,2124.6077,0.5524724,1846.7069,-0.055271972
4982,1281,1981.4755,2074.7556,191417.5625,3361465.25,192.74669,333.46136,204.81967,2468.148,0.84634763,1803.1755,-0.15343182
4983,1175,1983.7217,2586.223,196532.234375,3361442.75,692.2736,931.9383,1044.0685,2062.954,0.33149055,1811.9968,-0.05442184
4984,1295,1983.9915,4191.333,212583.328125,3361440.0,862.9745,982.3004,1085.8085,1912.9684,0.2903771,1839.6805,-0.011517207
4985,1295,1983.6139,4961.0728,220280.71875,3361443.75,748.41156,925.5888,1024.4911,2110.5105,0.3506199,1852.9581,-0.057116143
4986,1408,1986.446,3595.574,206625.734375,3361415.5,210.42471,339.7301,209.35582,2309.392,0.83341587,1829.4059,-0.113270566
4987,986,1980.644,5414.575,224815.75,3361473.5,256.42798,413.7414,359.13184,2397.2607,0.7356991,1860.7802,-0.11435308
4988,1129,1982.728,5054.38,221213.796875,3361452.75,280.88928,428.87555,300.81622,2522.34,0.7841235,1854.5674,-0.13746828
4989,1287,1986.0801,1581.9153,186489.15625,3361419.25,209.87335,344.51553,228.42386,2231.2444,0.8130711,1794.6793,-0.10265505
4990,1287,1987.3108,1784.5587,188515.59375,3361407.0,195.54584,322.99768,215.96231,2325.7817,0.8293725,1798.1742,-0.1255259
4991,1143,1982.6107,3690.8076,207578.078125,3361454.0,590.063,771.8399,787.9913,2056.4873,0.47178447,1831.0468,-0.04360039
4992,1317,1984.9908,3755.0767,208220.765625,3361430.0,455.36673,622.76917,610.6553,2049.117,0.5681219,1832.1564,-0.04552952
4993,1330,1983.1797,4700.494,217674.9375,3361448.25,336.98798,488.3158,395.30225,2269.2317,0.690697,1848.4629,-0.07797213
4994,1276,1985.9381,4838.4688,219054.6875,3361420.5,816.67554,961.82996,1056.4067,1911.8699,0.28858602,1850.8442,-0.0010903941
4995,1189,1988.2238,2206.588,192735.875,3361397.75,197.6661,327.74896,208.98697,2301.2236,0.8322646,1805.4523,-0.11663118
4996,1159,1985.73,5089.161,221561.609375,3361422.75,226.7912,372.68552,243.31363,2513.6584,0.82278246,1855.1687,-0.1456118
4997,1190,1986.6445,5231.612,222986.125,3361413.5,450.0395,631.9269,608.82355,2490.6965,0.6057908,1857.6265,-0.12011343
4998,1339,1989.0851,3126.215,201932.15625,3361389.25,400.85025,559.559,525.9877,2105.3794,0.63326603,1821.3121,-0.058170248
4999,1262,1990.7765,3180.7273,202477.28125,3361372.25,261.75793,393.29358,306.77774,2032.2924,0.75669056,1822.253,-0.047914676
5000,1474,1991.8704,4280.666,213476.65625,3361361.25,884.1309,1002.66754,1126.9865,1883.5244,0.2632702,1841.2251,-0.0027056704
5001,1300,1990.6938,1951.0231,190180.234375,3361373.0,355.04422,520.15155,459.71384,2393.7173,0.72449565,1801.0464,-0.13370791
5002,1188,1988.9739,3532.6943,205996.9375,3361390.25,681.55554,881.69446,958.1187,2107.0286,0.40220362,1828.3226,-0.060698356
5003,1156,1986.8322,4063.7898,211307.90625,3361411.75,337.404,499.20935,366.51123,2404.2007,0.72056437,1837.4819,-0.10707301
5004,1258,1990.349,1827.7997,188948.0,3361376.5,202.99245,342.44278,225.2659,2450.681,0.8298338,1798.9214,-0.14617221
5005,1224,1986.8586,1881.179,189481.78125,3361411.5,180.98407,310.07147,192.68097,2460.8284,0.85364836,1799.8401,-0.15218005
5006,1402,1992.0984,1459.0557,185260.5625,3361359.0,200.41013,332.39587,226.61484,2304.8003,0.8203083,1792.5638,-0.12081615
5007,1337,1992.095,1617.7823,186847.828125,3361359.0,212.66754,343.72513,240.7427,2139.0164,0.7965934,1795.3008,-0.08312061
5008,1136,1991.2059,2425.6858,194926.859375,3361368.0,493.37103,720.0836,722.6061,2438.5898,0.5411624,1809.2319,-0.13770498
5009,1291,1992.5027,3971.2563,210382.5625,3361355.0,498.84042,680.3269,634.57245,2135.4478,0.5503153,1835.8884,-0.059835084
5010,1219,1989.1583,4124.964,211919.640625,3361388.5,836.0566,957.5505,1037.6571,1935.4783,0.3237624,1838.5382,-0.01748443
5011,929,1985.0916,5385.093,224520.9375,3361429.0,267.91064,417.49515,403.06137,2096.226,0.6860582,1860.2734,-0.057280976
5012,1120,1988.8589,1544.8365,186118.359375,3361391.5,215.10536,344.64822,234.02768,2232.1697,0.8093761,1794.0414,-0.10398493
5013,1447,1996.1147,3633.4465,207004.46875,3361318.75,335.9385,488.96753,431.31375,2159.5854,0.70054585,1830.0636,-0.07720278
5014,1086,1990.9282,4538.708,216057.078125,3361370.75,384.01105,527.0405,463.79742,2048.303,0.62031883,1845.6757,-0.03661045
5015,1471,1995.9613,4922.674,219896.734375,3361320.5,687.4684,856.5058,917.1761,2092.2659,0.39376643,1852.3013,-0.050100666
5016,1536,1996.1998,4997.2124,220642.125,3361318.0,523.5378,707.5159,700.41925,2410.303,0.53884846,1853.5872,-0.109007
5017,1192,1995.5713,2457.4473,195244.46875,3361324.25,654.08057,899.2341,1017.29236,2253.5928,0.39162102,1809.7817,-0.10131413
5018,1438,1997.2281,1419.6571,184866.578125,3361307.75,214.10292,349.2003,252.79903,2236.8645,0.7974175,1791.8871,-0.10424855
5019,1291,1997.3246,2170.3276,192373.28125,3361306.75,204.25717,332.4756,216.27808,2367.6387,0.8315377,1804.8313,-0.13102956
5020,1100,1992.5955,2358.2964,194252.96875,3361354.0,254.2059,402.8282,310.81137,2163.8164,0.7517832,1808.0706,-0.08099757
5021,1428,1999.2577,3313.9014,203809.015625,3361287.5,297.93103,431.9902,328.2269,2127.7986,0.7385354,1824.5538,-0.06450733
5022,1220,1996.0328,1991.0214,190580.21875,3361319.75,372.68607,547.46967,506.99796,2461.2812,0.6981474,1801.7388,-0.14630505
5023,1253,1994.7072,3789.3584,208563.59375,3361333.0,633.6967,828.4892,914.5363,2043.826,0.3937887,1832.7521,-0.04839884
5024,1467,1997.227,4234.688,213016.875,3361307.75,775.36676,908.8003,973.2502,1982.2699,0.3538173,1840.4344,-0.025829205
5025,1269,1992.7029,4771.4336,218384.34375,3361353.0,713.60364,852.39874,896.7092,1975.0812,0.394473,1849.6909,-0.022023628
5026,1400,1998.5057,1373.2607,184402.609375,3361295.0,222.225,349.54,260.0186,2158.4165,0.78445244,1791.0878,-0.07700057
5027,1597,1999.097,2799.9812,198669.8125,3361289.0,500.08173,684.9521,706.206,2054.0664,0.49914017,1815.6906,-0.054047182
5028,1342,1997.9352,4409.436,214764.359375,3361300.75,485.8778,670.63934,714.43964,2272.5461,0.5431377,1843.449,-0.0865477
5029,1230,1993.3341,4475.379,215423.78125,3361346.75,419.86096,562.4468,508.09674,2147.9468,0.61358255,1844.5844,-0.060579117
5030,1332,1997.5977,2104.7424,191717.421875,3361304.0,192.6096,324.28754,193.9482,2593.1636,0.8605632,1803.7006,-0.17820244
5031,1258,1999.1392,2324.7551,193917.546875,3361288.5,211.0004,357.20032,237.08904,2324.6172,0.8142783,1807.4952,-0.11662438
5032,1424,2000.4684,2758.703,198257.03125,3361275.25,661.02844,890.05164,982.7205,2046.6759,0.35311547,1814.9794,-0.05548435
5033,1491,2000.3004,3435.1133,205021.125,3361277.0,219.45708,347.19516,224.92018,2169.5222,0.8119119,1826.6449,-0.07725287
5034,1430,2000.5784,4324.6646,213916.640625,3361274.25,556.0619,685.2427,769.3311,2007.4283,0.45280862,1841.9879,-0.025315315
5035,1387,2002.4701,2963.3496,200303.5,3361255.25,263.22208,398.59518,297.07028,1965.5026,0.741533,1818.5096,-0.025244286
5036,1118,1998.347,3827.6055,208946.0625,3361296.5,836.0465,1050.9946,1165.6011,2101.5386,0.30606863,1833.4135,-0.062407035
5037,1292,2000.2175,3930.9482,209979.484375,3361277.75,499.37228,669.41406,671.6943,2144.5378,0.51965046,1835.1968,-0.061688814
5038,1171,1999.1537,5292.7754,223597.75,3361288.5,297.27625,461.58453,426.52478,2283.9224,0.6931345,1858.6871,-0.094442494
5039,1503,2001.4684,1325.4119,183924.125,3361265.25,315.27078,449.9554,412.94876,2031.6375,0.66318774,1790.2642,-0.04319993
5040,1259,1997.3638,4663.156,217301.5625,3361306.25,335.0683,476.3606,441.1803,2140.4353,0.6616759,1847.8252,-0.06168726
5041,1210,1999.995,5196.6597,222636.59375,3361280.0,751.53925,925.7682,968.5012,1930.5269,0.34627882,1857.0294,-0.012185509
5042,1212,2002.6692,2495.6196,195626.1875,3361253.25,699.83954,939.26855,1080.358,2262.5269,0.3661709,1810.4435,-0.10489711
5043,1333,2001.3279,3030.2715,200972.71875,3361266.75,603.32935,827.6279,927.0645,2169.967,0.4129676,1819.6632,-0.08398034
5044,1328,2003.6409,3891.091,209580.90625,3361243.5,561.4232,744.40137,802.72516,2120.671,0.46158093,1834.5109,-0.060134035
5045,975,1997.0974,5355.558,224225.578125,3361309.0,222.15334,362.25488,316.94153,2130.2185,0.7479628,1859.7693,-0.06532924
5046,1314,2004.0563,2394.7717,194617.71875,3361239.5,341.68265,506.25876,476.5841,2203.2698,0.6691769,1808.7051,-0.08697622
5047,1452,2005.7417,2867.8298,199348.296875,3361222.5,380.51376,525.00037,551.4807,1689.5479,0.5137302,1816.8639,0.044342358
5048,1421,2005.7262,3355.9607,204229.609375,3361222.75,302.9328,442.57742,361.0,2163.1968,0.73285335,1825.2822,-0.07680971
5049,1076,2003.6664,5144.931,222119.3125,3361243.25,345.35315,521.1083,497.49582,2298.6892,0.6509091,1856.1387,-0.09844195
5050,1150,2006.1791,1490.6548,185576.546875,3361218.25,205.68956,341.46173,232.29478,2299.1765,0.8152226,1793.1157,-0.11802493
5051,1395,2005.2179,2027.4817,190944.8125,3361227.75,198.47096,334.1595,211.37276,2505.1855,0.8439619,1802.372,-0.16108266
5052,1279,2004.5942,3217.1548,202841.546875,3361234.0,454.17593,634.2287,613.36395,2171.3672,0.58558744,1822.8878,-0.078100674
5053,1420,2006.7169,4004.8606,210718.609375,3361212.75,561.70636,728.6775,696.7289,2420.4895,0.55662453,1836.4746,-0.121365815
5054,1373,2007.1195,2716.0269,197830.265625,3361208.75,749.1868,991.8933,1104.4268,1960.6205,0.283373,1814.2466,-0.027908484
5055,1129,2001.4863,1917.6244,189846.25,3361265.25,185.62401,318.96503,200.74889,2463.988,0.8486724,1800.4757,-0.15292135
5056,1207,2004.6031,2289.207,193562.0625,3361234.0,210.95526,356.3836,248.84631,2268.8613,0.8020218,1806.8849,-0.10446625
5057,1217,2005.3074,3715.3213,207823.21875,3361227.0,486.70007,636.1545,632.4273,2030.2284,0.5365045,1831.48,-0.036701433
5058,1234,2004.5308,4160.402,212274.015625,3361234.75,843.1548,942.5883,1028.5251,1755.6134,0.27470997,1839.1564,0.031250548
5059,1113,2006.2021,1711.0808,187780.8125,3361218.0,203.30997,338.1617,235.49551,2158.4119,0.80213535,1796.9166,-0.08677712
5060,1245,2010.5486,1858.098,189250.984375,3361174.5,186.90643,319.99237,201.18393,2450.4863,0.8450818,1799.4537,-0.14756529
5061,1391,2006.9893,2242.4758,193094.75,3361210.0,263.6517,414.09525,318.13083,2244.95,0.7559109,1806.0802,-0.099402376
5062,1415,2009.0763,3471.8743,205388.75,3361189.25,816.8134,969.2919,1053.3745,1860.0983,0.28144637,1827.283,-3.6205063e-05
5063,1219,2008.1132,5036.672,221036.71875,3361198.75,384.03198,536.8195,442.47745,2559.7173,0.70428705,1854.2731,-0.13830279
5064,1234,2006.4733,4093.1985,211601.984375,3361215.25,304.5956,454.49677,356.5324,2313.8826,0.72626656,1837.9982,-0.09804653
5065,1171,2008.5209,1743.0974,188100.96875,3361194.75,213.50897,337.49017,251.3971,2041.5009,0.7795647,1797.4697,-0.059570715
5066,1327,2012.4702,3150.969,202179.6875,3361155.25,588.22455,750.32477,765.7385,1973.8055,0.46199638,1821.75,-0.03188699
5067,1386,2008.5801,4369.2266,214362.265625,3361194.25,333.97476,461.2893,398.90982,2128.9092,0.6806279,1842.7603,-0.05728865
5068,1343,2006.5414,4735.1904,218021.90625,3361214.5,748.8191,876.25616,968.2777,1813.2762,0.30373624,1849.0719,0.023182642
5069,942,2004.931,5323.4585,223904.59375,3361230.75,336.0483,505.56635,493.8567,2191.396,0.6420402,1859.2189,-0.07513858
5070,1314,2011.1089,2533.207,196002.0625,3361169.0,924.65906,1221.169,1426.0076,2362.3918,0.27469984,1811.0957,-0.12339429
5071,1313,2011.0092,2609.412,196764.125,3361170.0,732.0529,987.28485,1074.0697,2178.0342,0.34826854,1812.4099,-0.08185827
5072,1419,2013.7075,2678.9126,197459.125,3361143.0,888.84424,1156.0486,1295.7512,2093.353,0.24093395,1813.6097,-0.053873457
5073,1322,2012.4796,3399.1362,204661.359375,3361155.25,380.82602,509.68268,443.99356,2054.5874,0.6662097,1826.03,-0.04685152
5074,1110,2011.0037,1681.0432,187480.4375,3361170.0,199.28108,323.95856,238.79594,2018.3851,0.7877507,1796.401,-0.05366731
5075,1308,2013.5963,2134.9412,192019.40625,3361144.0,205.66093,332.65137,206.72133,2467.5034,0.8447784,1804.2291,-0.15230142
5076,1471,2014.1353,3673.4229,207404.21875,3361138.75,616.5282,774.72675,806.45,1845.828,0.4304369,1830.7615,0.009764063
5077,1503,2017.7499,2830.7544,198977.546875,3361102.5,582.5862,716.15704,802.7532,1744.0297,0.38827875,1816.2302,0.032485113
5078,1582,2015.8704,2906.8445,199738.4375,3361121.25,341.848,487.95102,490.47156,1843.6012,0.5953546,1817.5415,0.00028867048
5079,1272,2014.0361,3514.0574,205810.578125,3361139.75,838.46857,1057.0802,1191.1447,1989.3718,0.27425948,1828.0128,-0.034469858
5080,1375,2011.9542,4810.3794,218773.796875,3361160.5,885.15125,1027.7935,1147.2618,1885.1483,0.24608319,1850.3713,0.0035109136
5081,1122,2010.7888,5259.121,223261.21875,3361172.0,257.03476,404.8574,362.16132,2205.8413,0.7185552,1858.1116,-0.07525381
5082,1193,2011.5415,4508.9194,215759.1875,3361164.5,603.7879,752.72424,753.4602,2068.5298,0.48579323,1845.1711,-0.04410028
5083,1435,2017.14,4887.2354,219542.34375,3361108.5,793.655,979.45087,1112.0857,2186.63,0.3253962,1851.6993,-0.066489704
5084,1136,2015.0299,1524.7949,185917.953125,3361129.75,227.92517,373.25616,252.17078,2285.603,0.80044633,1793.7089,-0.11587554
5085,1401,2017.4583,2061.4534,191284.53125,3361105.5,195.91827,326.64917,204.10457,2466.5608,0.8467708,1802.9637,-0.15368398
5086,1319,2016.11,2566.5938,196335.9375,3361119.0,726.0967,956.8268,1027.467,2190.47,0.3639639,1811.674,-0.082778335
5087,1519,2015.1698,3563.5022,206305.03125,3361128.25,446.44766,594.2831,573.21594,2021.3265,0.5796389,1828.8661,-0.041271143
5088,1266,2015.0924,3856.5332,209235.328125,3361129.0,521.5553,672.86096,771.78754,1764.7203,0.40428597,1833.9202,0.022926876
5089,1331,2014.1097,4581.1323,216481.328125,3361139.0,441.88278,599.13074,620.93915,2140.7708,0.54483867,1846.4178,-0.057328682
5090,1411,2015.1013,4622.675,216896.75,3361129.0,319.39334,455.57053,395.2849,2204.6123,0.69388676,1847.1349,-0.075749405
5091,1181,2014.5698,5109.806,221768.0625,3361134.25,231.51906,376.90094,267.44537,2409.0881,0.80303746,1855.5375,-0.12597387
5092,1188,2016.8047,1806.4814,188734.8125,3361112.0,242.86028,382.65024,282.10986,2358.1714,0.7890973,1798.5668,-0.12351488
5093,1448,2017.7955,3068.0234,201350.234375,3361102.0,599.3743,814.0922,896.5732,2148.224,0.42466262,1820.3221,-0.07409582
5094,1367,2018.0242,3252.0234,203190.234375,3361099.75,465.45026,637.038,610.5289,2104.1082,0.56501776,1823.4955,-0.061023384
5095,1393,2017.369,4048.8506,211158.5,3361106.25,302.24982,442.68054,359.7753,2302.316,0.7258663,1837.2382,-0.098869994
5096,1315,2015.5665,4442.08,215090.796875,3361124.25,436.5384,588.55664,607.7559,2046.5369,0.54282653,1844.02,-0.03829467
5097,1044,2013.8103,5416.6714,224836.71875,3361142.0,370.14655,528.1159,576.57184,1939.865,0.5475422,1860.8308,-0.016618505
5098,1328,2021.5114,2639.9495,197069.5,3361065.0,760.2018,1019.5448,1124.0598,2175.1348,0.3207478,1812.9415,-0.07211085
5099,1271,2019.2651,5072.4272,221394.28125,3361087.25,228.68214,374.36703,253.5181,2364.4468,0.8041582,1854.8948,-0.113098666
5100,1411,2020.9504,2997.8376,200648.375,3361070.5,675.65234,869.5053,956.5422,2059.3855,0.37701768,1819.1132,-0.050930217
5101,1126,2021.5187,5168.566,222355.65625,3361064.75,764.65454,936.4303,971.2753,2021.8375,0.36821237,1856.5542,-0.03136967
5102,1163,2021.2545,1560.387,186273.875,3361067.5,219.7055,352.8005,247.12338,2166.7107,0.7943379,1794.3257,-0.08916659
5103,1173,2019.4603,1650.8363,187178.359375,3361085.5,211.18925,340.8815,254.19437,2052.5784,0.7788827,1795.8843,-0.061441634
5104,1178,2020.7471,3745.692,208126.921875,3361072.5,725.58746,956.02716,1092.9788,2065.692,0.33865243,1832.011,-0.05556772
5105,1308,2020.0253,4197.5366,212645.375,3361079.75,735.6346,858.7508,915.88074,1849.3685,0.36062777,1839.804,0.011652643
5106,1369,2018.7772,4955.7124,220227.125,3361092.25,647.63074,848.183,974.54565,2180.2852,0.39119247,1852.8812,-0.07404073
5107,1173,2023.5831,1769.5712,188365.71875,3361044.25,200.17392,323.9902,232.21825,2106.3564,0.80046844,1797.9337,-0.076123565
5108,1301,2019.4542,4697.842,217648.421875,3361085.5,486.60876,611.02344,602.15375,1946.1157,0.53046376,1848.4333,-0.008691555
5109,974,2015.8964,5384.233,224512.328125,3361121.0,285.55237,460.8419,435.55646,2268.116,0.67811924,1860.2721,-0.095102616
5110,1142,2023.6139,1972.5718,190395.71875,3361043.75,210.48555,347.13397,233.2662,2556.2356,0.83364445,1801.4341,-0.16859354
5111,1297,2023.5181,3287.761,203547.609375,3361044.75,599.8323,769.2432,781.0443,2029.5543,0.4528143,1824.1144,-0.043521166
5112,1387,2026.0729,4262.9966,213299.96875,3361019.25,435.08508,578.06635,522.77936,2125.3735,0.5893284,1840.9358,-0.042144608
5113,1180,2024.1406,1592.3059,186593.0625,3361038.5,228.31102,365.40256,257.08984,2170.1226,0.78772914,1794.8774,-0.090068646
5114,1183,2024.1344,1894.972,189619.71875,3361038.75,180.94295,312.3242,199.71301,2429.0654,0.847677,1800.0963,-0.1470516
5115,1159,2021.0172,2198.8335,192658.34375,3361069.75,207.82744,343.22217,221.88481,2368.6064,0.8282827,1805.3345,-0.13112172
5116,1475,2025.7125,3103.0698,201700.703125,3361023.0,874.2617,1081.8665,1238.8441,2063.9111,0.26408133,1820.9302,-0.049643733
5117,1458,2025.3052,3605.2566,206722.5625,3361027.0,539.90674,691.5336,714.26337,1979.7449,0.49483982,1829.591,-0.03028237
5118,1565,2026.9579,4849.3496,219163.5,3361010.5,778.35657,938.76483,1029.3744,1930.0077,0.307278,1851.0502,-0.007003251
5119,1151,2023.6569,5224.125,222911.25,3361043.5,465.60815,651.53735,645.212,2296.4258,0.5570674,1857.5135,-0.09278437
5120,1340,2028.4844,1395.3859,184623.859375,3360995.25,246.71045,374.80746,287.92538,2182.741,0.76528865,1791.4843,-0.08606454
5121,1159,2022.9578,4543.5625,216105.625,3361050.5,523.89734,683.0039,672.59534,2136.4656,0.52717996,1845.7738,-0.058350228
5122,1269,2027.1056,3959.212,210262.125,3361009.0,389.38614,561.37036,451.27737,2670.227,0.70467913,1835.6967,-0.16757332
5123,1451,2029.676,4302.8413,213698.40625,3360983.25,493.50656,664.6409,728.6926,2237.2253,0.5139379,1841.6248,-0.079978414
5124,1166,2024.2264,2363.7034,194307.03125,3361037.75,197.0626,335.3169,222.05617,2238.5203,0.8177024,1808.1791,-0.10068194
5125,1190,2027.632,3778.7925,208457.921875,3361003.75,719.86053,895.17816,981.763,1964.2034,0.33811343,1832.5851,-0.025862183
5126,1253,2025.6736,4128.699,211957.0,3361023.25,332.64246,461.89465,447.10934,2030.9409,0.63259757,1838.6193,-0.028336784
5127,1195,2028.7072,2471.8652,195388.65625,3360993.0,450.16235,662.2586,657.9682,2285.8335,0.5819866,1810.0464,-0.10475817
5128,1228,2027.6897,3189.3884,202563.890625,3361003.0,596.83673,782.35626,841.20276,2058.2725,0.43658078,1822.4198,-0.048369315
5129,1422,2033.1512,1355.9852,184229.859375,3360948.5,253.4128,385.15823,304.53937,2138.602,0.75235474,1790.8073,-0.07262609
5130,1403,2029.4612,2433.3792,195003.796875,3360985.5,222.64113,366.7441,271.696,2145.5154,0.77796537,1809.383,-0.07564195
5131,1560,2033.6263,2947.4275,200144.28125,3360943.75,506.69937,668.5471,742.5433,2008.8776,0.47216314,1818.2499,-0.04252139
5132,1283,2030.265,3815.304,208823.03125,3360977.25,889.7747,1111.1566,1217.0032,1945.993,0.25772128,1833.216,-0.02465326
5133,1270,2031.2953,1939.7426,190067.421875,3360967.0,496.0114,694.89136,677.3165,2497.0854,0.6421413,1800.8718,-0.15145192
5134,1285,2026.0459,4771.614,218386.140625,3361019.5,925.8062,1069.1425,1195.3782,1911.7805,0.23639867,1849.7089,-0.008033781
5135,1171,2031.421,5017.7637,220847.640625,3360965.75,317.75406,465.46072,322.20496,2701.8083,0.78631324,1853.9573,-0.17710696
5136,941,2027.9224,5345.881,224128.8125,3361000.75,353.12646,530.19556,541.1669,2154.8447,0.6078035,1859.6157,-0.06974275
5137,1349,2034.1831,1434.4633,185014.625,3360938.25,210.5782,336.4596,230.11713,2324.3167,0.81886846,1792.1609,-0.124485254
5138,1108,2032.0848,1621.4801,186884.796875,3360959.25,218.39395,355.11237,255.33168,2108.084,0.78320646,1795.3844,-0.07537199
5139,1235,2029.4348,4478.5215,215455.21875,3360985.75,477.1838,626.92834,573.7478,2164.2883,0.59524804,1844.6548,-0.06905703
5140,1176,2031.6556,1466.0892,185330.890625,3360963.5,212.2432,337.17432,226.25255,2307.193,0.82020915,1792.7048,-0.11965164
5141,1440,2035.7257,4347.8687,214148.6875,3360922.75,309.4618,450.54028,398.9854,2142.082,0.6867751,1842.404,-0.060798015
5142,1172,2029.7474,4657.6646,217246.640625,3360982.5,391.31485,512.57166,466.71075,1936.7654,0.60538524,1847.745,-0.008183944
5143,1339,2034.4645,2093.9805,191609.8125,3360935.25,198.01755,332.6964,204.58887,2518.7102,0.8494965,1803.533,-0.16354656
5144,1286,2035.4977,2735.0513,198020.515625,3360925.0,841.74066,1137.7084,1288.3107,1989.2426,0.21390545,1814.5883,-0.018690078
5145,1430,2036.0392,2772.1147,198391.15625,3360919.5,718.19543,980.87305,1088.7577,2016.9167,0.30035752,1815.2277,-0.03930433
5146,1268,2037.2769,1836.5142,189035.140625,3360907.25,179.66483,311.7374,188.84976,2499.982,0.8589873,1799.0947,-0.16060065
5147,1568,2036.3495,4398.9233,214659.234375,3360916.5,504.5102,702.11035,699.54974,2738.148,0.58903474,1843.285,-0.16740867
5148,1276,2037.9734,2003.3683,190703.6875,3360900.25,371.28918,552.81116,499.364,2394.1936,0.6934549,1801.9722,-0.13194127
5149,1440,2037.6208,3643.4368,207104.375,3360903.75,723.9069,885.309,980.9451,1746.5924,0.30153504,1830.2552,0.033444148
5150,1234,2035.8185,4226.9424,212939.421875,3360921.75,441.91977,580.0745,549.23175,1941.0583,0.5590755,1840.3184,-0.009149015
5151,1167,2034.233,2284.73,193517.296875,3360937.75,195.22322,336.4053,221.51671,2305.895,0.8202936,1806.822,-0.11170845
5152,1517,2039.8649,3332.1694,203991.6875,3360881.25,742.9684,909.0165,942.08704,2068.1194,0.3799358,1824.888,-0.052566912
5153,1295,2035.7985,3924.3552,209913.546875,3360922.0,597.28265,793.1537,889.58685,2197.5005,0.42582765,1835.0994,-0.08010308
5154,1432,2038.0608,4918.415,219854.15625,3360899.5,803.5719,1001.3757,1163.3024,2066.3472,0.28532654,1852.2465,-0.04698489
5155,1340,2040.4918,4985.5903,220525.90625,3360875.0,379.53918,545.70935,452.06567,2549.1172,0.69650495,1853.4062,-0.14202017
5156,1035,2035.6609,5312.4414,223794.40625,3360923.5,446.56378,642.7111,704.19226,2088.0315,0.50338274,1859.0424,-0.050853804
5157,1272,2036.7343,2165.7202,192327.203125,3360912.75,215.4662,349.5287,228.34512,2430.221,0.82552606,1804.7711,-0.1416939
5158,1327,2035.0309,2327.0852,193940.84375,3360929.75,215.73474,363.72458,250.46835,2361.0264,0.8079539,1807.5529,-0.12663184
5159,1116,2037.9641,5281.779,223487.78125,3360900.25,322.1559,488.40323,482.8889,2166.4045,0.63574606,1858.5144,-0.070745915
5160,1042,2040.4491,2221.426,192884.265625,3360875.5,276.14154,429.73178,333.35028,2408.584,0.76241344,1805.7335,-0.13414718
5161,1341,2039.7786,2508.7786,195757.78125,3360882.25,575.415,839.1324,890.4899,2505.5737,0.5017721,1810.6882,-0.15376338
5162,1324,2040.0128,3370.2417,204372.421875,3360879.75,703.5853,880.6601,915.8289,2031.4951,0.38316366,1825.5447,-0.044002526
5163,1465,2042.2375,3449.2,205162.0,3360857.5,772.8491,946.0915,1013.4908,1970.4894,0.32692936,1826.9073,-0.027754104
5164,1223,2043.2723,3987.3425,210543.421875,3360847.25,321.86508,467.04742,349.3941,2470.1538,0.7467411,1836.1892,-0.13006738
5165,1261,2041.728,4022.3591,210893.59375,3360862.75,415.92148,576.15466,541.5948,2375.6812,0.6374912,1836.7925,-0.109987155
5166,1088,2041.0276,2253.4348,193204.34375,3360869.75,196.69394,340.83087,222.33594,2330.5276,0.82398367,1806.2858,-0.12070561
5167,1417,2039.9703,3034.069,201010.6875,3360880.25,629.6743,825.1242,911.7209,1993.5435,0.38032418,1819.747,-0.03165972
5168,1309,2041.8762,3494.353,205613.53125,3360861.25,792.54926,994.683,1110.883,1940.9099,0.30254963,1827.6859,-0.020411758
5169,1257,2038.7184,4088.4114,211554.109375,3360892.75,357.0143,511.42484,494.82657,2221.1113,0.63281375,1837.9303,-0.074082576
5170,1198,2040.8906,5131.8022,221988.03125,3360871.0,359.3389,513.1628,469.33807,2392.3665,0.6782625,1855.9286,-0.119286634
5171,1367,2043.4799,2589.4778,196564.78125,3360845.25,721.7286,949.81055,1089.4502,2096.9766,0.3147608,1812.0817,-0.06469837
5172,1186,2045.0168,3131.3928,201983.921875,3360829.75,879.88367,1103.4646,1278.371,2158.8694,0.26372266,1821.4279,-0.07825169
5173,1428,2045.2955,3536.9595,206039.59375,3360827.0,762.6947,961.1681,1074.4923,2016.2556,0.31103122,1828.4224,-0.04014963
5174,1291,2039.9303,3710.9426,207779.421875,3360880.75,530.69714,700.24786,716.495,1951.6421,0.4726632,1831.4205,-0.02303651
5175,1259,2039.9182,4165.6523,212326.53125,3360880.75,339.7776,469.82208,381.8181,2122.3503,0.6883349,1839.2631,-0.053338274
5176,1159,2041.22,5195.064,222620.640625,3360867.75,777.6191,946.02673,1000.616,1860.1221,0.32216686,1857.02,0.0044160155
5177,1151,2041.8158,1502.053,185690.53125,3360861.75,221.99088,353.41312,236.14987,2371.7258,0.8178961,1793.3301,-0.13328022
5178,1302,2041.5637,1721.0231,187880.234375,3360864.25,212.4781,345.4397,253.15706,2071.9338,0.7815069,1797.1055,-0.067943215
5179,1308,2043.8746,3414.1973,204811.96875,3360841.25,713.4686,874.2664,937.1896,1881.44,0.34832433,1826.3044,-0.0065006036
5180,1295,2040.498,3887.7136,209547.140625,3360875.0,495.27954,699.5135,728.85175,2560.197,0.5588249,1834.4696,-0.15695526
5181,1335,2043.391,2399.1304,194661.3125,3360846.0,215.01648,357.01086,248.87453,2199.4136,0.79613376,1808.7992,-0.08904302
5182,1551,2044.6112,2874.3418,199413.421875,3360834.0,700.0712,879.3121,1024.5406,1897.8568,0.31038928,1816.9946,-0.014891362
5183,1317,2044.6385,3223.0583,202900.578125,3360833.5,837.7768,1039.4575,1200.8246,2025.2175,0.25792494,1823.0084,-0.035850883
5184,1277,2045.3516,4599.2915,216662.90625,3360826.5,384.5693,532.66016,533.50116,2137.5332,0.60666627,1846.7451,-0.056791496
5185,1407,2043.113,4729.744,217967.4375,3360848.75,919.08563,1034.1969,1133.2142,1744.5299,0.22017051,1848.9943,0.036560677
5186,895,2043.5542,5369.332,224363.3125,3360844.5,268.75308,440.97208,395.91843,2276.5977,0.70594865,1860.0271,-0.097219884
5187,1319,2049.138,2034.3821,191013.8125,3360788.5,189.00304,315.1323,195.75777,2515.8457,0.8553422,1802.5125,-0.16393529
5188,1377,2051.3333,2801.3567,198683.5625,3360766.75,724.5574,991.54865,1079.3341,1925.2806,0.28156602,1815.7393,-0.016721018
5189,1034,2044.7554,5249.071,223160.703125,3360832.5,351.08655,517.8873,587.28046,2010.8264,0.55153537,1857.9531,-0.037370395
5190,1042,2045.8666,5402.0747,224690.75,3360821.25,367.61325,541.3426,533.05664,2131.004,0.60179764,1860.593,-0.060867224
5191,1335,2047.5648,1684.9797,187519.796875,3360804.25,215.16405,350.48688,256.6322,2066.6816,0.77685684,1796.4869,-0.06338072
5192,1301,2050.1946,1872.6794,189396.796875,3360778.0,180.48962,310.43314,199.63873,2366.7705,0.8439992,1799.7247,-0.13434659
5193,1299,2049.7844,2661.5127,197285.125,3360782.25,726.0458,948.5866,1044.5408,2149.7905,0.36318067,1813.3269,-0.07793712
5194,1555,2052.555,2698.921,197659.203125,3360754.5,810.8727,1085.4778,1257.1228,2284.7056,0.29540092,1813.9734,-0.11111538
5195,1097,2049.2908,3163.7156,202307.15625,3360787.0,878.3236,1093.4521,1233.1549,2101.093,0.27944973,1821.9872,-0.06557565
5196,1193,2049.455,1792.1375,188591.375,3360785.5,277.28207,428.54276,345.39395,2314.011,0.7532193,1798.3356,-0.11555741
5197,1229,2050.1335,4559.2383,216262.375,3360778.75,431.85883,577.8865,527.61475,2040.5549,0.5813396,1846.0564,-0.030519169
5198,1281,2050.5488,5094.964,221619.640625,3360774.5,199.40047,337.4551,216.10226,2357.5574,0.83116996,1855.2974,-0.1149148
5199,1198,2050.8464,1537.8915,186048.921875,3360771.5,250.94992,393.99164,283.39316,2317.9001,0.7834573,1793.9524,-0.121414356
5200,1269,2050.0425,2128.5146,191955.140625,3360779.5,202.07053,335.1119,206.26044,2509.9402,0.84782714,1804.136,-0.16205685
5201,1398,2050.8677,4515.201,215822.015625,3360771.25,965.3498,1080.278,1192.4761,1885.28,0.23637727,1845.2971,-0.0007517383
5202,1366,2048.049,4809.1895,218761.890625,3360799.5,836.5915,981.9078,1094.0688,1807.3639,0.2459186,1850.3668,0.024687052
5203,1416,2053.0112,5055.997,221229.96875,3360750.0,251.2387,391.81534,253.88806,2576.988,0.8208905,1854.6263,-0.15813635
5204,1620,2054.6943,2546.7715,196137.71875,3360733.0,724.80774,989.8716,1155.8049,2286.2754,0.34071985,1811.3506,-0.110648766
5205,1444,2053.5193,3578.2202,206452.203125,3360744.75,728.0845,902.8767,1026.9924,1864.1067,0.2955544,1829.1378,-0.00348821
5206,1269,2050.7297,3849.3262,209163.265625,3360772.75,445.07486,602.58154,642.75885,2046.6785,0.5123467,1833.8123,-0.0391545
5207,1206,2054.3433,1914.9742,189819.75,3360736.5,404.83002,583.585,551.05804,2380.744,0.69918966,1800.456,-0.13022214
5208,1382,2050.636,4439.6235,215066.234375,3360773.75,411.67438,567.01666,544.54016,2143.9976,0.5935345,1843.9934,-0.056348693
5209,1189,2051.5903,4684.0596,217510.59375,3360764.0,570.11017,703.2653,730.60974,1800.471,0.43241197,1848.2101,0.031631812
5210,1365,2058.2183,1753.0073,188200.078125,3360697.75,225.26154,357.2,271.91208,2113.7607,0.78021574,1797.6652,-0.07649835
5211,1575,2056.497,2990.1619,200571.625,3360715.0,835.4159,1038.8864,1160.5892,2009.8403,0.2838839,1818.9977,-0.03688009
5212,1383,2055.8474,3679.3645,207463.640625,3360721.5,884.94574,1082.7657,1213.799,1950.7433,0.24446401,1830.8833,-0.022222186
5213,1239,2056.3518,4059.2075,211262.078125,3360716.5,505.2938,672.2494,753.5125,2216.453,0.48797682,1837.4347,-0.06947047
5214,1259,2054.6624,2834.8516,199018.515625,3360733.5,780.53577,1028.8185,1256.9829,2167.0186,0.26789927,1816.3185,-0.083634995
5215,1514,2057.2734,2915.916,199829.15625,3360707.25,554.87384,723.714,838.7966,1861.1493,0.38556468,1817.7177,-0.00524362
5216,1179,2054.759,3298.0771,203650.78125,3360732.5,589.31976,785.6111,820.2651,2175.4258,0.46138325,1824.307,-0.07862428
5217,1306,2057.539,4637.8667,217048.671875,3360704.5,431.37827,565.0819,526.5467,2088.0222,0.5965211,1847.4159,-0.039258353
5218,1557,2062.0867,2622.991,196899.90625,3360659.25,617.51544,849.2964,907.2479,2218.18,0.41607085,1812.6686,-0.09024676
5219,1416,2058.837,3259.5361,203265.359375,3360691.75,947.8026,1163.1698,1306.1646,2038.4474,0.23315576,1823.6442,-0.050834887
5220,1251,2058.446,1572.8209,186398.203125,3360695.5,229.1323,366.97443,253.80455,2290.8289,0.79996145,1794.5585,-0.117479555
5221,1282,2057.419,1647.2614,187142.609375,3360705.75,233.31981,374.19968,280.5737,2106.131,0.7640068,1795.8414,-0.07104934
5222,1260,2056.6611,3749.6604,208166.609375,3360713.5,901.1738,1133.092,1262.623,2047.4135,0.2652762,1832.0961,-0.046306793
5223,1573,2059.765,4881.844,219488.4375,3360682.25,879.0248,1042.7057,1169.2188,1967.0356,0.25783017,1851.6252,-0.019196464
5224,1329,2057.754,4953.175,220201.75,3360702.5,635.222,843.4876,992.7788,2194.9172,0.39165452,1852.8547,-0.07882513
5225,1204,2058.8496,5158.7266,222257.265625,3360691.5,539.0606,697.3571,707.0216,2237.0415,0.5292308,1856.4009,-0.08425392
5226,1280,2061.5508,2064.9343,191319.34375,3360664.5,190.8707,322.86523,200.82812,2515.3445,0.8518378,1803.0453,-0.16333766
5227,1177,2061.65,2307.9082,193749.078125,3360663.5,249.73917,401.31818,307.46262,2363.1125,0.78095156,1807.2351,-0.124149956
5228,1175,2056.2034,2361.6655,194286.65625,3360718.0,196.78085,333.99915,211.7,2373.705,0.8352327,1808.1594,-0.13078454
5229,1559,2060.9917,3068.6685,201356.6875,3360670.0,811.3909,1057.3134,1204.1655,2198.6475,0.30934852,1820.3536,-0.09010736
5230,1239,2058.2478,4122.8545,211898.546875,3360697.5,313.60776,456.1009,402.15576,2139.1912,0.6832458,1838.5333,-0.0545202
5231,1450,2061.9966,4278.692,213456.921875,3360660.0,479.96277,610.9331,617.14966,1712.049,0.48273498,1841.2228,0.055963065
5232,1334,2060.919,1967.8036,190348.03125,3360670.75,177.30023,304.8422,185.3617,2546.5483,0.86407685,1801.3701,-0.17013331
5233,1468,2064.511,4323.7603,213907.59375,3360635.0,626.3876,800.9244,854.05927,2259.5388,0.45578885,1842.0013,-0.082846284
5234,1181,2062.4116,1410.3539,184773.53125,3360656.0,260.84125,394.2265,290.0199,2318.8323,0.7764368,1791.7593,-0.11517706
5235,1259,2063.5083,2194.486,192614.859375,3360645.0,251.60643,392.59332,280.42612,2452.76,0.7929727,1805.2802,-0.14204918
5236,1339,2061.1067,2465.4922,195324.921875,3360669.0,298.17365,461.55862,393.22217,2273.6191,0.74200827,1809.9521,-0.10488937
5237,1217,2057.876,4771.484,218384.84375,3360701.25,802.57025,952.5653,1044.4955,1989.009,0.3070511,1849.7208,-0.021665322
5238,1083,2060.6675,5334.904,224019.03125,3360673.25,495.96213,679.82043,753.31116,1950.5873,0.45198232,1859.4407,-0.017778084
5239,1190,2062.6304,3785.7085,208527.09375,3360653.75,971.60333,1183.1344,1261.8773,2033.637,0.24055417,1832.7205,-0.030755641
5240,1454,2064.905,4197.507,212645.0625,3360631.0,297.848,437.87482,334.99106,2296.945,0.7415411,1839.8239,-0.09981776
5241,1327,2067.2578,1376.7784,184437.78125,3360607.5,236.74303,363.03693,289.39563,2058.0972,0.75405955,1791.1827,-0.055439882
5242,1433,2066.6628,3617.5276,206845.28125,3360613.25,981.02026,1193.9484,1384.8492,1945.2003,0.18072727,1829.8218,-0.01778673
5243,1597,2069.4038,4369.0737,214360.734375,3360586.0,480.20163,623.9499,604.10956,2089.7964,0.5652508,1842.785,-0.050641418
5244,1352,2067.5007,1606.9238,186739.234375,3360605.0,251.08284,394.9375,299.5943,2199.3203,0.76162237,1795.151,-0.097000174
5245,1190,2062.1287,4477.3203,215443.203125,3360658.75,613.8496,752.7118,785.93195,1980.4424,0.43917784,1844.6488,-0.024176033
5246,1397,2066.796,4842.057,219090.5625,3360612.0,846.2212,1011.922,1151.6342,1993.9083,0.26762715,1850.9421,-0.028736996
5247,1196,2067.7317,1822.1923,188891.921875,3360602.75,184.82065,317.67725,199.02425,2436.298,0.847967,1798.8628,-0.14731951
5248,1319,2066.8462,4239.613,213066.125,3360611.5,446.9295,550.834,514.2684,1836.373,0.5462868,1840.551,0.026858436
5249,1226,2065.6306,5022.7065,220897.0625,3360623.75,244.36174,384.5677,267.39682,2312.4795,0.78884673,1854.0576,-0.09236186
5250,1238,2067.2795,5222.0903,222890.90625,3360607.25,523.46204,701.563,706.6123,1846.5383,0.44861937,1857.4976,0.009055114
5251,1202,2065.6606,1472.6564,185396.5625,3360623.5,235.82114,362.81198,255.87521,2311.3835,0.79831845,1792.8351,-0.119043626
5252,1227,2070.0115,3474.237,205412.375,3360580.0,739.8761,941.71967,1056.3374,1906.8794,0.31682572,1827.3522,-0.013397925
5253,1412,2070.2656,3106.3818,201733.8125,3360577.25,1024.4547,1285.5269,1442.022,2159.2876,0.2127708,1821.0084,-0.08126385
5254,1237,2068.5125,3190.7705,202577.703125,3360595.0,1112.6754,1361.7737,1537.536,2123.569,0.17430535,1822.4629,-0.073459305
5255,1121,2066.7253,3817.4246,208844.25,3360612.75,763.01514,968.942,1011.40765,1938.4272,0.34007612,1833.2694,-0.017732838
5256,1460,2069.3225,3956.7007,210237.0,3360586.75,329.8411,485.45822,391.04865,2384.4878,0.7205275,1835.6726,-0.10377641
5257,1392,2070.3809,2428.8923,194958.921875,3360576.25,356.92242,534.023,484.46014,2268.3088,0.6928387,1809.3254,-0.10392871
5258,1160,2069.85,3385.455,204524.546875,3360581.5,728.1302,945.5384,1038.2802,2215.494,0.36303774,1825.8209,-0.08962158
5259,1490,2073.6785,2957.327,200243.265625,3360543.25,765.0215,967.5275,1055.9423,1928.5873,0.30015483,1818.4396,-0.015072478
5260,1304,2070.2808,3918.1282,209851.28125,3360577.25,424.30215,579.6265,499.27686,2288.9656,0.6400864,1835.0078,-0.08829007
5261,1198,2070.324,5298.1787,223651.78125,3360576.75,499.23706,669.60394,681.67865,2106.6748,0.5201533,1858.8114,-0.053449854
5262,1230,2071.9106,2272.0593,193390.59375,3360561.0,205.4809,349.72397,223.0821,2471.456,0.8319355,1806.6218,-0.1482271
5263,1451,2071.0876,2738.3115,198053.109375,3360569.0,878.52344,1158.5652,1343.7112,2295.339,0.2797308,1814.6615,-0.11193686
5264,1221,2073.0393,2100.194,191671.9375,3360549.5,194.85872,332.75595,203.6298,2549.5146,0.8517999,1803.6589,-0.16970132
5265,1137,2072.117,2158.4055,192254.0625,3360558.75,212.36104,343.66885,221.34872,2510.3298,0.8360201,1804.6622,-0.15752627
5266,1135,2072.2158,2233.2354,193002.359375,3360557.75,191.78899,331.24493,204.43613,2475.0823,0.84687096,1805.9525,-0.15362802
5267,1200,2072.4524,4159.421,212264.21875,3360555.5,300.1825,450.11835,329.42166,2161.3875,0.7314514,1839.1704,-0.07079172
5268,1442,2074.7642,4408.2925,214752.921875,3360532.25,421.9199,600.1557,586.05585,2471.17,0.6284063,1843.464,-0.12237147
5269,1198,2076.3882,4703.7354,217707.34375,3360516.0,898.0734,1036.442,1148.0514,1739.0768,0.21207397,1848.5605,0.04051004
5270,1468,2074.893,2503.949,195709.484375,3360531.0,613.06915,855.1802,918.92,2460.893,0.5545691,1810.622,-0.1448599
5271,1339,2077.4265,3511.0269,205780.265625,3360505.75,782.3204,994.6796,1167.9559,1994.0911,0.26786828,1827.9901,-0.036435112
5272,1248,2075.3943,3719.9783,207869.78125,3360526.0,1077.8862,1317.0369,1458.9976,2047.089,0.18485232,1831.5928,-0.04916509
5273,1265,2075.1643,3877.2822,209442.8125,3360528.25,565.9178,779.9415,844.4,2594.1748,0.5152455,1834.3057,-0.16048142
5274,1169,2074.5818,5260.5903,223275.90625,3360534.25,567.65356,734.2258,736.2669,1981.3772,0.46131992,1858.1649,-0.02554066
5275,1010,2071.2417,5373.9375,224409.375,3360567.5,491.41287,677.63464,697.91785,2016.1782,0.4953391,1860.1187,-0.035837315
5276,1327,2079.1846,1439.2329,185062.328125,3360488.25,231.89374,354.33008,240.66014,2379.7573,0.8129952,1792.2655,-0.12471413
5277,1260,2080.439,1938.1691,190051.6875,3360475.5,210.11826,344.425,228.78929,2502.7388,0.83377415,1800.8688,-0.15898734
5278,1492,2076.8015,3029.4243,200964.25,3360512.0,910.94604,1189.9514,1266.8147,2266.5322,0.29650405,1819.6843,-0.10223465
5279,1145,2076.697,4741.0054,218080.0625,3360513.0,926.27905,1053.0297,1146.2367,1772.8485,0.2193981,1849.2035,0.028893972
5280,1163,2075.9407,1507.6449,185746.453125,3360520.5,229.14188,356.411,239.84007,2429.9253,0.8188691,1793.4434,-0.14327602
5281,1269,2077.1853,3998.2065,210652.0625,3360508.25,316.13553,486.907,374.38297,2582.539,0.74833715,1836.3921,-0.14665656
5282,1129,2077.1816,4033.8662,211008.65625,3360508.25,401.19662,537.1771,489.39948,2198.2117,0.6349981,1837.0071,-0.068185136
5283,1155,2076.5671,5188.0527,222550.53125,3360514.25,820.68744,995.2528,1059.7021,2014.5308,0.31878173,1856.9146,-0.030219285
5284,1366,2077.626,2000.0366,190670.375,3360503.75,332.08347,498.73425,432.7533,2452.1394,0.7409389,1801.9342,-0.14776677
5285,1371,2082.8052,3353.105,204201.046875,3360452.0,994.2312,1237.4479,1352.744,2256.444,0.2724736,1825.2692,-0.10083161
5286,1310,2077.6733,4090.6533,211576.53125,3360503.25,437.15878,601.17255,678.83514,2272.3528,0.55822873,1837.9868,-0.09487076
5287,1180,2078.9976,4574.3413,216413.40625,3360490.0,604.5979,700.69366,729.47205,1653.3088,0.40216613,1846.3298,0.067160934
5288,1378,2077.9353,4920.7314,219877.3125,3360500.75,870.0457,1040.968,1196.6908,1912.1473,0.23811269,1852.3041,-0.009213002
5289,1344,2079.0542,5120.5864,221875.859375,3360489.5,217.2939,347.64435,247.55208,2243.0925,0.8004863,1855.752,-0.08735056
5290,1360,2082.9617,1855.6838,189226.84375,3360450.5,187.33125,319.67612,219.48492,2223.013,0.8193125,1799.4478,-0.101512104
5291,1314,2082.2869,2343.8936,194108.9375,3360457.25,192.82306,328.4471,202.53539,2463.2507,0.84722894,1807.8656,-0.14995897
5292,1504,2081.8237,2775.3564,198423.5625,3360461.75,757.498,1017.9757,1126.2809,2103.0325,0.308602,1815.3054,-0.06872368
5293,1226,2080.5662,2854.779,199217.796875,3360474.25,859.88293,1114.4617,1254.666,1990.1117,0.23120894,1816.6744,-0.03451596
5294,1423,2082.2727,3652.473,207194.734375,3360457.25,796.97327,970.6732,1079.4259,1822.3984,0.26448506,1830.4318,0.013417023
5295,1330,2082.0127,4534.876,216018.75,3360459.75,750.0906,870.42444,946.9376,1749.4432,0.31225622,1845.6505,0.04324798
5296,1089,2078.0037,4610.0083,216770.078125,3360500.0,617.0257,753.6409,780.66486,2124.5354,0.47701567,1846.9446,-0.054300364
5297,1399,2081.5283,4992.2466,220592.46875,3360464.75,311.98642,451.94354,342.66547,2327.831,0.7397869,1853.5392,-0.0923166
5298,1425,2080.341,1715.9755,187829.75,3360476.5,204.77614,336.41824,245.15088,2085.711,0.7881475,1797.0376,-0.07010809
5299,1332,2080.9453,2389.6863,194566.859375,3360470.5,213.6265,358.8495,236.5578,2326.4553,0.8134281,1808.6545,-0.12016004
5300,1574,2080.993,2582.993,196499.9375,3360470.0,702.082,951.1344,1080.9476,2207.5051,0.34586355,1811.9879,-0.092514485
5301,1194,2081.4624,3321.8828,203888.828125,3360465.5,989.44934,1230.7383,1371.2345,2225.7173,0.26051363,1824.7301,-0.091520235
5302,1345,2081.5093,3550.4707,206174.703125,3360465.0,989.4342,1209.9971,1371.6245,1963.4438,0.19138691,1828.6722,-0.031076027
5303,1271,2082.6145,4664.214,217312.140625,3360453.75,707.9371,822.7077,894.0791,1764.7789,0.33715907,1847.8816,0.038183145
5304,1288,2083.243,1894.6996,189617.0,3360447.5,316.95886,473.17236,405.27524,2231.5679,0.7030459,1800.1206,-0.09186685
5305,1392,2082.1538,3148.1057,202151.0625,3360458.5,1286.8685,1571.51,1772.8053,2262.9023,0.1255938,1821.7335,-0.105491884
5306,1263,2080.574,3418.5654,204855.65625,3360474.25,724.6548,921.32935,1024.3864,2057.023,0.33825797,1826.397,-0.04819582
5307,1397,2085.9514,2890.7947,199577.953125,3360420.5,785.5809,1042.9442,1189.6704,2081.2517,0.27750826,1817.2981,-0.05776418
5308,1314,2083.1262,1676.108,187431.078125,3360448.75,224.36606,358.27054,260.4494,2197.4019,0.78691566,1796.3516,-0.095077515
5309,1262,2081.729,3225.7368,202927.375,3360462.75,1238.1053,1490.534,1659.2341,2105.9397,0.13086088,1823.0721,-0.06384719
5310,1396,2085.9097,5081.281,221482.8125,3360421.0,213.76576,359.2751,228.71562,2385.97,0.82453144,1855.0769,-0.12272968
5311,1305,2084.6467,1786.2805,188532.8125,3360433.5,233.39885,377.28543,275.88583,2248.2214,0.78489834,1798.252,-0.103948966
5312,1290,2091.914,3449.1294,205161.296875,3360360.75,868.33563,1114.3054,1207.793,2100.8086,0.2910957,1826.9293,-0.058455586
5313,1440,2088.5298,4451.166,215181.65625,3360394.75,397.6066,530.1396,488.4073,2009.9677,0.6075986,1844.2096,-0.02923805
5314,1257,2085.9148,4805.334,218723.34375,3360420.75,749.6293,892.09467,981.0883,1810.3994,0.30606848,1850.3171,0.022426156
5315,1204,2087.157,1541.5814,186085.8125,3360408.5,242.22052,369.65366,258.77408,2323.779,0.7982191,1794.034,-0.119404554
5316,1505,2085.6006,2661.0598,197280.59375,3360424.0,617.9266,829.0176,931.1505,2127.8186,0.3934971,1813.3363,-0.07461867
5317,1171,2087.9539,3287.234,203542.34375,3360400.5,1117.821,1372.4086,1569.3903,2242.4858,0.1883857,1824.1356,-0.09927393
5318,1329,2090.5012,4495.7417,215627.421875,3360375.0,731.96014,860.10535,907.2408,1877.7916,0.36106306,1844.9794,0.00231473
5319,1259,2091.4368,3841.0247,209080.25,3360365.75,462.68863,618.0906,590.8475,2173.0994,0.56159943,1833.6877,-0.05964872
5320,1275,2092.3428,1634.9938,187019.9375,3360356.5,253.8,395.1204,291.07608,2310.2576,0.7763081,1795.6472,-0.11655937
5321,1435,2092.1262,2034.7324,191017.328125,3360358.75,217.65157,357.5331,245.16934,2496.4968,0.8287728,1802.5396,-0.1598476
5322,1147,2091.2163,2132.3035,191993.03125,3360367.75,201.17262,335.1334,204.5266,2610.4128,0.8523172,1804.2214,-0.1778932
5323,1551,2093.9548,2815.8015,198828.015625,3360340.5,791.31494,1025.4397,1092.7421,1898.4574,0.27913296,1816.0087,-0.0012558552
5324,1383,2092.734,3589.7969,206567.96875,3360352.75,1067.8612,1297.867,1486.0448,1971.0079,0.1501571,1829.3557,-0.023456337
5325,1296,2092.412,3765.1228,208321.21875,3360356.0,866.4591,1063.1266,1111.9954,2005.8411,0.3258975,1832.3792,-0.036119975
5326,1419,2094.2036,4298.3086,213653.09375,3360338.0,787.5969,927.67865,1025.1113,1823.9746,0.2975485,1841.5758,0.019143578
5327,990,2089.3323,5342.7373,224097.375,3360386.75,841.54846,1054.6687,1191.8828,2022.0248,0.28818682,1859.5884,-0.034784768
5328,1585,2094.1677,2702.5205,197695.203125,3360338.25,602.1735,853.76465,952.84985,2299.5198,0.41568846,1814.0553,-0.11248017
5329,1346,2095.277,3690.8425,207578.421875,3360327.25,724.86255,923.1248,1020.83356,2105.5283,0.35585454,1831.0995,-0.06154113
5330,1225,2092.5615,4131.741,211987.40625,3360354.5,277.15182,421.00735,310.8,2214.4897,0.75339764,1838.7023,-0.08222865
5331,1601,2096.21,2541.1719,196081.71875,3360318.0,767.72986,1063.5293,1287.3826,2371.6047,0.31239608,1811.274,-0.12885204
5332,1337,2094.4854,4957.9272,220249.28125,3360335.25,572.74493,748.47046,814.41626,2193.761,0.4820929,1852.953,-0.076284975
5333,1478,2096.8098,5041.331,221083.3125,3360312.0,240.13667,389.59067,257.17288,2302.9746,0.79749405,1854.3927,-0.10107902
5334,1063,2091.8691,4773.049,218400.484375,3360361.25,741.4769,886.6717,964.05365,1956.9398,0.35106465,1849.763,-0.014892682
5335,1311,2098.0762,4863.9175,219309.171875,3360299.25,762.7437,950.5698,1110.0756,2194.2922,0.33467868,1851.3331,-0.071939535
5336,1429,2099.492,2928.2651,199952.65625,3360285.0,777.7012,1031.4531,1122.1644,1962.1305,0.27934578,1817.9507,-0.025386935
5337,1324,2096.3997,5152.873,222198.734375,3360316.0,437.48715,586.8218,606.16766,2098.618,0.5597308,1856.3164,-0.053429976
5338,1236,2096.0266,1574.2969,186412.96875,3360319.75,234.38512,361.51984,250.31755,2340.0752,0.8048241,1794.6025,-0.12183677
5339,1364,2096.6877,1750.5322,188175.328125,3360313.0,291.7064,444.3827,364.46188,2206.1243,0.7300942,1797.6415,-0.08883724
5340,1578,2100.974,3000.112,200671.125,3360270.25,625.929,840.4994,885.1787,2130.465,0.4258643,1819.1903,-0.073377065
5341,1390,2099.7742,4215.8994,212829.0,3360282.25,282.23166,411.97986,334.84387,2116.0195,0.71957654,1840.157,-0.05699883
5342,1194,2097.5361,2073.412,191404.125,3360304.75,180.28978,317.80652,195.15955,2535.2302,0.8567506,1803.2091,-0.16705997
5343,1106,2097.9954,2179.923,192469.234375,3360300.0,233.35217,384.9557,253.14873,2640.264,0.824528,1805.0458,-0.18170658
5344,1139,2094.8525,2310.1,193771.0,3360331.5,213.56673,354.51053,238.73573,2468.4858,0.82234806,1807.289,-0.14757746
5345,1385,2099.457,3079.7227,201467.21875,3360285.5,724.6798,961.47833,1019.1682,2319.92,0.39217997,1820.5625,-0.114090875
5346,1372,2099.3638,4254.5044,213215.046875,3360286.25,484.74707,619.8688,628.16766,1844.8798,0.49535167,1840.8226,0.021069748
5347,1525,2101.4768,4340.1987,214071.984375,3360265.25,1036.6931,1164.0465,1273.72,1901.5305,0.20799276,1842.3015,-0.005625067
5348,1135,2100.3374,2212.505,192795.046875,3360276.5,202.36168,342.74008,208.40308,2579.8472,0.85028654,1805.6088,-0.17465307
5349,1491,2098.1355,2464.5835,195315.84375,3360298.75,185.49263,317.34842,196.63817,2380.2837,0.8463888,1809.9543,-0.13099672
5350,1129,2100.604,5312.1055,223791.0625,3360274.0,795.39856,1000.26306,1152.3472,2027.1311,0.30906752,1859.065,-0.036943913
5351,1413,2100.8635,1403.2745,184702.75,3360271.25,258.9908,382.87756,298.00247,2165.382,0.75567734,1791.6564,-0.07785756
5352,1217,2101.613,3255.1716,203221.71875,3360263.75,1073.3907,1293.8998,1460.6254,2027.3718,0.17624606,1823.5891,-0.0339483
5353,1350,2103.2734,4058.338,211253.375,3360247.25,468.62296,618.8281,687.7022,2062.972,0.5143139,1837.4412,-0.047687333
5354,1226,2102.629,4898.512,219655.125,3360253.75,625.2121,813.91516,877.2341,2215.314,0.43976495,1851.9318,-0.080770604
5355,1335,2102.2014,3803.164,208701.640625,3360258.0,399.61572,558.73785,459.18576,2300.4458,0.6577188,1833.0398,-0.09698636
5356,1175,2102.245,3901.8254,209688.25,3360257.5,348.59235,485.93106,420.00342,2050.3618,0.654883,1834.7413,-0.032448873
5357,1228,2100.342,1468.754,185357.546875,3360276.5,251.03502,378.5391,274.03094,2260.9797,0.7811919,1792.785,-0.09864959
5358,1182,2104.2903,4627.956,216949.5625,3360237.0,942.35535,1055.047,1161.8951,1821.9073,0.23352893,1847.266,0.017131133
5359,1342,2102.4717,5230.759,222977.59375,3360255.25,550.7481,719.19073,784.9545,1938.7333,0.43504256,1857.6626,-0.0150417015
5360,1431,2105.246,1964.2201,190312.203125,3360227.5,185.14291,314.91684,200.90462,2426.574,0.8464746,1801.3301,-0.1455723
5361,1099,2103.4985,2247.0037,193140.03125,3360245.0,214.98453,355.1888,238.58871,2447.1055,0.82022434,1806.2052,-0.14329126
5362,1714,2104.364,2622.5718,196895.71875,3360236.25,600.6266,823.94867,902.9294,2150.8901,0.41088155,1812.6816,-0.07931674
5363,1357,2105.8164,3976.3367,210433.375,3360221.75,360.20633,522.49225,437.73618,2312.6604,0.67735505,1836.0281,-0.08566111
5364,1433,2104.984,4175.4194,212424.1875,3360230.25,269.67828,414.69016,290.1919,2070.7551,0.75343734,1839.4612,-0.056464836
5365,1182,2103.1497,5274.236,223412.359375,3360248.5,726.09094,927.802,1000.4336,2064.5457,0.38218477,1858.4128,-0.046918847
5366,1348,2106.2878,3937.5015,210045.015625,3360217.0,447.60608,600.503,559.90656,2216.4607,0.6080677,1835.3585,-0.063251734
5367,1004,2104.4253,4721.3105,217883.109375,3360235.75,927.8466,1041.9581,1162.863,1651.0079,0.17537147,1848.8762,0.06263647
5368,1348,2104.1514,1822.3597,188893.59375,3360238.5,204.99629,339.55453,238.97812,2185.0007,0.80201477,1798.8837,-0.09254453
5369,1020,2105.3794,2279.4656,193464.65625,3360226.25,197.7451,335.9809,202.81618,2566.2808,0.8530451,1806.7659,-0.17124227
5370,1274,2102.1577,3189.6436,202566.4375,3360258.5,917.74646,1131.6178,1322.8313,2014.5181,0.22173817,1822.4592,-0.040918987
5371,1259,2107.7546,3733.8054,208008.0625,3360202.5,510.99445,701.7871,667.9738,2193.8816,0.53655326,1831.8462,-0.07809855
5372,1232,2107.9326,4829.865,218968.65625,3360200.75,800.94727,972.69727,1145.2533,1948.5771,0.2598742,1850.7501,-0.014469017
5373,1414,2106.6812,2422.0261,194890.265625,3360213.25,317.62906,478.715,418.46924,2261.3413,0.69855434,1809.2246,-0.10116582
5374,1531,2113.3945,3046.7126,201137.125,3360146.0,582.1163,810.12604,775.3893,2314.4297,0.49835417,1819.9998,-0.10844922
5375,1395,2109.484,3116.828,201838.28125,3360185.25,685.724,921.27386,924.181,2292.375,0.42568645,1821.207,-0.10643776
5376,1375,2109.789,3483.9731,205509.734375,3360182.0,1010.61456,1286.7891,1406.8309,2159.5386,0.2292468,1827.5386,-0.07641422
5377,1453,2111.4805,3624.627,206916.265625,3360165.25,849.1466,1036.0798,1158.534,2016.0695,0.27706298,1829.9651,-0.036100455
5378,1263,2110.897,1603.3444,186703.4375,3360171.0,256.71655,388.5851,294.83057,2205.6382,0.76360714,1795.1107,-0.091847934
5379,1322,2111.4902,1917.6044,189846.046875,3360165.0,198.17285,334.76324,222.11536,2346.3176,0.8264346,1800.5294,-0.12804538
5380,1273,2106.6199,3384.9443,204519.4375,3360213.75,929.6434,1171.1528,1324.1583,2145.7776,0.2560215,1825.8293,-0.07277447
5381,1566,2113.1736,4377.2793,214442.796875,3360148.25,492.52682,627.5645,582.3065,1999.652,0.5574091,1842.9464,-0.026242826
5382,1060,2108.0461,5363.994,224309.9375,3360199.5,729.8769,934.2637,973.0118,2388.5745,0.41746876,1859.9633,-0.0983797
5383,1352,2112.224,2375.7212,194427.21875,3360157.75,203.08284,348.00702,212.65643,2521.7412,0.84370804,1808.4288,-0.16186345
5384,1516,2110.552,2742.1174,198091.171875,3360174.5,772.7408,1001.93335,1165.101,2184.7651,0.3261927,1814.746,-0.0789583
5385,1364,2112.6292,2965.8975,200328.96875,3360153.75,827.8684,1078.8027,1212.9766,1963.6378,0.24008101,1818.6058,-0.02534893
5386,1251,2109.7803,4019.9065,210869.0625,3360182.25,402.2574,507.42764,418.94086,1924.271,0.63322556,1836.7812,-0.0040239063
5387,1347,2110.283,4413.98,214809.796875,3360177.25,405.9228,551.0742,502.45322,2132.8752,0.6203831,1843.5781,-0.05796163
5388,1082,2109.9224,4591.756,216587.5625,3360180.75,837.81934,945.12384,1025.0919,1653.5453,0.24207322,1846.6442,0.06348746
5389,1257,2108.5505,5192.976,222599.765625,3360194.5,634.8711,799.7836,859.856,1963.2904,0.39754033,1857.0135,-0.017195273
5390,1275,2111.7834,3523.225,205902.25,3360162.25,1098.3435,1352.4996,1499.4102,2079.7705,0.17536019,1828.2164,-0.05812115
5391,1221,2108.9746,1506.4324,185734.328125,3360190.25,260.16583,385.69043,265.8493,2516.6445,0.8061548,1793.439,-0.14863509
5392,1174,2112.1064,2107.615,191746.15625,3360159.0,188.93484,329.92078,193.00214,2682.2024,0.8653433,1803.8059,-0.19431409
5393,1226,2113.164,3868.0432,209350.4375,3360148.25,325.69168,458.60684,373.61093,2157.0767,0.7002179,1834.1638,-0.06388187
5394,1220,2113.5647,4559.0703,216260.703125,3360144.25,810.27704,939.3975,1001.5623,1824.6147,0.3058018,1846.082,0.016416324
5395,1206,2114.8962,4690.215,217572.15625,3360131.0,913.44403,1024.3383,1149.313,1738.6927,0.21761869,1848.3445,0.03951469
5396,1411,2114.7676,1700.5201,187675.203125,3360132.25,261.02905,387.96988,322.6676,2097.028,0.7382008,1796.7881,-0.06494663
5397,1427,2112.0457,2503.78,195707.796875,3360159.5,414.71408,606.54205,574.19586,2390.9382,0.65542465,1810.6368,-0.12818944
5398,1447,2117.6082,5005.995,220729.953125,3360104.0,248.3179,395.7609,268.72357,2312.8784,0.7881245,1853.7924,-0.095659435
5399,1250,2116.7913,1661.1528,187281.53125,3360112.0,213.3812,337.0264,241.5908,2207.512,0.8029348,1796.1104,-0.096401565
5400,1435,2117.265,1875.3707,189423.703125,3360107.25,337.47665,501.3439,425.73416,2358.642,0.71446264,1799.8041,-0.12087999
5401,1153,2112.4197,4092.9236,211599.234375,3360155.75,359.16132,519.47876,502.28882,2275.9636,0.64433813,1838.0417,-0.09494337
5402,1085,2117.0894,4751.2847,218182.84375,3360109.0,795.6802,952.14746,1072.6249,1932.7235,0.298958,1849.3988,-0.013841372
5403,1320,2115.463,1999.9667,190669.671875,3360125.25,286.00302,445.50342,364.33105,2440.7512,0.77003974,1801.9514,-0.14645644
5404,1246,2120.353,2153.5715,192205.71875,3360076.5,278.42334,438.48917,328.2175,2616.9375,0.7888814,1804.6023,-0.17810178
5405,1350,2114.2266,2858.28,199252.796875,3360137.75,1035.3403,1276.1333,1413.0555,2046.7052,0.19413796,1816.7509,-0.05092476
5406,1266,2116.8784,3155.0862,202220.859375,3360111.25,655.66705,858.9463,919.8191,2074.7397,0.39293674,1821.8702,-0.058896698
5407,1256,2118.0835,3560.312,206273.125,3360099.25,841.87897,1073.4722,1185.1306,2148.0063,0.29754752,1828.859,-0.07286518
5408,984,2115.1067,4657.1157,217241.15625,3360129.0,712.0605,823.5945,912.0996,1670.6732,0.30530444,1847.7737,0.06669645
5409,1509,2117.5627,5114.0884,221810.875,3360104.25,229.53413,371.0169,258.5666,2277.137,0.7938342,1855.6567,-0.091632746
5410,1553,2119.3174,2575.2375,196422.375,3360086.75,602.94464,839.4717,936.056,2290.0757,0.4272655,1811.8726,-0.10746325
5411,1258,2118.9055,4523.1216,215901.21875,3360091.0,651.275,786.95233,794.34894,1859.5215,0.40825826,1845.4644,0.014425669
5412,1471,2123.4038,4930.259,219972.59375,3360046.0,843.102,1010.82324,1137.828,1903.5874,0.26810974,1852.4886,-0.0034646122
5413,1481,2122.5469,1433.626,185006.265625,3360054.5,258.88925,385.98648,314.20325,2093.434,0.7382116,1792.1904,-0.059168637
5414,1270,2119.6047,2337.9119,194049.125,3360084.0,195.03072,343.13898,204.2055,2594.2668,0.8536249,1807.7805,-0.17595135
5415,1508,2121.6194,2783.2156,198502.15625,3360063.75,545.313,775.04474,741.1141,2291.4795,0.51281285,1815.46,-0.10853476
5416,1308,2118.4014,3320.8357,203878.359375,3360096.0,682.2653,871.8471,995.71484,2052.3447,0.35744596,1824.7292,-0.052022588
5417,1299,2119.4465,3419.5596,204865.59375,3360085.5,952.4958,1190.1879,1317.7917,2044.0007,0.22854054,1826.4323,-0.049246076
5418,1391,2122.174,3663.0295,207300.296875,3360058.25,900.5665,1080.6218,1207.2682,1911.248,0.22839984,1830.6323,-0.011555902
5419,1533,2122.4834,2669.6067,197366.0625,3360055.25,576.0186,787.54175,879.99774,2127.1436,0.41764066,1813.5013,-0.075094506
5420,1231,2119.5393,3224.5728,202915.71875,3360084.5,852.48535,1054.4915,1232.5674,1974.394,0.23744111,1823.0698,-0.029023161
5421,1342,2121.163,5074.1514,221411.515625,3360068.25,233.6997,397.39343,266.81894,2324.0552,0.7945061,1854.9695,-0.10641764
5422,1435,2122.0286,1786.708,188537.078125,3360059.75,233.11533,364.97318,255.69337,2317.3245,0.799947,1798.2777,-0.11889898
5423,962,2120.5613,4123.955,211909.546875,3360074.5,259.11124,410.184,288.3898,2362.184,0.77877814,1838.5807,-0.11368609
5424,1235,2126.1077,4276.749,213437.5,3360019.0,856.94415,955.5206,1041.9117,1662.149,0.24219131,1841.2184,0.06036114
5425,1277,2124.264,4486.118,215531.1875,3360037.25,857.62805,976.5125,1049.7048,1788.0282,0.273904,1844.8286,0.024657823
5426,1417,2125.0967,2899.0657,199660.65625,3360029.0,744.5032,1003.0632,1086.6514,2016.447,0.3129852,1817.4592,-0.039424334
5427,1221,2124.7625,4786.1055,218531.0625,3360032.5,911.3522,1067.973,1213.1466,1795.7412,0.19878244,1850.0028,0.026414303
5428,1109,2121.8396,3285.4211,203524.21875,3360061.5,641.4175,826.0523,1016.7259,2005.192,0.3341091,1824.1202,-0.041199077
5429,1314,2127.1575,3354.682,204216.8125,3360008.5,770.66895,955.86835,1081.2249,1948.6042,0.28873187,1825.3171,-0.026434679
5430,1265,2123.7676,1541.9691,186089.6875,3360042.25,277.82214,414.2,320.09882,2422.7368,0.76373327,1794.059,-0.13624872
5431,1126,2126.3286,2058.2637,191252.640625,3360016.75,186.94937,326.80682,202.39743,2534.2065,0.8517322,1802.9619,-0.16711137
5432,1266,2123.977,4449.083,215160.828125,3360040.25,450.68524,576.8168,580.62006,1914.4364,0.5352947,1844.1897,-0.004895684
5433,1347,2128.8003,4969.9756,220369.75,3359992.0,279.92352,408.31033,300.21454,2226.8997,0.7561279,1853.176,-0.07024859
5434,876,2128.2454,5385.9097,224529.09375,3359997.5,591.1741,799.7015,785.8447,3129.2227,0.60807127,1860.3501,-0.23802532
5435,1351,2133.3516,1842.1355,189091.359375,3359946.5,289.37045,444.04294,366.02664,2257.9583,0.74917644,1799.2389,-0.10116445
5436,1398,2129.387,3778.5415,208455.40625,3359986.25,597.37054,718.9585,739.9721,1842.0844,0.42044625,1832.6277,0.02455881
5437,1455,2130.5676,1742.3423,188093.421875,3359974.25,284.21957,427.1646,344.35806,2268.3281,0.74825317,1797.517,-0.105200596
5438,1446,2130.5886,3829.3562,208963.5625,3359974.0,493.1632,618.70056,612.1196,1902.8264,0.51626754,1833.5046,-8.952459e-05
5439,1402,2132.7075,4312.801,213798.0,3359953.0,878.82385,997.8866,1115.2303,1756.925,0.23298226,1841.8431,0.033732057
5440,1207,2129.855,5328.1343,223951.34375,3359981.5,468.8749,648.3894,716.53314,2255.5254,0.51502806,1859.3541,-0.076988816
5441,1322,2131.4705,3702.8699,207698.703125,3359965.25,849.1634,984.23145,1067.09,1718.4395,0.23714814,1831.3236,0.045711372
5442,1290,2134.759,4152.691,212196.90625,3359932.5,244.14883,388.82947,261.20697,2212.8464,0.7863341,1839.0828,-0.084764116
5443,1275,2131.5474,5248.947,223159.46875,3359964.5,968.81726,1179.6666,1307.2776,2065.1917,0.25721,1857.989,-0.044917632
5444,1453,2133.3435,2823.9338,198909.34375,3359946.5,761.4539,955.2116,1057.6194,1945.3358,0.29929107,1816.1676,-0.02474765
5445,1384,2130.6785,5158.797,222257.96875,3359973.25,405.93207,559.82227,574.38513,1968.7522,0.55650896,1856.4337,-0.016869538
5446,1147,2131.524,2300.585,193675.84375,3359964.75,211.00697,356.06973,225.43767,2484.146,0.83182853,1807.1427,-0.15148155
5447,1352,2133.602,3454.7996,205218.0,3359944.0,878.8195,1087.8276,1202.9564,1998.27,0.25521284,1827.0466,-0.037966754
5448,1179,2132.3333,5289.666,223566.65625,3359956.75,845.24176,1063.4181,1186.4601,2195.0637,0.32174674,1858.6918,-0.072036915
5449,1200,2133.0107,2190.4558,192574.5625,3359950.0,202.72708,344.3604,206.40167,2662.1091,0.8559217,1805.2445,-0.19066347
5450,1524,2134.2383,2454.5684,195215.6875,3359937.5,188.33366,327.09122,203.7372,2413.2747,0.8437551,1809.7991,-0.13857347
5451,1361,2133.714,3591.4834,206584.84375,3359942.75,687.6135,916.4916,990.0823,2220.6274,0.39741018,1829.4038,-0.088866234
5452,1331,2133.5063,4203.2173,212702.171875,3359945.0,713.9459,835.3246,884.1285,1881.7979,0.3941843,1839.9536,-5.023265e-05
5453,1255,2133.2231,4883.516,219505.15625,3359947.75,500.15536,667.40955,655.2215,2264.722,0.5548519,1851.6868,-0.08979636
5454,1327,2135.7769,1628.0791,186950.796875,3359922.25,271.37152,406.9171,341.49246,2103.2163,0.72662723,1795.5496,-0.06238477
5455,1188,2135.7769,2029.4899,190964.90625,3359922.25,406.65573,594.4499,547.2769,2403.3071,0.6911289,1802.4705,-0.13849398
5456,1567,2136.6777,2709.1008,197761.0,3359913.25,732.61456,988.34076,1162.4429,2266.7925,0.3395514,1814.1891,-0.100662276
5457,1472,2138.3765,3020.0857,200870.859375,3359896.25,701.6471,913.8967,950.9473,2143.429,0.39613524,1819.5525,-0.07705503
5458,1187,2132.6724,1474.6024,185416.03125,3359953.25,275.631,412.15753,323.6605,2224.263,0.7444655,1792.902,-0.09120616
5459,1182,2135.044,2225.1414,192921.40625,3359929.5,204.8714,337.18527,220.96024,2535.2148,0.83741146,1805.8435,-0.16114448
5460,1249,2136.784,3996.8704,210638.703125,3359912.25,429.68134,573.4956,546.1585,2087.294,0.58371025,1836.3964,-0.043183103
5461,1226,2138.9902,1938.0946,190050.9375,3359890.0,216.87643,346.10156,231.61908,2397.9124,0.82287633,1800.8962,-0.13692245
5462,1364,2137.989,2407.0059,194740.0625,3359900.0,306.3409,469.21664,383.48938,2323.1877,0.73123866,1808.9807,-0.11477201
5463,1324,2137.4463,1573.8761,186408.765625,3359905.5,273.64578,404.21298,312.67297,2319.2139,0.7629183,1794.6158,-0.10789285
5464,1123,2135.8904,2262.3774,193293.78125,3359921.0,201.11977,342.22083,200.97685,2629.5432,0.85761976,1806.486,-0.18338814
5465,1383,2140.82,2607.0317,196740.3125,3359871.75,505.99927,709.13306,746.90094,2270.4287,0.51357746,1812.4312,-0.10375172
5466,1491,2140.3643,4241.5884,213085.875,3359876.25,1009.54596,1115.6392,1222.7056,1758.2079,0.1981249,1840.6185,0.035512805
5467,1450,2138.591,5038.3057,221053.0625,3359894.0,235.73276,382.9348,248.27586,2326.4463,0.80571735,1854.3589,-0.10534969
5468,1160,2140.3103,2090.156,191571.5625,3359877.0,183.32587,326.27585,194.58319,2679.2693,0.86385566,1803.5187,-0.19310361
5469,1440,2140.407,2939.6125,200066.125,3359876.0,732.3785,963.2778,1071.7952,2109.1587,0.3382721,1818.1658,-0.067599416
5470,1423,2139.3296,3951.8118,210188.125,3359886.75,391.01477,525.36896,489.35208,2041.2312,0.61658317,1835.6205,-0.036447357
5471,1124,2140.5596,4813.763,218807.625,3359874.5,868.25446,1080.5409,1239.1396,1970.4066,0.23083691,1850.4869,-0.019773014
5472,1246,2140.6077,4848.2993,219153.0,3359874.0,822.118,983.79535,1072.3684,2025.9261,0.308415,1851.0826,-0.032936092
5473,1739,2142.4634,2539.222,196062.21875,3359855.25,258.56268,414.8735,319.29556,2291.094,0.7530026,1811.2627,-0.10502482
5474,1518,2139.7456,3083.6191,201506.1875,3359882.5,915.3906,1145.1624,1226.393,2151.631,0.28453413,1820.6487,-0.07702946
5475,1426,2137.9285,3906.967,209739.671875,3359900.75,417.93057,544.0659,516.97687,1817.5652,0.541656,1834.8464,0.028523412
5476,1195,2138.4478,3190.7666,202577.671875,3359895.5,759.15063,968.81506,1098.9188,2007.2017,0.29545075,1822.4957,-0.04441941
5477,1294,2141.2366,4072.7783,211397.78125,3359867.75,393.38486,569.95593,568.05023,2436.7078,0.6336225,1837.7075,-0.13302062
5478,1126,2138.4326,4600.626,216676.25,3359895.75,717.71405,847.00757,903.1528,1750.6221,0.3245765,1846.8099,0.038749207
5479,1393,2140.3726,5203.988,222709.875,3359876.25,777.1601,952.276,1069.0262,1831.0725,0.2931767,1857.2174,0.010883768
5480,1288,2144.4744,2127.6824,191946.828125,3359835.25,196.71895,334.45923,200.93051,2680.5684,0.86002827,1804.1677,-0.19366534
5481,1197,2140.3926,3740.8813,208078.8125,3359876.0,775.4085,889.2999,977.9373,1684.5138,0.2606341,1831.9833,0.061392862
5482,1319,2142.7598,4035.1638,211021.640625,3359852.5,396.17136,544.55194,512.1865,2010.9856,0.59737414,1837.0596,-0.03133505
5483,1480,2148.1777,2643.0771,197100.765625,3359798.25,694.3118,883.16895,1004.33984,1884.1091,0.3027619,1813.0562,-0.007794887
5484,1256,2143.3184,3503.2795,205702.796875,3359846.75,861.66956,1041.2292,1111.0605,2030.2269,0.30113214,1827.8872,-0.046061043
5485,1096,2137.8887,4721.7334,217887.34375,3359901.0,952.3641,1076.7405,1203.6465,1729.2595,0.18131854,1848.8984,0.041692514
5486,1275,2143.0244,3257.9639,203249.640625,3359849.75,758.3878,964.4588,1076.8345,2047.5902,0.31871885,1823.6566,-0.04888403
5487,1462,2146.29,4346.4644,214134.640625,3359817.0,900.5041,1022.8605,1114.437,1795.6334,0.24689578,1842.4299,0.022737546
5488,1115,2142.3623,4634.942,217019.421875,3359856.5,736.2677,836.68787,931.2386,1597.4453,0.2705706,1847.4034,0.088783525
5489,1256,2145.4888,1969.4968,190364.96875,3359825.0,201.66241,327.7058,219.87698,2286.106,0.82356364,1801.4408,-0.11334218
5490,1398,2144.699,2495.4421,195624.421875,3359833.0,411.42133,601.9206,567.19275,2414.2417,0.6815563,1810.5089,-0.1305648
5491,1528,2148.22,2981.8286,200488.28125,3359797.75,922.4673,1182.7405,1347.898,2175.3865,0.24589205,1818.8975,-0.07560676
5492,1366,2148.751,1901.858,189688.578125,3359792.5,250.51683,388.18045,294.17276,2307.3455,0.778427,1800.2762,-0.115712486
5493,991,2142.9082,5359.777,224267.765625,3359851.0,517.8648,718.4995,640.8456,2805.9158,0.6415565,1859.9056,-0.18142346
5494,1187,2143.957,1509.3976,185763.96875,3359840.5,275.8374,407.61417,320.97977,2319.2393,0.75410944,1793.5074,-0.11028222
5495,1347,2146.5576,3123.4016,201904.015625,3359814.5,851.96545,1079.3512,1212.52,2111.232,0.27840367,1821.3379,-0.068781585
5496,1330,2145.4263,3386.8796,204538.796875,3359825.75,753.17596,953.3177,1012.9034,2098.5479,0.35134837,1825.8809,-0.05982596
5497,1221,2147.1433,3539.4612,206064.609375,3359808.5,849.75183,1035.1285,1115.7141,2057.6438,0.304279,1828.513,-0.05107387
5498,1257,2147.3691,1709.9292,187769.296875,3359806.25,211.74185,333.32697,227.73428,2197.0928,0.81083417,1796.9664,-0.08887079
5499,1284,2147.183,2363.9478,194309.46875,3359808.25,195.05919,347.55258,205.35904,2613.7139,0.85382295,1808.2428,-0.1800497
5500,1011,2145.4292,4668.432,217354.3125,3359825.75,776.10236,914.4876,1015.38776,1842.189,0.2984769,1847.9825,0.012801136
5501,1390,2152.3965,1812.0446,188790.4375,3359756.0,217.48094,348.3597,245.74208,2197.0173,0.79592997,1798.7295,-0.088014804
5502,1508,2149.2627,2751.6055,198186.0625,3359787.25,522.7424,755.0093,767.0401,2299.6445,0.5009913,1814.9281,-0.110122025
5503,1462,2148.3857,4418.143,214851.4375,3359796.25,375.30884,510.8283,485.88986,1919.21,0.59548086,1843.6671,-0.006617656
5504,1307,2147.6665,4549.508,216165.078125,3359803.25,804.95026,928.609,990.0535,1783.8469,0.29791984,1845.9324,0.02549084
5505,1354,2149.2808,2865.3013,199323.015625,3359787.25,801.75,1022.8896,1153.0957,2133.886,0.30175593,1816.8885,-0.07138589
5506,1488,2150.9797,3635.2507,207022.5,3359770.25,655.6203,838.5208,956.9039,1922.8683,0.35150683,1830.1666,-0.014816348
5507,1240,2146.042,3868.0781,209350.78125,3359819.5,594.5992,746.521,866.57904,2137.575,0.43018296,1834.1794,-0.045035094
5508,1200,2149.4058,4112.851,211798.515625,3359786.0,281.05334,438.94583,330.06168,2266.5466,0.74637103,1838.4023,-0.09627588
5509,1432,2151.6663,1666.9805,187339.8125,3359763.25,293.86,428.98532,354.2507,2186.9175,0.7294086,1796.2281,-0.07557656
5510,1419,2151.9592,5124.855,221918.546875,3359760.5,316.82028,457.45807,446.50388,2113.902,0.66530055,1855.8577,-0.05789038
5511,1128,2151.1614,3159.6853,202266.859375,3359768.5,706.67554,959.09576,956.89496,2295.5896,0.41922417,1821.9657,-0.10886193
5512,1216,2153.524,3297.8389,203648.390625,3359744.75,774.5987,989.773,1192.1752,2065.226,0.27767667,1824.3492,-0.054832395
5513,1280,2158.3281,4177.31,212443.09375,3359696.75,704.7344,831.51483,891.36017,2000.2211,0.4109652,1839.5181,-0.027138986
5514,1183,2151.9104,4757.2095,218242.09375,3359761.0,839.8267,997.87067,1104.8157,1986.3127,0.29073817,1849.5166,-0.025195023
5515,1451,2157.4219,1771.3473,188383.46875,3359705.75,236.20709,371.04858,280.27533,2127.1995,0.772454,1798.0303,-0.07601015
5516,1210,2155.3503,2323.0571,193900.5625,3359726.5,206.1405,351.78348,218.4029,2555.1182,0.84144056,1807.5416,-0.16756319
5517,1433,2159.305,3805.175,208721.75,3359687.0,636.1305,780.88837,850.89954,1992.3629,0.41655022,1833.1008,-0.027044572
5518,1412,2154.9866,4380.279,214472.78125,3359730.25,454.46954,581.2649,576.5914,1902.8385,0.5440155,1843.0171,0.003129558
5519,1354,2155.2002,4510.5605,215775.609375,3359728.0,987.09155,1106.1765,1216.1012,1834.8073,0.21333872,1845.264,0.009278008
5520,1438,2158.9465,4912.551,219795.5,3359690.5,756.60223,917.5132,1004.99164,2010.9368,0.34908545,1852.199,-0.032592293
5521,1287,2154.9502,4466.022,215330.21875,3359730.5,750.6368,894.09515,960.535,1873.0306,0.33333823,1844.4957,0.0015632944
5522,1262,2160.2622,1598.9541,186659.546875,3359677.5,295.7306,431.44452,366.17038,2195.785,0.7138581,1795.0596,-0.073683225
5523,1147,2154.9573,2000.2162,190672.15625,3359730.5,246.05362,389.03488,291.32693,2387.0437,0.7971422,1801.9751,-0.13340934
5524,1142,2154.296,3220.8416,202878.421875,3359737.0,741.90234,958.3507,1045.3372,2029.3529,0.32689902,1823.0219,-0.04689673
5525,1218,2156.9902,3332.8833,203998.828125,3359710.0,744.17816,926.42773,1020.2693,1999.7316,0.3344561,1824.9552,-0.035412915
5526,1084,2158.1882,4694.964,217619.640625,3359698.0,947.35284,1049.953,1177.3395,1595.4156,0.15453102,1848.4458,0.078542806
5527,1507,2155.893,5079.684,221466.84375,3359721.0,200.36496,334.7359,234.71864,2170.8176,0.8060397,1855.0802,-0.07379641
5528,1312,2159.064,2165.273,192322.734375,3359689.25,224.4436,374.68027,247.7965,2569.1653,0.8224322,1804.823,-0.16934118
5529,1263,2156.376,3424.288,204912.875,3359716.25,824.86896,1027.2993,1095.1959,2210.8687,0.339956,1826.5311,-0.087633766
5530,1347,2158.8828,3677.3533,207443.53125,3359691.25,764.2702,906.29846,986.5078,1829.0942,0.30279425,1830.8964,0.0125700375
5531,1538,2159.2334,4994.8955,220618.953125,3359687.75,299.70026,434.03836,315.60825,2394.56,0.76827025,1853.6193,-0.10982601
5532,1598,2163.316,3054.01,201210.09375,3359646.75,743.7728,959.918,1016.9061,2072.2715,0.34872,1820.1492,-0.05853142
5533,1268,2162.6082,3475.7642,205427.640625,3359654.0,888.35565,1071.4583,1159.668,2049.2896,0.28818765,1827.4216,-0.04971152
5534,1131,2162.1929,4581.2227,216482.21875,3359658.0,701.65784,833.1017,869.70557,1867.847,0.37470993,1846.4858,0.010314432
5535,1001,2157.933,5398.022,224650.21875,3359700.75,290.12488,445.984,432.44855,2194.7454,0.67510355,1860.5719,-0.07007599
5536,1414,2161.7412,1870.2524,189372.53125,3359662.5,270.41653,407.88013,318.53467,2250.6938,0.77051747,1799.7377,-0.09896849
5537,1462,2160.61,2793.8489,198608.484375,3359674.0,626.8403,837.23425,875.79376,2136.1409,0.4189005,1815.6619,-0.07415024
5538,1463,2162.715,4952.301,220193.0,3359652.75,455.40634,615.5906,575.7652,2236.0232,0.6092303,1852.8862,-0.07795677
5539,1163,2162.0688,5232.183,222991.828125,3359659.25,1013.58856,1266.657,1347.0895,2702.125,0.32427984,1857.7133,-0.15256825
5540,1524,2164.2368,2579.2258,196462.25,3359637.75,220.48785,369.92783,255.0279,2365.7393,0.8045501,1811.9629,-0.12450764
5541,1396,2166.7,2433.7664,195007.65625,3359613.0,199.18553,344.53223,217.22708,2430.6218,0.8354409,1809.456,-0.14175072
5542,1597,2166.6423,2679.3677,197463.671875,3359613.5,670.7336,889.0604,988.34753,2108.6338,0.36909124,1813.6908,-0.06259905
5543,1351,2162.1748,2903.4834,199704.828125,3359658.25,683.87195,873.5518,965.02295,1959.1936,0.3435095,1817.5531,-0.030086443
5544,1394,2162.432,4281.3413,213483.40625,3359655.75,969.3637,1087.4067,1227.2676,1715.0753,0.17503019,1841.3141,0.048484545
5545,1342,2164.187,5170.6953,222376.953125,3359638.25,733.46423,902.05554,1001.15576,1941.0525,0.33878747,1856.6537,-0.017259698
5546,1220,2164.8345,5268.965,223359.65625,3359631.75,644.9041,885.31476,849.1943,2840.7524,0.54095656,1858.3489,-0.18272397
5547,1106,2162.8508,5302.764,223697.640625,3359651.5,546.38654,765.38654,756.5674,2849.622,0.57916933,1858.931,-0.1851935
5548,1325,2163.8052,1540.0936,186070.9375,3359642.0,276.47058,410.0702,317.19208,2372.1897,0.76181275,1794.0465,-0.1156539
5549,1234,2164.7861,2282.628,193496.28125,3359632.25,203.43922,358.84726,211.4522,2655.64,0.85223085,1806.8491,-0.18889584
5550,1118,2164.457,3983.7666,210507.65625,3359635.5,414.55902,562.3175,566.5653,2008.229,0.5586008,1836.1831,-0.03098458
5551,1218,2165.0945,2064.744,191317.4375,3359629.0,199.54187,345.21222,218.01889,2491.179,0.83862215,1803.0927,-0.1588364
5552,1150,2164.779,2243.339,193103.390625,3359632.25,199.2587,338.61,200.36217,2676.8447,0.8596073,1806.1718,-0.1902999
5553,1280,2165.5618,3764.1165,208311.15625,3359624.5,634.28674,794.73047,860.28204,1993.5891,0.3971484,1832.3956,-0.029593937
5554,1294,2170.6716,3558.6653,206256.65625,3359573.25,885.483,1072.0325,1181.3447,2008.0378,0.27204424,1828.855,-0.038736068
5555,1216,2166.1545,4789.5815,218565.8125,3359618.5,535.5798,695.8117,722.1382,1941.0896,0.47535568,1850.0812,-0.008517993
5556,1052,2165.367,5336.516,224035.15625,3359626.25,500.61215,689.11786,704.3859,2547.0466,0.5791255,1859.5143,-0.1348447
5557,1231,2165.8147,3596.0503,206630.5,3359621.75,635.12024,807.19006,897.07556,1931.3306,0.37657997,1829.4974,-0.019591099
5558,1299,2168.301,3717.7158,207847.15625,3359597.0,915.53577,1026.9015,1180.9153,1605.7614,0.15622418,1831.5967,0.074794
5559,1345,2169.434,2202.78,192697.796875,3359585.75,191.43271,328.2513,197.19293,2654.977,0.8615399,1805.4747,-0.18921238
5560,1251,2170.3652,2390.8801,194578.796875,3359576.25,386.34933,572.97644,499.95685,2487.5896,0.6972939,1808.7184,-0.14897415
5561,1318,2171.2283,3844.359,209113.59375,3359567.75,616.3346,788.0137,868.8528,2092.2905,0.4243051,1833.782,-0.05358846
5562,1329,2171.9338,3919.4756,209864.75,3359560.75,509.67044,612.24603,594.7231,1603.5793,0.44686645,1835.0778,0.088433824
5563,1241,2167.9646,4874.383,219413.828125,3359600.25,675.2401,843.0411,908.5286,2139.6035,0.41477662,1851.5447,-0.06482931
5564,1394,2171.886,2833.8064,199008.0625,3359561.25,676.1349,895.0825,1001.63776,2138.9473,0.36839038,1816.3562,-0.07470466
5565,1368,2172.2046,4215.4395,212824.390625,3359558.0,868.6053,973.614,1065.1974,1675.7478,0.23529722,1840.182,0.060544692
5566,1394,2173.86,2473.624,195406.234375,3359541.5,184.82388,324.45624,202.83896,2393.4707,0.84235865,1810.1467,-0.13380545
5567,1363,2176.2517,3360.6404,204276.40625,3359517.5,701.6805,891.1911,921.9131,2204.3154,0.41830707,1825.4429,-0.084892556
5568,1136,2172.102,4619.691,216866.90625,3359559.0,847.76935,962.2896,1065.1523,1649.1637,0.22296298,1847.1538,0.07026839
5569,1548,2176.6033,2721.883,197888.828125,3359514.0,629.11176,885.90826,984.18994,2508.896,0.45877245,1814.4286,-0.15441664
5570,1258,2173.7695,4057.8633,211248.625,3359542.25,449.54453,600.721,596.94354,2029.333,0.55827564,1837.4652,-0.037224643
5571,1489,2176.3728,4141.947,212089.46875,3359516.25,512.1726,661.3647,614.7522,2086.2961,0.55506164,1838.9164,-0.045600466
5572,1355,2174.4695,1632.6686,186996.6875,3359535.25,299.74243,432.514,377.2406,2224.5562,0.7110621,1795.6478,-0.07947484
5573,1522,2178.0564,1735.0046,188020.046875,3359499.5,241.19612,366.73685,277.0473,2173.594,0.7703954,1797.414,-0.08233009
5574,1201,2173.9568,2033.6761,191006.765625,3359540.5,397.51498,587.84595,525.8676,2438.598,0.69313973,1802.5613,-0.14325972
5575,1500,2176.0833,4316.8306,213838.3125,3359519.25,976.21265,1087.174,1231.854,1645.694,0.15136878,1841.9324,0.067751765
5576,1102,2172.158,4726.3604,217933.59375,3359558.5,897.76044,1033.2931,1147.9882,1665.7477,0.19304228,1848.9935,0.058825944
5577,1326,2174.9246,4830.1562,218971.5625,3359530.75,660.9397,818.5973,864.43286,2085.2148,0.43404537,1850.7849,-0.04994519
5578,1283,2175.661,2100.3093,191673.09375,3359523.5,193.38036,332.50235,206.09276,2579.822,0.85142046,1803.7109,-0.17507985
5579,1374,2178.4622,4018.9753,210859.75,3359495.5,358.11136,492.2955,442.9847,1991.4258,0.6347094,1836.7966,-0.024329595
5580,1398,2173.6882,5034.1196,221011.1875,3359543.0,208.1166,355.1445,228.17596,2306.9531,0.8207092,1854.3022,-0.10425675
5581,1005,2174.2847,5371.579,224385.78125,3359537.25,232.45374,375.75125,330.4378,2362.7583,0.7568503,1860.1229,-0.112013444
5582,1199,2177.2593,1694.7323,187617.328125,3359507.5,211.43202,324.89157,227.67181,2191.033,0.80988514,1796.7192,-0.080214195
5583,1316,2176.3115,1931.8389,189988.390625,3359517.0,272.16718,409.40845,331.65085,2181.425,0.7525045,1800.8066,-0.08637735
5584,1513,2179.4758,2515.5586,195825.59375,3359485.25,328.22638,509.39886,441.51752,2338.4373,0.71084124,1810.8724,-0.1118933
5585,1459,2177.983,3102.5393,201695.390625,3359500.25,638.0966,886.8814,893.28784,2409.4429,0.45462185,1820.9929,-0.13019702
5586,1328,2178.7786,3884.393,209513.9375,3359492.25,515.7146,671.49396,721.01056,2093.4873,0.50161386,1834.476,-0.04535815
5587,1235,2176.732,4097.74,211647.40625,3359512.75,475.17084,624.33606,595.1992,2097.7263,0.5681558,1838.1542,-0.05115656
5588,1481,2178.2458,3014.2378,200812.375,3359497.5,628.60266,842.7799,929.8089,2145.2415,0.39924127,1819.4705,-0.076313466
5589,1421,2181.6045,4438.954,215059.53125,3359464.0,953.83606,1070.9888,1195.5303,1642.6133,0.16086248,1844.041,0.065633915
5590,1354,2181.1565,1841.3567,189083.5625,3359468.5,268.469,415.43317,334.09564,2169.9414,0.7413874,1799.249,-0.08275002
5591,1183,2178.9832,2346.3965,194133.96875,3359490.25,198.97844,354.1154,204.9328,2669.3525,0.8571412,1807.9556,-0.1910554
5592,1356,2179.5413,3185.3113,202523.109375,3359484.5,608.1781,836.3156,818.9174,2283.2676,0.47471598,1822.421,-0.1051741
5593,1045,2176.6843,3250.2058,203172.0625,3359513.25,608.2512,835.01917,852.13635,2339.4746,0.46740094,1823.5387,-0.11325472
5594,1164,2176.8909,3952.409,210194.09375,3359511.0,585.99225,706.53094,722.9003,1794.6434,0.43513513,1835.648,0.02757066
5595,1212,2177.8464,4656.5864,217235.859375,3359501.5,863.5437,987.5866,1106.1064,1760.2802,0.24077635,1847.7927,0.03326498
5596,1250,2182.2632,1568.7112,186357.109375,3359457.25,272.8536,405.732,340.6728,2129.9792,0.72350895,1794.5491,-0.052945614
5597,1575,2182.1174,2622.6018,196896.015625,3359458.75,206.84763,337.75937,232.71683,2318.9165,0.8159551,1812.7194,-0.11500655
5598,1323,2176.3992,2939.5994,200066.0,3359516.0,671.3076,846.98755,905.5397,1979.9755,0.386065,1818.1826,-0.034747753
5599,1153,2183.0598,3280.0867,203470.875,3359449.5,598.3573,822.2342,793.3035,2529.2559,0.5188366,1824.0569,-0.14837483
5600,1348,2184.8264,3444.8606,205118.609375,3359431.75,795.87537,969.95325,1045.2789,2145.2935,0.36044085,1826.8992,-0.07024714
5601,1427,2181.2795,3515.4849,205824.84375,3359467.25,823.97125,995.2039,1067.3525,2042.1772,0.32172567,1828.1154,-0.043260835
5602,1303,2182.1182,4250.2256,213172.25,3359458.75,939.4958,1062.1973,1167.7422,1763.2517,0.21826917,1840.7864,0.032689847
5603,1280,2181.7202,2136.3743,192033.75,3359462.75,266.0621,416.88165,312.95468,2559.938,0.79219437,1804.3357,-0.16709256
5604,1264,2182.0317,3397.9668,204649.671875,3359459.75,732.1859,922.2393,942.1507,2227.914,0.42001882,1826.0891,-0.09069399
5605,1270,2181.844,3145.8875,202128.875,3359461.5,627.626,850.3449,828.2575,2345.2173,0.47979963,1821.7423,-0.116618894
5606,1299,2184.6296,5104.259,221712.59375,3359433.75,228.34642,368.88684,290.13086,2212.0977,0.771731,1855.5167,-0.07879346
5607,1292,2182.4333,5202.751,222697.5,3359455.75,1093.6238,1341.6703,1437.0781,2566.3503,0.2968694,1857.2146,-0.12989953
5608,1298,2185.2427,4481.8037,215488.03125,3359427.5,908.24036,1024.4514,1118.1571,1724.257,0.22144742,1844.7816,0.043332882
5609,1216,2185.5552,5141.296,222082.96875,3359424.5,417.00082,570.8277,616.7455,2067.0476,0.5509683,1856.156,-0.043166015
5610,1362,2185.9832,1964.9934,190319.9375,3359420.25,205.13033,311.93906,219.06131,2110.4656,0.81041175,1801.383,-0.06893664
5611,1469,2188.879,2553.9597,196209.59375,3359391.25,198.31586,344.33936,214.78285,2385.6785,0.8330824,1811.5391,-0.13245356
5612,1467,2187.1575,2765.5938,198325.9375,3359408.5,646.32855,898.80707,973.38855,2313.2622,0.40968505,1815.1874,-0.11655672
5613,1356,2186.264,2975.764,200427.640625,3359417.25,883.77136,1133.4657,1303.2197,2216.5737,0.28568363,1818.8109,-0.08948182
5614,1435,2187.0732,4398.0684,214650.6875,3359409.25,432.92438,591.06274,635.67804,2094.8044,0.5368318,1843.3384,-0.040937513
5615,1201,2187.7693,3619.2722,206862.71875,3359402.25,855.771,1020.20483,1124.9958,1917.1199,0.26565516,1829.9081,-0.017229235
5616,1294,2188.153,3656.1338,207231.34375,3359398.5,800.1561,972.3246,1015.18317,2147.4336,0.35270426,1830.544,-0.06533434
5617,1236,2185.449,4555.772,216227.71875,3359425.5,640.38837,769.5477,785.87134,1868.9507,0.42461646,1846.0574,0.011296
5618,1338,2187.201,2871.9626,199389.625,3359408.0,530.26495,740.31537,800.24255,2196.901,0.4750317,1817.0215,-0.088567406
5619,1205,2187.9412,4521.3535,215883.53125,3359400.5,884.9743,990.1527,1058.7551,1722.7286,0.24593373,1845.465,0.04315184
5620,1374,2189.46,1803.9695,188709.6875,3359385.5,249.0968,386.57132,300.22562,2126.616,0.7553221,1798.6085,-0.072472595
5621,1293,2191.7039,2306.5576,193735.578125,3359363.0,207.72389,355.32407,225.52127,2498.7231,0.8315748,1807.2748,-0.15310869
5622,1236,2189.5972,3316.114,203831.140625,3359384.0,522.0813,730.8139,780.3277,2318.9421,0.5129456,1824.6813,-0.11318758
5623,1630,2192.0454,4353.076,214200.765625,3359359.5,849.3215,966.96625,1079.527,1784.3104,0.24133015,1842.5646,0.035236973
5624,1069,2189.8315,5408.81,224758.09375,3359381.75,505.34097,702.65063,725.5369,2462.669,0.54564476,1860.7719,-0.12616295
5625,1376,2193.7485,5064.181,221311.8125,3359342.5,212.89825,346.94403,243.08649,2125.8176,0.7908801,1854.8296,-0.06082195
5626,1048,2187.5715,3220.9255,202879.25,3359404.25,588.8201,816.23236,784.76,2387.6865,0.50475466,1823.039,-0.12461578
5627,1248,2189.4255,4757.8896,218248.90625,3359385.75,539.48395,686.4655,691.9647,1849.3934,0.488831,1849.545,0.012799496
5628,1468,2195.032,1903.1669,189701.671875,3359329.75,212.30075,338.28882,241.00578,2175.8086,0.7982704,1800.3215,-0.08446988
5629,1129,2188.4155,1999.7927,190667.921875,3359395.75,341.04474,496.55313,447.10406,2221.5037,0.7111846,1801.9841,-0.095701806
5630,1316,2193.8274,3785.6982,208526.984375,3359341.75,681.8199,860.65424,868.709,2289.5205,0.45256317,1832.7809,-0.09538053
5631,1346,2195.304,1664.8313,187318.3125,3359327.0,314.9959,452.5156,396.93945,2188.0312,0.6988524,1796.2126,-0.070032224
5632,1293,2195.4717,3741.198,208081.984375,3359325.25,850.9111,973.97217,1066.7719,1731.2637,0.2361416,1832.0142,0.037843052
5633,1271,2195.2212,3694.04,207610.40625,3359327.75,932.75214,1065.9552,1157.7993,1875.0189,0.24147882,1831.2009,-0.002822886
5634,1371,2194.3057,4186.075,212530.75,3359337.0,893.3421,1006.221,1099.2545,1716.1991,0.2287047,1839.6857,0.04934927
5635,1148,2192.481,4689.979,217569.78125,3359355.25,954.5967,1058.1694,1176.608,1557.9961,0.14295654,1848.3751,0.091213234
5636,1356,2196.6592,4930.3296,219973.296875,3359313.5,610.5096,764.323,784.0376,2139.7346,0.47650456,1852.5223,-0.058130678
5637,1215,2194.3835,5246.431,223134.3125,3359336.25,445.6037,635.0609,577.5218,2822.1355,0.66000473,1857.9731,-0.17431757
5638,1008,2192.8433,5314.448,223814.484375,3359351.5,359.45734,502.68155,451.3631,2339.1558,0.67399883,1859.1456,-0.08805397
5639,1499,2200.116,2659.4902,197264.90625,3359278.75,205.04036,329.18512,228.7525,2224.419,0.8128314,1813.364,-0.09599501
5640,1369,2199.4558,3073.6924,201406.921875,3359285.5,617.12494,849.24176,884.46533,2344.5317,0.45465013,1820.5057,-0.11936132
5641,1164,2195.7612,4595.695,216626.953125,3359322.5,778.98193,893.5782,954.0765,1640.3849,0.28537345,1846.7505,0.073753364
5642,1333,2196.7224,1769.0233,188360.234375,3359312.75,244.66354,370.8976,282.2119,2169.3027,0.7675768,1798.0096,-0.080317646
5643,1060,2194.5652,2234.782,193017.8125,3359334.25,187.89812,329.41226,193.6434,2682.3796,0.86489797,1806.0387,-0.19349976
5644,1247,2198.2927,2412.0376,194790.375,3359297.0,213.5409,363.4555,241.7907,2404.9695,0.815939,1809.0967,-0.13596067
5645,1313,2198.7578,3824.6482,208916.484375,3359292.5,587.5636,738.5796,762.46765,2000.0214,0.4623217,1833.4548,-0.030867955
5646,1120,2197.2634,4859.777,219267.765625,3359307.25,760.2027,922.783,983.26074,2064.333,0.36551574,1851.3058,-0.044601865
5647,1402,2199.9243,4968.0015,220350.015625,3359280.75,305.66727,445.10556,349.19437,2301.21,0.7385706,1853.1735,-0.09510367
5648,1300,2197.0408,5002.707,220697.0625,3359309.5,207.50308,340.87076,227.38731,2240.0623,0.81681186,1853.7708,-0.09194927
5649,1224,2198.8252,2268.0857,193350.859375,3359291.75,197.0192,352.8027,212.85172,2602.7332,0.8486199,1806.6149,-0.17962693
5650,1435,2200.3093,2808.1443,198751.4375,3359277.0,611.4049,844.78467,891.5927,2247.699,0.43551102,1815.9272,-0.101745516
5651,1335,2200.5273,4896.839,219638.390625,3359274.75,817.3326,991.0479,1088.1648,2023.5236,0.31096599,1851.9464,-0.034237258
5652,1394,2199.8105,2172.4692,192394.6875,3359282.0,203.39491,347.3228,214.05128,2660.6047,0.8509566,1804.9668,-0.19067931
5653,1305,2198.6077,3480.7764,205477.765625,3359294.0,825.1709,986.22144,1042.7103,1986.1172,0.31693524,1827.5249,-0.033325385
5654,1199,2198.4812,4799.893,218668.9375,3359295.25,406.5171,570.0225,559.68555,2072.944,0.6004103,1850.2734,-0.04421087
5655,1033,2198.695,5347.4463,224144.46875,3359293.0,428.83157,623.46857,576.8064,2941.7434,0.667603,1859.7174,-0.20649841
5656,1250,2202.768,2372.1392,194391.390625,3359252.25,439.4004,645.9292,595.702,2520.3467,0.6751427,1808.4109,-0.15639545
5657,1258,2199.86,3572.2217,206392.21875,3359281.5,749.659,934.5119,992.6916,2036.8561,0.34609774,1829.1023,-0.04424919
5658,1284,2202.6807,5282.403,223494.03125,3359253.25,289.405,436.3715,417.84814,2169.7407,0.67868483,1858.5973,-0.058511153
5659,1295,2200.1606,1598.068,186650.6875,3359278.5,277.3467,414.5282,350.7197,2126.7915,0.7180938,1795.0641,-0.06296373
5660,1319,2200.633,2907.596,199745.953125,3359273.75,584.558,806.25433,868.92267,2318.5542,0.4678366,1817.6422,-0.113683425
5661,1313,2203.543,2452.3708,195193.703125,3359244.5,211.61806,357.37738,235.24486,2375.1467,0.82011425,1809.7946,-0.1310801
5662,1180,2197.928,3983.901,210509.0,3359300.75,891.9127,1001.9161,1085.0669,1709.4398,0.2323675,1836.2007,0.046105318
5663,1551,2207.4766,2593.6047,196606.046875,3359205.25,198.13637,346.25952,221.76982,2422.9775,0.83243203,1812.2316,-0.13779122
5664,1423,2207.1714,3039.2922,201062.921875,3359208.25,619.3928,847.90936,958.24774,2201.0254,0.39266545,1819.9161,-0.08887938
5665,1387,2207.1746,1871.783,189387.828125,3359208.25,258.89005,406.3194,319.21088,2211.6975,0.7519879,1799.7864,-0.08928517
5666,1423,2204.269,2066.5735,191335.734375,3359237.25,209.7962,348.188,224.81729,2433.2002,0.8304459,1803.1433,-0.14619666
5667,1523,2208.8057,2698.3035,197653.03125,3359192.0,577.8076,812.69006,886.6274,2441.4587,0.52534634,1814.0375,-0.13697137
5668,1148,2205.2683,4079.2405,211462.40625,3359227.25,737.5906,877.6071,959.2831,1975.5035,0.36690187,1837.8481,-0.027964516
5669,1404,2204.0933,4279.607,213466.0625,3359239.0,1054.3746,1176.0236,1320.9615,1729.0776,0.13930485,1841.3031,0.040382467
5670,1162,2206.123,4632.783,216997.828125,3359218.75,808.0697,920.98535,1043.2607,1670.5731,0.24342673,1847.3948,0.058832537
5671,1323,2205.9448,5170.3687,222373.6875,3359220.5,1010.8904,1224.4003,1395.769,2076.5771,0.22147362,1856.6664,-0.05025765
5672,1370,2210.135,4117.717,211847.171875,3359178.75,919.5533,1054.3278,1141.1533,1944.8314,0.2843946,1838.5139,-0.018351747
5673,1087,2204.5447,4720.968,217879.6875,3359234.5,901.69366,1031.6283,1171.4894,1672.2097,0.18556575,1848.915,0.057133373
5674,982,2205.1763,5380.5864,224475.859375,3359228.25,228.40733,357.74948,289.15378,2520.7007,0.7951138,1860.2917,-0.14043057
5675,1142,2207.3765,2206.1304,192731.3125,3359206.25,182.03853,319.7951,190.27628,2628.8257,0.8647413,1805.5509,-0.18412805
5676,1235,2209.4995,3126.8738,201938.734375,3359185.0,504.10284,717.31903,674.6024,2326.8987,0.56145054,1821.4275,-0.11271247
5677,1262,2211.4001,3416.4644,204834.640625,3359166.0,501.49167,659.61646,615.3336,2375.5981,0.6093691,1826.4219,-0.1253025
5678,1462,2211.5835,3532.522,205995.21875,3359164.25,893.6833,1065.056,1132.2722,2037.6204,0.2916694,1828.4232,-0.046580583
5679,1380,2210.4485,3863.4036,209304.03125,3359175.5,648.22174,799.0022,901.63983,2047.016,0.39197367,1834.1285,-0.030549778
5680,1226,2208.846,4045.4648,211124.65625,3359191.5,640.35724,785.0212,794.92334,2121.0742,0.47048533,1837.2673,-0.06002487
5681,1448,2212.2375,2491.2874,195582.875,3359157.5,353.28177,527.99,465.788,2390.1702,0.7232019,1810.4697,-0.1308148
5682,1321,2213.2324,3339.5215,204065.21875,3359147.75,354.32816,518.151,473.8062,2207.8506,0.64967084,1825.096,-0.09015178
5683,1351,2210.2893,3939.4922,210064.921875,3359177.0,663.29755,847.30646,900.3738,2287.0962,0.43303353,1835.4406,-0.094585076
5684,1460,2211.2761,1705.6335,187726.34375,3359167.25,267.00275,386.0743,316.51712,2086.743,0.73714274,1796.924,-0.050035056
5685,1362,2212.1497,2845.8694,199128.6875,3359158.5,696.86456,938.0117,1112.126,2185.049,0.32714292,1816.5834,-0.085823074
5686,1211,2209.1775,2029.0116,190960.109375,3359188.25,243.90462,384.00702,260.0153,2512.5957,0.81159854,1802.498,-0.15778966
5687,1408,2213.5994,3902.7117,209697.125,3359144.0,621.99146,779.5291,865.6832,1855.995,0.35081652,1834.8077,0.024499277
5688,1355,2213.997,4155.345,212223.453125,3359140.0,1116.2782,1257.1335,1375.4642,1978.9261,0.19169845,1839.1647,-0.02768948
5689,1481,2213.2769,4229.755,212967.546875,3359147.25,683.5064,826.2174,838.3194,2023.7576,0.4406255,1840.4475,-0.036535185
5690,1158,2212.0803,2335.108,194021.078125,3359159.25,197.5475,352.90588,214.23315,2558.9758,0.84527063,1807.7769,-0.17096157
5691,1499,2215.9666,2739.0088,198060.09375,3359120.25,649.5057,885.54236,1012.8859,2289.5383,0.39441863,1814.7427,-0.11137036
5692,1277,2213.3586,3374.8896,204418.90625,3359146.5,326.20282,481.76273,419.32654,2288.5913,0.6855522,1825.7059,-0.10653813
5693,1327,2212.107,2103.8613,191708.609375,3359159.0,210.33119,353.56482,233.02072,2436.0615,0.82507616,1803.7899,-0.14740622
5694,1322,2212.4888,2947.836,200148.359375,3359155.0,823.219,1032.6343,1133.8695,2138.538,0.32080486,1818.3418,-0.06638113
5695,1232,2214.3345,5216.9155,222839.15625,3359136.75,712.3612,968.9586,901.7565,3433.0735,0.5795576,1857.4729,-0.27404544
5696,1303,2214.0645,1631.3738,186983.734375,3359139.25,287.61935,426.5775,355.79932,2293.1926,0.7319291,1795.6451,-0.09806
5697,1423,2217.08,3165.823,202328.234375,3359109.25,531.19324,732.88544,668.2312,2349.1475,0.56854594,1822.1027,-0.11647187
5698,1180,2213.712,3206.6855,202736.859375,3359143.0,595.4356,825.9678,779.60974,2490.2585,0.5184537,1822.8057,-0.14408176
5699,1353,2216.5647,4458.51,215255.09375,3359114.25,932.8119,1038.2802,1165.0078,1643.7147,0.17679816,1844.394,0.06492321
5700,1183,2218.6501,3601.8293,206688.296875,3359093.5,1046.8901,1190.1783,1271.3651,1905.6797,0.20183462,1829.6216,-0.012989995
5701,1415,2216.694,4312.068,213790.6875,3359113.0,936.82684,1042.0826,1147.5315,1666.1117,0.19410667,1841.8685,0.057183504
5702,1500,2218.438,2996.2314,200632.3125,3359095.5,644.081,841.571,907.689,2074.6487,0.39142123,1819.1791,-0.056439564
5703,1329,2213.8193,3251.213,203182.125,3359141.75,689.3999,888.22345,918.3781,2190.1252,0.40482855,1823.5735,-0.08114863
5704,1386,2218.63,4420.704,214877.03125,3359093.75,723.2951,844.4726,915.2868,1704.2406,0.31396365,1843.7429,0.04956807
5705,1202,2216.3635,4499.9917,215669.921875,3359116.25,951.20465,1055.8652,1153.7313,1705.5033,0.2033413,1845.1093,0.046914905
5706,1125,2215.9822,4665.9653,217329.65625,3359120.25,949.9178,1055.4115,1187.0658,1592.8324,0.15074053,1847.9716,0.08278116
5707,1200,2216.1108,4832.4473,218994.46875,3359119.0,765.28,961.18835,1042.2524,2174.5774,0.35825044,1850.8428,-0.06954893
5708,1399,2217.7976,5031.8857,220988.859375,3359102.0,300.5754,447.1873,388.3388,2135.1123,0.7091025,1854.2832,-0.064522095
5709,1673,2220.1238,1941.7137,190087.140625,3359078.75,198.09294,326.01135,231.17992,2101.405,0.8010353,1800.9984,-0.068842664
5710,1404,2219.1055,2533.2957,196002.953125,3359089.0,217.42308,360.4943,243.61574,2377.482,0.81496614,1811.1974,-0.12996432
5711,1272,2217.2869,3291.427,203584.265625,3359107.25,595.658,817.23425,770.533,2483.331,0.52033114,1824.2686,-0.14177895
5712,1195,2218.0752,5091.361,221583.609375,3359099.25,337.31717,490.61758,457.94687,2081.1716,0.6468973,1855.3091,-0.051387183
5713,1418,2219.7166,1832.5924,188995.921875,3359082.75,261.40973,393.07263,296.26797,2288.684,0.7705348,1799.117,-0.108415976
5714,1225,2217.7544,2140.0269,192070.265625,3359102.5,328.17224,506.3,428.6306,2488.878,0.7308643,1804.4163,-0.1537805
5715,1245,2219.9011,4011.718,210787.1875,3359081.0,857.61444,976.2948,1069.2257,1856.996,0.27674395,1836.6904,0.006511769
5716,1429,2221.9614,4378.9795,214459.796875,3359060.5,709.29987,837.21625,934.465,1693.8502,0.29788098,1843.0249,0.05621453
5717,1161,2220.7812,4575.9727,216429.71875,3359072.25,707.87683,814.95264,898.1223,1658.4177,0.31945193,1846.4216,0.06824551
5718,1120,2219.975,4770.653,218376.53125,3359080.25,370.01874,511.47678,461.49286,1882.7303,0.6154459,1849.7787,0.004015267
5719,1305,2219.613,5128.7607,221957.609375,3359083.75,550.1337,709.10077,712.1571,1899.7015,0.46579763,1855.9547,-0.0047645806
5720,1518,2223.18,1744.5632,188115.625,3359048.25,302.2177,430.6311,374.40515,2100.9531,0.6982806,1797.601,-0.050220024
5721,1169,2219.9426,3638.1035,207051.03125,3359080.5,951.05817,1095.8478,1177.0496,1865.7614,0.22741017,1830.2477,-0.002019882
5722,1282,2222.9321,3716.4993,207835.0,3359050.75,411.2863,566.8104,544.6552,2038.3829,0.5801456,1831.601,-0.04581276
5723,1216,2219.9333,4541.3413,216083.40625,3359080.75,765.4597,893.2508,990.5485,1699.0946,0.2704479,1845.824,0.060992662
5724,1412,2221.361,1989.0913,190560.90625,3359066.5,413.53363,596.3927,563.58746,2249.8708,0.65953773,1801.8158,-0.10044738
5725,1266,2223.259,3762.143,208291.4375,3359047.5,473.57108,644.684,620.778,2202.2922,0.5660364,1832.3882,-0.08599162
5726,1408,2224.669,2780.7273,198477.28125,3359033.25,581.9617,815.4957,862.049,2274.2463,0.45264763,1815.4662,-0.108462766
5727,1324,2227.8452,3096.4321,201634.3125,3359001.5,617.6896,864.9328,881.19635,2344.2024,0.45860666,1820.9113,-0.116991475
5728,1515,2226.7961,2632.5466,196995.46875,3359012.0,183.6241,310.16995,195.67624,2248.821,0.83921033,1812.9122,-0.103731416
5729,1290,2226.068,3673.7263,207407.265625,3359019.25,607.48834,792.3016,834.7682,2172.8735,0.4539689,1830.8649,-0.07709441
5730,1321,2226.9592,2286.3884,193533.890625,3359010.5,191.34406,338.581,212.03104,2438.6113,0.8369603,1806.9441,-0.13837251
5731,1367,2226.8208,3446.474,205134.75,3359011.75,683.8961,841.4616,891.7827,2055.0645,0.4088683,1826.9465,-0.051978126
5732,1290,2227.2637,3805.1318,208721.3125,3359007.25,694.66437,850.1969,912.562,2017.034,0.38523176,1833.1313,-0.037059598
5733,1294,2229.7056,2884.2341,199512.34375,3358983.0,451.6225,661.12634,728.0228,2136.6755,0.49291965,1817.2533,-0.073777065
5734,1231,2228.7002,3971.4988,210384.984375,3358993.0,967.36066,1099.6141,1184.9098,2045.2242,0.28373316,1836.001,-0.043344684
5735,1050,2224.4885,5319.8906,223868.90625,3359035.0,422.21143,583.74286,563.26764,2653.302,0.6504187,1859.2533,-0.15814508
5736,1094,2226.1023,5413.178,224801.78125,3359019.0,532.6682,724.5174,752.31995,2444.1965,0.56518984,1860.863,-0.12163904
5737,1526,2230.0571,1794.7786,188617.78125,3358979.5,276.02686,401.52686,325.76703,2248.638,0.7475712,1798.4701,-0.0938661
5738,1133,2229.2903,2428.5728,194955.71875,3358987.0,208.38702,349.98853,234.34024,2356.6497,0.81682026,1809.3967,-0.1264333
5739,1363,2231.1907,4196.9185,212639.1875,3358968.0,940.135,1071.5348,1158.223,1799.7601,0.23087198,1839.8894,0.022534357
5740,1143,2230.5066,4737.3525,218043.53125,3358975.0,624.7725,759.88367,799.0376,1777.7201,0.40295902,1849.2091,0.031945236
5741,1381,2230.349,2239.6199,193066.203125,3358976.5,187.00398,336.29688,198.22845,2656.1506,0.8608258,1806.1394,-0.18943621
5742,1193,2232.348,2393.2222,194602.21875,3358956.5,305.57626,483.9128,385.32983,2526.9648,0.7642914,1808.7887,-0.15876676
5743,1435,2235.0312,2569.977,196369.765625,3358929.75,187.82474,319.13797,193.23102,2419.516,0.8512795,1811.8374,-0.13896064
5744,1258,2229.9937,3485.5183,205525.1875,3358980.0,909.7345,1077.3792,1142.601,2039.9991,0.2946072,1827.6212,-0.049118254
5745,1273,2231.4714,4870.591,219375.90625,3358965.25,787.8342,983.1037,1116.0526,2039.4752,0.3026013,1851.5074,-0.034542307
5746,1435,2232.9053,4945.6523,220126.53125,3358951.0,444.23135,572.76514,492.94772,2211.7588,0.636146,1852.8026,-0.068576336
5747,1299,2230.7683,5254.08,223210.796875,3358972.25,501.7779,707.82104,680.587,2661.3977,0.5851582,1858.1211,-0.14779088
5748,1410,2235.7078,4339.4326,214064.328125,3358923.0,699.41345,816.53864,859.2837,1670.472,0.32858944,1842.3491,0.057177156
5749,1215,2233.1958,4614.1426,216811.421875,3358948.0,798.3391,897.0486,1017.2922,1593.0585,0.22816558,1847.0854,0.08246259
5750,1145,2233.7354,5185.8325,222528.328125,3358942.75,841.10614,1048.0883,1104.6733,2392.0708,0.4159573,1856.9453,-0.09928133
5751,1273,2233.7305,4696.6865,217636.875,3358942.75,938.0998,1054.4368,1181.2235,1619.7322,0.15996239,1848.5093,0.0736
5752,1441,2237.7107,4262.555,213295.546875,3358903.0,983.36365,1109.7932,1219.4968,1902.4441,0.22792426,1841.0243,-0.006592454
5753,1539,2236.323,4990.794,220577.9375,3358916.75,255.01852,396.539,303.23456,2186.5845,0.75963014,1853.5826,-0.07541909
5754,1006,2231.6233,5351.4385,224184.375,3358963.75,356.18887,511.11432,510.9195,2362.504,0.6393487,1859.8005,-0.09932937
5755,1474,2234.1655,1664.1581,187311.578125,3358938.25,278.54443,408.26865,333.96777,2214.5986,0.73594475,1796.2202,-0.07806904
5756,1266,2237.2346,2919.2495,199862.5,3358907.75,657.2879,893.88824,995.98895,2209.3074,0.38506222,1817.8606,-0.09100409
5757,1168,2235.626,3568.2705,206352.703125,3358923.75,994.7611,1139.1301,1208.4529,1937.0454,0.23543507,1829.0508,-0.022252548
5758,1339,2239.7856,3844.8843,209118.84375,3358882.25,463.40778,606.74756,639.1994,2133.094,0.5668546,1833.8226,-0.063169844
5759,1154,2235.0745,4801.7695,218687.6875,3358929.25,871.50085,1007.34314,1082.0563,1921.0399,0.29977995,1850.3221,-0.009845786
5760,1342,2239.3794,5062.796,221297.96875,3358886.25,358.5816,521.2936,487.77982,2138.7668,0.6402466,1854.8258,-0.05869389
5761,1648,2241.7961,1905.2251,189722.25,3358862.0,249.2418,381.65686,292.14078,2185.885,0.76255834,1800.3799,-0.08305514
5762,1099,2239.6216,2320.7134,193877.125,3358883.75,203.72247,358.21793,233.32484,2449.601,0.82834893,1807.542,-0.14868475
5763,1416,2239.8474,4906.9336,219739.34375,3358881.5,691.78534,847.3019,896.1766,2053.3425,0.4026113,1852.138,-0.035977215
5764,1326,2239.442,2195.9268,192629.265625,3358885.5,181.21681,315.62708,188.17421,2619.0095,0.86563426,1805.3905,-0.18237776
5765,1566,2243.1487,2672.892,197398.921875,3358848.5,392.9572,576.2829,538.04407,2351.3604,0.68083876,1813.6157,-0.12093324
5766,1351,2237.5454,4086.3745,211533.75,3358904.5,814.35455,962.2539,1045.4404,1975.6033,0.32683545,1837.986,-0.028899735
5767,1153,2239.7156,5293.2383,223602.375,3358882.75,345.93756,513.0486,466.84302,2641.7788,0.6971361,1858.8003,-0.15413636
5768,909,2234.9583,5383.0166,224500.15625,3358930.5,224.46425,351.19803,299.73596,2216.4775,0.75471896,1860.3467,-0.07377686
5769,1251,2241.5125,2359.3926,194263.921875,3358865.0,431.5112,626.66626,571.2218,2430.8997,0.6585579,1808.2098,-0.13423634
5770,1466,2243.5745,2821.2258,198882.25,3358844.25,538.23224,761.4693,831.30695,2222.3228,0.46196726,1816.1735,-0.09149125
5771,1368,2243.7844,2964.65,200316.5,3358842.25,862.48645,1158.7548,1312.0881,2560.655,0.3662306,1818.6465,-0.16241542
5772,1285,2241.919,3026.0522,200930.53125,3358860.75,614.32764,818.4922,867.0821,2221.39,0.4366296,1819.7043,-0.091496326
5773,1410,2245.58,3316.3481,203833.484375,3358824.25,527.49396,719.2876,778.33405,2194.7024,0.48446345,1824.7115,-0.088824995
5774,1231,2241.1738,3394.1047,204611.046875,3358868.25,497.5398,685.1454,803.99023,2169.846,0.47963917,1826.0502,-0.07860603
5775,1094,2243.7825,3512.7148,205797.15625,3358842.25,933.4954,1100.5914,1177.5411,1970.6929,0.259764,1828.0967,-0.032345317
5776,1396,2242.76,2465.1426,195321.421875,3358852.5,191.41118,326.72635,205.87465,2395.7034,0.84161866,1810.0337,-0.13709643
5777,1365,2240.3699,2034.4974,191014.96875,3358876.25,233.54726,356.58316,251.76556,2302.5723,0.80227923,1802.6079,-0.1132068
5778,1489,2243.1853,2075.5823,191425.828125,3358848.25,227.93889,341.79785,229.7898,2380.278,0.8222708,1803.3176,-0.12672701
5779,1329,2244.909,2160.794,192277.9375,3358831.0,234.2769,380.29797,266.65613,2474.8054,0.8125489,1804.7875,-0.15432526
5780,1506,2246.4375,3062.6003,201296.0,3358815.5,576.1962,818.3984,826.661,2401.9065,0.48933107,1820.3367,-0.13283983
5781,1298,2244.7974,3234.3767,203013.765625,3358832.0,616.91986,816.5362,809.3455,2242.6873,0.47293955,1823.2977,-0.09605028
5782,1118,2242.3506,3194.9275,202619.28125,3358856.5,586.6324,806.5872,769.52686,2456.385,0.5161812,1822.6163,-0.1356824
5783,1321,2243.6465,1868.0182,189350.1875,3358843.5,290.0405,420.39212,345.4576,2234.6733,0.733045,1799.7394,-0.08772594
5784,1292,2246.297,2510.4714,195774.71875,3358817.0,437.12924,634.7543,592.4888,2459.9006,0.6675625,1810.8169,-0.14553235
5785,1348,2246.934,5148.333,222153.328125,3358810.75,1123.1165,1350.8605,1528.7626,2175.4758,0.20439628,1856.3043,-0.07255884
5786,1199,2245.9158,4480.2803,215472.8125,3358820.75,858.81903,968.3503,1053.904,1662.5463,0.23091367,1844.7826,0.061701592
5787,1260,2245.5303,4650.603,217176.03125,3358824.75,873.0865,987.8325,1136.6587,1596.2015,0.1740691,1847.7197,0.083355114
5788,1518,2249.0955,2712.0415,197790.40625,3358789.0,199.62813,333.21542,215.51712,2362.855,0.83199114,1814.2936,-0.1268942
5789,1312,2245.0654,3132.648,201996.484375,3358829.25,591.11053,832.23016,868.61206,2378.0876,0.47133747,1821.5438,-0.12445979
5790,1448,2247.9294,3925.8591,209928.59375,3358800.75,652.52,832.7362,897.76105,2237.71,0.4263494,1835.2228,-0.08060928
5791,1315,2244.4236,4042.2563,211092.5625,3358835.75,856.8274,999.4365,1091.5726,1945.8258,0.30056274,1837.2283,-0.021181371
5792,1430,2247.8582,4129.2847,211962.84375,3358801.5,1073.5238,1195.7363,1307.9098,1829.0531,0.17474933,1838.7306,0.011656725
5793,1140,2247.1113,4517.8247,215848.25,3358809.0,751.51227,863.49915,960.86316,1598.35,0.25714844,1845.4307,0.088376075
5794,1302,2248.3057,3273.844,203408.4375,3358797.0,391.543,570.24426,528.77496,2106.851,0.6020708,1823.9799,-0.068461664
5795,1488,2249.7017,3884.9019,209519.015625,3358783.0,576.1835,758.78296,808.0491,2232.268,0.4692289,1834.5172,-0.08244062
5796,1382,2247.4595,1701.1693,187681.6875,3358805.5,310.25977,427.48444,362.79413,2211.283,0.7184562,1796.8649,-0.06695658
5797,1386,2248.7634,2116.1147,191831.15625,3358792.25,245.8658,396.6371,288.57324,2407.8838,0.7958109,1804.019,-0.14037453
5798,1173,2248.619,2858.0059,199250.0625,3358793.75,439.82608,641.4437,686.87683,2129.7307,0.52799046,1816.81,-0.07129166
5799,1238,2249.4644,4166.5347,212335.34375,3358785.25,1096.8077,1235.4031,1355.866,1958.55,0.19271179,1839.3738,-0.022141267
5800,1321,2250.2688,1975.5481,190425.484375,3358777.25,282.41333,439.07874,344.0681,2307.3894,0.7404567,1801.5964,-0.111102775
5801,1439,2254.014,2607.528,196745.28125,3358739.75,203.64975,342.23453,232.15115,2368.996,0.8230286,1812.494,-0.12959607
5802,1418,2251.1904,3353.4648,204204.65625,3358768.0,403.62094,576.22284,577.6879,2238.5256,0.5897925,1825.3541,-0.09682847
5803,1047,2251.0679,3542.2332,206092.328125,3358769.25,947.90546,1107.253,1186.4661,1986.2493,0.25676808,1828.609,-0.03376744
5804,1250,2252.2007,3735.832,208028.3125,3358758.0,429.5096,596.1888,602.4808,2112.568,0.55734766,1831.9479,-0.06383025
5805,1545,2256.7915,4295.077,213620.78125,3358712.0,879.446,1014.1016,1114.7203,1783.2324,0.24320789,1841.5938,0.024946384
5806,1293,2253.58,4403.2036,214702.03125,3358744.25,789.3755,907.05914,1003.84143,1609.0143,0.2418488,1843.4569,0.080884255
5807,1347,2251.6978,5102.7847,221697.84375,3358763.0,649.4358,819.7457,871.77875,1921.54,0.3879977,1855.5209,-0.011493028
5808,1381,2257.2,1771.2897,188382.890625,3358708.0,298.55142,428.1633,370.59232,2271.0635,0.71820015,1798.0785,-0.074744135
5809,1431,2254.6218,2752.373,198193.734375,3358733.75,388.23898,560.2257,508.80084,2340.863,0.6601289,1814.9916,-0.11818194
5810,1187,2253.08,3777.3235,208443.234375,3358749.25,486.54593,652.9065,652.99243,2206.9739,0.5498973,1832.6637,-0.08637101
5811,1391,2254.8008,4439.583,215065.828125,3358732.0,859.6998,960.34076,1102.7301,1580.0597,0.18167774,1844.0848,0.09084358
5812,1191,2249.64,5219.4995,222865.0,3358783.5,483.13184,671.54785,639.3514,2264.7793,0.56367576,1857.533,-0.06856155
5813,1107,2251.9006,3629.0679,206960.6875,3358761.0,461.58447,615.79675,642.77234,2034.7633,0.5224304,1830.1067,-0.046990767
5814,1239,2255.4365,3697.3657,207643.65625,3358725.75,404.9338,571.9362,595.3188,2106.4075,0.5587035,1831.2861,-0.06426839
5815,1280,2252.1187,4838.4775,219054.78125,3358758.75,946.9469,1104.7805,1191.6797,2035.8547,0.2708726,1850.9628,-0.036665134
5816,1087,2253.068,4584.1924,216511.921875,3358749.25,766.73413,884.78107,978.5869,1700.2511,0.27598128,1846.5779,0.052762445
5817,1307,2258.6504,2259.4927,193264.921875,3358693.5,200.79189,351.93726,225.67674,2405.7974,0.8262457,1806.4958,-0.13592087
5818,1109,2253.9702,3596.2515,206632.515625,3358740.25,613.91797,773.5735,784.3039,2159.6528,0.48235467,1829.5419,-0.074126646
5819,1312,2254.9177,4003.5366,210705.375,3358730.75,938.36664,1077.5815,1140.6593,2078.1943,0.30974782,1836.5654,-0.05027234
5820,1415,2256.3025,4228.1104,212951.09375,3358717.0,982.3717,1123.8368,1231.4933,1904.477,0.2260481,1840.4387,-0.0079094395
5821,1179,2256.419,4550.821,216178.203125,3358715.75,695.3842,826.74725,918.045,1763.0975,0.32802707,1846.0039,0.04159955
5822,1256,2255.8352,4763.342,218303.421875,3358721.75,832.3758,963.51196,1047.6998,1764.6051,0.27566004,1849.6686,0.033000894
5823,1406,2257.2112,5025.43,220924.296875,3358708.0,540.4844,726.6778,788.0356,2363.1472,0.51478606,1854.1892,-0.11240906
5824,1304,2261.908,3419.0652,204860.65625,3358661.0,683.059,867.07056,951.8639,2072.1084,0.37586328,1826.4902,-0.057830274
5825,1317,2260.0857,1734.7988,188017.984375,3358679.25,320.8975,448.6048,410.23386,2127.4944,0.67769396,1797.4508,-0.0418349
5826,1320,2260.366,4367.0396,214340.390625,3358676.25,876.33636,1001.2962,1115.9712,1683.8523,0.21474813,1842.8363,0.055825014
5827,1370,2258.592,1835.062,189020.625,3358694.0,298.2708,424.37592,364.52994,2214.0234,0.7155458,1799.1786,-0.07928586
5828,1267,2259.7568,3166.4482,202334.484375,3358682.5,494.26126,696.5107,650.94867,2358.7751,0.57137483,1822.1335,-0.11963656
5829,1125,2259.9546,3660.6274,207276.28125,3358680.5,373.44446,531.57153,546.304,2060.6943,0.5806857,1830.6547,-0.054999094
5830,1235,2259.2817,3961.911,210289.109375,3358687.25,534.49475,726.34576,746.0348,2515.2656,0.5497376,1835.8496,-0.14355962
5831,1339,2263.21,2545.7065,196127.0625,3358648.0,199.1109,337.4085,208.4044,2480.5918,0.8444225,1811.4325,-0.15287402
5832,1246,2261.1548,2789.747,198567.46875,3358668.5,587.7023,801.1866,852.73755,2225.118,0.45352358,1815.6392,-0.09303966
5833,1272,2261.007,3457.194,205241.9375,3358670.0,811.61633,991.1187,1062.7075,2051.1448,0.32626525,1827.1473,-0.05125653
5834,1358,2265.673,2011.0037,190780.03125,3358623.25,395.95215,583.595,524.4212,2410.9285,0.6736944,1802.2152,-0.13785785
5835,1222,2262.046,4722.081,217890.8125,3358659.5,889.56464,1020.40424,1132.6138,1784.4828,0.23174946,1848.9598,0.026534246
5836,1168,2260.6926,5328.493,223954.9375,3358673.0,453.12842,624.91693,692.048,2223.821,0.5267319,1859.4175,-0.06637028
5837,1026,2262.3547,5422.6104,224896.09375,3358656.5,630.59064,827.53705,910.44934,2105.495,0.4506387,1861.0415,-0.04905588
5838,1544,2264.136,1939.1011,190061.015625,3358638.75,253.81348,384.5246,309.17648,2129.356,0.74486995,1800.9749,-0.06842697
5839,1351,2264.0,2995.2695,200622.6875,3358640.0,620.1799,842.12103,857.7184,2242.3975,0.44190615,1819.184,-0.096405335
5840,1198,2262.3582,3815.0652,208820.65625,3358656.5,360.33807,517.1611,455.35977,2166.954,0.65696764,1833.3188,-0.07358427
5841,1020,2262.1912,5271.533,223385.328125,3358658.0,278.4657,434.57352,426.62744,2088.995,0.6735265,1858.4358,-0.05282431
5842,1140,2262.6729,2295.5579,193625.578125,3358653.25,298.30264,466.0241,374.05746,2379.6348,0.7405575,1807.1195,-0.12524132
5843,1345,2266.3635,4964.139,220311.390625,3358616.25,255.1736,380.6673,268.17957,2179.2817,0.7813949,1853.1362,-0.074635126
5844,1374,2266.9578,2219.327,192863.265625,3358610.5,188.15903,330.02438,197.23799,2615.4453,0.8594315,1805.8074,-0.18196878
5845,964,2263.8184,5393.6504,224606.5,3358641.75,208.69606,346.01453,295.42117,2079.026,0.75976884,1860.5426,-0.042396184
5846,1211,2266.5417,2933.4368,200004.375,3358614.5,682.33527,918.56976,1060.3324,2376.5347,0.38098344,1818.1191,-0.12447219
5847,1249,2266.6372,4682.638,217496.375,3358613.75,923.1101,1039.771,1186.8326,1609.5957,0.15461253,1848.2817,0.07549202
5848,988,2263.0527,5362.151,224291.5,3358649.5,290.13055,430.98685,457.0,2081.1396,0.6438185,1859.999,-0.04509687
5849,1132,2261.1802,2428.8347,194958.34375,3358668.25,182.25441,322.0097,201.95407,2447.0005,0.8474034,1809.4166,-0.14798063
5850,1143,2268.2239,4065.567,211325.671875,3358597.75,783.3237,922.986,1021.70166,1988.1268,0.3438048,1837.6411,-0.030158041
5851,1525,2270.419,2643.3357,197103.359375,3358575.75,194.63246,324.8977,201.29115,2339.916,0.8408239,1813.1193,-0.12307114
5852,1373,2266.6636,3097.5505,201645.5,3358613.25,567.6187,805.1657,809.69336,2414.1301,0.49877402,1820.9489,-0.13588926
5853,1162,2271.3262,2489.9475,195569.46875,3358566.75,440.31024,633.327,607.8317,2366.6985,0.6608057,1810.4751,-0.12523256
5854,1448,2268.8528,4876.0605,219430.609375,3358591.5,796.6585,931.7141,1001.6668,1819.182,0.30229387,1851.6184,0.01953353
5855,1334,2270.7976,4926.536,219935.359375,3358572.0,306.27286,460.2305,345.3673,2360.2908,0.750851,1852.4897,-0.11188271
5856,1311,2274.5005,1807.4127,188744.125,3358535.0,278.71777,385.2357,330.96033,1999.1122,0.71664816,1798.7097,-0.010442512
5857,1151,2267.4927,2395.4543,194624.546875,3358605.0,374.40878,564.48175,497.2654,2466.4944,0.7073066,1808.8441,-0.14575697
5858,1512,2273.0967,2893.4246,199604.25,3358549.0,338.24768,521.4878,509.5549,2118.1294,0.62756944,1817.4324,-0.068487786
5859,1257,2272.6277,4100.7607,211677.609375,3358553.75,806.15515,963.7184,1093.879,2005.366,0.30784282,1838.25,-0.035164595
5860,1134,2266.455,4800.0874,218670.875,3358615.5,1019.127,1149.2284,1279.4436,1870.2081,0.19291458,1850.3071,0.0023442802
5861,1142,2266.4841,5184.254,222512.53125,3358615.25,354.20227,506.859,523.4886,2056.409,0.592554,1856.9325,-0.043992277
5862,1081,2270.7327,2334.285,194012.84375,3358572.75,241.89362,392.51666,270.13644,2499.0098,0.8012867,1807.7911,-0.15030792
5863,1206,2272.0059,3489.8125,205568.125,3358560.0,742.86816,931.272,971.4834,2083.9087,0.36872602,1827.7148,-0.059051707
5864,1101,2272.9045,5242.979,223099.78125,3358551.0,204.90463,342.624,281.04724,2082.2952,0.7609172,1857.948,-0.048022863
5865,1250,2272.792,3210.4353,202774.359375,3358552.0,468.2072,656.216,589.754,2207.7893,0.5849188,1822.8981,-0.077479325
5866,1408,2274.3054,4327.3564,213943.5625,3358537.0,840.2258,973.8061,1086.809,1771.4098,0.23634768,1842.1583,0.0374955
5867,1193,2269.597,4615.0024,216820.03125,3358584.0,791.45264,882.4032,1056.8818,1566.0386,0.202944,1847.1166,0.09165267
5868,1479,2276.5247,2053.086,191200.859375,3358514.75,231.59703,347.86713,271.43713,2107.6755,0.77352357,1802.946,-0.066606
5869,1281,2276.5496,2580.822,196478.21875,3358514.5,185.68579,319.25684,199.18033,2460.6472,0.84965444,1812.0443,-0.14878477
5870,1309,2275.2048,4195.6035,212626.03125,3358528.0,982.9755,1111.0527,1226.3002,1759.366,0.18664481,1839.8867,0.03327813
5871,1367,2277.703,2140.3884,192073.890625,3358503.0,293.49414,450.8654,350.80505,2493.3906,0.7651959,1804.4517,-0.15158182
5872,1387,2277.3289,3380.566,204475.65625,3358506.75,408.36627,579.15247,632.194,2040.6312,0.5275848,1825.8336,-0.052072335
5873,1400,2279.007,3295.2185,203622.1875,3358490.0,470.00644,647.0104,671.7321,2050.1743,0.5132709,1824.3628,-0.0552149
5874,1417,2279.496,2179.8433,192468.4375,3358485.0,190.28864,330.2689,205.12033,2533.3857,0.8497871,1805.1327,-0.16610636
5875,1098,2276.0964,4469.765,215367.65625,3358519.0,844.0305,930.77594,1068.0392,1441.9021,0.15381588,1844.6149,0.1308315
5876,1276,2275.3762,5059.381,221263.8125,3358526.25,400.8985,569.18616,535.7994,2177.6155,0.61376184,1854.7827,-0.07398926
5877,1400,2280.0286,3253.2593,203202.59375,3358479.75,387.8025,546.3364,510.91534,2058.9583,0.60863334,1823.6399,-0.04977128
5878,1264,2279.4756,3561.4446,206284.4375,3358485.25,409.7334,579.86786,539.6527,2310.5618,0.62261206,1828.9535,-0.106785044
5879,1249,2276.627,3847.555,209145.546875,3358513.75,294.3947,433.66052,321.8927,2160.1729,0.73443836,1833.8856,-0.07166797
5880,1165,2281.224,5123.3022,221903.03125,3358467.75,747.42444,917.6884,1074.643,1909.1506,0.3264642,1855.8877,-0.009569407
5881,1514,2281.734,2094.9294,191619.296875,3358462.75,210.26024,324.68097,228.88309,2161.2703,0.8068393,1803.6699,-0.0761034
5882,1038,2277.9336,2365.2014,194322.015625,3358500.75,203.66185,352.97302,214.32756,2547.4922,0.84415495,1808.3276,-0.16705248
5883,1481,2280.663,4258.9424,213259.421875,3358473.25,991.8636,1112.0411,1245.3727,1632.9696,0.13594623,1840.9814,0.069575526
5884,1239,2279.0815,4506.7803,215737.8125,3358489.25,699.0452,827.1897,901.5101,1649.8031,0.30111438,1845.2545,0.0766102
5885,1368,2281.4314,4995.755,220627.546875,3358465.75,243.01828,392.61478,286.85306,2255.3208,0.7799441,1853.6881,-0.09100343
5886,1121,2279.8074,5300.7563,223677.5625,3358482.0,343.31937,493.5861,466.46924,2256.992,0.6589368,1858.9475,-0.077008866
5887,1361,2279.2659,3030.3997,200974.0,3358487.25,573.2623,767.2329,802.9732,2081.636,0.44322205,1819.797,-0.0604439
5888,1135,2280.6792,3753.3728,208203.71875,3358473.25,396.2088,559.7604,522.993,2313.8635,0.63262826,1832.2635,-0.11047028
5889,1507,2281.5342,1871.6562,189386.5625,3358464.75,311.86597,426.11014,366.72528,2243.3372,0.7188803,1799.8207,-0.07688974
5890,1219,2283.3044,2457.2322,195242.328125,3358447.0,175.69647,304.54266,190.4799,2353.2363,0.8499527,1809.9169,-0.12802309
5891,1655,2286.1396,2683.8418,197508.421875,3358418.5,417.0405,615.79364,578.6486,2480.842,0.6875042,1813.8251,-0.14750016
5892,1300,2279.67,2852.4092,199194.09375,3358483.25,264.75,411.18652,352.32462,1999.8846,0.7058037,1816.7283,-0.03432519
5893,1174,2282.1602,3523.432,205904.3125,3358458.5,750.75555,950.63116,992.8952,2173.3467,0.37757868,1828.2993,-0.07901544
5894,1125,2280.0845,4646.7896,217137.890625,3358479.25,823.6769,930.9351,1053.4404,1591.1306,0.20801139,1847.6694,0.08498136
5895,1297,2281.8103,3135.124,202021.234375,3358462.0,552.0702,803.1939,766.3146,2440.2266,0.52041185,1821.6038,-0.1357987
5896,1392,2284.9604,4031.6782,210986.78125,3358430.5,581.5417,731.8348,773.7988,2109.0474,0.48396707,1837.0645,-0.06084227
5897,1043,2282.372,5154.394,222213.9375,3358456.25,1174.1669,1404.7468,1566.2406,2284.5452,0.22951712,1856.4244,-0.10159763
5898,1479,2285.898,2726.7432,197937.4375,3358421.0,182.00203,322.1474,193.37154,2413.5872,0.8503785,1814.5647,-0.13466237
5899,1517,2288.0535,3334.2288,204012.28125,3358399.5,505.25378,670.30194,714.6572,2156.8652,0.52032137,1825.0397,-0.0762458
5900,1351,2285.2932,3917.328,209843.28125,3358427.0,566.44635,741.96967,782.87787,2279.732,0.4852472,1835.0928,-0.087379634
5901,1188,2284.4714,4160.6904,212276.90625,3358435.25,846.03705,971.81146,1061.1212,1763.819,0.2617048,1839.2888,0.034865398
5902,1117,2286.4207,5091.363,221583.625,3358415.75,470.89883,620.1097,715.1267,1881.863,0.46296307,1855.3392,-0.0011120415
5903,1588,2290.014,1906.7355,189737.359375,3358379.75,259.84006,379.0019,327.61966,1997.9899,0.71653366,1800.4297,-0.023365026
5904,1452,2288.8416,2812.8857,198798.859375,3358391.5,330.68045,486.73727,432.03064,2282.8408,0.6900463,1816.0513,-0.10114046
5905,1345,2287.266,2963.4038,200304.03125,3358407.25,1040.1547,1374.0142,1622.3097,2571.8977,0.27223405,1818.6456,-0.16245653
5906,1276,2287.5344,3713.224,207802.25,3358404.75,400.38715,557.3072,556.5368,1996.6442,0.5644505,1831.5743,-0.034440853
5907,1083,2285.8015,3789.94,208569.40625,3358422.0,291.6408,440.54016,336.57526,2177.6528,0.73084486,1832.8964,-0.08060922
5908,1294,2289.5247,2523.8123,195908.125,3358384.75,213.65186,357.3555,223.6735,2522.0525,0.8366872,1811.0677,-0.1613817
5909,1246,2287.1582,3990.8708,210578.703125,3358408.5,508.32666,671.22876,669.85876,2157.0217,0.5302699,1836.3618,-0.06969406
5910,1181,2288.5215,4747.8145,218148.140625,3358394.75,966.8577,1085.5242,1212.2295,1701.3336,0.1743201,1849.4154,0.048684582
5911,1266,2285.8435,4831.623,218986.234375,3358421.5,898.73145,1047.3081,1168.8104,1931.7977,0.2597678,1850.8595,-0.0066916123
5912,1422,2287.2532,1973.3917,190403.921875,3358407.5,254.30661,385.24753,291.46204,2249.997,0.76819825,1801.5774,-0.099006005
5913,1212,2286.4636,3882.363,209493.625,3358415.25,533.0025,698.5619,733.99506,2182.7458,0.50245726,1834.4904,-0.071638435
5914,1164,2288.4717,5210.446,222774.453125,3358395.25,342.0275,506.9725,474.20703,2273.8909,0.65550184,1857.3938,-0.08465378
5915,1420,2290.431,3065.4084,201324.078125,3358375.75,633.2581,837.2979,889.02783,2118.2976,0.414363,1820.4059,-0.06852538
5916,1204,2287.084,3632.971,206999.71875,3358409.25,519.7633,714.6869,763.84717,2280.872,0.5026381,1830.1903,-0.10297755
5917,1158,2288.7434,3674.69,207416.90625,3358392.5,410.07428,580.4042,603.1632,2110.286,0.5563731,1830.9105,-0.06731337
5918,1210,2290.7883,4131.5503,211985.5,3358372.0,858.73883,993.2008,1097.9141,1838.8694,0.2660295,1838.7893,0.009535237
5919,1216,2287.5552,4578.822,216458.21875,3358404.5,606.34375,719.65295,809.99756,1664.9597,0.35444146,1846.5007,0.0701795
5920,1123,2285.528,3597.1567,206641.5625,3358424.75,402.22708,578.32324,562.9973,2203.5664,0.5950162,1829.5721,-0.08491511
5921,1214,2291.1978,3952.449,210194.484375,3358368.0,522.52057,740.1713,806.3534,2591.8872,0.5293172,1835.701,-0.16353439
5922,1153,2289.0764,4542.895,216098.953125,3358389.25,799.4293,972.2654,1102.3539,2051.713,0.3370281,1845.8818,-0.03162493
5923,1445,2293.164,2770.1086,198371.09375,3358348.25,202.50243,333.88513,216.1879,2384.4436,0.8320885,1815.3158,-0.1288624
5924,1172,2292.233,3432.9138,204999.140625,3358357.75,776.7146,969.1647,1021.21246,2055.8408,0.33997956,1826.7433,-0.05359606
5925,1397,2289.738,4404.097,214710.96875,3358382.5,858.918,967.5054,1105.4456,1604.4237,0.19772162,1843.4886,0.07857462
5926,1088,2291.7463,4782.373,218493.734375,3358362.5,870.74634,994.1443,1111.9633,1760.0854,0.23087731,1850.0128,0.035572533
5927,1376,2297.1077,4904.009,219710.09375,3358309.0,761.0759,900.23364,937.06104,2038.0509,0.39465374,1852.1129,-0.039181046
5928,1090,2293.4597,5439.069,225060.6875,3358345.5,827.7881,1046.8285,1139.8303,2287.7844,0.355101,1861.3389,-0.0874972
5929,1286,2295.7659,2242.8865,193098.859375,3358322.25,384.36664,576.54315,517.9903,2348.794,0.68918705,1806.2275,-0.12277999
5930,1188,2293.67,2277.8535,193448.53125,3358343.25,270.42087,436.399,325.12585,2409.8413,0.76455677,1806.8293,-0.13135363
5931,1342,2294.0544,3178.3755,202453.75,3358339.5,475.5641,690.1949,636.03577,2293.6875,0.5714033,1822.3553,-0.09927118
5932,1034,2293.9836,2312.8782,193798.78125,3358340.25,189.2147,331.97824,200.68423,2526.2412,0.85284615,1807.4332,-0.16431989
5933,1168,2294.554,4709.1704,217761.703125,3358334.5,835.28595,940.3973,1061.8844,1657.1045,0.22468446,1848.7517,0.063991964
5934,1303,2296.0276,4440.7437,215077.4375,3358319.75,893.46204,982.24365,1182.3622,1478.8892,0.11562307,1844.1234,0.116281204
5935,1342,2295.5298,4364.1846,214311.84375,3358324.75,921.69226,1041.8219,1186.8867,1736.0074,0.18918453,1842.803,0.04446672
5936,1161,2296.0518,2423.46,194904.59375,3358319.5,177.30147,307.48105,192.23169,2380.178,0.8502157,1809.3407,-0.1333425
5937,1541,2301.8599,2610.1272,196771.265625,3358261.5,188.49611,322.0133,204.06294,2399.1392,0.84372175,1812.5618,-0.1364358
5938,1370,2299.4802,4221.3022,212883.03125,3358285.25,879.6102,998.7635,1119.8584,1616.1102,0.18468514,1840.341,0.076959975
5939,1407,2299.884,5029.721,220967.21875,3358281.25,358.4833,515.0554,478.91898,2255.1614,0.6706908,1854.2821,-0.086628154
5940,1085,2292.931,5362.1787,224291.78125,3358350.75,369.0198,542.63086,523.88983,2398.608,0.64583445,1860.0126,-0.10182698
5941,1206,2296.035,5401.0557,224680.5625,3358319.75,449.2272,650.7886,655.68494,2743.0215,0.61686254,1860.6844,-0.16747634
5942,1210,2300.8447,3466.648,205336.484375,3358271.5,664.5252,838.0773,853.22314,2158.8179,0.44552577,1827.3289,-0.07528144
5943,1524,2302.6582,4290.708,213577.078125,3358253.5,918.76184,1018.50854,1163.6464,1527.9166,0.13844296,1841.5392,0.101401635
5944,1136,2298.2966,5329.296,223962.96875,3358297.0,378.63995,541.54315,528.1039,2287.2852,0.6245584,1859.4478,-0.08099689
5945,1552,2304.0078,1836.741,189037.40625,3358240.0,302.85825,415.7384,373.37564,2066.4595,0.6985404,1799.2299,-0.027280051
5946,1320,2300.5764,2925.537,199925.375,3358274.25,358.62158,525.5962,500.6303,2053.975,0.6252121,1817.999,-0.054564994
5947,1150,2299.167,5272.216,223392.15625,3358288.25,280.94608,426.21564,360.50348,2300.0295,0.73887706,1858.4637,-0.083183214
5948,1402,2300.3044,2014.8838,190818.84375,3358277.0,319.9194,470.82312,415.98218,2179.65,0.6878262,1802.2991,-0.08439228
5949,1311,2304.2356,4862.859,219298.59375,3358237.75,900.28564,1020.8997,1079.7269,1819.8657,0.28151107,1851.4064,0.020010341
5950,1494,2304.3936,4948.4976,220154.96875,3358236.0,227.8775,372.75034,250.60074,2307.7627,0.8054953,1852.8833,-0.104548685
5951,1262,2304.2876,3817.5388,208845.390625,3358237.0,280.981,421.4469,316.84787,2220.297,0.75023663,1833.3809,-0.08998278
5952,1122,2302.7532,4674.717,217417.171875,3358252.5,892.8828,1023.63947,1176.3766,1646.095,0.17401996,1848.1613,0.064777136
5953,1351,2306.7993,2206.196,192731.96875,3358212.0,189.02739,330.00815,206.4171,2483.4312,0.84592783,1805.6003,-0.15521419
5954,1427,2306.7336,2563.7673,196307.671875,3358212.75,184.10126,316.14365,193.81955,2484.9446,0.8550551,1811.7648,-0.15416409
5955,1256,2302.1863,4070.317,211373.171875,3358258.25,861.32404,1000.6091,1093.5151,1910.8328,0.29628417,1837.7385,-0.01045644
5956,1119,2303.564,2387.8945,194548.9375,3358244.25,313.5724,481.04556,404.51385,2343.185,0.73431516,1808.7312,-0.12195899
5957,1398,2305.2998,2995.3506,200623.5,3358227.0,649.6198,896.4188,922.1248,2409.0818,0.4442902,1819.205,-0.13466194
5958,1353,2304.6978,3102.0059,201690.0625,3358233.0,594.49744,793.24207,813.3677,2080.2222,0.43096286,1821.0436,-0.05491531
5959,1356,2305.343,3220.8745,202878.75,3358226.5,296.23526,444.78317,339.54352,2149.1821,0.7315674,1823.0934,-0.071656205
5960,1359,2309.7388,3401.5115,204685.109375,3358182.5,486.3477,683.2682,688.0346,2069.3013,0.495897,1826.21,-0.046697333
5961,1135,2305.1638,5177.475,222444.75,3358228.25,645.4454,831.289,909.15155,2123.0437,0.44420817,1856.8325,-0.063828826
5962,1291,2310.237,3362.299,204293.0,3358177.75,490.4907,678.1131,765.7599,2103.8506,0.47342458,1825.534,-0.0682389
5963,1187,2306.2292,4610.927,216779.265625,3358217.75,511.6807,634.8753,699.7927,1803.1812,0.45080835,1847.0627,0.023663899
5964,1523,2311.3296,1938.698,190056.984375,3358166.75,292.05646,416.59488,370.86868,2113.2627,0.698955,1800.9911,-0.042539537
5965,1189,2308.0688,2347.9302,194149.296875,3358199.25,194.71405,338.3932,203.19681,2538.8435,0.85139704,1808.0444,-0.16609347
5966,1245,2306.9968,2488.1238,195551.234375,3358210.0,508.06427,718.46466,705.5076,2497.114,0.63838696,1810.4608,-0.15284094
5967,1394,2308.967,2646.416,197134.15625,3358190.25,200.31313,336.22632,208.99246,2416.0605,0.8408621,1813.1908,-0.13817514
5968,1176,2308.0798,4477.5444,215445.4375,3358199.25,773.66113,850.4528,1010.04126,1367.9839,0.15947793,1844.7634,0.1603211
5969,1289,2310.2957,2131.45,191984.5,3358177.0,284.9197,427.8875,317.63034,2473.2595,0.77353865,1804.3135,-0.14452331
5970,1446,2312.348,2882.3015,199493.015625,3358156.5,218.81259,355.70505,276.84717,2035.1311,0.75906175,1817.2593,-0.04692123
5971,1163,2313.1858,4809.724,218767.25,3358148.25,716.2442,849.38007,910.76184,1752.2545,0.33124426,1850.494,0.03825393
5972,1129,2308.4368,5238.727,223057.265625,3358195.75,188.82373,313.3835,257.11603,2032.5819,0.77473754,1857.8903,-0.033326246
5973,1213,2311.5588,3500.1318,205671.3125,3358164.5,569.9843,756.07294,798.5985,2232.936,0.4847695,1827.9113,-0.09507999
5974,1004,2310.4583,3739.4731,208064.734375,3358175.5,449.1514,612.9831,620.1464,2068.1255,0.53792876,1832.0376,-0.04861266
5975,1171,2310.6858,3856.2246,209232.25,3358173.25,290.02222,444.05466,349.33987,2280.93,0.7398218,1834.0508,-0.10285906
5976,1240,2312.87,4104.6685,211716.6875,3358151.25,894.23627,1048.9904,1125.0032,1958.3032,0.2882806,1838.3358,-0.020066768
5977,1155,2311.7256,2844.787,199117.875,3358162.75,238.82034,376.4065,295.61514,2166.3247,0.76083887,1816.6122,-0.07512899
5978,1227,2314.1655,3537.1826,206041.828125,3358138.25,470.2119,650.4263,616.08636,2342.551,0.594912,1828.5513,-0.11588427
5979,1154,2313.15,3575.8484,206428.484375,3358148.5,730.09357,933.29895,987.4116,2180.623,0.37807515,1829.2175,-0.07971605
5980,1236,2309.97,4327.126,213941.25,3358180.25,939.4021,1040.7686,1172.9086,1611.4288,0.16465776,1842.1705,0.07708195
5981,1175,2313.2664,5069.4893,221364.890625,3358147.25,462.83405,631.62933,685.6396,2133.4297,0.5147478,1854.9738,-0.0602727
5982,1488,2313.5261,2057.0322,191240.328125,3358144.75,236.8078,357.46103,276.39786,2104.1292,0.76886415,1803.0321,-0.06780871
5983,1487,2316.016,3261.8232,203288.234375,3358119.75,454.4334,624.3971,578.54034,2239.1584,0.6022453,1823.8044,-0.09074142
5984,1082,2313.5527,3771.9907,208389.90625,3358144.5,444.64417,593.90295,575.9279,2146.8938,0.5868397,1832.5997,-0.07252217
5985,1426,2315.0464,4178.5615,212455.625,3358129.5,891.453,1041.9622,1161.8506,1881.385,0.24401917,1839.611,-0.002365279
5986,1124,2313.3967,4515.3887,215823.890625,3358146.0,745.94574,885.90216,973.07916,1727.258,0.30091444,1845.4185,0.05242331
5987,1389,2316.689,4984.0747,220510.75,3358113.0,252.18646,412.9705,298.92548,2274.4658,0.77354795,1853.5023,-0.09400612
5988,1414,2317.7603,2167.7595,192347.59375,3358102.5,219.16725,334.97134,220.88083,2375.4116,0.82732433,1804.943,-0.12420061
5989,1291,2314.6182,3143.5693,202105.6875,3358133.75,614.5616,860.5612,887.16656,2362.9492,0.45338196,1821.7649,-0.12307733
5990,1372,2314.2173,3301.9846,203689.84375,3358137.75,549.8371,706.7252,718.5532,2036.4363,0.4915276,1824.496,-0.046169695
5991,1013,2313.0396,4642.2773,217092.78125,3358149.5,586.9467,725.61597,803.8519,1926.883,0.413117,1847.6064,-0.0013541358
5992,1177,2318.1853,3650.0298,207170.296875,3358098.25,735.10535,914.2345,973.9099,2105.6882,0.3695258,1830.4989,-0.061921593
5993,1198,2317.4817,4012.96,210799.59375,3358105.25,357.59433,542.97577,517.6044,2258.1694,0.6274759,1836.7565,-0.0974581
5994,1196,2315.8235,5138.751,222057.5,3358121.75,849.4431,1028.6685,1212.7391,1997.5933,0.2948106,1856.1693,-0.032014314
5995,1443,2321.7444,2704.456,197714.5625,3358062.5,237.80249,386.13202,275.3718,2420.2898,0.80881417,1814.1975,-0.13753127
5996,1346,2316.8389,3031.24,200982.40625,3358111.5,665.70764,879.7162,935.5914,2216.0889,0.40468884,1819.8292,-0.091824666
5997,1173,2318.596,3613.0325,206800.328125,3358094.0,751.237,940.02386,974.1006,2150.283,0.38713288,1829.8612,-0.07114962
5998,1328,2321.5752,2741.9119,198089.125,3358064.25,192.80498,330.99323,208.88441,2358.1362,0.8338292,1814.8431,-0.119064234
5999,1084,2318.9824,3685.4114,207524.109375,3358090.25,509.01846,686.9843,789.4087,2124.857,0.46099514,1831.1094,-0.07166712
6000,1254,2317.5112,2095.898,191628.984375,3358105.0,290.83255,430.79028,362.67303,2178.5327,0.74310744,1803.7041,-0.0842748
6001,1312,2320.2705,3899.445,209664.453125,3358077.25,415.43292,591.50073,560.141,2360.753,0.62563074,1834.8004,-0.117248125
6002,1211,2320.895,3977.442,210444.421875,3358071.0,397.42526,578.2742,564.8605,2225.441,0.59962803,1836.1456,-0.09151092
6003,1372,2321.4963,4251.0693,213180.6875,3358065.0,905.0816,1009.85205,1145.7872,1539.0488,0.1490105,1840.8641,0.09814893
6004,1127,2319.9636,4734.9346,218019.34375,3358080.25,719.76306,840.8944,906.91125,1709.3895,0.32090208,1849.2074,0.055046722
6005,1224,2321.5857,5103.6357,221706.359375,3358064.25,392.7026,514.34314,642.58704,1704.004,0.4564138,1855.5663,0.045288257
6006,1240,2324.334,5466.417,225334.171875,3358036.75,725.50244,944.82825,1024.7323,2202.571,0.38250345,1861.824,-0.058330454
6007,1233,2321.1907,5301.353,223683.53125,3358068.0,407.2563,586.97974,554.37714,2594.6326,0.6395177,1858.976,-0.14008297
6008,1282,2321.3962,2452.8416,195198.421875,3358066.0,178.1131,309.6993,192.84517,2403.675,0.85095596,1809.8595,-0.13734047
6009,1588,2325.071,1869.5251,189365.25,3358029.25,273.83942,389.466,344.63727,2118.4497,0.72068113,1799.8054,-0.057014655
6010,1306,2323.7534,3938.2864,210052.859375,3358042.5,423.02756,595.8101,581.8507,2269.9885,0.601151,1835.4718,-0.10064851
6011,1028,2321.9485,5373.3115,224403.125,3358060.5,537.8677,745.3804,759.90173,2653.355,0.55207336,1860.2172,-0.15959615
6012,1261,2326.6304,4046.556,211135.5625,3358013.75,293.07217,449.4441,358.18796,2187.3425,0.7191656,1837.34,-0.07529209
6013,1274,2325.6523,4387.919,214549.1875,3358023.5,886.0302,981.7602,1130.949,1490.6476,0.14028706,1843.2258,0.11622635
6014,1073,2322.4165,4547.7485,216147.484375,3358055.75,608.9674,729.91614,775.952,1739.972,0.40489587,1845.9805,0.041432172
6015,1147,2322.9556,4772.283,218392.828125,3358050.5,720.0837,864.76196,940.3339,1773.7611,0.32911357,1849.8528,0.034711417
6016,1396,2323.6133,1975.154,190421.546875,3358043.75,289.23853,419.22134,369.76505,2092.7185,0.6984619,1801.6256,-0.04542714
6017,1066,2322.7937,4579.8706,216468.703125,3358052.0,782.5844,900.068,1015.43243,1690.803,0.26883894,1846.5347,0.05542982
6018,1043,2322.931,5431.0,224980.0,3358050.75,495.97986,706.74115,706.86194,2777.1006,0.5967366,1861.2125,-0.17432925
6019,1261,2327.5615,4424.23,214912.296875,3358004.5,877.14276,970.50555,1131.5757,1469.4524,0.13488975,1843.8529,0.121606156
6020,1228,2323.9038,2525.539,195925.390625,3358041.0,205.75977,344.00082,218.03297,2445.4385,0.83597225,1811.114,-0.14612448
6021,1309,2328.6616,2780.5996,198476.0,3357993.5,188.60695,315.71924,197.79411,2331.6646,0.8428743,1815.5135,-0.12079993
6022,1483,2328.1672,2957.9663,200249.65625,3357998.25,1167.0587,1530.4774,1822.293,2675.3726,0.23611489,1818.5713,-0.18210624
6023,1214,2327.22,5203.074,222700.75,3358007.75,499.5243,677.0268,702.69727,2090.8662,0.5215583,1857.2837,-0.041562654
6024,1099,2323.5295,2309.2983,193762.984375,3358044.75,187.26843,324.485,206.94768,2326.4246,0.8360607,1807.3859,-0.12357797
6025,1006,2327.9094,3714.141,207811.40625,3358001.0,555.49207,742.39465,797.6431,1928.6749,0.4172304,1831.6089,-0.018633975
6026,1217,2330.8274,4838.4946,219054.9375,3357971.75,1051.451,1153.7313,1281.445,1779.9602,0.16857165,1850.998,0.029194389
6027,1274,2328.347,2271.2888,193382.890625,3357996.5,202.70055,354.91132,226.09027,2402.4058,0.8273916,1806.7329,-0.13843383
6028,1315,2329.225,2814.2754,198812.75,3357987.75,195.56425,332.6692,214.29391,2381.8887,0.83380544,1816.0945,-0.13059242
6029,1242,2327.8962,3438.4478,205054.46875,3358001.0,425.38928,612.0483,595.91626,2283.8857,0.5907144,1826.8552,-0.10450691
6030,1473,2330.918,4138.1284,212051.28125,3357970.75,765.68225,896.03735,959.8024,1739.1956,0.30717766,1838.921,0.04080075
6031,1185,2330.13,4890.6313,219576.3125,3357978.75,715.6641,846.54517,879.1848,1925.6472,0.39650077,1851.8969,-0.009313262
6032,1121,2328.9082,2413.8225,194808.21875,3357991.0,174.76405,307.1356,194.25735,2345.1177,0.8468091,1809.1904,-0.12673882
6033,1327,2334.2615,2669.3022,197363.03125,3357937.5,384.6021,573.2268,520.91974,2465.1135,0.7175074,1813.5974,-0.14457788
6034,1176,2330.9583,2913.4915,199804.90625,3357970.5,222.86905,369.01614,271.7874,2091.2644,0.7682535,1817.8058,-0.062389225
6035,1423,2330.7231,3068.86,201358.59375,3357972.75,627.6244,867.73645,888.0622,2408.9338,0.45951363,1820.4844,-0.13383019
6036,1325,2328.6362,3183.5767,202505.765625,3357993.75,637.837,894.3585,978.9932,2276.1023,0.40220577,1822.4612,-0.098989196
6037,1081,2329.272,4699.114,217661.140625,3357987.25,917.97687,1031.827,1158.5125,1671.0361,0.18739627,1848.5938,0.05936044
6038,1383,2336.1475,4924.2104,219912.109375,3357918.5,510.93277,652.54663,592.99207,2233.1113,0.5995397,1852.4785,-0.08433522
6039,1186,2331.655,5342.1196,224091.1875,3357963.5,377.9612,537.5135,615.1644,2004.3912,0.53519493,1859.6835,-0.029128397
6040,1249,2334.8462,5016.237,220832.375,3357931.5,241.6365,376.93115,272.506,2081.297,0.76809704,1854.065,-0.05362666
6041,1535,2336.3882,1903.9635,189709.640625,3357916.0,311.13028,439.20587,377.33942,2301.6755,0.7185205,1800.4045,-0.093683735
6042,1267,2332.9636,2234.9897,193019.90625,3357950.25,391.21783,585.7561,530.86816,2406.1887,0.68024445,1806.1094,-0.13434346
6043,1232,2334.044,4352.5293,214195.296875,3357939.5,870.5341,963.0268,1126.659,1531.1039,0.15699606,1842.6194,0.09856176
6044,1525,2338.0972,3332.2249,203992.25,3357899.0,410.25247,571.9469,597.76526,1920.8564,0.53698057,1825.0286,-0.021164637
6045,1018,2332.9724,5402.5757,224695.75,3357950.25,427.3821,617.0147,616.88605,2688.233,0.6290409,1860.7267,-0.16710626
6046,1098,2334.326,2376.939,194439.390625,3357936.75,358.43216,545.62524,474.597,2419.2832,0.7146022,1808.5573,-0.13725835
6047,1475,2338.1953,2595.655,196626.546875,3357898.0,176.0539,302.5671,183.17424,2410.9905,0.8584883,1812.3296,-0.13945143
6048,1126,2336.492,3789.7017,208567.015625,3357915.0,620.39874,776.7469,811.2522,2025.1244,0.43550223,1832.9156,-0.041876994
6049,1346,2335.7393,4211.4956,212784.953125,3357922.5,904.211,1050.9502,1171.5178,1860.8158,0.21734679,1840.1882,0.01466162
6050,1109,2336.8052,5050.8564,221178.5625,3357912.0,337.72137,494.7394,471.1587,2341.7764,0.66529536,1854.6628,-0.10478476
6051,1299,2333.5596,2017.0323,190840.328125,3357944.5,284.9053,425.95303,364.08545,2160.2502,0.7120549,1802.3523,-0.07717955
6052,1248,2339.3438,4457.91,215249.09375,3357886.5,781.87823,886.8778,1004.8205,1491.1422,0.1939526,1844.439,0.118451536
6053,1210,2336.0347,5267.6006,223346.0,3357919.75,379.3719,533.74713,441.97687,2665.5571,0.7082966,1858.4003,-0.14949669
6054,1147,2337.1577,3825.7837,208927.84375,3357908.5,339.3313,485.20227,462.98953,2065.4446,0.6302273,1833.5381,-0.05520153
6055,1323,2339.344,3110.043,201770.4375,3357886.5,735.8481,903.49133,961.8847,1968.4456,0.34176838,1821.1985,-0.029878555
6056,1255,2339.1475,3473.785,205407.84375,3357888.5,714.1004,906.52826,932.3235,2126.664,0.39459562,1827.4698,-0.068157025
6057,1033,2338.1025,4493.419,215604.1875,3357899.0,738.5319,832.08276,926.99176,1482.6321,0.2311435,1845.0507,0.12715402
6058,1203,2339.3591,5163.3647,222303.65625,3357886.5,1076.7269,1291.8787,1491.5391,2171.4421,0.22555056,1856.6041,-0.073799714
6059,1074,2339.5056,4668.4663,217354.65625,3357885.0,861.62805,986.75793,1108.9441,1652.9572,0.19941501,1848.0698,0.064239405
6060,1105,2341.3223,3557.4453,206244.453125,3357866.75,462.838,612.84344,560.0742,2098.818,0.60886216,1828.9133,-0.05406462
6061,1329,2342.0564,4085.5005,211525.0,3357859.5,664.28894,803.4906,832.4296,1916.0226,0.44587615,1838.0186,-0.009154557
6062,1225,2342.4546,4277.894,213448.9375,3357855.5,944.2629,1069.9657,1197.8342,1768.7983,0.20172346,1841.3362,0.028068876
6063,1234,2342.6824,5497.1006,225641.0,3357853.25,677.65155,871.5081,935.4911,2361.385,0.44472218,1862.3611,-0.093037225
6064,1072,2340.3125,2341.3591,194083.59375,3357877.0,190.40439,343.56064,213.06203,2437.5708,0.8387369,1807.9467,-0.14635399
6065,1334,2344.3635,4312.0405,213790.40625,3357836.25,835.5,959.4063,1080.305,1767.111,0.24908817,1841.9259,0.034331616
6066,1160,2341.1775,2494.08,195610.796875,3357868.25,466.48663,673.1664,654.8647,2425.5315,0.63012725,1810.58,-0.13795137
6067,1192,2341.5571,2557.7373,196247.375,3357864.5,181.29236,317.34396,190.02264,2540.7332,0.8606777,1811.6776,-0.16591969
6068,1310,2340.0054,3221.781,202887.8125,3357880.0,445.5519,663.884,598.4206,2358.6626,0.60664344,1823.1252,-0.119367346
6069,1261,2343.4663,3372.9746,204399.75,3357845.25,363.03647,540.03687,531.34973,2012.6785,0.58532274,1825.7336,-0.045125674
6070,1061,2340.459,3861.3535,209283.53125,3357875.5,314.78888,460.2837,431.32138,2113.2686,0.6579932,1834.153,-0.066789545
6071,1077,2341.5442,5234.1475,223011.46875,3357864.5,464.56546,657.9847,567.29016,2786.6262,0.66118467,1857.8258,-0.17026408
6072,1352,2345.73,2199.6458,192666.453125,3357822.75,181.59616,307.55807,195.65237,2287.6506,0.8412151,1805.5063,-0.10993343
6073,1494,2349.4338,2633.6987,197006.984375,3357785.75,195.77109,329.2356,204.80656,2425.0713,0.8448745,1812.991,-0.1413248
6074,1337,2344.8638,2853.9453,199209.453125,3357831.25,193.1567,329.43793,214.65182,2363.59,0.831174,1816.7858,-0.12397594
6075,1410,2343.6624,2993.4453,200604.453125,3357843.5,703.5344,896.94257,948.89185,2282.5847,0.42412022,1819.1903,-0.10792134
6076,1109,2345.017,4602.6494,216696.5,3357829.75,643.24164,778.8544,840.00903,1844.0095,0.39047277,1846.9374,0.012109934
6077,1007,2343.013,4635.5054,217025.0625,3357849.75,651.0939,787.6445,840.6609,1806.8228,0.37091497,1847.503,0.026669133
6078,1308,2346.4512,3512.7034,205797.03125,3357815.5,422.79663,579.0956,506.98776,2026.0688,0.6306307,1828.1442,-0.03895205
6079,1193,2344.9346,3745.3596,208123.59375,3357830.75,733.24646,894.5105,948.8617,1988.9456,0.3617003,1832.155,-0.030073494
6080,1341,2348.527,4956.9507,220239.5,3357794.75,255.7252,400.8956,301.36057,2177.7756,0.7630029,1853.0486,-0.07586471
6081,1234,2346.7205,5530.0015,225970.015625,3357812.75,692.9263,872.2561,943.82416,2020.4044,0.409776,1862.9303,-0.027117709
6082,1353,2346.7317,2126.1833,191931.828125,3357812.75,324.3481,481.39468,418.7073,2218.9412,0.7071359,1804.2404,-0.09275693
6083,1183,2347.722,3593.699,206606.984375,3357802.75,556.6974,748.1403,723.22906,2170.0354,0.5134456,1829.5414,-0.074836984
6084,1378,2350.0327,3289.373,203563.734375,3357779.75,239.1923,368.79755,241.88461,2128.6082,0.7951215,1824.2954,-0.066221386
6085,1223,2347.5823,3407.0605,204740.609375,3357804.25,295.56992,463.65128,367.29517,2161.2163,0.7097345,1826.3232,-0.07554434
6086,1253,2347.9377,4799.621,218666.21875,3357800.5,938.5363,1062.84,1151.9047,1784.4677,0.22796875,1850.3353,0.02795548
6087,1139,2350.9297,4868.045,219350.453125,3357770.75,547.75946,668.122,636.3073,1841.9342,0.49988234,1851.5166,0.015763586
6088,1222,2349.1587,2086.252,191532.515625,3357788.5,224.61784,351.02127,272.41327,2073.1824,0.77025306,1803.5532,-0.061037686
6089,1249,2351.0369,2049.137,191161.375,3357769.75,256.92554,393.03442,310.8815,2158.7654,0.7477604,1802.9143,-0.0809448
6090,1245,2348.012,3148.9607,202159.609375,3357800.0,653.3566,866.58154,890.1675,2272.7913,0.42642823,1821.8735,-0.096875384
6091,1201,2350.144,3632.7012,206997.015625,3357778.5,888.5787,1070.9375,1134.3622,2056.1882,0.29082796,1830.215,-0.050945845
6092,1210,2351.1926,3670.3032,207373.03125,3357768.0,758.95703,930.14465,1029.624,1961.5388,0.31317836,1830.8638,-0.028678672
6093,1362,2352.0476,4169.356,212363.5625,3357759.5,966.06683,1090.7217,1204.1931,1778.5815,0.2006796,1839.469,0.023751903
6094,1074,2350.3167,4755.3745,218223.75,3357776.75,791.7449,918.8287,997.17316,1723.8203,0.28281122,1849.5734,0.045463655
6095,1227,2351.0303,5121.7905,221887.90625,3357769.75,381.63324,496.85535,661.7649,1717.0399,0.44675452,1855.8923,0.040620435
6096,1160,2352.469,4524.274,215912.734375,3357755.25,725.00775,846.7944,915.04956,1648.7388,0.30207166,1845.5892,0.06662723
6097,1038,2352.3362,5315.3286,223823.28125,3357756.75,250.5944,381.27747,372.7447,1982.8613,0.6827343,1859.2305,-0.0249569
6098,1580,2354.7266,1936.3848,190033.84375,3357732.75,307.74176,428.7943,389.79303,2180.9778,0.7006494,1800.9724,-0.060949713
6099,1265,2354.5747,3254.3274,203213.28125,3357734.25,279.5597,426.69406,313.18814,2136.4932,0.7584024,1823.6932,-0.07053826
6100,1002,2352.7773,4721.6636,217886.640625,3357752.25,738.08685,880.48004,921.987,2000.7524,0.3881334,1848.9932,-0.026255427
6101,1055,2354.7383,2465.8408,195328.40625,3357732.5,183.2417,313.43127,195.37346,2372.8877,0.8475818,1810.0996,-0.13072807
6102,1332,2351.8552,3034.3484,201013.484375,3357761.5,606.27515,857.3776,820.5533,2541.2751,0.5081939,1819.8993,-0.16021033
6103,1039,2351.6912,3893.051,209600.515625,3357763.0,445.15015,622.83636,605.18866,2313.8691,0.5885717,1834.7046,-0.10819317
6104,1397,2356.8074,5082.32,221493.203125,3357712.0,387.9449,511.91696,605.65784,1695.879,0.47088978,1855.2142,0.051773746
6105,1138,2354.4033,5445.379,225123.78125,3357736.0,499.96835,679.49915,716.6019,2410.261,0.547713,1861.4742,-0.11858789
6106,1225,2353.8784,2162.4866,192294.859375,3357741.25,198.13388,308.00735,216.69551,2084.9624,0.81002396,1804.8698,-0.06141592
6107,1071,2355.7097,2432.9458,194999.453125,3357723.0,165.06163,288.69516,181.17787,2285.9146,0.8526119,1809.5331,-0.112216264
6108,1396,2358.1248,2889.9778,199569.78125,3357698.75,190.6995,325.03403,220.30264,2250.7583,0.8183369,1817.4133,-0.09835899
6109,1214,2357.1006,2933.6375,200006.375,3357709.0,747.7121,1017.96747,1131.5618,2390.5017,0.48554558,1818.1655,-0.12259393
6110,1257,2352.4583,3972.1895,210391.890625,3357755.5,417.8942,604.2426,615.7709,2133.129,0.55267,1836.0696,-0.06939397
6111,1108,2353.769,4559.454,216264.53125,3357742.25,690.0501,818.97516,883.9282,1739.212,0.33590868,1846.1964,0.042111844
6112,1256,2355.5916,1983.4976,190504.96875,3357724.0,272.57883,393.85352,374.30414,1920.3375,0.67821795,1801.785,0.0011662104
6113,1153,2356.9446,2752.3826,198193.828125,3357710.5,188.86903,326.02774,204.73114,2383.2256,0.84124625,1815.0406,-0.13211347
6114,1389,2353.6003,4012.6638,210796.640625,3357744.0,312.54572,485.74658,418.03815,2252.5637,0.6850149,1836.768,-0.09131024
6115,1042,2353.907,2304.004,193710.03125,3357741.0,200.64012,338.43954,224.31862,2289.3958,0.82113653,1807.3093,-0.115560465
6116,1274,2356.646,3930.1155,209971.15625,3357713.5,504.86734,688.8501,690.45215,2237.7976,0.5333687,1835.346,-0.09264577
6117,1263,2357.898,4989.251,220562.5,3357701.0,413.922,560.27673,482.6453,2348.4556,0.6714328,1853.6097,-0.1014306
6118,1266,2360.7742,2720.8838,197878.84375,3357672.25,201.3981,342.41312,229.16351,2369.1995,0.8219695,1814.4994,-0.12550886
6119,1348,2363.123,4115.2056,211822.0625,3357648.75,820.14984,949.1491,1001.8531,1769.21,0.30401343,1838.5404,0.032453313
6120,1192,2360.3247,4406.1914,214731.90625,3357676.75,798.3641,902.61914,1024.7593,1473.0696,0.18451707,1843.5566,0.12242855
6121,1203,2357.6875,5376.747,224437.46875,3357703.0,410.41895,593.0623,687.12384,2111.1821,0.5135229,1860.292,-0.05456608
6122,1083,2357.7249,3705.6362,207726.359375,3357702.75,809.9474,970.8172,1043.192,1876.2863,0.28525844,1831.476,-0.003814556
6123,1406,2361.9907,4242.066,213090.65625,3357660.0,855.8898,979.40326,1081.0433,1758.9104,0.2177333,1840.7273,0.048322715
6124,1220,2363.2664,2688.5542,197555.546875,3357647.25,368.29468,554.31024,495.43402,2382.3684,0.6981574,1813.9432,-0.12667945
6125,1220,2361.9517,5188.61,222556.09375,3357660.5,1161.5586,1395.9459,1612.6959,2160.7065,0.17055696,1857.0494,-0.070761435
6126,1092,2364.4597,5554.7217,226217.21875,3357635.5,840.90295,1046.5248,1135.1603,2209.0266,0.35620973,1863.3643,-0.067141406
6127,1231,2360.8992,4053.3574,211203.578125,3357671.0,522.18115,662.14136,651.117,1904.9236,0.5521469,1837.4729,-0.0072940043
6128,1153,2366.0435,5287.9116,223549.125,3357619.5,215.73027,345.3521,305.4822,1941.954,0.7303516,1858.7637,-0.014861704
6129,1080,2363.162,2400.0647,194670.640625,3357648.5,181.83888,317.36203,208.12546,2270.0176,0.8317696,1808.9697,-0.10996633
6130,1243,2361.6306,2526.8784,195938.78125,3357663.75,203.89581,342.13596,218.75664,2443.076,0.8337671,1811.1553,-0.14456916
6131,1182,2364.686,4373.599,214406.0,3357633.25,909.1599,1004.2386,1146.868,1468.3875,0.12481248,1842.9966,0.12089865
6132,1269,2363.5564,3191.774,202587.734375,3357644.5,627.39795,867.7376,906.83215,2243.6194,0.4229242,1822.619,-0.09205363
6133,1121,2364.603,5414.2007,224812.0,3357634.0,404.70474,561.56824,625.6378,2087.7449,0.5414663,1860.9409,-0.046096575
6134,1359,2365.8071,3081.4172,201484.171875,3357622.0,696.71783,913.3889,945.4378,2283.31,0.42060485,1820.7174,-0.10794262
6135,1077,2366.6675,3766.195,208331.953125,3357613.25,866.6481,1027.9387,1089.129,2004.2943,0.2971682,1832.5243,-0.036229063
6136,1147,2366.4211,2244.2886,193112.890625,3357615.75,289.78162,434.6757,326.40018,2523.373,0.7828889,1806.286,-0.15299875
6137,1050,2364.1323,2275.2305,193422.3125,3357638.75,206.75238,329.54572,216.74667,2306.798,0.82748777,1806.8182,-0.117626555
6138,1298,2364.7488,3442.2566,205092.5625,3357632.5,481.60556,660.2192,629.9145,2073.2705,0.558799,1826.9381,-0.05265707
6139,1049,2367.4595,3540.939,206079.390625,3357605.5,218.55959,343.8322,221.31363,2131.386,0.81043553,1828.6409,-0.06850255
6140,1380,2367.5059,2817.413,198844.125,3357605.0,192.89854,321.51846,212.64964,2253.4355,0.82572824,1816.1667,-0.10132104
6141,1148,2368.2866,4338.7056,214057.0625,3357597.25,846.0653,956.4286,1090.3998,1567.743,0.18814868,1842.3965,0.09034436
6142,1234,2368.5527,4438.6133,215056.125,3357594.5,875.97003,961.6815,1088.3096,1407.2662,0.13009353,1844.1194,0.14492786
6143,1013,2366.2192,2367.4434,194344.4375,3357617.75,442.58786,651.6214,615.2325,2377.961,0.6549663,1808.4089,-0.12863609
6144,1170,2366.5137,2782.43,198494.296875,3357614.75,184.78761,311.76837,194.70811,2347.3706,0.8463454,1815.5631,-0.12467226
6145,1034,2367.2534,3800.796,208677.96875,3357607.5,777.09766,948.0822,1002.6992,2053.7195,0.33103356,1833.1211,-0.038042188
6146,1087,2368.2502,4693.3286,217603.28125,3357597.5,857.28796,983.6826,1050.5096,1853.7838,0.28203017,1848.5115,0.00868192
6147,1156,2366.3745,4834.2983,219012.984375,3357616.25,448.27725,578.6661,526.37976,1954.4568,0.5852571,1850.9415,-0.014427312
6148,1283,2367.498,5039.269,221062.6875,3357605.0,378.04675,537.41113,520.0008,2292.0613,0.6392563,1854.4766,-0.09497194
6149,1244,2371.1824,5473.2,225402.0,3357568.25,530.27814,714.3762,735.6584,2664.7402,0.57244617,1861.9613,-0.16666305
6150,1196,2369.1245,4202.4717,212694.71875,3357588.75,973.86206,1111.3988,1207.1271,1837.7366,0.20916954,1840.0479,0.014457246
6151,1454,2372.7544,4902.635,219696.34375,3357552.5,647.695,773.9598,806.512,1723.0723,0.37156382,1852.1227,0.05221799
6152,1108,2370.213,5222.247,222892.46875,3357577.75,513.4066,702.45215,777.9675,2123.3489,0.49036658,1857.6332,-0.050396692
6153,1453,2375.596,2965.2415,200322.40625,3357524.0,595.82104,800.9838,838.5544,2352.9478,0.53753036,1818.7191,-0.11938009
6154,1216,2369.1545,4484.8477,215518.46875,3357588.5,609.3088,718.2134,807.8133,1573.2257,0.32969344,1844.9169,0.0928944
6155,1195,2372.7983,5147.063,222140.625,3357552.0,540.9757,699.8025,932.1523,1903.641,0.36235654,1856.3378,-0.008193572
6156,1057,2368.9036,5343.121,224101.21875,3357591.0,481.98486,669.6424,699.10596,2454.3672,0.5579016,1859.717,-0.110655904
6157,1444,2375.408,3314.8262,203818.265625,3357526.0,246.43387,385.6309,269.22888,2106.7395,0.77378356,1824.7461,-0.06103763
6158,1400,2373.64,3358.36,204253.59375,3357543.5,320.1268,482.23358,417.2175,2034.6875,0.6686085,1825.4958,-0.046380002
6159,1023,2370.822,3832.005,208990.046875,3357571.75,447.73804,586.81036,612.5523,1866.9873,0.51180506,1833.6609,-0.0056316755
6160,1061,2373.8728,4584.851,216518.515625,3357541.25,659.14044,786.746,833.3902,1814.214,0.38408217,1846.6434,0.020415893
6161,1213,2371.0933,2017.5045,190845.046875,3357569.0,317.27783,446.2729,405.6892,2072.2175,0.6722385,1802.3788,-0.04817009
6162,958,2370.7913,2333.3643,194003.640625,3357572.0,193.37056,342.02713,212.44833,2418.035,0.8379183,1807.8236,-0.14174211
6163,1239,2372.7087,3482.9692,205499.6875,3357553.0,242.8749,373.3406,244.72882,2135.6885,0.7899326,1827.6438,-0.06514842
6164,1366,2374.151,2568.9912,196359.90625,3357538.5,179.51318,304.21487,184.07028,2428.0251,0.85887814,1811.8872,-0.14281304
6165,1111,2376.1394,4774.064,218410.640625,3357518.5,907.1584,1058.5896,1145.2719,1973.1143,0.2798599,1849.9071,-0.02256978
6166,1253,2376.1565,5257.303,223243.03125,3357518.5,629.07263,845.4609,899.7258,2316.6077,0.4729506,1858.2402,-0.08015956
6167,1295,2375.471,3120.674,201876.734375,3357525.25,749.52124,937.29926,999.31195,2124.8564,0.3583541,1821.3988,-0.068573736
6168,1017,2372.3206,4626.227,216932.265625,3357556.75,587.8687,710.7468,757.1308,1711.2379,0.39620298,1847.3562,0.049965803
6169,1062,2373.2805,4661.723,217287.234375,3357547.25,721.5075,836.89734,909.61255,1654.6648,0.30072865,1847.9686,0.06493894
6170,1431,2377.5913,2608.7017,196757.015625,3357504.0,173.384,303.81693,182.06848,2439.812,0.8608171,1812.5735,-0.14558391
6171,973,2371.9292,3862.7996,209298.0,3357560.75,397.76978,545.13055,599.1572,1887.6793,0.5188698,1834.1924,-0.012573809
6172,1266,2381.3223,4144.3516,212113.515625,3357466.75,939.09875,1086.7701,1182.3871,1933.8728,0.2512395,1839.0513,-0.017144019
6173,1153,2380.1614,1960.4181,190274.1875,3357478.5,343.72507,477.58282,484.41977,2037.3903,0.6289784,1801.3992,-0.03628677
6174,1174,2379.7803,2214.539,192815.390625,3357482.25,472.60733,673.3288,641.7104,2378.9604,0.6326544,1805.7795,-0.123193465
6175,1171,2377.5542,3574.0222,206410.21875,3357504.5,630.88983,829.7634,886.17676,2173.0615,0.45263162,1829.216,-0.079381615
6176,1483,2382.234,2659.3418,197263.421875,3357457.75,224.8756,372.40323,256.00034,2433.6326,0.81037223,1813.4487,-0.13955013
6177,1294,2378.4204,3004.5789,200715.78125,3357495.75,696.7427,893.2979,959.017,2241.5051,0.40277725,1819.3987,-0.09893271
6178,1405,2381.3872,4938.568,220055.6875,3357466.25,490.0982,624.5324,588.0395,2111.2603,0.5699529,1852.7462,-0.051045824
6179,1153,2379.28,3159.7659,202267.65625,3357487.25,686.39075,865.5013,936.67126,2005.9575,0.36287913,1822.0746,-0.039521217
6180,1218,2380.0935,3611.7043,206787.046875,3357479.0,882.9491,1065.4918,1133.8588,2128.1602,0.3090004,1829.8668,-0.0681753
6181,1208,2376.3445,4283.113,213501.125,3357516.5,689.85925,826.22845,876.70197,1882.836,0.38505763,1841.4415,-0.0015394728
6182,1067,2379.7646,2069.134,191361.34375,3357482.25,286.93347,421.2418,366.98032,2062.0066,0.69898176,1803.2731,-0.05683465
6183,1200,2381.306,2105.14,191721.40625,3357467.0,264.47083,400.48416,316.26666,2194.3374,0.7446401,1803.8945,-0.08519616
6184,1371,2380.9956,3228.1501,202951.5,3357470.0,690.3713,922.8286,1003.46246,2159.7244,0.37523818,1823.2544,-0.07530971
6185,1181,2382.1252,3725.8782,207928.78125,3357458.75,851.5453,1026.7417,1102.5089,1997.7756,0.28982934,1831.8363,-0.03678334
6186,1259,2379.9197,2493.9563,195609.5625,3357480.75,486.95273,694.7728,685.5151,2376.8333,0.6299794,1810.5964,-0.1250302
6187,1347,2381.9229,5507.341,225743.40625,3357460.75,461.14328,640.46326,655.6897,2666.8552,0.60797304,1862.5547,-0.16581763
6188,1121,2382.3782,5594.876,226618.75,3357456.25,868.4938,1083.12,1155.3474,2248.8032,0.32714266,1864.0645,-0.07386522
6189,1202,2382.991,2139.921,192069.203125,3357450.0,216.55157,342.1614,258.0416,2065.228,0.77806985,1804.4949,-0.058725785
6190,1196,2383.6162,2180.1873,192471.875,3357443.75,286.05225,436.57483,377.45444,2085.622,0.7288261,1805.1893,-0.0655406
6191,1286,2380.696,2851.7964,199187.96875,3357473.0,192.87402,332.14893,213.84798,2349.0664,0.83215797,1816.7657,-0.123896815
6192,1273,2384.194,3046.329,201133.296875,3357438.0,694.1473,916.6422,961.2145,2351.104,0.4218507,1820.1212,-0.12272269
6193,1225,2382.875,3649.8464,207168.46875,3357451.25,772.21387,937.80084,993.0,1944.631,0.33128113,1830.5256,-0.021147467
6194,1104,2381.9077,3959.6187,210266.1875,3357461.0,700.8958,867.82336,887.058,2221.5752,0.44455686,1835.8662,-0.08656121
6195,982,2380.6455,3900.4185,209674.1875,3357473.5,679.9246,844.1324,878.15173,2020.7871,0.39317662,1834.845,-0.03888072
6196,1409,2384.44,4082.335,211493.34375,3357435.5,983.3357,1132.5266,1242.7062,1903.3378,0.22377156,1837.9833,-0.009109353
6197,1113,2382.1284,4736.352,218033.515625,3357458.75,980.8841,1091.9299,1192.2866,1682.5642,0.17949267,1849.2595,0.055129793
6198,1200,2386.586,5007.2915,220742.90625,3357414.25,407.59793,573.1054,553.6204,2221.2932,0.6356497,1853.9336,-0.08289849
6199,1037,2383.0771,4806.972,218739.71875,3357449.25,284.973,421.76663,319.45517,2017.0111,0.72948045,1850.4777,-0.03738158
6200,1346,2381.2905,3405.2288,204722.28125,3357467.0,401.49442,572.224,507.74182,2157.2102,0.6368455,1826.3075,-0.07439902
6201,1305,2387.521,3994.9326,210619.328125,3357404.75,553.27814,735.6797,750.7234,2292.3916,0.5119883,1836.4778,-0.101810895
6202,1185,2386.536,3686.0986,207530.984375,3357414.75,735.05316,905.58057,958.62866,1997.5797,0.371609,1831.1525,-0.034829818
6203,1304,2387.0867,5109.477,221764.765625,3357409.25,391.77686,502.86426,682.64954,1629.0521,0.41404247,1855.6959,0.067129925
6204,1052,2385.2737,2452.902,195199.015625,3357427.25,175.79088,295.2638,193.4482,2183.1863,0.83682066,1809.8914,-0.08871308
6205,1159,2388.4219,3517.711,205847.109375,3357395.75,430.8201,602.7269,564.6083,2280.9788,0.6378742,1828.2501,-0.105513714
6206,1247,2388.0063,4033.7136,211007.140625,3357400.0,409.909,546.5076,476.5878,1943.0369,0.6317246,1837.1466,-0.020734733
6207,1162,2389.3452,4313.9966,213809.96875,3357386.5,550.38556,688.432,720.56885,1826.0671,0.4361654,1841.98,0.019129546
6208,1111,2383.8687,4865.773,219327.734375,3357441.25,321.29703,450.37173,372.31323,1782.4847,0.65224314,1851.492,0.028129136
6209,1530,2390.8,3269.9404,203369.40625,3357372.0,625.9379,832.0712,866.45557,2145.9202,0.44389704,1823.9794,-0.0688251
6210,1045,2384.3015,4521.5405,215885.40625,3357437.0,804.9737,929.2067,1024.3206,1666.7804,0.2510434,1845.5564,0.06357505
6211,1270,2388.592,2924.4763,199914.765625,3357394.0,550.12006,774.8441,801.30554,2286.9287,0.56660587,1818.0226,-0.10121643
6212,1102,2388.7605,4553.757,216207.5625,3357392.5,736.1497,856.2069,930.64246,1629.8053,0.2909479,1846.1139,0.076362796
6213,1079,2389.6238,2309.7988,193767.984375,3357383.75,209.47452,330.12512,216.11955,2324.1614,0.829067,1807.4265,-0.11979416
6214,866,2389.7795,5565.554,226325.546875,3357382.25,639.7864,843.71594,826.0716,2700.9717,0.54675174,1863.562,-0.16513553
6215,1075,2391.6409,2420.9153,194879.15625,3357363.5,173.84744,298.2358,194.0828,2236.1484,0.8399195,1809.343,-0.102633014
6216,1233,2393.5159,4174.407,212414.0625,3357344.75,1008.09894,1142.026,1258.6877,1789.142,0.18217793,1839.575,0.023622872
6217,1179,2395.145,4463.4316,215304.3125,3357328.5,821.58606,949.103,1049.8829,1677.3351,0.25099936,1844.5593,0.06695735
6218,1141,2391.1577,5317.681,223846.8125,3357368.5,300.922,441.1481,347.85013,2409.1692,0.74371284,1859.2881,-0.09895355
6219,1087,2391.035,5364.8296,224318.296875,3357369.75,330.91537,483.64307,581.8528,1911.3478,0.55188155,1860.1011,-0.004436252
6220,1393,2396.9102,4974.311,220413.109375,3357311.0,274.39554,427.98062,301.8855,2429.673,0.7846752,1853.3694,-0.12551843
6221,1317,2394.2375,5073.2993,221403.0,3357337.5,475.1845,608.5057,730.7403,1792.17,0.43148622,1855.0752,0.025376843
6222,1191,2393.9353,5400.616,224676.15625,3357340.75,312.46515,460.28043,540.92737,1878.0428,0.56388694,1860.7195,0.0062298807
6223,1142,2396.0325,2041.7189,191087.1875,3357319.75,295.3634,418.43082,394.70227,1959.021,0.66556066,1802.8085,-0.015680015
6224,1092,2395.6208,5168.2217,222352.21875,3357323.75,456.8251,586.30035,752.0769,1680.4286,0.38910082,1856.7126,0.052332737
6225,1394,2395.2942,5440.3745,225073.75,3357327.0,348.4828,502.0154,570.3232,2003.0997,0.56355894,1861.4056,-0.022854641
6226,1229,2396.406,1992.0961,190590.96875,3357316.0,340.0423,473.09763,461.6314,2171.3352,0.65381074,1801.9532,-0.0591632
6227,1438,2395.6982,2744.523,198115.234375,3357323.0,194.9482,336.23505,212.04381,2411.7688,0.8379076,1814.9236,-0.13875285
6228,1258,2393.9817,2886.807,199538.0625,3357340.25,291.1868,459.95587,400.1701,2290.2388,0.7319719,1817.3756,-0.10660772
6229,976,2396.0657,4606.4834,216734.84375,3357319.25,686.2515,818.12195,915.0056,1800.8438,0.3446617,1847.0264,0.025887286
6230,1211,2400.1396,5534.995,226019.953125,3357278.5,470.00247,660.65155,635.98596,2907.724,0.6425718,1863.0396,-0.2012279
6231,1054,2395.1575,3927.9346,209949.34375,3357328.5,778.62335,992.7467,1031.1708,2231.3425,0.36900443,1835.326,-0.088121004
6232,1159,2395.9827,4254.476,213214.765625,3357320.25,989.1087,1094.5608,1215.5479,1626.6774,0.14803387,1840.9567,0.06944869
6233,998,2395.8647,2353.9038,194209.03125,3357321.25,382.12024,569.74347,507.3477,2390.2134,0.6919519,1808.1898,-0.12681423
6234,1241,2395.8035,2530.9597,195979.59375,3357322.0,202.64746,349.20468,217.3058,2452.8613,0.83621716,1811.242,-0.14695755
6235,1264,2396.9849,3453.4944,205204.9375,3357310.25,253.39755,394.79153,268.51028,2178.2341,0.77782774,1827.147,-0.07717633
6236,967,2397.4033,3751.0425,208180.421875,3357306.0,808.08997,984.6856,1050.12,1915.394,0.29778334,1832.2772,-0.017995924
6237,1273,2397.8477,4395.8867,214628.875,3357301.5,850.6465,972.22076,1140.8767,1598.6174,0.17840137,1843.3959,0.07915183
6238,1075,2397.5767,2386.9841,194539.84375,3357304.25,197.91441,329.45953,219.17302,2280.8652,0.82395136,1808.7609,-0.11234147
6239,1427,2398.9531,2705.1296,197721.296875,3357290.5,447.3122,655.87354,623.25366,2480.5017,0.66949296,1814.246,-0.14681917
6240,995,2397.0461,3783.6604,208506.609375,3357309.5,924.15375,1094.0361,1198.409,1913.0242,0.23054828,1832.8394,-0.014051107
6241,1264,2399.0808,4216.4067,212834.0625,3357289.25,1011.99603,1137.6187,1254.9612,1723.0214,0.16212763,1840.3018,0.041311774
6242,979,2397.9326,4705.7905,217727.90625,3357300.75,853.3769,973.024,1050.6777,1699.8529,0.24285163,1848.7396,0.051647022
6243,1124,2399.041,5198.8667,222658.671875,3357289.5,1029.6521,1237.2789,1428.1837,1992.4956,0.19831002,1857.2426,-0.027965013
6244,1212,2399.2417,4359.738,214267.375,3357287.5,762.29205,887.9439,989.2533,1651.7781,0.25357944,1842.7732,0.06444785
6245,1067,2396.91,2276.421,193434.203125,3357311.0,215.52577,327.12277,213.69072,2296.3477,0.8283163,1806.8546,-0.10790731
6246,1254,2398.9036,2785.9211,198529.21875,3357291.0,192.52512,329.10486,212.49162,2364.8855,0.83434653,1815.6388,-0.12772673
6247,892,2400.0537,3873.3845,209403.84375,3357279.5,674.79706,811.63116,885.65247,1775.519,0.33684376,1834.3877,0.023272969
6248,1316,2400.3245,3194.1877,202611.875,3357276.75,719.91187,933.291,1024.087,2145.6584,0.35560834,1822.6779,-0.075675316
6249,1015,2401.3093,4644.662,217116.625,3357267.0,635.38275,752.2266,807.7172,1769.867,0.3889554,1847.687,0.031729966
6250,1210,2401.4504,3076.7356,201437.359375,3357265.5,688.79626,896.7467,905.5789,2232.5698,0.42254844,1820.6536,-0.094701886
6251,1308,2406.2844,3337.3853,204043.84375,3357217.25,526.6223,743.98816,728.64374,2093.943,0.4920253,1825.1494,-0.060567364
6252,1270,2405.344,3377.2866,204442.875,3357226.5,552.45,768.6992,763.8575,2119.1208,0.48053196,1825.8369,-0.06906202
6253,1006,2402.181,3814.3022,208813.03125,3357258.25,615.494,822.2416,845.86383,2212.152,0.4475157,1833.3701,-0.08364477
6254,1164,2403.647,4428.502,214955.015625,3357243.5,841.96906,942.99744,1033.3737,1614.7964,0.23444456,1843.9608,0.07630176
6255,1429,2409.9355,2635.6277,197026.28125,3357180.75,190.95801,333.12912,202.67494,2499.9692,0.84849536,1813.0531,-0.1540581
6256,1050,2404.24,4499.436,215664.359375,3357237.5,840.99,982.70667,1081.2009,1756.9324,0.25377285,1845.1842,0.03338602
6257,1242,2405.856,3550.3616,206173.625,3357221.5,656.18036,861.5833,917.61554,2265.6538,0.4314563,1828.8212,-0.09896279
6258,1367,2406.7952,4118.556,211855.5625,3357212.0,986.06146,1140.7966,1255.9188,1921.6722,0.21720262,1838.618,-0.013909971
6259,1110,2402.2341,5040.5146,221075.15625,3357257.75,292.2716,432.96982,348.94415,2247.7979,0.730396,1854.5133,-0.084987186
6260,1127,2403.7942,2244.5935,193115.9375,3357242.0,223.6291,340.77905,233.63576,2225.531,0.80870676,1806.3093,-0.092239425
6261,980,2405.1602,3844.197,209111.96875,3357228.5,491.31326,646.76324,715.8714,2021.5295,0.4791923,1833.8868,-0.04399579
6262,1132,2405.9373,5229.6836,222966.84375,3357220.75,436.06052,607.9801,700.70404,2022.0862,0.48590648,1857.7771,-0.031331424
6263,1255,2407.6143,5290.903,223579.03125,3357203.75,344.4032,505.349,437.96335,2447.2231,0.70517606,1858.8335,-0.10678141
6264,1192,2406.7383,3112.1887,201791.890625,3357212.5,764.8746,953.4014,1028.5394,2065.5554,0.3379426,1821.2672,-0.0571332
6265,1044,2407.546,4677.842,217448.421875,3357204.5,896.13983,1005.0833,1102.6145,1682.6255,0.21655792,1848.262,0.054307364
6266,1264,2406.3599,4836.001,219030.0,3357216.5,242.59534,384.8679,267.24448,1994.2294,0.7632961,1850.9886,-0.03380764
6267,1019,2408.9019,2472.5593,195395.59375,3357191.0,193.94014,326.15112,213.88174,2281.1643,0.8287899,1810.2416,-0.11066733
6268,1288,2409.3875,2821.7988,198887.984375,3357186.0,206.19333,346.75583,230.94449,2328.2644,0.81857234,1816.2623,-0.11970101
6269,1145,2407.3667,3491.7014,205587.015625,3357206.25,205.91528,340.5214,219.0952,2101.8052,0.811217,1827.8104,-0.06446244
6270,1090,2407.9688,4761.382,218283.8125,3357200.25,779.2624,912.2615,973.2752,1731.7284,0.29579607,1849.7026,0.04497014
6271,1266,2411.2646,2982.5537,200495.53125,3357167.25,706.4175,936.84796,1058.0509,2383.7917,0.41171685,1819.0345,-0.13024342
6272,1148,2409.5618,3020.8433,200878.4375,3357184.5,594.86584,800.6132,838.4033,2251.0427,0.46082404,1819.6938,-0.10004324
6273,1248,2410.573,3590.0095,206570.09375,3357174.25,562.28204,726.37823,712.496,1981.9094,0.5078007,1829.5068,-0.028399218
6274,1185,2408.5325,2563.19,196301.90625,3357194.75,185.27849,318.46497,194.86203,2437.4248,0.8516267,1811.8037,-0.14560083
6275,1301,2412.1792,3300.2998,203673.0,3357158.25,613.3943,835.8686,861.1718,2200.1614,0.4404963,1824.5128,-0.083833866
6276,1370,2410.3723,5475.966,225429.65625,3357176.25,484.96826,659.59564,713.4679,2357.853,0.5374871,1862.026,-0.10403349
6277,1238,2412.9482,5612.516,226795.15625,3357150.5,879.7864,1101.613,1193.6232,2273.7246,0.34007964,1864.3818,-0.089686714
6278,1266,2412.6438,2598.41,196654.09375,3357153.5,179.33255,313.0162,185.37006,2484.1233,0.86074173,1812.4128,-0.1542738
6279,1254,2409.6309,3152.3086,202193.09375,3357183.75,759.7097,943.77155,1026.6567,2029.4481,0.32900006,1821.9603,-0.04809359
6280,1268,2412.94,5134.492,222014.921875,3357150.5,343.22476,449.2721,596.08594,1557.2334,0.44694325,1856.1387,0.089636385
6281,1087,2410.9531,2081.3716,191483.71875,3357170.5,332.72308,468.01105,428.25116,2180.3835,0.6734468,1803.4993,-0.07443969
6282,1248,2413.996,3418.1658,204851.65625,3357140.0,584.1839,815.6803,819.6334,2242.1157,0.4606255,1826.5458,-0.09082769
6283,1272,2413.9504,3628.2908,206952.90625,3357140.5,439.71777,620.40173,582.7673,2016.9033,0.5752442,1830.1685,-0.036979433
6284,1238,2415.773,4054.8594,211218.59375,3357122.25,863.8756,1014.0775,1108.1874,1803.1833,0.24968563,1837.5239,0.017431218
6285,1192,2412.2476,4877.7534,219447.53125,3357157.5,409.3339,521.93915,445.3406,1946.2021,0.6300825,1851.7112,-0.013092949
6286,1351,2413.8062,4913.276,219802.75,3357142.0,450.0137,590.7409,563.06586,1975.5514,0.56173176,1852.3243,-0.016192064
6287,1184,2414.1191,4577.933,216449.328125,3357138.75,719.1516,829.212,912.2517,1715.1973,0.32351768,1846.5421,0.048333544
6288,1071,2411.5461,4795.5015,218625.015625,3357164.5,280.32446,420.9253,321.76285,2025.133,0.73087627,1850.2926,-0.039998647
6289,1099,2413.9172,2151.0283,192180.28125,3357140.75,259.65424,405.919,316.88263,2144.2292,0.73949873,1804.7014,-0.07641442
6290,1263,2416.9114,2948.6033,200156.03125,3357111.0,563.32385,776.6045,806.4648,2314.2432,0.56086993,1818.4519,-0.10876972
6291,1058,2417.964,2018.5312,190855.3125,3357100.25,288.96692,408.8204,404.13422,1887.3601,0.6544131,1802.4194,0.011784798
6292,1233,2416.759,3704.017,207710.171875,3357112.5,828.56287,1037.8508,1079.1938,2201.7388,0.33982486,1831.4753,-0.08208769
6293,1088,2414.0735,5260.146,223271.46875,3357139.25,274.36304,420.7877,411.5101,1921.512,0.65694225,1858.3059,-0.005439605
6294,1264,2418.435,5337.6655,224046.65625,3357095.75,237.40585,366.4201,316.33307,2006.6882,0.7284984,1859.6445,-0.02692387
6295,1246,2415.1926,4286.736,213537.359375,3357128.0,955.17975,1073.8467,1188.5626,1690.2921,0.1849704,1841.5216,0.05323232
6296,1133,2417.407,4331.5815,213985.8125,3357106.0,817.11035,954.9797,1048.3478,1747.2975,0.25947064,1842.2959,0.036242798
6297,1161,2416.833,2115.2344,191822.34375,3357111.75,285.62964,422.50388,367.621,2124.0146,0.7124581,1804.0858,-0.07245016
6298,1168,2418.5847,2503.0728,195700.71875,3357094.25,652.3262,907.2517,949.68536,2409.5095,0.5334835,1810.7722,-0.13053553
6299,1429,2417.5745,3236.1714,203031.71875,3357104.25,754.3051,994.83624,1094.9951,2225.9597,0.34597844,1823.4098,-0.090367004
6300,1257,2418.1448,3665.7988,207327.984375,3357098.5,452.85602,616.1726,574.6484,2095.035,0.60390514,1830.817,-0.055301875
6301,1019,2414.361,3954.8008,210218.0,3357136.5,1050.7017,1194.8292,1279.0588,1951.4004,0.2081621,1835.7981,-0.021448204
6302,1079,2416.4634,2213.2002,192802.0,3357115.25,263.3494,408.8443,323.86282,2146.1965,0.74696106,1805.7743,-0.07774877
6303,1057,2419.7312,2337.389,194043.890625,3357082.75,469.6632,675.7247,631.63763,2485.3293,0.6565814,1807.9166,-0.1437578
6304,1453,2422.1245,2675.7117,197427.125,3357058.75,222.99794,366.0671,246.38644,2463.0488,0.82095116,1813.75,-0.14872363
6305,948,2414.6572,3898.5022,209655.03125,3357133.5,844.7584,999.7458,1083.3755,1830.6952,0.25674823,1834.8275,0.013271225
6306,970,2415.7156,2183.796,192507.953125,3357122.75,506.96393,700.77734,715.0464,2199.7876,0.55871964,1805.2671,-0.08945352
6307,1176,2417.841,2852.4219,199194.21875,3357101.5,260.83844,420.22192,326.19217,2279.3281,0.76663166,1816.7942,-0.10604569
6308,1181,2420.3794,4014.861,210818.609375,3357076.25,519.1863,648.58765,633.6554,1824.5275,0.500042,1836.8363,0.01669092
6309,996,2417.7922,4728.275,217952.75,3357102.0,903.4252,1053.1501,1178.485,1810.9006,0.21368445,1849.1361,0.020396931
6310,1198,2419.07,4535.1753,216021.75,3357089.25,785.5004,899.66486,972.7709,1593.1273,0.25673747,1845.8071,0.08274991
6311,1299,2422.02,4948.8345,220158.34375,3357059.75,503.14166,653.36566,701.1909,2030.8184,0.50788176,1852.9412,-0.030652441
6312,1052,2416.5854,5573.9897,226409.90625,3357114.25,331.4439,498.67538,493.3593,2409.7104,0.66122454,1863.7191,-0.113100186
6313,1118,2423.3103,2440.7603,195077.59375,3357047.0,185.02191,308.85867,200.44633,2208.7822,0.83316004,1809.7003,-0.0959463
6314,1128,2422.7712,2912.7917,199797.921875,3357052.25,206.62721,347.7225,229.6219,2280.8604,0.8152686,1817.8373,-0.10745002
6315,1139,2425.3108,3983.483,210504.828125,3357027.0,1002.3933,1138.0536,1224.1975,1836.201,0.20102298,1836.2976,0.008153285
6316,1158,2422.3574,4085.405,211524.046875,3357056.5,976.69,1103.7764,1199.1727,1707.987,0.1782386,1838.0536,0.045688838
6317,1135,2421.823,5374.5806,224415.8125,3357061.75,230.71277,366.0696,293.65244,2178.1895,0.76219314,1860.2826,-0.054110736
6318,1007,2421.0596,2304.3257,193713.25,3357069.5,177.88977,296.4856,196.10825,2096.6743,0.8277441,1807.3474,-0.06531395
6319,1031,2423.4976,4621.94,216889.40625,3357045.0,597.74976,719.2784,733.1057,1746.546,0.41836217,1847.3052,0.042606127
6320,1217,2423.3657,5016.1562,220831.5625,3357046.25,224.00165,353.47083,250.87962,2039.6705,0.7804091,1854.1027,-0.04049095
6321,1385,2426.3313,5097.5054,221645.0625,3357016.75,378.42383,487.9083,648.1148,1563.5293,0.41966635,1855.5067,0.08845957
6322,1034,2424.4102,2408.8086,194758.09375,3357036.0,191.43811,312.7408,205.83269,2249.8245,0.8317718,1809.15,-0.104269795
6323,1056,2426.4214,3734.5654,208015.65625,3357015.75,796.65247,1020.501,1114.5625,2105.4592,0.31278023,1832.0065,-0.0647039
6324,1329,2426.55,5508.1377,225751.375,3357014.5,489.4413,670.927,715.29156,2511.757,0.55938935,1862.5878,-0.12846689
6325,1127,2424.671,4180.391,212473.90625,3357033.25,999.3629,1145.9609,1269.3097,1853.7968,0.18780608,1839.6924,0.008079522
6326,1297,2427.4226,5414.0146,224810.15625,3357005.75,384.5852,553.2051,510.60022,2575.4893,0.6653829,1860.9651,-0.13479471
6327,1308,2429.25,3049.4136,201164.140625,3356987.5,539.7397,744.7745,745.71136,2233.233,0.50969553,1820.1957,-0.09632413
6328,1440,2431.3027,4146.2603,212132.59375,3356967.0,970.18054,1110.6167,1216.6687,1805.2299,0.19832066,1839.1069,0.021911658
6329,1074,2426.0847,4242.946,213099.453125,3357019.25,960.14154,1068.6741,1189.7896,1547.3054,0.13328356,1840.7716,0.09163432
6330,1299,2428.9324,2757.12,198241.203125,3356990.75,192.23865,332.9319,210.88799,2389.295,0.83733207,1815.1566,-0.13374336
6331,953,2426.9392,3765.9685,208329.6875,3357010.5,688.36414,945.2728,994.75024,2350.4607,0.40674758,1832.5481,-0.11843918
6332,1079,2430.4524,2056.5977,191235.96875,3356975.5,309.6154,423.33734,381.7961,2117.5903,0.6965097,1803.0817,-0.046970636
6333,1174,2430.7642,2372.8228,194398.21875,3356972.25,216.61414,334.85776,227.51363,2245.0725,0.8142995,1808.5328,-0.096966155
6334,1369,2431.9233,3525.0884,205920.875,3356960.75,380.31482,521.2421,448.25858,2039.9485,0.65713793,1828.3975,-0.04733219
6335,1182,2430.6084,4452.121,215191.21875,3356974.0,759.84094,879.4577,982.06006,1636.8917,0.26328763,1844.3802,0.06986742
6336,1059,2429.3994,4487.0234,215540.234375,3356986.0,852.48303,969.99194,1051.432,1702.889,0.2493568,1844.9814,0.04889507
6337,1045,2430.4546,2881.4097,199484.09375,3356975.5,364.21628,547.29474,500.8555,2287.7517,0.67367625,1817.2999,-0.10177971
6338,1147,2430.2258,3449.4768,205164.765625,3356977.75,627.3191,877.9438,920.79645,2343.4285,0.43570504,1827.0931,-0.114220716
6339,1026,2431.8013,3795.848,208628.484375,3356962.0,857.5429,1069.1326,1162.3197,2169.0596,0.3052328,1833.0656,-0.07781344
6340,1315,2433.1733,4376.386,214433.859375,3356948.25,851.8373,991.6129,1079.7513,1740.4448,0.23045382,1843.0756,0.042596538
6341,1418,2434.584,5059.5474,221265.46875,3356934.25,449.24753,593.2186,704.81665,1933.3131,0.47178167,1854.8558,-0.012930793
6342,1230,2430.9521,5166.3887,222333.890625,3356970.5,488.36584,616.03986,753.4228,1576.5317,0.38094446,1856.6965,0.08777726
6343,1060,2430.7773,2272.6357,193396.359375,3356972.25,186.05377,296.20566,202.30472,2048.6736,0.81904894,1806.8058,-0.054056678
6344,1469,2436.3792,2717.015,197840.15625,3356916.25,471.56976,690.58136,655.7498,2584.1638,0.6790493,1814.4688,-0.16941842
6345,1125,2432.1404,2793.9832,198609.828125,3356958.5,202.17288,341.83112,228.70088,2313.44,0.8187938,1815.7936,-0.11502126
6346,1447,2435.5315,3270.564,203375.640625,3356924.75,709.5166,947.1866,1008.7167,2368.969,0.40291238,1824.0111,-0.12555149
6347,1056,2433.3296,3927.4744,209944.75,3356946.75,904.52747,1048.8267,1144.6809,1819.6638,0.2257248,1835.3356,0.014609363
6348,1029,2434.3625,4210.413,212774.125,3356936.5,955.82996,1110.037,1220.3606,1890.1409,0.21359351,1840.2144,-0.002118619
6349,1071,2433.789,4659.7505,217267.5,3356942.0,686.54156,810.451,861.6685,1821.5192,0.3747298,1847.9617,0.017388128
6350,1311,2438.2837,4988.0933,220550.9375,3356897.25,383.00342,513.7246,456.71432,2045.1064,0.6410959,1853.6254,-0.038471684
6351,1359,2437.1428,5447.823,225148.234375,3356908.5,549.3859,762.0335,799.4949,2775.8708,0.55278975,1861.5524,-0.16902843
6352,1287,2436.1873,2534.4841,196014.84375,3356918.25,203.04935,349.43863,220.32945,2430.238,0.8336162,1811.3221,-0.1440842
6353,1192,2435.6494,3086.9873,201539.875,3356923.5,635.59985,848.5386,879.5218,2224.8008,0.43660116,1820.8464,-0.09580088
6354,1216,2432.5247,3196.6833,202636.828125,3356954.75,797.07733,977.30096,1042.0634,1992.7241,0.31424287,1822.7361,-0.038187835
6355,1240,2437.591,3354.9033,204219.03125,3356904.0,602.59436,864.9935,851.577,2437.5996,0.47940853,1825.4661,-0.13261536
6356,1115,2434.8215,3863.5264,209305.265625,3356931.75,711.8135,882.7973,984.9175,1938.3138,0.3280257,1834.2338,-0.021423474
6357,1292,2436.955,4412.1587,214791.59375,3356910.5,797.0627,926.291,1047.7748,1600.0016,0.21576476,1843.6941,0.077462375
6358,1248,2437.3213,5544.811,226118.109375,3356906.75,396.43268,555.53204,616.3361,2170.9246,0.57044715,1863.2249,-0.058115482
6359,1208,2439.794,5631.455,226984.546875,3356882.0,747.67426,947.47766,1014.19867,2054.9243,0.3748579,1864.7201,-0.041837286
6360,1129,2438.0195,3391.7148,204587.15625,3356899.75,648.2485,903.9539,950.16077,2278.0571,0.41166243,1826.101,-0.099006705
6361,1085,2437.13,3828.837,208958.375,3356908.75,477.6986,670.39813,769.97235,2174.0598,0.4770338,1833.6367,-0.08000578
6362,1171,2438.4065,3124.918,201919.1875,3356896.0,652.4411,852.96497,907.9705,2214.521,0.4260901,1821.5016,-0.09386879
6363,1131,2437.0088,3485.741,205527.40625,3356910.0,595.5588,802.1998,830.59106,2232.9363,0.46759087,1827.7216,-0.09098235
6364,1281,2439.2224,3567.9353,206349.34375,3356887.75,311.6694,469.07846,362.21857,2108.7039,0.7118898,1829.1395,-0.05817674
6365,1223,2438.4114,4699.788,217667.875,3356896.0,873.5756,974.4861,1073.0012,1502.554,0.16777073,1848.6542,0.10910883
6366,1158,2438.969,4816.472,218834.71875,3356890.25,454.39594,589.38257,519.97626,1931.2284,0.58882886,1850.6664,-0.008618367
6367,1210,2439.92,4851.986,219189.859375,3356880.75,242.24628,379.97272,269.33636,2035.5157,0.76622224,1851.2792,-0.044126537
6368,1331,2437.8286,5200.1826,222671.828125,3356901.75,1388.6664,1639.4937,1858.151,2186.4695,0.09100455,1857.2823,-0.07853747
6369,1166,2439.5781,3005.891,200728.90625,3356884.25,466.34262,642.89325,631.3791,2251.2925,0.5758446,1819.4502,-0.09492855
6370,1394,2444.9885,5310.411,223774.109375,3356830.0,262.78336,391.72885,354.06097,2022.8551,0.70733553,1859.1862,-0.027238209
6371,1065,2439.2705,2239.2957,193062.953125,3356887.25,215.55118,335.98215,245.66385,2059.9314,0.7857258,1806.2352,-0.056742035
6372,1128,2440.789,3161.5266,202285.265625,3356872.0,760.51416,962.48846,1061.7158,2117.5234,0.33521762,1822.1338,-0.069848225
6373,1102,2442.7505,4307.0537,213740.53125,3356852.5,789.5499,937.7105,1041.8539,1760.2513,0.2615736,1841.8844,0.03615851
6374,1105,2443.9395,4598.6543,216656.546875,3356840.5,824.048,930.7267,1035.0363,1777.2633,0.28251693,1846.9128,0.02834922
6375,996,2441.1204,4747.215,218142.15625,3356868.75,640.1275,789.127,838.36646,1825.5748,0.3922345,1849.4731,0.019922784
6376,1060,2441.2322,4779.8716,218468.71875,3356867.75,252.87547,397.63065,284.08963,2014.5198,0.75333965,1850.0363,-0.04023883
6377,1248,2442.7156,2572.871,196398.71875,3356852.75,187.81331,317.82132,192.73477,2411.3694,0.8515952,1811.987,-0.14004762
6378,1313,2444.732,3316.8318,203838.3125,3356832.75,624.39606,863.9452,885.7738,2429.6858,0.46521124,1824.8131,-0.13725074
6379,1180,2444.2493,4559.112,216261.125,3356837.5,673.54193,786.61993,835.74194,1614.642,0.3306453,1846.2311,0.07939157
6380,1237,2442.7751,5235.921,223029.21875,3356852.25,473.98303,635.9325,720.6221,1893.5425,0.4640163,1857.9008,-0.0019956648
6381,1349,2446.1719,3607.1653,206741.65625,3356818.25,515.1972,707.9118,642.8232,2122.6558,0.5575052,1829.8191,-0.06396965
6382,1125,2446.4534,4266.562,213335.625,3356815.5,962.64355,1079.383,1220.7253,1556.6195,0.12626697,1841.188,0.09077862
6383,1144,2443.798,5586.3916,226533.90625,3356842.0,389.1285,561.5441,612.9493,2207.889,0.57697845,1863.9447,-0.07022118
6384,1128,2444.6719,2134.6365,192016.359375,3356833.25,322.66754,465.67908,416.78104,2123.3555,0.6723116,1804.4338,-0.056715153
6385,1125,2443.2417,2469.2417,195362.421875,3356847.5,197.39378,333.5231,214.56622,2376.2854,0.83372605,1810.2009,-0.13201158
6386,1178,2445.741,4034.8022,211018.03125,3356822.5,523.4227,676.2343,702.2165,1859.9474,0.4638227,1837.1918,0.0053501325
6387,1014,2443.9014,2173.4841,192404.84375,3356841.0,279.76627,425.56015,343.071,2176.5208,0.72821605,1805.103,-0.0834511
6388,1346,2447.537,2611.4338,196784.34375,3356804.75,178.1835,299.0026,178.28268,2355.2188,0.85869104,1812.654,-0.1271251
6389,1272,2449.6558,4518.5396,215855.390625,3356783.5,941.11084,1080.0251,1225.1556,1744.2155,0.1852071,1845.5339,0.042933743
6390,1225,2445.8948,4888.897,219558.96875,3356821.0,412.22244,570.9004,518.911,2080.0,0.61620885,1851.9182,-0.045263924
6391,1262,2446.6228,5275.5747,223425.75,3356813.75,338.65213,496.83835,435.65372,2304.5247,0.6852046,1858.5862,-0.088856325
6392,1182,2446.011,2091.0422,191580.421875,3356820.0,309.5897,437.07953,396.64383,2096.0498,0.6803121,1803.683,-0.04179181
6393,1413,2449.6199,2648.368,197153.6875,3356783.75,194.80714,336.46567,203.21054,2512.6086,0.8498705,1813.2917,-0.158688
6394,1212,2447.3828,4104.0254,211710.25,3356806.25,1050.9802,1200.934,1320.1394,1883.3235,0.18347546,1838.386,-0.0035714188
6395,1340,2450.1128,3645.156,207121.5625,3356778.75,884.1261,1076.5956,1156.4873,2117.2866,0.29853237,1830.476,-0.0649382
6396,1049,2447.3022,4342.4814,214094.8125,3356807.0,713.17633,893.14777,905.41754,2021.5262,0.3771646,1842.4973,-0.03299565
6397,943,2447.2512,2029.8622,190968.625,3356807.5,354.11136,489.00317,492.72748,2075.72,0.6276031,1802.629,-0.04358543
6398,1295,2449.8726,2967.5027,200345.03125,3356781.25,741.9761,1004.0599,1104.4502,2457.0059,0.43937638,1818.7933,-0.14176257
6399,1335,2450.8396,3685.1536,207521.53125,3356771.5,804.379,1008.42175,1141.6277,2051.2756,0.28975162,1831.1659,-0.050408345
6400,894,2443.9038,3896.614,209636.140625,3356841.0,741.6253,969.8076,1015.67224,2141.2573,0.3581132,1834.8083,-0.06851364
6401,1349,2450.9993,5130.1914,221971.90625,3356770.0,328.7435,429.5152,555.3603,1451.2513,0.44507006,1856.0812,0.12408964
6402,933,2450.7354,2318.282,193852.8125,3356772.75,512.8135,729.30975,713.9957,2415.7578,0.60329443,1807.6023,-0.13545123
6403,1170,2452.2205,2928.306,199953.0625,3356757.75,206.90085,338.14017,223.45598,2217.0654,0.8149677,1818.1188,-0.09248604
6404,1301,2453.7117,4925.568,219925.6875,3356743.0,422.4558,580.33014,535.5688,2085.9792,0.614104,1852.5541,-0.04410031
6405,1432,2455.0957,5481.8765,225488.765625,3356729.0,380.41095,549.0258,573.1341,2401.1177,0.61607134,1862.1473,-0.105288126
6406,1317,2454.2156,2821.236,198882.359375,3356737.75,457.56833,671.59796,645.3774,2407.666,0.64751565,1816.2739,-0.13015266
6407,1278,2453.2246,3225.3882,202923.875,3356747.75,789.8114,1014.07904,1135.5082,2215.2288,0.32591462,1823.2406,-0.09217473
6408,1203,2451.6692,3958.1272,210251.28125,3356763.25,960.32587,1106.6858,1225.3516,1789.3657,0.1881184,1835.8726,0.022825569
6409,1107,2451.5132,5382.8945,224498.9375,3356764.75,280.6748,420.37308,347.17075,2311.463,0.7386034,1860.439,-0.08159805
6410,1127,2452.8545,2207.1384,192741.390625,3356751.5,306.38065,454.2449,388.05234,2158.8057,0.7046922,1805.6875,-0.0769726
6411,1297,2455.2004,5346.2407,224132.40625,3356728.0,331.76022,486.48883,416.84503,2462.3762,0.7083611,1859.8085,-0.10085067
6412,1035,2454.4126,2346.629,194136.28125,3356736.0,227.54396,354.4135,240.7372,2277.602,0.80686796,1808.0928,-0.10435713
6413,1259,2455.6616,3421.7275,204887.28125,3356723.5,644.21844,900.51154,928.77405,2380.3987,0.4299898,1826.6266,-0.11511472
6414,1088,2455.6765,4636.695,217036.953125,3356723.25,614.716,737.1737,773.1379,1816.443,0.41972327,1847.574,0.018179065
6415,1210,2457.9778,4961.4834,220284.84375,3356700.25,475.1975,604.7008,621.90497,1868.5305,0.5025175,1853.1752,0.015730152
6416,1028,2454.322,2403.5981,194705.984375,3356736.75,206.83755,320.10895,211.74611,2195.321,0.82276696,1809.0747,-0.08559787
6417,1229,2455.6006,2501.2954,195682.953125,3356724.0,637.4695,888.67944,930.7303,2396.8738,0.52822894,1810.7594,-0.12910113
6418,1238,2456.016,2854.9458,199219.453125,3356719.75,274.9976,429.25403,328.39337,2344.4006,0.78044283,1816.8558,-0.11997704
6419,1229,2456.3865,3723.9788,207909.78125,3356716.25,764.96747,998.4638,1076.4948,2266.9365,0.35678375,1831.8378,-0.098339215
6420,1420,2462.4155,4067.8662,211348.65625,3356655.75,747.2796,910.9232,952.0,1877.4669,0.33067778,1837.7694,0.00621018
6421,1364,2459.5703,5026.3877,220933.875,3356684.25,511.7192,658.6561,657.4205,2075.9553,0.51618505,1854.295,-0.045434892
6422,900,2458.7922,2292.6768,193596.765625,3356692.0,188.32666,315.51,215.88222,2053.6445,0.8082003,1807.1648,-0.05704872
6423,1453,2461.766,2688.0564,197550.5625,3356662.25,338.48486,513.70886,443.7474,2436.9856,0.72617906,1813.9817,-0.1389251
6424,1456,2462.43,3996.2026,210632.03125,3356655.75,631.52405,802.0034,818.671,1819.2252,0.38908598,1836.5339,0.020568298
6425,1197,2461.3374,2437.117,195041.171875,3356666.5,219.15874,332.45697,218.41687,2276.9465,0.82363427,1809.6559,-0.10320166
6426,1202,2463.5232,3033.7288,201007.28125,3356644.75,276.7708,415.0653,346.73376,2088.493,0.72617644,1819.9414,-0.06216019
6427,1087,2463.5115,4724.8066,217918.0625,3356645.0,626.40247,744.1007,759.43195,1712.1923,0.39985988,1849.0967,0.053871937
6428,1226,2462.217,2744.0269,198110.265625,3356657.75,191.60725,317.9641,198.90579,2350.5955,0.84375376,1814.9468,-0.12690246
6429,1160,2461.4128,2892.818,199598.1875,3356665.75,181.85948,319.01035,197.84656,2276.8086,0.8392885,1817.5114,-0.107547045
6430,1133,2461.5251,3462.865,205298.65625,3356664.75,848.48016,1058.9744,1198.8019,2118.4153,0.28157753,1827.3385,-0.06636665
6431,1174,2460.4011,4186.397,212533.96875,3356676.0,956.61755,1094.0844,1199.7036,1801.494,0.20796026,1839.8121,0.019903664
6432,1123,2461.0232,4229.346,212963.46875,3356669.75,795.72754,932.3135,1035.1487,1677.0659,0.23668313,1840.5529,0.059423007
6433,1174,2460.2214,4480.552,215475.515625,3356677.75,892.10565,1032.7172,1163.6763,1692.8135,0.18568581,1844.8838,0.057707623
6434,1233,2459.472,3764.322,208313.21875,3356685.25,635.89215,905.339,942.35443,2461.3853,0.4476242,1832.5348,-0.14214964
6435,1238,2462.844,4440.9824,215079.828125,3356651.5,949.6091,1079.6874,1220.7731,1672.7358,0.16530599,1844.2026,0.057561237
6436,1187,2466.4001,5650.835,227178.34375,3356616.0,772.6432,948.8201,1067.5311,1811.0021,0.31861255,1865.0658,0.023095919
6437,1212,2463.594,2782.0552,198490.546875,3356644.0,201.63655,346.2269,216.73927,2433.853,0.8355873,1815.603,-0.1416513
6438,1180,2465.605,3068.833,201358.328125,3356624.0,538.025,748.0233,734.7369,2348.9734,0.5282718,1820.5476,-0.12083471
6439,1268,2465.9204,3546.4678,206134.6875,3356620.75,381.58084,540.2295,464.22318,2152.4905,0.66357535,1828.7819,-0.07083229
6440,1122,2466.9822,4125.772,211927.71875,3356610.25,1039.1382,1178.918,1303.6898,1745.3904,0.14744979,1838.7699,0.035744168
6441,1203,2465.132,4675.7026,217427.03125,3356628.75,726.6176,840.7315,886.44806,1694.3666,0.32761613,1848.2507,0.052134354
6442,1339,2465.481,5521.1133,225881.125,3356625.25,338.98096,494.57355,598.1721,2094.029,0.5632207,1862.8285,-0.051123735
6443,948,2464.1604,2263.0286,193300.28125,3356638.5,199.49684,317.76794,228.01793,2026.923,0.79683936,1806.6564,-0.050262164
6444,1313,2466.524,3507.1523,205741.53125,3356614.75,686.1146,901.96075,957.1104,2243.8442,0.40316653,1828.1044,-0.09344272
6445,1356,2465.5693,5094.3975,221613.96875,3356624.25,359.0494,476.9292,605.7323,1614.4558,0.4532736,1855.4703,0.073466524
6446,1157,2466.9473,5606.075,226730.75,3356610.5,504.98834,704.61584,731.618,2517.2173,0.5652773,1864.2942,-0.13230027
6447,1227,2469.277,3293.652,203606.515625,3356587.25,817.0106,1031.3088,1096.1487,2277.2898,0.35562307,1824.425,-0.10619256
6448,1138,2463.5193,3803.4263,208704.265625,3356644.75,654.99036,865.9411,968.5369,2225.2856,0.39758742,1833.2108,-0.09238227
6449,1244,2467.1367,3184.311,202513.109375,3356608.75,788.2592,959.09564,1007.8296,1984.1772,0.32643425,1822.5391,-0.03256499
6450,1067,2465.7966,2057.6355,191246.359375,3356622.0,354.15277,492.6345,497.7751,2104.9907,0.62587357,1803.1168,-0.049335744
6451,1183,2468.9146,3104.7827,201717.828125,3356590.75,617.0516,824.9273,893.0156,2217.8953,0.43169633,1821.1688,-0.09377096
6452,1175,2468.342,3844.8604,209118.59375,3356596.5,670.6741,911.24084,1039.331,2187.8203,0.36889157,1833.9274,-0.08165389
6453,1153,2471.0703,4157.3506,212243.5,3356569.25,962.8933,1111.5178,1223.5776,1753.0469,0.18419819,1839.3162,0.04192227
6454,1306,2468.043,5412.063,224790.625,3356599.5,367.2462,526.7412,504.5038,2269.0251,0.6394701,1860.9491,-0.07778662
6455,1253,2471.1643,3257.9585,203249.59375,3356568.25,657.12134,897.23785,938.433,2291.3499,0.4185021,1823.8105,-0.108200684
6456,1014,2467.5425,3880.7593,209477.59375,3356604.5,648.0069,918.9428,955.5661,2274.1174,0.41264457,1834.5459,-0.10164594
6457,983,2468.9907,4288.948,213559.484375,3356590.0,915.70294,1027.6267,1131.8627,1561.763,0.16524924,1841.5841,0.09370323
6458,1149,2469.175,4365.155,214321.546875,3356588.25,443.35162,602.68756,565.6945,2080.167,0.577923,1842.8982,-0.050589472
6459,1424,2467.4685,5164.828,222318.28125,3356605.25,524.52527,662.29846,807.3848,1665.564,0.378753,1856.6857,0.06312224
6460,1291,2471.079,5560.649,226276.484375,3356569.25,474.01627,655.96783,741.6708,2422.3254,0.53994644,1863.5126,-0.11545105
6461,981,2471.4495,2110.4944,191774.9375,3356565.5,277.7319,394.51477,353.68195,1965.0173,0.69252,1804.0306,-0.012264622
6462,1079,2469.5903,2377.3772,194443.765625,3356584.0,201.92679,311.03336,214.10843,2134.9055,0.815714,1808.63,-0.069526345
6463,1261,2470.6208,2545.9302,196129.296875,3356573.75,194.99445,330.74664,207.91951,2376.069,0.83829993,1811.536,-0.13115616
6464,1162,2469.4216,3379.289,204462.890625,3356585.75,624.30725,851.70654,864.43286,2319.1248,0.45811448,1825.9014,-0.11618636
6465,1119,2468.1646,3919.1992,209862.0,3356598.25,835.27704,1011.4504,1109.1233,1909.2404,0.26080874,1835.2089,-0.006827188
6466,1177,2470.6526,3141.9678,202089.671875,3356573.5,642.0459,879.21497,930.1198,2289.7979,0.42204946,1821.8107,-0.10911773
6467,1352,2472.8145,4401.661,214686.609375,3356551.75,735.91864,903.2426,984.57916,1898.105,0.3242169,1843.5292,-0.0025527412
6468,1029,2471.242,4580.04,216470.40625,3356567.5,747.723,873.3712,956.4091,1763.3353,0.31043836,1846.6041,0.03106132
6469,1107,2470.916,4796.1064,218631.0625,3356570.75,467.3261,623.5203,563.64996,2045.1017,0.59962624,1850.3293,-0.044025816
6470,1181,2471.309,3343.1677,204101.671875,3356567.0,706.82983,959.2108,1004.638,2498.4216,0.42529443,1825.2795,-0.14945778
6471,1136,2472.8865,4831.273,218982.734375,3356551.25,328.23547,462.00616,363.33054,2003.3556,0.7046548,1850.9366,-0.03603387
6472,830,2470.683,2163.67,192306.703125,3356573.25,293.2072,423.9241,363.647,2159.4927,0.7094071,1804.9469,-0.072113246
6473,1020,2470.8628,2998.7588,200657.59375,3356571.25,247.07353,393.33334,262.16275,2357.1206,0.7981161,1819.342,-0.12289715
6474,1103,2472.7551,4760.94,218279.40625,3356552.5,397.80734,534.199,469.8903,1927.2267,0.6295526,1849.7239,-0.011691043
6475,1222,2472.2961,5061.127,221281.265625,3356557.0,481.75122,618.6686,768.036,1791.8993,0.40242717,1854.8997,0.021855634
6476,1472,2475.3982,5210.591,222775.90625,3356526.0,1349.5021,1603.8118,1826.657,2242.3206,0.11714162,1857.4783,-0.09185533
6477,1251,2474.9033,5250.724,223177.25,3356531.0,579.7102,778.59753,804.57275,2424.6743,0.5019239,1858.17,-0.10757397
6478,1408,2477.1875,3584.6072,206516.0625,3356508.0,664.9918,852.82385,862.36505,2135.7336,0.4458608,1829.4446,-0.0682706
6479,1154,2475.8474,4862.9204,219299.203125,3356521.5,245.90381,380.82928,264.25735,2115.9238,0.7778981,1851.4836,-0.06293339
6480,1273,2475.5066,5444.0234,225110.234375,3356525.0,333.7054,487.4462,530.60724,2163.7273,0.6071148,1861.5034,-0.06549005
6481,965,2474.7068,2234.9233,193019.234375,3356533.0,241.83627,370.3285,278.58136,2128.2383,0.7702867,1806.177,-0.07498987
6482,1158,2476.5977,4324.671,213916.71875,3356514.0,709.3566,920.9948,929.2461,2171.868,0.40116182,1842.2035,-0.069142066
6483,1239,2478.845,4544.4707,216114.703125,3356491.5,871.22437,983.83374,1094.1368,1588.2732,0.19098623,1845.9941,0.0841411
6484,1285,2478.1821,2581.487,196484.875,3356498.25,182.75136,308.0148,190.97548,2324.9626,0.84790444,1812.1526,-0.1220943
6485,1072,2478.293,4612.588,216795.875,3356497.0,705.5765,828.18005,883.69214,1709.1409,0.3404112,1847.1685,0.05133871
6486,1407,2481.216,4997.545,220645.453125,3356467.75,869.35785,979.08673,1052.027,1724.618,0.2487399,1853.8073,0.043469545
6487,785,2476.502,2139.4382,192064.375,3356515.0,320.09937,445.03696,393.55542,2072.3235,0.67596143,1804.5321,-0.022373319
6488,1043,2479.5706,2943.5925,200105.921875,3356484.25,278.8092,416.5911,348.76175,2085.5254,0.73441064,1818.3951,-0.060440555
6489,920,2481.312,2188.7358,192557.359375,3356467.0,290.21304,418.77393,346.12827,2225.4597,0.7272076,1805.3842,-0.08294612
6490,1259,2479.2922,2467.5608,195345.609375,3356487.0,261.10526,404.5846,320.52383,2250.0356,0.77166796,1810.1893,-0.10089791
6491,1149,2480.8025,4897.06,219640.59375,3356472.0,464.64578,636.94995,609.9134,2112.9888,0.5733334,1852.0745,-0.056524016
6492,1472,2483.8098,5289.379,223563.78125,3356442.0,491.6967,692.21265,631.76154,2890.632,0.64407974,1858.8405,-0.18747105
6493,1414,2485.1167,3624.2092,206912.09375,3356428.75,831.9682,1028.9105,1087.1984,2084.6848,0.31517833,1830.131,-0.05839504
6494,1357,2484.8179,3660.832,207278.3125,3356431.75,831.8202,1019.47015,1104.3478,2016.8644,0.29053298,1830.7622,-0.039575294
6495,1257,2479.0947,4033.0134,211000.125,3356489.0,585.6452,739.2641,783.4041,1735.6969,0.38002977,1837.1761,0.044730652
6496,1161,2482.9363,4254.424,213214.234375,3356450.75,832.22394,955.4384,1076.4445,1640.4056,0.21137409,1840.9952,0.071201906
6497,1088,2485.67,4703.5376,217705.375,3356423.25,770.42096,882.78955,942.6342,1627.6406,0.27782273,1848.7399,0.07664876
6498,1356,2488.2007,2722.377,197893.765625,3356398.0,237.0837,379.6578,269.78946,2394.1055,0.8043652,1814.5859,-0.13304035
6499,1283,2484.4792,3702.2524,207692.53125,3356435.25,730.3102,968.2307,963.8722,2461.0896,0.43207243,1831.4762,-0.13555303
6500,999,2484.4685,2081.4575,191484.578125,3356435.25,356.992,491.15515,500.29428,1989.7958,0.6086814,1803.5365,-0.019052219
6501,1326,2484.3394,2619.2256,196862.25,3356436.5,174.56146,297.76434,178.93251,2340.6711,0.8575418,1812.806,-0.12454629
6502,1469,2487.3853,5327.618,223946.1875,3356406.25,570.3904,760.23553,657.3577,2952.5564,0.62503594,1859.5015,-0.19236962
6503,1279,2486.9553,2512.7358,195797.359375,3356410.5,282.51797,431.1681,329.41205,2325.6917,0.7638322,1810.9717,-0.114290886
6504,1172,2483.4736,3950.6997,210177.0,3356445.25,961.01794,1105.7295,1225.715,1662.7491,0.15100235,1835.759,0.055836778
6505,1351,2485.037,5372.461,224394.609375,3356429.75,452.82422,633.75574,551.3072,2994.0303,0.68429226,1860.2737,-0.20278224
6506,1112,2486.5234,3438.4675,205054.671875,3356414.75,677.45233,911.1174,961.8966,2250.226,0.3975849,1826.9296,-0.09743895
6507,1152,2486.8176,4207.9287,212749.28125,3356411.75,796.237,929.7691,1009.88544,1659.0798,0.24293745,1840.1953,0.068489574
6508,1261,2486.8518,4510.877,215778.765625,3356411.5,899.49805,1039.736,1152.3354,1755.6982,0.21294466,1845.4186,0.03434671
6509,1342,2488.354,2654.7444,197217.4375,3356396.5,190.45343,331.07004,200.35655,2458.3926,0.8490085,1813.4202,-0.14889666
6510,1082,2490.0361,5673.4263,227404.265625,3356379.75,851.9353,1044.9764,1186.6447,1892.0531,0.27616563,1865.4655,-0.00041457216
6511,1287,2489.4578,3742.937,208099.375,3356385.5,618.6418,871.10254,894.26416,2406.8252,0.46238402,1832.1799,-0.12914509
6512,1394,2490.4348,4092.7798,211597.796875,3356375.75,1045.9282,1221.0157,1361.6621,1833.6377,0.14813037,1838.2118,0.01942351
6513,1134,2489.1755,2320.1438,193871.4375,3356388.25,343.97443,512.00354,443.85098,2218.03,0.67984796,1807.653,-0.09385229
6514,1214,2488.202,2415.397,194823.96875,3356398.0,191.42422,303.10544,213.23888,2031.0305,0.80859315,1809.2944,-0.04898515
6515,1052,2489.6929,2975.5466,200425.46875,3356383.0,448.94296,642.8755,612.1944,2373.5999,0.654755,1818.9508,-0.1263673
6516,1153,2490.6687,3403.287,204702.875,3356373.25,693.3166,930.376,949.8968,2308.7615,0.41335848,1826.3251,-0.108000614
6517,1191,2489.3687,4647.3887,217143.890625,3356386.25,762.17126,875.33923,945.2074,1760.346,0.3182351,1847.7734,0.034448143
6518,1461,2489.6243,5124.302,221913.015625,3356383.75,314.68924,427.88843,524.1225,1537.4038,0.48661065,1855.9966,0.0989637
6519,1242,2491.7295,2805.0564,198720.5625,3356362.75,420.6868,612.63727,576.38245,2363.68,0.6674169,1816.0128,-0.11951454
6520,1259,2491.5781,2839.884,199068.84375,3356364.25,204.5707,340.86536,221.68307,2298.2598,0.8229709,1816.6132,-0.11315159
6521,1202,2492.089,2873.7854,199407.859375,3356359.0,185.67262,319.3257,197.56364,2331.4846,0.8432022,1817.1978,-0.120993845
6522,1183,2491.5122,2910.93,199779.296875,3356365.0,188.0017,320.9831,206.6099,2239.1035,0.8298818,1817.8378,-0.09975449
6523,1091,2490.4253,3477.64,205446.40625,3356375.75,812.5999,1021.4129,1133.099,2071.3296,0.29364404,1827.6067,-0.05669799
6524,1149,2492.248,5626.3594,226933.59375,3356357.5,518.3564,725.6218,827.6606,2300.2964,0.48569164,1864.6549,-0.085572876
6525,1010,2488.3723,2350.2595,194172.59375,3356396.25,240.09802,377.3485,293.17426,2056.289,0.7630728,1808.1718,-0.056384016
6526,1127,2487.196,3224.5376,202915.375,3356408.0,716.4552,930.7001,1016.1557,2208.1265,0.3736346,1823.242,-0.08510147
6527,1231,2492.6426,3781.3745,208483.75,3356353.5,716.13403,918.1129,1006.9781,2189.91,0.37934405,1832.844,-0.08457059
6528,1093,2491.6204,3821.087,208880.875,3356363.75,720.1528,990.56726,1105.1427,2295.9387,0.36096144,1833.5282,-0.10658265
6529,1239,2495.7764,3319.8467,203868.46875,3356322.25,813.0448,1022.7522,1085.8201,2167.2078,0.33361307,1824.8889,-0.07718698
6530,1196,2493.2375,5474.1562,225411.5625,3356347.5,229.5,342.6597,338.63544,2078.041,0.72268987,1862.0308,-0.049501874
6531,878,2488.3372,2288.7927,193557.921875,3356396.75,310.51138,464.5205,422.34967,2018.9897,0.6736592,1807.1122,-0.04750948
6532,1193,2491.461,4473.259,215402.59375,3356365.5,904.8885,1073.5582,1198.5892,1892.9313,0.23422961,1844.7721,-0.0011339494
6533,1159,2491.4382,4928.2573,219952.578125,3356365.5,397.33823,521.893,451.76358,1987.6893,0.6301117,1852.6171,-0.023295939
6534,1196,2495.7275,5505.7993,225728.0,3356322.75,239.898,354.9122,346.39633,2007.2166,0.7075095,1862.5775,-0.025079267
6535,846,2493.5261,2213.9717,192809.71875,3356344.75,357.33215,497.87234,460.53073,2035.4385,0.6409218,1805.8251,-0.047964998
6536,1225,2494.2637,2763.9053,198309.046875,3356337.25,198.02327,335.5,202.87102,2478.8274,0.8480241,1815.3047,-0.15083218
6537,1285,2497.4756,3982.33,210493.296875,3356305.25,945.3237,1134.8887,1274.7727,1913.5261,0.20714828,1836.3108,-0.009624164
6538,1175,2491.5515,4961.9023,220289.03125,3356364.5,584.7332,667.56976,635.12085,1832.4697,0.48602727,1853.1973,0.018504962
6539,1248,2497.9343,5179.4375,222464.375,3356300.75,776.05206,948.8261,1099.262,1973.7332,0.30949104,1856.9509,-0.024418114
6540,1261,2497.57,5585.2417,226522.421875,3356304.25,480.3759,655.9215,701.3105,2441.6812,0.5611256,1863.9481,-0.12196119
6541,1157,2496.7734,3052.7363,201197.359375,3356312.25,547.8587,728.4624,739.91187,2221.5818,0.5189839,1820.2848,-0.09509319
6542,1102,2494.7795,3871.8647,209388.65625,3356332.25,648.54626,915.6234,973.04175,2237.6724,0.39216915,1834.405,-0.0926027
6543,1144,2499.0989,3159.049,202260.484375,3356289.0,755.73517,944.90125,993.0319,2170.5608,0.37394464,1822.1185,-0.079418406
6544,1069,2497.9805,3194.0693,202610.6875,3356300.25,673.82837,858.81525,890.71045,2033.4747,0.39393505,1822.7218,-0.04663618
6545,1153,2497.5308,3537.3245,206043.25,3356304.75,430.49567,593.4193,565.4848,2013.9558,0.5906667,1828.6389,-0.039912175
6546,1177,2495.57,4436.627,215036.265625,3356324.25,848.3985,971.3288,1061.2218,1651.5582,0.22811355,1844.1423,0.06522008
6547,1180,2499.039,3016.193,200831.9375,3356289.5,209.79152,343.84195,213.33432,2262.0208,0.826794,1819.6559,-0.10416793
6548,1171,2499.6626,4739.146,218061.46875,3356283.5,551.0231,692.263,675.5918,1851.7592,0.5063784,1849.3601,0.010513197
6549,1356,2500.5989,5040.3105,221073.109375,3356274.0,861.98895,1009.16296,1119.7559,1852.5664,0.24803342,1854.5532,0.0120542
6550,1174,2499.1338,2690.103,197571.03125,3356288.75,401.19037,593.977,554.0043,2412.6653,0.6887063,1814.0349,-0.13492076
6551,1161,2501.2644,3088.1611,201551.609375,3356267.25,532.58484,727.8372,771.94617,2237.4773,0.5037747,1820.8976,-0.0925601
6552,989,2499.1133,2259.6804,193266.8125,3356288.75,232.999,358.07584,286.26492,1963.3357,0.7438606,1806.6156,-0.03361274
6553,1252,2500.0208,3911.9895,209789.890625,3356279.75,824.9744,1024.3099,1078.5798,2149.9321,0.31408948,1835.0992,-0.0575473
6554,1169,2502.62,3121.7854,201887.859375,3356253.75,496.93073,699.40717,677.7759,2355.314,0.5623017,1821.4779,-0.1222096
6555,1062,2501.3022,4811.0337,218780.34375,3356267.0,763.0193,935.71466,1018.04144,2019.024,0.34239867,1850.6003,-0.033002984
6556,1390,2504.6963,5543.7812,226107.8125,3356233.0,368.17877,549.0691,516.9468,2758.0342,0.68661857,1863.2363,-0.17236583
6557,1244,2502.9734,3362.0354,204290.359375,3356250.25,734.0615,950.5201,984.50244,2325.4597,0.40478122,1825.6196,-0.113780886
6558,1262,2501.7615,4131.1294,211981.296875,3356262.5,947.4334,1114.4001,1244.9882,1881.9224,0.2065122,1838.878,0.0020589505
6559,1297,2504.118,4170.475,212374.75,3356238.75,865.9915,1002.9915,1123.3639,1612.6161,0.18010014,1839.5575,0.07602158
6560,1037,2497.6257,4288.2383,213552.375,3356303.75,852.973,990.58435,1155.7146,1675.6808,0.19533588,1841.5848,0.060122054
6561,1189,2499.921,4369.562,214365.625,3356280.75,607.60974,790.725,798.26746,2099.7217,0.4416505,1842.988,-0.044327553
6562,1168,2503.517,3282.4563,203494.5625,3356244.75,678.6652,855.84973,856.2089,2112.9954,0.4322449,1824.248,-0.064093985
6563,1179,2505.2026,4775.861,218428.609375,3356228.0,429.04666,565.8914,525.1696,1764.8651,0.557464,1849.9956,0.033900145
6564,1266,2508.023,4018.076,210850.75,3356199.75,817.2615,1002.70776,1140.1864,1913.342,0.2704672,1836.9319,-0.004860556
6565,1148,2502.2927,4574.4976,216414.96875,3356257.0,936.9721,1058.135,1171.1611,1770.4277,0.21723093,1846.5225,0.029773062
6566,1513,2506.9536,5080.4746,221474.75,3356210.5,936.91406,1092.3496,1255.6729,2116.439,0.27841803,1855.2485,-0.050415475
6567,805,2501.7168,2131.2473,191982.46875,3356262.75,309.82733,418.3441,361.45715,2065.774,0.69971424,1804.4031,-0.02936127
6568,1129,2505.2268,2382.2915,194492.90625,3356227.75,213.06465,343.81046,267.27014,1975.8618,0.7671398,1808.7319,-0.03826534
6569,1109,2505.0974,3506.6726,205736.71875,3356229.0,824.80566,1023.76373,1142.3845,1994.3698,0.27358827,1828.114,-0.033359263
6570,1544,2510.4443,4058.9844,211259.84375,3356175.5,838.26556,1025.9741,1100.8679,1953.0648,0.27623284,1837.6382,-0.009478621
6571,1164,2506.6848,4678.327,217453.28125,3356213.25,911.11255,1029.4313,1145.653,1686.3394,0.20135042,1848.3146,0.054928962
6572,1364,2511.7478,2446.1387,195131.390625,3356162.5,293.72433,448.0858,394.44794,2053.2463,0.72074026,1809.8357,-0.0548969
6573,1214,2509.3616,2483.4968,195504.96875,3356186.5,425.6244,614.30725,567.6903,2352.5808,0.6513271,1810.4784,-0.116279006
6574,1309,2511.8083,3567.3438,206343.4375,3356162.0,681.53284,858.3728,897.4408,1979.0989,0.38759255,1829.1631,-0.032379717
6575,1509,2508.2876,5406.972,224739.71875,3356197.0,270.055,415.5401,376.34625,2164.31,0.7065079,1860.8788,-0.058446873
6576,1114,2505.5396,4329.6704,213966.703125,3356224.5,789.1167,1047.0251,1137.1418,2195.404,0.32494625,1842.3027,-0.07521713
6577,936,2507.9956,2104.389,191713.890625,3356200.0,344.0406,471.2938,464.76923,2061.423,0.64037895,1803.9432,-0.04042356
6578,1015,2506.8818,2162.9685,192299.6875,3356211.25,318.05814,440.9665,390.5803,2079.2078,0.68427205,1804.9524,-0.030635912
6579,1370,2507.894,2544.254,196112.53125,3356201.0,212.26059,345.95547,230.01204,2312.885,0.81848985,1811.525,-0.11743836
6580,1087,2509.1997,3248.6643,203156.640625,3356188.0,519.5092,685.6596,639.43744,2260.074,0.5702684,1823.6682,-0.09344947
6581,1106,2511.1348,4236.4233,213034.234375,3356168.75,801.4123,948.5271,1074.8933,1691.9448,0.2175132,1840.6976,0.058691397
6582,1393,2507.371,5246.1924,223131.921875,3356206.25,447.80762,594.9803,685.22974,1801.7268,0.44052762,1858.1061,0.031089054
6583,1112,2509.8508,4873.5938,219405.9375,3356181.5,435.33185,582.96313,536.10925,2126.669,0.6068495,1851.6827,-0.059131797
6584,1367,2516.5354,5150.736,222177.359375,3356114.75,418.69788,534.8698,668.9949,1570.801,0.41206312,1856.4642,0.089128554
6585,1210,2513.3157,4841.729,219087.28125,3356146.75,589.07684,726.49835,728.3033,1862.0653,0.46621495,1851.1349,0.004117923
6586,1252,2514.278,3679.7764,207467.765625,3356137.25,775.21924,1011.4936,1073.639,2197.3271,0.3520211,1831.1024,-0.085918024
6587,1204,2515.7542,3843.495,209104.953125,3356122.5,808.94434,1022.03656,1147.152,2029.9402,0.28017315,1833.9257,-0.042780466
6588,1214,2511.0916,4405.1475,214721.46875,3356169.0,760.57,941.6425,1011.42834,1913.5692,0.29666808,1843.6066,-0.0010570083
6589,1314,2511.7107,2588.4346,196554.34375,3356163.0,180.93265,309.45093,190.91362,2353.387,0.8495269,1812.2883,-0.12807958
6590,1383,2515.9407,3603.6182,206706.1875,3356120.5,835.52637,1057.901,1126.3124,2197.7468,0.33004254,1829.7903,-0.084395796
6591,1191,2515.8196,5652.732,227197.3125,3356121.75,554.6461,759.64526,839.36945,2239.9895,0.46490645,1865.1198,-0.06654108
6592,1176,2510.0042,4611.7314,216787.3125,3356180.0,764.63605,873.2934,941.14453,1703.5748,0.30606395,1847.1678,0.052612107
6593,1191,2516.4692,5694.3057,227613.0625,3356115.25,712.9971,895.21875,1018.9672,1854.4299,0.34674433,1865.8369,0.00931577
6594,995,2511.5898,2948.5337,200155.34375,3356164.0,573.31104,789.2578,840.87537,2210.8557,0.5184777,1818.4956,-0.085143134
6595,1200,2516.6184,5010.652,220776.515625,3356113.75,828.2225,953.8392,1051.8387,1708.4646,0.24174377,1854.0488,0.047606353
6596,1249,2513.2786,5443.8237,225108.234375,3356147.25,231.20576,359.52924,293.31946,2200.94,0.76360106,1861.5165,-0.06613928
6597,981,2515.9878,2232.1978,192991.96875,3356120.0,297.4149,421.71457,376.96942,2085.8308,0.69289863,1806.15,-0.05289202
6598,1004,2515.3018,3456.716,205237.15625,3356127.0,651.0498,864.63995,934.252,2240.9827,0.40593022,1827.2576,-0.09291845
6599,1428,2517.5925,5207.682,222746.8125,3356104.0,1096.2605,1305.1586,1487.4391,2032.9481,0.19270635,1857.4465,-0.038313344
6600,1315,2518.8472,3718.5933,207855.9375,3356091.5,641.4616,886.8593,946.1871,2292.8533,0.42076343,1831.7738,-0.10783517
6601,1362,2518.1785,5362.912,224299.125,3356098.25,390.6586,545.6281,535.4174,2316.71,0.6285135,1860.1234,-0.08656282
6602,934,2515.9946,2192.1082,192591.078125,3356120.0,312.69806,431.606,375.81586,2091.0974,0.6892596,1805.4591,-0.033162545
6603,1386,2519.7532,4541.968,216089.6875,3356082.5,937.4235,1045.8683,1167.847,1604.0472,0.16134563,1845.9694,0.079070285
6604,1192,2521.073,3802.8027,208698.03125,3356069.25,707.2215,969.58057,1058.318,2434.9473,0.38762593,1833.2266,-0.12365484
6605,1270,2518.452,3947.8276,210148.28125,3356095.5,926.65906,1102.0662,1206.9418,1948.6268,0.23831913,1835.7255,-0.021402407
6606,1181,2520.9424,4904.3574,219713.578125,3356070.5,440.20236,606.79596,586.43396,2094.2122,0.5681418,1852.218,-0.050985977
6607,1264,2522.8213,2743.965,198109.65625,3356051.75,195.65466,331.69028,206.67128,2384.475,0.84050983,1814.9746,-0.12925878
6608,1180,2522.3704,2786.7236,198537.234375,3356056.25,398.58347,590.6627,547.0394,2405.8308,0.6937551,1815.7114,-0.1320352
6609,1051,2520.5396,3424.1675,204911.671875,3356074.5,759.27686,959.27405,987.08704,2210.87,0.36706623,1826.6989,-0.07608941
6610,1004,2518.26,4203.258,212702.578125,3356097.5,758.6584,898.2201,1001.22906,1772.5518,0.29163137,1840.1292,0.028625939
6611,1201,2521.7268,4713.4487,217804.484375,3356062.75,918.8834,1048.9634,1142.3206,1779.9126,0.24289589,1848.9269,0.026125357
6612,1248,2523.4456,4976.516,220435.15625,3356045.5,772.04565,891.37823,944.3125,1901.6403,0.34833565,1853.4634,-0.003826418
6613,1524,2522.0198,5284.7964,223517.96875,3356059.75,408.19586,579.42816,557.9163,2311.3257,0.61980253,1858.7782,-0.08923223
6614,960,2517.4844,2291.8833,193588.828125,3356105.25,323.95624,469.18646,418.77707,2075.348,0.66891026,1807.1796,-0.05958423
6615,1412,2522.345,2627.18,196941.796875,3356056.5,178.48761,309.49823,187.34277,2437.119,0.85702497,1812.9613,-0.14513382
6616,1053,2523.5232,4265.8,213328.0,3356044.75,780.7854,930.5774,1024.4207,1765.9269,0.27014792,1841.2097,0.033810146
6617,1248,2521.7395,4504.876,215718.75,3356062.5,920.8269,1053.96,1161.7596,1736.0228,0.20244285,1845.3308,0.04144859
6618,1071,2524.0317,3392.3054,204593.0625,3356039.75,817.91876,1005.5504,1066.1718,2047.6722,0.31272477,1826.1512,-0.044537503
6619,1627,2527.9485,3643.295,207102.953125,3356000.5,879.94653,1073.839,1164.142,2113.1777,0.28813162,1830.4799,-0.06269407
6620,1347,2524.4321,3759.3118,208263.125,3356035.75,746.3029,958.82556,1003.71936,2241.251,0.37991327,1832.4783,-0.08949791
6621,1187,2523.529,5613.2207,226802.203125,3356044.75,463.79822,661.44147,684.0527,2589.9827,0.5777938,1864.4418,-0.14151406
6622,1068,2521.3342,2353.7322,194207.328125,3356066.75,240.57022,382.30432,283.30057,2104.9177,0.76399225,1808.2474,-0.06682549
6623,1108,2522.8484,2410.2246,194772.25,3356051.5,361.62906,533.8754,489.7843,2129.1272,0.65814775,1809.2219,-0.07003462
6624,1140,2524.9148,2889.1387,199561.390625,3356030.75,197.71404,337.76315,210.3193,2401.1238,0.8384765,1817.478,-0.13539214
6625,1053,2522.096,2980.2231,200472.234375,3356059.0,225.5698,357.528,223.08926,2295.6343,0.8224186,1819.0468,-0.112464
6626,1263,2525.1448,2667.2842,197342.84375,3356028.5,213.32938,361.88083,239.79651,2444.4343,0.82717055,1813.6539,-0.14554875
6627,987,2524.686,2921.388,199883.875,3356033.25,370.3389,558.63983,508.64185,2377.3445,0.7050756,1818.0338,-0.12861529
6628,1212,2526.0232,4940.496,220074.96875,3356019.75,565.0429,654.0701,621.1271,1774.2252,0.47426346,1852.8434,0.04022483
6629,1225,2527.36,2823.8115,198908.109375,3356006.5,218.81348,357.3188,230.7649,2361.1636,0.82123095,1816.3531,-0.12735927
6630,1216,2525.8535,3215.3528,202823.53125,3356021.5,730.9387,960.54315,1095.2719,2313.5955,0.3742728,1823.1017,-0.11261846
6631,1130,2525.6265,3882.5894,209495.890625,3356023.75,741.21857,983.0911,1048.231,2335.176,0.38015556,1834.6041,-0.10781468
6632,972,2524.9907,4299.8774,213668.78125,3356030.0,881.69446,1058.9146,1151.4403,1854.5072,0.24034317,1841.798,0.008850095
6633,1353,2527.6372,5114.1494,221811.5,3356003.75,369.3481,505.5935,597.9963,1746.8115,0.49209633,1855.8383,0.0359428
6634,1323,2523.0544,5326.483,223934.828125,3356049.5,385.89722,556.5624,513.1198,2247.4688,0.6517318,1859.4974,-0.06861089
6635,1219,2529.58,2856.283,199232.828125,3355984.25,210.56726,341.69113,214.6772,2393.0688,0.83495635,1816.914,-0.1343925
6636,1108,2527.3376,3335.2798,204022.796875,3356006.5,620.58075,839.2387,842.5605,2374.9004,0.4761384,1825.1698,-0.12008516
6637,1402,2528.3823,4101.87,211688.703125,3355996.25,982.88586,1139.5984,1264.2004,1878.5627,0.19934918,1838.3857,0.0015305015
6638,1147,2524.7917,4469.616,215366.15625,3356032.0,768.711,921.643,1020.5074,1798.1438,0.2850045,1844.7242,0.021851795
6639,1108,2527.6208,2321.769,193887.6875,3356003.75,246.6408,381.27707,285.46118,2107.676,0.75859296,1807.6996,-0.066660516
6640,1339,2529.9358,2509.9543,195769.546875,3355980.75,217.31516,333.70126,229.00859,2183.7263,0.8090834,1810.9443,-0.08191535
6641,973,2528.184,4353.521,214205.21875,3355998.25,754.0051,917.82526,955.7215,1942.8911,0.33560976,1842.7242,-0.010062328
6642,1196,2525.7283,4647.5317,217145.3125,3356022.75,894.1948,1016.1229,1128.8403,1695.6772,0.2087346,1847.7921,0.053605027
6643,1302,2530.5461,2709.1138,197761.140625,3355974.5,369.93817,549.5756,483.52264,2392.2258,0.7244433,1814.3776,-0.1301857
6644,1072,2528.9626,3040.2249,201072.25,3355990.25,326.12454,467.32837,398.25327,2210.2998,0.70355135,1820.0844,-0.08770922
6645,1048,2528.8264,5725.733,227927.328125,3355991.75,701.7825,898.2371,1031.855,1916.1432,0.32522082,1866.3842,-0.008046401
6646,1149,2529.8494,3176.5334,202435.328125,3355981.5,454.84247,613.2328,585.1079,2078.5596,0.57847124,1822.4344,-0.052134447
6647,1174,2528.846,5512.921,225799.21875,3355991.5,240.30835,376.05197,295.49915,2323.3118,0.7756025,1862.7146,-0.09414237
6648,1245,2530.8499,5573.6724,226406.71875,3355971.5,310.11246,457.7992,505.89798,2043.2401,0.6158335,1863.7631,-0.03545052
6649,1105,2531.1746,3073.6155,201406.15625,3355968.25,537.0113,751.95386,795.5783,2336.3262,0.5050019,1820.661,-0.11597844
6650,1092,2531.6062,3141.4734,202084.734375,3355964.0,559.6245,760.85345,784.00507,2234.59,0.5021641,1821.8309,-0.08709594
6651,1130,2530.9753,3300.4814,203674.8125,3355970.25,287.7907,449.7876,331.70532,2255.44,0.7432412,1824.5717,-0.09608421
6652,1179,2532.492,3486.268,205532.6875,3355955.0,788.7651,983.7782,1049.2922,2093.4673,0.32975155,1827.775,-0.057031058
6653,964,2531.7864,3007.7727,200747.71875,3355962.25,208.3724,328.2308,195.66234,2307.3818,0.8434804,1819.5262,-0.11680546
6654,1256,2533.0986,3992.192,210591.921875,3355949.0,985.8145,1148.1139,1251.0215,1901.9889,0.20807937,1836.4971,-0.009495032
6655,1075,2529.7925,4437.988,215049.875,3355982.0,878.2144,1020.6944,1137.3446,1781.9321,0.21769929,1844.1812,0.028208569
6656,1373,2533.289,5476.3345,225433.34375,3355947.0,202.72833,326.98398,257.96942,2102.0496,0.7800711,1862.0857,-0.049573377
6657,906,2529.3809,2136.8003,192038.0,3355986.25,327.0872,469.1799,471.55078,1993.5839,0.6355106,1804.5123,-0.025443396
6658,1362,2534.9353,4754.9077,218219.078125,3355930.75,683.2658,823.2746,852.0397,1784.2518,0.38229695,1849.6476,0.027083639
6659,1239,2533.3237,4800.3594,218673.59375,3355946.75,871.2074,1013.8515,1109.3987,1773.8055,0.23786393,1850.4304,0.029888028
6660,1152,2536.8489,2561.966,196289.65625,3355911.5,206.7717,338.61978,223.3559,2310.631,0.8224788,1811.8442,-0.114824034
6661,1302,2535.3872,4141.424,212084.234375,3355926.25,805.81415,952.70276,1041.9885,1797.7634,0.27774742,1839.0708,0.023603557
6662,984,2532.8223,2262.758,193297.578125,3355951.75,292.1199,415.32724,355.0813,2076.492,0.70531464,1806.6849,-0.044815507
6663,1390,2536.3037,3529.6294,205966.296875,3355917.0,708.27124,899.7158,975.1561,2038.8075,0.35396734,1828.5243,-0.043471657
6664,1110,2538.0442,4384.7036,214517.03125,3355899.5,649.1063,873.03876,848.63245,2235.8848,0.4355851,1843.2662,-0.07480751
6665,1207,2535.1938,4580.453,216474.53125,3355928.0,916.1599,1031.4283,1160.2577,1583.0969,0.16121657,1846.6399,0.08534883
6666,1224,2539.6807,3109.4282,201764.28125,3355883.25,408.48285,600.6691,521.59393,2267.7778,0.62943345,1821.2823,-0.10026582
6667,1180,2535.8203,3914.2966,209812.96875,3355921.75,821.8466,1017.85675,1101.4602,2060.712,0.29635417,1835.1554,-0.044976544
6668,1117,2540.461,5754.3223,228213.21875,3355875.5,569.9239,760.7605,829.2954,1949.0076,0.41731668,1866.8821,-0.016030196
6669,1147,2537.484,3260.3635,203273.640625,3355905.25,297.12903,452.23538,370.79294,2122.2664,0.71513224,1823.883,-0.07092625
6670,1151,2540.6343,4179.611,212466.109375,3355873.75,873.52826,1009.4579,1117.9027,1729.7498,0.22322154,1839.7316,0.04167127
6671,1479,2541.0718,5042.06,221090.59375,3355869.25,864.05884,1025.6389,1113.193,1960.5254,0.28433508,1854.6012,-0.01970591
6672,1398,2543.5637,5388.2627,224552.625,3355844.25,268.11087,410.0558,377.7904,2119.3633,0.70339924,1860.5715,-0.053046964
6673,1006,2540.846,3367.4275,204344.28125,3355871.5,726.31757,915.8708,928.1864,2108.7053,0.38683173,1825.7302,-0.06067479
6674,1458,2544.8586,4031.0015,210980.015625,3355831.5,888.4636,1067.5226,1160.2703,2035.9541,0.27875397,1837.1715,-0.042632863
6675,879,2540.6826,2202.4482,192694.484375,3355873.25,322.0819,447.08987,396.4653,2109.5188,0.6806798,1805.6493,-0.034165088
6676,1548,2547.9663,5170.6113,222376.109375,3355800.25,548.8588,690.0452,804.59656,1762.0607,0.38156703,1856.8207,0.033057112
6677,1477,2546.7358,2467.411,195344.109375,3355812.75,447.4692,646.54974,644.50916,2211.931,0.5922328,1810.2191,-0.09027283
6678,994,2542.6921,4325.2314,213922.3125,3355853.0,994.495,1181.4346,1317.6409,1933.9718,0.1963495,1842.243,-0.00872094
6679,1072,2543.7424,2165.0178,192320.171875,3355842.5,333.28357,471.21268,447.23135,2150.2034,0.6606548,1805.0056,-0.04930673
6680,1089,2542.7942,4616.563,216835.625,3355852.0,977.0,1086.3021,1205.7025,1561.7915,0.13367264,1847.2659,0.09379909
6681,1268,2544.0166,4679.8755,217468.75,3355839.75,948.7208,1065.5016,1179.9369,1570.8896,0.14727886,1848.3579,0.08733254
6682,1166,2546.717,5675.179,227421.796875,3355812.75,476.2736,670.1308,708.6732,2309.2397,0.5375741,1865.5201,-0.08101476
6683,1446,2549.4329,4072.0886,211390.890625,3355785.75,1003.8852,1165.5443,1295.0955,1786.7303,0.16099319,1837.882,0.027680108
6684,1093,2544.9653,4221.2505,212882.5,3355830.25,861.4135,1009.6843,1115.8683,1786.0192,0.22849455,1840.4514,0.028101893
6685,1392,2543.3562,5246.4053,223134.0625,3355846.5,449.18033,592.20404,667.4091,1847.564,0.45552656,1858.1255,0.027393432
6686,1427,2546.646,5433.4546,225004.546875,3355813.5,235.53609,374.79257,303.88086,2213.5542,0.7557969,1861.3522,-0.07317219
6687,1222,2547.3748,5541.68,226086.796875,3355806.25,190.89362,317.54337,259.57407,2032.3044,0.7750718,1863.2185,-0.030871231
6688,1316,2547.741,2383.6245,194506.25,3355802.5,287.51065,438.64743,348.33813,2175.0166,0.7277493,1808.7755,-0.081242755
6689,1354,2545.3745,5080.0825,221470.828125,3355826.25,874.8988,1080.1267,1261.8375,2334.719,0.29872707,1855.2587,-0.095804445
6690,1197,2550.091,3784.5088,208515.09375,3355779.0,711.15625,947.0551,1056.213,2235.329,0.36470973,1832.9246,-0.09091931
6691,1199,2550.0535,3824.3093,208913.09375,3355779.5,795.3995,1083.4612,1288.8082,2254.5964,0.28823212,1833.6106,-0.09531697
6692,1097,2548.1277,3858.165,209251.65625,3355798.75,701.4193,941.794,990.6572,2218.5078,0.37926427,1834.1934,-0.08702105
6693,1193,2548.875,3960.9766,210279.765625,3355791.25,748.8382,944.6655,1003.6404,2040.1333,0.33772963,1835.9662,-0.039979603
6694,1260,2547.1492,4835.8613,219028.609375,3355808.5,921.7131,1054.854,1145.9615,1861.9813,0.24891509,1851.0487,0.0035039983
6695,1051,2543.7422,5788.65,228556.5,3355842.5,667.1551,855.5604,952.89294,2001.744,0.36851445,1867.4755,-0.026406785
6696,1290,2550.0596,2427.5784,194945.78125,3355779.5,291.31085,449.90698,358.72327,2240.6372,0.7308222,1809.5342,-0.09225633
6697,1106,2550.4006,2768.4304,198354.3125,3355776.0,310.7256,488.0303,406.96475,2447.8928,0.75049406,1815.4094,-0.14250855
6698,1107,2546.0957,2950.1248,200171.25,3355819.0,555.6468,777.9878,774.3898,2426.4236,0.6080833,1818.5393,-0.13366356
6699,1500,2548.6206,3686.8848,207538.84375,3355793.75,780.4327,1004.4553,1098.0466,2217.2107,0.34163257,1831.2408,-0.09028154
6700,1369,2547.5647,4874.9136,219419.140625,3355804.25,738.966,889.05005,961.32214,1878.2976,0.33196652,1851.7222,0.003836404
6701,1150,2548.8296,5641.0435,227080.4375,3355791.75,465.12738,661.62177,684.0622,2523.421,0.57389235,1864.9325,-0.13145767
6702,1211,2549.7092,2593.593,196605.9375,3355783.0,205.60529,338.97604,217.83897,2406.4648,0.83345354,1812.3955,-0.13777962
6703,1070,2547.3271,3451.1606,205181.609375,3355806.75,727.564,925.0579,970.2313,2073.6877,0.35619745,1827.1768,-0.051734004
6704,1438,2549.1753,3566.8247,206338.25,3355788.25,655.82825,828.9478,879.402,1933.0939,0.3821217,1829.1715,-0.016552543
6705,939,2547.1438,2231.9126,192989.125,3355808.5,310.99255,435.56018,374.5261,2202.7412,0.705306,1806.1603,-0.06430429
6706,1347,2551.5583,3731.3037,207983.03125,3355764.5,727.8263,954.58575,976.4588,2247.3015,0.39488757,1832.0079,-0.09334488
6707,1106,2553.1013,4416.516,214835.15625,3355749.0,741.2107,945.26404,980.04974,2092.4124,0.36604485,1843.8215,-0.048161328
6708,1264,2552.9177,5307.8237,223748.234375,3355750.75,417.6875,603.93475,560.5158,2473.7651,0.6339821,1859.1887,-0.12560247
6709,1243,2556.2856,2535.2285,196022.28125,3355717.25,195.50443,307.88416,212.14642,2086.5237,0.81416976,1811.3927,-0.059696913
6710,1283,2551.3818,5001.57,220685.703125,3355766.25,553.71436,695.5717,702.9396,1922.8955,0.48369154,1853.9076,-0.008360899
6711,1018,2552.8223,4253.072,213200.71875,3355751.75,893.55994,1030.5138,1158.9391,1654.3821,0.18139365,1841.0035,0.066823006
6712,1303,2554.951,4524.152,215911.515625,3355730.5,962.27167,1091.9778,1194.8488,1822.0721,0.21913736,1845.678,0.015582385
6713,1029,2550.1875,2292.9902,193599.90625,3355778.0,308.3246,433.3275,382.5141,1975.8882,0.6747919,1807.2145,-0.023073066
6714,1451,2552.521,3606.4956,206734.953125,3355754.75,509.08408,666.9566,652.23364,2017.2592,0.5387356,1829.8569,-0.039418418
6715,1290,2555.1147,4915.1357,219821.359375,3355728.75,438.23682,590.9019,548.95386,2043.0969,0.58597416,1852.4191,-0.03578958
6716,1323,2553.3696,5209.5903,222765.90625,3355746.25,1124.0597,1339.5034,1527.3137,2070.3015,0.18868904,1857.4951,-0.047189303
6717,1050,2553.3467,2347.7485,194147.484375,3355746.5,253.67238,381.29047,304.09714,2101.82,0.74619436,1808.1598,-0.06414982
6718,1142,2555.894,2656.4712,197234.71875,3355721.0,200.85464,347.45007,228.95885,2385.3083,0.82667124,1813.4823,-0.13220668
6719,1183,2556.3093,2804.3042,198713.046875,3355717.0,222.0203,354.06763,235.44548,2276.3948,0.81206024,1816.0306,-0.10957313
6720,1044,2554.1562,3418.77,204857.703125,3355738.5,887.58527,1088.6073,1127.1892,2196.238,0.31927204,1826.6216,-0.069537915
6721,1248,2556.673,4486.0576,215530.578125,3355713.25,1047.7456,1177.5432,1286.9684,1764.8322,0.16417067,1845.0221,0.029233035
6722,1491,2559.179,5346.754,224137.53125,3355688.25,270.93896,417.6036,350.0295,2152.1052,0.72310925,1859.8627,-0.055438694
6723,1149,2555.6885,5602.666,226696.65625,3355723.0,262.98172,416.72586,425.96606,2155.557,0.6771952,1864.2737,-0.06749115
6724,1072,2555.9712,5707.9634,227749.625,3355720.25,491.56204,684.34515,709.4552,2082.3452,0.49628252,1866.0895,-0.03983693
6725,1113,2555.8337,2911.4744,199784.75,3355721.75,310.04358,480.11636,427.80548,2265.3616,0.69741064,1817.8777,-0.10161733
6726,1139,2556.973,3223.576,202905.765625,3355710.25,693.16595,907.3187,985.097,2312.0645,0.40560296,1823.258,-0.109896444
6727,1077,2555.6853,4286.894,213538.9375,3355723.25,1005.4652,1154.3862,1235.0417,1802.5793,0.18712746,1841.588,0.021815754
6728,1200,2554.295,4715.297,217822.96875,3355737.0,1037.6091,1177.1992,1296.8033,1860.7417,0.18349224,1848.9733,0.003586034
6729,1347,2558.6985,4957.052,220240.515625,3355693.0,641.2532,778.2639,821.36414,1837.9963,0.39610472,1853.1433,0.014226994
6730,1427,2559.9656,5130.5054,221975.0625,3355680.25,375.33917,503.64822,651.1479,1627.8704,0.4281721,1856.1345,0.06891989
6731,1282,2561.4805,4559.735,216267.34375,3355665.25,981.43445,1112.2043,1230.674,1741.234,0.17894284,1846.2944,0.04034476
6732,1276,2560.8872,2691.6348,197586.34375,3355671.25,446.70337,650.14105,610.7375,2432.1787,0.66441524,1814.0907,-0.13629138
6733,1162,2559.315,3187.847,202548.46875,3355686.75,478.2711,663.9858,659.78485,2353.1145,0.58674276,1822.6433,-0.11827021
6734,1085,2559.6267,2624.4683,196914.6875,3355683.75,195.59079,326.96497,207.39355,2343.6074,0.8368717,1812.9325,-0.12563118
6735,1284,2561.3894,2735.6091,198026.09375,3355666.0,201.84697,344.14447,213.60358,2477.0227,0.84141093,1814.849,-0.15038012
6736,1225,2562.2522,2876.6897,199436.890625,3355657.5,198.83183,329.07266,208.7355,2317.7053,0.83423716,1817.2811,-0.116749555
6737,1166,2559.1775,2980.9314,200479.3125,3355688.25,239.24228,365.34735,213.70241,2452.3384,0.83889085,1819.0765,-0.14478047
6738,1139,2561.2854,3500.4487,205674.484375,3355667.25,877.4996,1057.6001,1153.9934,2023.2186,0.27259496,1828.0328,-0.04160622
6739,1307,2562.8354,4786.4937,218534.9375,3355651.75,906.8011,1042.5303,1159.733,1725.0168,0.20233934,1850.2045,0.041514862
6740,1028,2560.1548,3019.642,200866.421875,3355678.5,271.071,394.12842,259.41925,2349.2961,0.8001255,1819.7443,-0.117820844
6741,993,2562.843,3282.0574,203490.578125,3355651.5,219.31319,363.99146,240.54381,2156.5598,0.79882437,1824.2689,-0.080611885
6742,1076,2562.7751,3053.5957,201205.953125,3355652.25,261.9015,387.22583,242.2105,2400.2388,0.8154347,1820.3308,-0.13003744
6743,938,2561.6694,3312.5671,203795.671875,3355663.25,215.21162,367.895,243.1098,2175.849,0.79858446,1824.7943,-0.085488655
6744,921,2560.634,3341.252,204082.515625,3355673.75,598.90063,828.918,857.28503,2304.9207,0.46971896,1825.2883,-0.10948755
6745,1169,2563.5261,4450.68,215176.796875,3355644.75,734.0291,892.32806,953.94354,1905.2327,0.3291602,1844.4152,-0.0008861611
6746,1397,2567.6406,5273.1025,223401.03125,3355603.5,329.84146,478.03506,453.73444,2177.5547,0.6533993,1858.5964,-0.0619051
6747,1205,2565.7935,3926.029,209930.28125,3355622.0,665.0332,878.80414,941.05475,2251.745,0.4139982,1835.3715,-0.095794536
6748,1106,2561.6682,4357.2505,214242.5,3355663.25,772.302,1011.21246,1061.9042,2221.8247,0.35111332,1842.8036,-0.08250677
6749,1238,2563.8125,5505.095,225720.953125,3355642.0,234.93457,370.09613,308.64783,2077.0437,0.74594855,1862.5948,-0.030339371
6750,999,2563.6667,3085.7336,201527.34375,3355643.25,347.74875,517.8869,399.8809,2410.2727,0.7193689,1820.8851,-0.13099174
6751,1247,2563.5654,3148.3008,202153.0,3355644.25,316.62268,470.57056,360.39694,2440.134,0.7704883,1821.9636,-0.13637036
6752,945,2565.0571,3392.8613,204598.609375,3355629.5,770.2291,967.5127,1035.264,2094.1301,0.3377304,1826.18,-0.061392765
6753,1503,2567.209,4114.925,211819.25,3355608.0,915.75916,1059.2148,1171.5369,1706.0546,0.18874681,1838.6285,0.050419874
6754,1281,2564.9336,4642.9404,217099.40625,3355630.75,903.48944,1022.9625,1125.4606,1599.1787,0.17426713,1847.7305,0.08107866
6755,1254,2567.5813,2500.5215,195675.21875,3355604.25,237.35965,374.933,296.82614,2071.1125,0.7616428,1810.7999,-0.05963647
6756,1348,2568.1128,2841.7937,199087.9375,3355598.75,204.33606,335.17358,210.24184,2350.9148,0.8355321,1816.6825,-0.12633058
6757,1310,2568.168,3887.1978,209541.96875,3355598.25,802.60455,1040.1405,1134.8252,2177.2183,0.3104233,1834.7031,-0.07210624
6758,789,2564.6604,2188.5715,192555.71875,3355633.5,328.2915,457.8061,442.9721,1999.4259,0.6439141,1805.4218,-0.015209454
6759,1175,2567.0732,4157.3125,212243.125,3355609.25,1036.0613,1180.8732,1301.5344,1824.1438,0.17442413,1839.3591,0.013127912
6760,1009,2565.0217,2259.6462,193266.46875,3355629.75,271.60455,392.09714,330.5421,2052.888,0.71927917,1806.647,-0.0341537
6761,1036,2568.0222,2320.9294,193879.296875,3355599.75,307.1197,434.4199,378.45175,2133.4402,0.69747496,1807.7047,-0.059791327
6762,1598,2569.9907,3645.6497,207126.5,3355580.0,733.19336,921.8492,962.1252,2100.1377,0.38284448,1830.5399,-0.061620798
6763,1244,2569.7573,4746.5024,218135.03125,3355582.5,751.3497,886.88586,942.1149,1751.75,0.32206768,1849.5181,0.037665896
6764,1317,2570.2087,5468.7007,225357.0,3355578.0,272.29916,412.17996,390.694,1979.2908,0.6819816,1861.9701,-0.023130462
6765,1301,2574.7034,3764.2666,208312.65625,3355533.0,791.34973,1005.91547,1078.9508,2130.8025,0.3283176,1832.5869,-0.067283586
6766,1135,2571.2732,4196.8315,212638.3125,3355567.25,1001.1965,1160.0714,1283.6969,1874.1683,0.19056831,1840.0424,-0.0015930393
6767,1251,2570.9026,4598.7324,216657.328125,3355571.0,803.1183,932.1319,1023.59393,1635.0728,0.24009274,1846.971,0.07203156
6768,1162,2571.8245,5408.7427,224757.421875,3355561.75,323.43115,459.24442,485.09296,1958.0181,0.61311096,1860.937,-0.020230237
6769,1183,2569.1978,5570.9004,226379.0,3355588.0,174.67963,303.6534,244.44717,1977.7904,0.78300345,1863.7318,-0.017850583
6770,937,2569.8335,3250.874,203178.734375,3355581.75,709.3191,908.1243,958.9968,2179.3052,0.39510274,1823.7346,-0.083102964
6771,1398,2570.0352,3996.98,210639.796875,3355579.75,1028.1473,1202.9349,1299.3083,2057.643,0.23120457,1836.5964,-0.04820486
6772,1083,2573.301,5733.8125,228008.125,3355547.0,523.1593,723.53,677.4935,2468.3071,0.55748785,1866.5426,-0.111590944
6773,1049,2573.7302,3466.1345,205331.34375,3355542.75,918.8013,1090.1053,1164.8575,1982.1825,0.26324946,1827.4471,-0.033711653
6774,1321,2577.162,5096.967,221639.671875,3355508.5,860.91595,954.6336,1080.4542,2016.1722,0.32383567,1855.5637,-0.01469343
6775,959,2571.4128,4316.754,213837.53125,3355565.75,936.3681,1101.5693,1164.7893,1951.5339,0.25904527,1842.1099,-0.020049658
6776,1092,2574.1694,4393.9214,214609.21875,3355538.25,771.8736,1034.9945,1189.2207,2236.9321,0.30784044,1843.4415,-0.089632146
6777,982,2574.1365,5764.4053,228314.0625,3355538.75,472.3727,675.4919,637.02344,2607.0356,0.5951359,1867.0704,-0.13636163
6778,1354,2576.6292,3533.4216,206004.21875,3355513.75,808.3471,997.45197,1112.6658,2038.5831,0.30540925,1828.6084,-0.047248486
6779,1214,2577.7595,4822.77,218897.703125,3355502.5,879.4699,1037.6898,1143.8154,1868.872,0.24888235,1850.8365,0.0011166615
6780,935,2575.4,2215.7048,192827.046875,3355526.0,311.38504,436.9786,392.24814,2087.4097,0.6846889,1805.8947,-0.046972662
6781,1333,2577.544,2567.8777,196348.78125,3355504.5,209.8057,323.00977,227.09227,2147.2236,0.8079176,1811.9656,-0.07252819
6782,1363,2578.3477,5055.5693,221225.6875,3355496.5,920.23737,1065.1237,1123.627,2116.8708,0.31827447,1854.8506,-0.057738464
6783,1342,2581.1826,2400.503,194675.03125,3355468.25,275.78836,403.8681,337.61923,2086.7048,0.7203863,1809.0825,-0.060311463
6784,1121,2577.5112,2939.2205,200062.203125,3355505.0,642.3425,893.5491,939.876,2432.4988,0.5298135,1818.3662,-0.13418809
6785,1390,2580.0115,4045.4468,211124.46875,3355480.0,968.6324,1118.7526,1242.1885,1777.1698,0.18171014,1837.4365,0.023923993
6786,811,2574.3872,5791.8667,228588.671875,3355536.25,406.80457,606.7577,572.0197,2840.728,0.6674654,1867.5441,-0.177531
6787,1231,2579.986,3113.87,201808.703125,3355480.25,448.01544,634.64417,595.0808,2367.3762,0.64294237,1821.3778,-0.11485316
6788,807,2574.9766,3368.0173,204350.171875,3355530.25,745.29,939.06134,975.2404,2103.5347,0.3760279,1825.7563,-0.061546985
6789,1287,2582.5625,5019.8696,220868.6875,3355454.5,769.7615,922.80225,984.93665,1940.7556,0.334515,1854.2369,-0.015013143
6790,1270,2580.2795,3809.5127,208765.125,3355477.25,682.7071,919.9409,985.8685,2187.0662,0.37620547,1833.3694,-0.08014288
6791,1017,2578.999,4230.5576,212975.578125,3355490.0,905.0492,1014.7119,1139.3196,1450.2015,0.121771604,1840.6273,0.124964625
6792,1211,2579.1775,4673.793,217407.9375,3355488.25,981.9389,1105.4385,1220.9529,1646.147,0.15166251,1848.2688,0.06552204
6793,1274,2581.4905,4859.801,219268.0,3355465.0,765.88776,912.9215,984.53925,1895.9807,0.3235146,1851.4767,-0.004014914
6794,1179,2582.4011,4983.5825,220505.828125,3355456.0,651.4101,817.46014,861.1357,1925.288,0.40431264,1853.6112,-0.007946748
6795,1013,2580.5103,5626.463,226934.625,3355475.0,495.9299,704.5301,724.87164,2674.8125,0.5710542,1864.6947,-0.1509868
6796,1294,2582.531,2438.9443,195059.4375,3355454.75,272.53787,418.51544,347.34622,2122.8494,0.7161914,1809.7457,-0.06855153
6797,1305,2583.9985,5373.6987,224406.984375,3355440.0,254.4843,389.2981,348.27432,1983.9456,0.70737565,1860.338,-0.021562867
6798,1501,2584.7256,5234.8813,223018.8125,3355432.75,920.43506,1104.4343,1255.5114,1972.9844,0.26493022,1857.945,-0.019324835
6799,1277,2583.877,2362.4456,194294.453125,3355441.25,307.76273,440.63037,387.14017,2057.7087,0.6870205,1808.4279,-0.044249024
6800,1304,2583.5913,3722.2178,207892.1875,3355444.0,708.12195,945.2876,969.3666,2289.4155,0.4011463,1831.8661,-0.103201784
6801,1427,2585.384,5191.3516,222583.515625,3355426.25,956.16925,1165.5817,1353.727,2157.0723,0.26319858,1857.1947,-0.060608782
6802,1073,2583.7632,5655.804,227228.046875,3355442.25,529.206,736.81177,705.0401,2851.8872,0.601575,1865.202,-0.18922988
6803,1063,2582.2249,5686.544,227535.4375,3355457.75,421.41815,611.37537,552.04236,2504.3486,0.6302765,1865.7314,-0.109299585
6804,1386,2583.914,3680.992,207479.921875,3355440.75,736.9091,948.77057,997.4156,2264.9849,0.38794196,1831.1556,-0.09959115
6805,1320,2583.05,3852.1113,209191.109375,3355449.5,791.3894,1004.2121,1084.0522,2082.2378,0.31504998,1834.1051,-0.055510547
6806,1135,2581.533,3956.7603,210237.59375,3355464.75,653.8361,901.10486,886.67487,2420.1294,0.4515812,1835.9084,-0.11875939
6807,1322,2587.1272,4894.5815,219615.8125,3355408.75,670.53973,842.5231,870.2958,2089.1604,0.4178865,1852.0789,-0.050410032
6808,1041,2585.7578,3435.4802,205024.796875,3355422.5,787.0797,995.51874,1045.6311,2215.5938,0.3551429,1826.9243,-0.08671257
6809,1231,2584.6646,5535.334,226023.34375,3355433.25,380.41553,549.3956,485.7116,2692.4915,0.69430345,1863.1252,-0.15240104
6810,1032,2583.1094,2289.1628,193561.625,3355449.0,290.9593,421.60464,351.77036,2184.685,0.7203932,1807.1644,-0.07020584
6811,1241,2583.6946,2772.6133,198396.125,3355443.0,307.56567,480.8324,399.4448,2404.9453,0.7483927,1815.4974,-0.13360885
6812,1414,2588.7305,4081.817,211488.171875,3355392.75,916.62585,1048.2659,1143.8175,1724.7603,0.20281728,1838.0675,0.043717355
6813,1233,2588.1914,4930.6553,219976.5625,3355398.0,491.00485,622.42456,590.4388,1868.8804,0.54164964,1852.7013,0.005439835
6814,1423,2589.4595,5151.9873,222189.875,3355385.5,457.85663,593.6318,748.87,1674.6613,0.3955181,1856.5178,0.056893367
6815,1200,2587.3984,2473.8574,195408.578125,3355406.0,306.30167,470.6825,405.14084,2182.2393,0.7067286,1810.3499,-0.08371051
6816,1168,2588.1345,2718.7876,197857.875,3355398.75,195.15068,324.9024,202.3947,2332.072,0.8400664,1814.5718,-0.12376645
6817,1021,2587.0745,3000.8208,200678.203125,3355409.25,229.76396,356.34573,210.90205,2386.8767,0.8357659,1819.4326,-0.12917021
6818,980,2585.699,4261.598,213285.984375,3355423.0,984.8449,1148.8296,1226.2816,1949.7235,0.21887517,1841.1654,-0.010372984
6819,1283,2588.8105,4507.205,215742.046875,3355392.0,974.92206,1111.2947,1212.6906,1763.1208,0.1933683,1845.4011,0.02990249
6820,1245,2589.0137,5440.71,225077.09375,3355389.75,535.75903,715.29877,764.21045,2339.7944,0.51965547,1861.4956,-0.08841227
6821,855,2588.407,2240.3333,193073.328125,3355396.0,286.05847,406.0234,351.54385,2077.931,0.7131869,1806.3254,-0.044368193
6822,1204,2588.0066,2607.0183,196740.1875,3355400.0,219.95515,335.99335,224.63538,2257.2217,0.8170014,1812.6453,-0.09747648
6823,1394,2587.4922,3568.2446,206352.4375,3355405.0,819.8278,1071.4854,1261.6047,2308.461,0.324173,1829.2137,-0.103260465
6824,1279,2588.5535,4707.663,217746.625,3355394.5,975.3925,1140.8475,1246.7975,1909.5394,0.21463445,1848.8569,-0.008898442
6825,1115,2588.1758,2811.485,198784.84375,3355398.25,210.27893,347.27893,229.20448,2275.2332,0.8165201,1816.1696,-0.110494785
6826,1096,2590.8193,3202.991,202699.90625,3355371.75,366.50592,545.82574,470.7783,2420.5261,0.7000883,1822.9192,-0.12855384
6827,883,2589.512,4339.1484,214061.484375,3355385.0,1004.6954,1167.3307,1257.2775,1930.1075,0.2139829,1842.5042,-0.014285403
6828,1184,2589.6165,2647.951,197149.515625,3355383.75,277.20947,436.0929,345.13513,2313.4688,0.7638806,1813.3516,-0.11610365
6829,1171,2590.0947,2903.6687,199706.6875,3355379.0,230.01537,379.7135,268.9586,2347.4014,0.7931532,1817.7594,-0.1204711
6830,1062,2591.5095,3169.8362,202368.359375,3355365.0,227.10075,364.69446,224.36629,2342.6272,0.8235303,1822.348,-0.1173748
6831,1373,2588.831,3605.5354,206725.359375,3355391.75,535.67737,756.69446,775.6202,2366.283,0.5218995,1829.8572,-0.12243907
6832,1313,2587.9163,5308.4517,223754.515625,3355400.75,429.01447,604.7403,607.278,2359.5583,0.59595025,1859.2148,-0.10867572
6833,1142,2594.2644,2968.0,200350.0,3355337.25,240.95972,363.64624,212.5753,2434.0657,0.83778226,1818.8702,-0.1388538
6834,1092,2591.2444,3035.9001,201029.0,3355367.5,237.12729,351.73444,213.36356,2283.3562,0.82794887,1820.0392,-0.10811885
6835,1251,2592.761,4430.817,214978.171875,3355352.5,786.6471,971.1719,1006.21344,2056.279,0.34882104,1844.0859,-0.042457364
6836,1236,2593.0696,4471.213,215382.125,3355349.25,879.6068,1034.7767,1121.8568,1933.1696,0.27348268,1844.7825,-0.01439117
6837,1282,2593.6443,4544.922,216119.21875,3355343.5,959.75116,1094.7543,1196.4634,1851.1622,0.22618446,1846.0535,0.0055803275
6838,924,2590.278,4289.227,213562.265625,3355377.25,976.2814,1138.8247,1191.2305,1928.7987,0.23447326,1841.6438,-0.011625252
6839,1309,2593.9504,2527.2544,195942.546875,3355340.5,216.46906,335.80902,249.21696,2094.272,0.78605974,1811.2733,-0.06298213
6840,859,2592.2283,3324.7136,203917.140625,3355357.75,538.59955,751.39404,745.58673,2269.0698,0.5180562,1825.018,-0.10357807
6841,1157,2596.3052,4770.8857,218378.859375,3355317.0,1067.1521,1223.5099,1330.1305,1890.6802,0.1817548,1849.9503,-0.005245525
6842,1208,2595.7227,2681.7632,197487.625,3355322.75,402.43793,587.75995,531.25494,2369.703,0.6940104,1813.9373,-0.1212611
6843,924,2593.7456,3295.3105,203623.109375,3355342.5,420.1434,617.1201,618.6569,2111.234,0.5691327,1824.5118,-0.068943135
6844,960,2594.3584,3408.3616,204753.625,3355336.5,745.1198,956.8953,1051.4276,2167.6995,0.3473332,1826.4608,-0.07816863
6845,1067,2593.2935,3492.0066,205590.0625,3355347.0,876.7755,1056.2882,1133.6439,2034.9208,0.28565064,1827.9022,-0.04697838
6846,958,2594.6733,4368.811,214358.109375,3355333.25,849.9739,1056.264,1108.6378,2184.2234,0.32453898,1843.0178,-0.072460994
6847,1240,2597.599,3906.6807,209736.8125,3355304.0,754.5258,982.98224,1051.9056,2281.0444,0.36457458,1835.0525,-0.09903592
6848,1257,2600.432,4015.2505,210822.5,3355275.75,1021.99445,1174.7852,1270.366,1900.6635,0.20423673,1836.9253,-0.008459768
6849,1125,2596.3174,4145.262,212122.625,3355316.75,995.0107,1169.7476,1272.4089,2054.695,0.24368893,1839.1647,-0.04397859
6850,1463,2598.6768,4625.799,216927.984375,3355293.25,803.3534,925.974,1002.50104,1587.2653,0.23060656,1847.4501,0.089033544
6851,1126,2595.5603,5599.8936,226668.9375,3355324.5,398.82416,579.5533,535.5986,2660.5667,0.66712713,1864.243,-0.15346932
6852,1203,2595.1504,3076.084,201430.84375,3355328.5,291.22736,435.64963,330.5216,2298.645,0.7734325,1820.7336,-0.10925527
6853,1037,2597.4658,3232.3096,202993.09375,3355305.25,623.63257,847.4219,927.7469,2324.9055,0.44997713,1823.4276,-0.113888934
6854,763,2595.477,3350.3394,204173.390625,3355325.25,513.578,686.33746,659.6533,2106.295,0.5428606,1825.4612,-0.053588398
6855,1330,2600.6587,4581.2046,216482.046875,3355273.5,1097.2858,1238.3225,1386.0338,1824.1399,0.14172824,1846.6821,0.0126549
6856,1287,2600.1406,2868.9316,199359.3125,3355278.5,212.44911,378.29138,238.2331,2429.1726,0.8210372,1817.1654,-0.14120512
6857,949,2597.7534,3265.7302,203327.296875,3355302.5,564.16547,749.9568,788.2476,2149.2034,0.48016652,1824.0039,-0.07755992
6858,1127,2599.7612,4180.7827,212477.828125,3355282.5,815.09406,981.457,1035.8651,2014.456,0.31272304,1839.7787,-0.02619002
6859,1168,2601.2148,5711.8477,227788.46875,3355267.75,383.79752,558.8159,452.2029,2629.161,0.70218647,1866.1759,-0.14411885
6860,1336,2602.2395,5339.905,224069.046875,3355257.5,363.1976,529.01196,544.6213,2081.2688,0.59734094,1859.7633,-0.05135736
6861,1273,2599.2104,5497.5522,225645.53125,3355288.0,641.2773,856.02356,806.9984,2976.5852,0.57605267,1862.4801,-0.19523822
6862,1101,2601.8357,3139.7012,202067.015625,3355261.75,212.17076,337.59946,197.65532,2284.2224,0.8399601,1821.8334,-0.108833596
6863,1172,2603.331,4801.9087,218689.09375,3355246.75,815.8127,961.9509,1036.6481,1868.407,0.30346897,1850.4883,0.0020080823
6864,1196,2605.1606,4958.304,220253.046875,3355228.5,569.73035,754.3729,762.20483,2024.15,0.45682,1853.1854,-0.035993103
6865,1072,2598.3555,2323.3992,193904.0,3355296.5,269.875,394.56717,331.26773,2028.2435,0.7164161,1807.7618,-0.036872435
6866,909,2603.7778,2264.3774,193313.78125,3355242.25,293.8779,406.52036,370.956,2059.4202,0.69536304,1806.7473,-0.030801289
6867,1275,2608.2385,2750.9192,198179.1875,3355197.5,208.59921,351.42117,218.49803,2435.4229,0.8353111,1815.1353,-0.14129657
6868,1415,2608.5017,5117.805,221848.046875,3355195.0,836.90106,1025.5251,1243.0177,2096.019,0.27417582,1855.9368,-0.046123616
6869,1266,2607.9417,3791.7615,208587.609375,3355200.5,728.4092,1001.113,1112.9739,2251.4084,0.34160572,1833.0762,-0.09802191
6870,1247,2607.7947,3977.984,210449.84375,3355202.0,898.69366,1089.3601,1165.6937,2139.272,0.29666072,1836.2863,-0.06696577
6871,1200,2606.2134,3752.7507,208197.5,3355217.75,902.18835,1175.3983,1343.1666,2345.1826,0.28338206,1832.403,-0.114956886
6872,1125,2603.8677,5567.009,226340.09375,3355241.25,415.672,600.8827,510.9431,2970.8027,0.7063617,1863.6797,-0.20291178
6873,930,2606.0496,3378.6086,204456.09375,3355219.5,657.78064,839.1957,850.0984,2113.6606,0.43473572,1825.9535,-0.06078297
6874,1245,2608.0425,4739.924,218069.234375,3355199.5,977.4522,1140.4097,1235.6722,1935.5759,0.23463997,1849.4218,-0.016492708
6875,1319,2609.1038,5077.174,221441.734375,3355189.0,1033.5083,1218.4553,1354.0634,2355.098,0.27730235,1855.2366,-0.10095797
6876,1147,2606.4934,5750.8735,228178.734375,3355215.0,438.6395,628.8256,600.91284,2908.525,0.6575648,1866.8511,-0.20040505
6877,1456,2610.7246,3633.3655,207003.65625,3355172.75,666.16895,883.0646,919.2572,2337.4688,0.4419842,1830.347,-0.113322996
6878,1182,2610.8562,3939.154,210061.53125,3355171.5,723.33923,956.1159,945.2885,2402.5989,0.4319747,1835.6183,-0.12176041
6879,1060,2606.9094,4217.332,212843.3125,3355211.0,939.59717,1082.6528,1220.1293,1604.9934,0.13653365,1840.412,0.07629846
6880,1341,2606.6584,5273.059,223400.59375,3355213.5,341.21103,473.02313,492.69052,1822.9075,0.55782694,1858.6128,0.029586565
6881,1204,2606.735,5404.2734,224712.734375,3355212.75,425.8671,586.74255,614.799,2052.8828,0.56532437,1860.8751,-0.040854823
6882,1316,2610.4028,4116.0693,211830.6875,3355176.0,801.9605,993.285,1062.7561,2138.019,0.31018212,1838.6678,-0.043987066
6883,1104,2605.739,5786.536,228535.359375,3355222.5,367.66757,548.0951,445.32474,2934.1335,0.7347561,1867.4656,-0.20382668
6884,1284,2612.5374,2836.6145,199036.140625,3355154.75,201.20015,349.96106,217.90576,2405.6572,0.833598,1816.6143,-0.13655445
6885,1191,2611.1057,3521.1057,205881.0625,3355169.0,815.8329,1003.4631,1150.2938,2124.1895,0.301934,1828.4121,-0.0653132
6886,1309,2612.4614,3834.042,209010.421875,3355155.5,722.38806,954.0046,1016.51184,2234.9626,0.3717951,1833.8071,-0.08980683
6887,915,2608.1912,4311.7466,213787.46875,3355198.0,1100.706,1255.2928,1352.9519,1880.7617,0.16745003,1842.0402,-0.004012613
6888,1046,2608.3508,4399.8164,214668.15625,3355196.5,849.71893,1037.847,1105.4059,2007.8313,0.30025652,1843.5585,-0.031905185
6889,1113,2610.6738,2557.5068,196245.0625,3355173.25,212.07727,325.67386,246.02156,2032.4016,0.78302497,1811.8027,-0.046690222
6890,1078,2610.4146,3457.6094,205246.09375,3355175.75,606.308,789.99396,780.442,2191.2708,0.48834655,1827.3173,-0.084400535
6891,1200,2612.4275,3704.2424,207712.421875,3355155.75,799.35834,991.0208,1059.8192,2048.465,0.31826577,1831.5696,-0.050097797
6892,1324,2615.2046,2496.343,195633.4375,3355128.0,273.99017,419.00906,352.16162,2068.9116,0.71586573,1810.7507,-0.05473765
6893,1473,2616.8872,3875.8499,209428.5,3355111.25,813.2546,1043.1039,1131.9525,2195.8623,0.3190801,1834.5298,-0.081120506
6894,1366,2612.1392,4666.7153,217337.15625,3355158.5,1036.1018,1189.746,1294.7797,1871.9568,0.18518637,1848.1615,0.001673834
6895,1275,2614.0464,4842.497,219094.96875,3355139.5,797.45056,961.7788,1044.1329,1989.0533,0.32478946,1851.1927,-0.026336007
6896,1125,2615.1343,2591.8818,196588.8125,3355128.75,210.47467,323.78488,236.61423,2080.3467,0.7948676,1812.3973,-0.05572152
6897,1190,2613.1008,2933.0933,200000.9375,3355149.0,480.93948,694.17645,688.11176,2424.6765,0.6073857,1818.2775,-0.13505103
6898,1241,2616.208,5468.3022,225353.03125,3355118.0,740.2071,974.78,926.7228,3184.9775,0.5705837,1861.9832,-0.24097005
6899,1288,2617.3547,2416.6008,194836.0,3355106.5,289.74457,418.13666,350.2671,2090.0706,0.7108319,1809.3774,-0.055110157
6900,1209,2615.9744,2794.402,198614.015625,3355120.25,428.31018,638.0331,598.3267,2468.1018,0.6696803,1815.8883,-0.14639854
6901,1337,2615.9731,5034.3203,221013.203125,3355120.25,858.92224,1003.72253,1079.7113,1951.6986,0.29804644,1854.5007,-0.019791272
6902,1245,2618.926,2384.2224,194512.21875,3355090.75,292.5775,425.5494,362.73816,2114.135,0.7095481,1808.8201,-0.05945446
6903,1064,2617.0244,2351.1072,194181.078125,3355109.75,269.1175,382.58176,325.5094,2039.9652,0.72178876,1808.2484,-0.03880201
6904,1278,2618.0203,2454.3176,195213.171875,3355099.75,285.36777,417.80124,351.22064,2046.1478,0.70643044,1810.0278,-0.04926118
6905,1466,2622.8984,3667.8567,207348.5625,3355051.0,709.80695,914.3424,955.6842,2248.921,0.4043071,1830.9471,-0.09581273
6906,1079,2616.7017,4250.24,213172.40625,3355113.0,1041.1334,1238.6534,1384.178,1917.8295,0.1690341,1840.9836,-0.009360786
6907,1377,2618.7966,4995.56,220625.59375,3355092.0,560.82825,720.41504,716.1133,2014.6405,0.49403495,1853.8337,-0.030176556
6908,1356,2620.273,5208.2803,222752.8125,3355077.25,959.10547,1154.223,1321.4392,1945.6416,0.2421008,1857.5018,-0.010334103
6909,1156,2615.756,5669.3086,227363.09375,3355122.5,450.45328,646.58826,651.5926,2585.4368,0.6011076,1865.4487,-0.14745568
6910,1199,2618.804,2633.256,197002.5625,3355092.0,309.19766,465.64136,398.69473,2242.3987,0.7462502,1813.1122,-0.09872366
6911,1275,2618.8345,5632.978,226999.78125,3355091.75,391.97253,567.8016,570.9098,2382.8887,0.6194492,1864.8236,-0.102591485
6912,982,2617.5408,2290.4297,193574.296875,3355104.5,339.96436,454.65073,420.5122,2156.3625,0.67473876,1807.2029,-0.05006406
6913,1286,2620.8872,3111.035,201780.34375,3355071.25,362.4063,509.95956,420.73755,2312.0005,0.7471941,1821.3483,-0.108202025
6914,1284,2625.2468,3551.659,206186.59375,3355027.5,682.8629,917.8431,1057.2512,2238.8765,0.41420504,1828.9453,-0.08457053
6915,1395,2622.8352,4876.6694,219436.6875,3355051.75,827.68964,996.5276,1086.5096,1936.2179,0.28915238,1851.7859,-0.01459421
6916,1339,2621.9814,5170.9985,222379.984375,3355060.25,440.69193,575.736,699.70685,1695.5112,0.42572817,1856.8599,0.050235942
6917,1470,2622.1401,4043.666,211106.65625,3355058.5,896.6946,1055.336,1149.4149,1845.7496,0.23515671,1837.425,0.012288073
6918,1207,2620.1226,5531.0283,225980.28125,3355078.75,344.82187,497.27588,357.70505,2874.6687,0.7756833,1863.0664,-0.18910223
6919,1179,2620.459,2710.2427,197772.421875,3355075.5,216.15945,336.93298,224.78287,2213.3994,0.8151745,1814.44,-0.09610424
6920,1194,2618.8877,3003.0159,200700.15625,3355091.0,231.82747,354.33,223.56868,2322.408,0.8238017,1819.4855,-0.113833755
6921,1345,2624.7048,3584.2654,206512.65625,3355033.0,341.2829,483.72046,477.36618,1889.8851,0.58840185,1829.5071,-0.0009859079
6922,1166,2622.585,4524.7446,215917.4375,3355054.25,970.22296,1103.2556,1211.2795,1751.4614,0.18970695,1845.7186,0.033037387
6923,1229,2623.135,5243.011,223100.109375,3355048.75,535.9284,660.4487,776.0586,1519.6193,0.34887478,1858.1019,0.10667945
6924,1105,2620.6226,3041.818,201088.1875,3355073.75,230.39774,346.13528,207.53348,2313.842,0.8346587,1820.155,-0.114865825
6925,1470,2625.068,4915.194,219821.9375,3355029.25,507.3051,678.4582,698.4582,1977.3606,0.50786716,1852.451,-0.024253989
6926,1100,2622.72,3180.9983,202479.984375,3355052.75,207.6541,332.18817,197.17682,2352.2322,0.8446566,1822.555,-0.1239348
6927,921,2621.3452,3313.114,203801.140625,3355066.5,513.16235,741.31165,777.2519,2175.3936,0.48222062,1824.8317,-0.08083785
6928,1137,2624.614,4458.2524,215252.53125,3355033.75,941.4771,1082.2251,1153.252,1830.6553,0.23877588,1844.5732,0.011212226
6929,1268,2624.2769,5370.6357,224376.359375,3355037.25,391.89197,552.46375,580.73975,1993.2682,0.5605629,1860.3027,-0.027388912
6930,1074,2625.149,4281.1274,213481.28125,3355028.5,941.20575,1102.6713,1161.2635,1889.2505,0.23663482,1841.52,-0.0014284608
6931,904,2620.5508,4341.0684,214080.6875,3355074.5,886.8761,1065.7721,1175.1416,1997.4812,0.25809518,1842.5513,-0.02748225
6932,1253,2628.1533,4492.047,215590.46875,3354998.5,794.1923,944.3025,1019.6576,1814.245,0.28586718,1845.1575,0.0163181
6933,1325,2624.969,4705.47,217724.703125,3355030.25,995.1615,1151.8378,1247.8287,1906.1117,0.215785,1848.8353,-0.009687809
6934,1149,2625.3386,5434.8745,225018.75,3355026.5,574.46387,782.6528,731.4177,2996.9355,0.60250217,1861.4108,-0.21298864
6935,1217,2625.792,2899.3699,199663.703125,3355022.0,203.19556,362.8513,219.28677,2457.018,0.8353815,1817.7023,-0.14615841
6936,1322,2625.8623,4082.2646,211492.65625,3355021.5,814.9879,943.6157,1028.5106,1568.6649,0.21143685,1838.0922,0.092103146
6937,1343,2626.9023,5303.079,223700.78125,3355011.0,489.17944,661.84735,719.47284,2103.8147,0.49788946,1859.1392,-0.05483701
6938,1238,2629.227,2669.6477,197366.46875,3354987.75,330.042,480.09207,395.1163,2278.2844,0.73586977,1813.7444,-0.104143314
6939,1042,2627.925,3248.1746,203151.75,3355000.75,598.2874,785.6579,819.08875,2186.192,0.4725434,1823.7153,-0.08316656
6940,984,2627.0112,3281.5183,203485.1875,3355010.0,562.10974,771.9456,831.33997,2232.9583,0.46471056,1824.2897,-0.09804498
6941,1038,2629.5742,3431.502,204985.015625,3354984.25,685.3897,845.04,849.06116,2193.8464,0.45273128,1826.8761,-0.0780697
6942,1121,2629.0642,3212.8074,202798.078125,3354989.25,284.05753,425.51917,336.5629,2120.0571,0.7268788,1823.1063,-0.06676063
6943,837,2624.4958,3403.8926,204708.921875,3355035.0,407.82736,559.589,485.8399,2281.905,0.6490995,1826.3978,-0.09955784
6944,1053,2625.8347,3487.796,205547.96875,3355021.75,767.0437,941.78253,987.35425,2118.7683,0.37489656,1827.8447,-0.06767372
6945,919,2623.7888,3348.963,204159.625,3355042.0,653.71655,842.1105,865.4173,2137.8955,0.43416378,1825.4507,-0.07143411
6946,1256,2630.4348,4156.8853,212238.84375,3354975.75,654.4618,894.41003,832.26276,2768.5972,0.51071614,1839.3806,-0.17450361
6947,1373,2632.9578,4596.892,216638.921875,3354950.5,875.70575,1020.158,1108.4385,1701.2731,0.21490291,1846.967,0.052316796
6948,1118,2627.8845,2965.8345,200328.34375,3355001.25,233.40071,351.68964,207.80501,2405.406,0.84044755,1818.8489,-0.13581334
6949,1023,2625.917,3076.7263,201437.265625,3355020.75,258.94037,392.9345,276.44476,2225.559,0.7888674,1820.7593,-0.09183054
6950,933,2626.7395,4370.802,214378.015625,3355012.5,920.18274,1109.716,1191.3751,1979.5702,0.24677259,1843.0667,-0.023943577
6951,1051,2630.02,4426.1777,214931.78125,3354979.75,1149.8816,1300.7655,1416.499,1889.9601,0.14871226,1844.0227,-0.0054285256
6952,1180,2635.334,3736.0007,208030.0,3354926.75,712.84406,970.85675,1046.805,2392.5093,0.39882994,1832.1276,-0.12388983
6953,1023,2630.3352,4193.5786,212605.78125,3354976.75,877.0577,1035.4536,1109.5112,1893.8505,0.24938846,1840.0131,0.0027615875
6954,1383,2635.258,4558.1006,216251.0,3354927.5,962.6291,1107.6696,1195.1786,1784.1887,0.20808716,1846.2993,0.025775416
6955,1095,2634.7341,5694.8193,227618.1875,3354932.75,336.1032,489.21735,398.79727,2426.3152,0.71364623,1865.8967,-0.109298185
6956,1039,2632.3782,5726.8037,227938.03125,3354956.25,345.5534,507.98508,408.11597,2802.1616,0.7445591,1866.4471,-0.17975076
6957,939,2630.673,2316.4932,193834.9375,3354973.25,308.47925,407.88925,371.15442,1974.2194,0.68200237,1807.6584,-0.0067289583
6958,1141,2634.1208,4815.5703,218825.703125,3354938.75,828.0977,997.3361,1086.9167,1880.3448,0.27848536,1850.7375,0.0025019606
6959,1170,2630.7402,5598.8213,226658.21875,3354972.5,395.64444,571.4265,491.56924,2958.2222,0.7112869,1864.2399,-0.19806407
6960,1340,2634.771,4636.0117,217030.125,3354932.25,888.0582,1017.2657,1118.8724,1644.1798,0.19568814,1847.6422,0.06775979
6961,1387,2638.7693,5139.519,222065.1875,3354892.25,418.35474,551.2812,699.1507,1639.9164,0.40287778,1856.3245,0.068456486
6962,1287,2636.2332,2532.5889,195995.890625,3354917.75,220.91376,345.9324,280.19113,1905.589,0.7439933,1811.3855,-0.016809812
6963,1228,2635.8623,3149.28,202162.796875,3354921.5,225.0859,344.20685,199.66246,2360.84,0.842927,1822.0145,-0.12357749
6964,1340,2635.9314,3998.4387,210654.390625,3354920.75,965.6433,1137.662,1237.8157,1945.6582,0.22090763,1836.6517,-0.017766451
6965,1335,2636.7896,3913.7407,209807.40625,3354912.0,810.1131,1022.5251,1070.2202,2184.6187,0.33757555,1835.1921,-0.0749817
6966,1470,2638.015,4776.245,218432.453125,3354899.75,1084.0756,1249.0299,1370.1171,1950.7462,0.18344118,1850.0613,-0.018747272
6967,1016,2634.0876,5794.0396,228610.390625,3354939.0,341.02658,515.2264,423.14172,2952.9922,0.7446939,1867.6072,-0.20759934
6968,1215,2638.7185,3772.1062,208391.0625,3354892.75,782.5794,1080.8716,1277.4741,2317.4485,0.30067578,1832.7515,-0.110219985
6969,1236,2638.4133,5502.973,225699.734375,3354895.75,452.9555,602.9911,531.9304,2583.9297,0.64644957,1862.5906,-0.1267341
6970,1056,2635.57,5563.11,226301.09375,3354924.25,363.3248,527.00476,374.58145,3065.7227,0.78020924,1863.6262,-0.20709217
6971,1269,2640.84,3811.4697,208784.6875,3354871.5,721.8621,970.88257,1032.5391,2382.602,0.39074054,1833.431,-0.11853305
6972,1319,2637.8848,4953.329,220203.28125,3354901.25,491.41925,694.26874,667.57886,2085.4534,0.51469654,1853.1141,-0.04728068
6973,1173,2640.0127,5061.8813,221288.8125,3354879.75,1015.15344,1144.012,1277.5852,1887.8503,0.19887638,1854.9866,-0.0023944767
6974,1174,2641.6057,2776.8203,198438.203125,3354864.0,250.89693,405.81516,287.93185,2461.7156,0.7959253,1815.5975,-0.14544252
6975,1374,2640.9934,2864.6646,199316.640625,3354870.0,201.47307,344.40756,211.11864,2435.7104,0.8401397,1817.1113,-0.14347325
6976,1136,2640.2263,2740.2139,198072.140625,3354877.75,211.94278,336.56073,230.50969,2155.6777,0.80620277,1814.966,-0.07977377
6977,1328,2642.211,3955.966,210229.65625,3354858.0,1010.1446,1178.3381,1276.0121,1909.5941,0.19783723,1835.9225,-0.010673584
6978,1423,2645.6726,5097.527,221645.265625,3354823.25,784.55414,940.30005,1050.558,2100.7424,0.3464978,1855.6035,-0.054374844
6979,1266,2641.1516,5337.524,224045.234375,3354868.5,621.65717,802.2741,886.61847,2079.158,0.42191166,1859.7393,-0.042807657
6980,1124,2640.975,5757.1074,228241.078125,3354870.25,313.44394,479.3372,393.54138,2761.4302,0.74862736,1866.9733,-0.17106988
6981,1091,2643.682,2610.1284,196771.28125,3354843.25,179.87718,317.35104,219.74428,2146.408,0.81369406,1812.7255,-0.08123355
6982,1055,2642.2769,4225.2,212922.0,3354857.25,895.72986,1156.3583,1322.6304,2119.6863,0.22598813,1840.5636,-0.053302377
6983,1141,2643.475,2569.666,196366.65625,3354845.25,238.3383,371.56616,317.1043,1929.1981,0.7256211,1812.0281,-0.024101732
6984,1399,2646.108,2820.797,198877.96875,3354819.0,282.03787,444.3574,339.97498,2386.6997,0.77400804,1816.3577,-0.13184772
6985,900,2640.4067,3379.9,204469.0,3354876.0,256.33945,405.40222,266.46277,2433.186,0.8029477,1825.9917,-0.13908099
6986,916,2639.6233,4314.2534,213812.53125,3354883.75,986.3635,1152.9324,1228.9596,2054.9192,0.24160327,1842.0975,-0.036662538
6987,1388,2647.6658,3851.2622,209182.625,3354803.25,766.4078,966.5209,1034.3307,2055.0454,0.33218512,1834.1201,-0.049746353
6988,1259,2643.849,4741.497,218084.96875,3354841.5,1041.5242,1208.4965,1322.3455,1937.4893,0.19649719,1849.4648,-0.016851636
6989,1188,2643.5757,5401.745,224687.453125,3354844.25,544.69446,754.984,716.6246,2849.3467,0.5865025,1860.8475,-0.18066923
6990,1276,2647.605,4123.2036,211902.03125,3354804.0,789.87537,987.4044,1024.0165,2217.5103,0.34236974,1838.8077,-0.06491501
6991,975,2644.5989,4398.4214,214654.21875,3354834.0,1076.1533,1240.4241,1374.3882,1908.0471,0.16843037,1843.5508,-0.010974314
6992,793,2645.3833,3327.0884,203940.875,3354826.25,423.18347,607.58954,529.28564,2408.8367,0.640878,1825.0837,-0.1265752
6993,1312,2649.6272,4676.3516,217433.515625,3354783.75,954.8994,1109.5762,1240.6715,1816.4108,0.19660872,1848.3444,0.015731605
6994,1119,2649.9197,3021.0322,200880.328125,3354780.75,226.74442,349.69617,203.0438,2337.077,0.8389144,1819.8107,-0.11939859
6995,1114,2645.5637,3706.2847,207732.84375,3354824.25,615.17596,831.5305,884.98474,2239.9111,0.43679002,1831.6201,-0.09226097
6996,892,2648.0156,2341.0415,194080.40625,3354799.75,336.20853,449.2612,414.2926,2017.9182,0.6607502,1808.09,-0.023933968
6997,1240,2650.5532,2431.104,194981.03125,3354774.5,291.07016,417.24194,363.7863,2014.5258,0.69162315,1809.6433,-0.03640532
6998,1236,2651.813,2465.7612,195327.609375,3354761.75,292.89078,421.21036,362.86166,2051.5874,0.700597,1810.2412,-0.045879535
6999,1085,2648.178,3457.8037,205248.03125,3354798.25,494.82028,643.59955,578.17096,2333.7751,0.62068284,1827.3381,-0.111678764
7000,1428,2652.2654,5267.076,223340.765625,3354757.25,376.1089,486.25034,589.7717,1417.1348,0.4106908,1858.5295,0.13902557
7001,1183,2650.6863,5655.0425,227220.421875,3354773.25,493.84445,687.328,687.4286,2516.6458,0.58172965,1865.2178,-0.11523405
7002,1091,2651.1787,2697.0825,197640.828125,3354768.25,216.16774,322.76627,224.74335,2076.7021,0.80379933,1814.2278,-0.059225243
7003,1285,2650.0327,2938.1245,200051.25,3354779.75,425.99844,620.9751,554.9525,2464.0864,0.68144894,1818.3817,-0.14500938
7004,1173,2649.728,3521.7407,205887.40625,3354782.75,456.71698,626.43396,625.90283,2312.0396,0.5935162,1828.4409,-0.10619641
7005,1085,2648.5613,2499.245,195662.453125,3354794.5,241.04239,371.33456,287.09216,2114.7603,0.7597118,1810.8168,-0.0684053
7006,1104,2652.3733,2986.1277,200531.28125,3354756.25,212.81612,332.779,190.40128,2329.508,0.8477822,1819.2102,-0.118553214
7007,1072,2653.8367,2369.0178,194360.171875,3354741.75,315.30038,425.05502,400.47107,1941.3945,0.65804785,1808.575,0.0018000446
7008,1058,2652.6218,3055.8647,201228.65625,3354753.75,227.42627,346.79916,208.43478,2287.465,0.8303843,1820.4122,-0.10818728
7009,1263,2653.5193,5025.776,220927.75,3354744.75,677.7815,853.1231,923.135,2013.5981,0.38396487,1854.37,-0.034400597
7010,1142,2655.106,2645.9353,197129.359375,3354729.0,435.91156,631.7583,602.4685,2260.4204,0.63137496,1813.3481,-0.09664246
7011,1114,2653.7542,4255.2773,213222.78125,3354742.5,1015.517,1217.1373,1370.6149,1931.2227,0.17261559,1841.0873,-0.016302217
7012,1512,2657.9578,4846.9736,219139.734375,3354700.5,845.47754,1023.4633,1119.16,2013.8301,0.29371828,1851.2894,-0.034533087
7013,1246,2653.9912,4990.5576,220575.578125,3354740.0,678.7552,854.0245,882.7307,1980.2058,0.39111573,1853.7631,-0.025231076
7014,1410,2656.742,5188.989,222559.890625,3354712.5,500.9461,649.8011,786.8436,1775.9769,0.40461484,1857.1852,0.027618391
7015,1176,2652.4983,5470.0884,225370.875,3354755.0,432.7636,593.7721,500.67856,2745.8801,0.68732494,1862.0297,-0.16673253
7016,1085,2655.4534,3092.1953,201591.953125,3354725.5,400.18848,559.3705,485.553,2311.7185,0.69583243,1821.0398,-0.1062976
7017,884,2652.4773,4343.4907,214104.90625,3354755.25,726.44006,904.2308,984.66516,2092.085,0.36651108,1842.6074,-0.058457844
7018,996,2656.0913,3296.8865,203638.859375,3354719.0,286.52863,441.49246,287.53513,2442.1365,0.78403103,1824.5682,-0.13531883
7019,1396,2661.0974,3888.417,209554.171875,3354669.0,837.7335,1051.24,1147.3868,2040.4785,0.28301904,1834.7667,-0.04549361
7020,1341,2657.856,4054.36,211213.59375,3354701.5,875.02985,1014.4922,1120.8539,1636.6085,0.18996075,1837.6257,0.07006665
7021,1361,2657.9941,5228.603,222956.03125,3354700.0,1010.3277,1219.4004,1376.9508,2067.7424,0.25703302,1857.8688,-0.042663254
7022,1213,2658.6917,5623.0815,226900.8125,3354693.0,405.5342,578.2564,556.554,2680.2827,0.6381277,1864.6702,-0.14399615
7023,1266,2662.4385,2395.9368,194629.375,3354655.5,322.14218,440.76303,408.4297,2086.902,0.6719878,1809.043,-0.04400706
7024,1162,2660.408,3123.5981,201905.984375,3354676.0,221.19148,330.82056,197.46902,2214.6174,0.83500135,1821.5834,-0.09262731
7025,1103,2657.6736,3229.0444,202960.4375,3354703.25,258.78467,396.07388,274.1963,2269.1228,0.7832175,1823.3995,-0.10045329
7026,837,2655.3071,3355.3237,204223.234375,3354727.0,410.44205,577.9546,510.7772,2372.7795,0.6452784,1825.5751,-0.116409965
7027,1064,2658.936,3264.5066,203315.0625,3354690.75,597.1678,806.1837,820.0691,2409.8857,0.4956865,1824.0115,-0.13012405
7028,968,2656.252,3491.6323,205586.328125,3354717.5,437.8342,582.23553,501.89102,2431.7607,0.6759273,1827.925,-0.12979545
7029,1347,2662.386,4016.1328,210831.328125,3354656.25,898.6904,1053.343,1126.9673,1951.542,0.2697065,1836.9689,-0.017501326
7030,945,2657.6128,4291.6562,213586.5625,3354703.75,986.3767,1161.3545,1262.7323,1923.219,0.21139076,1841.7162,-0.013582314
7031,1064,2657.0488,4447.8477,215148.46875,3354709.5,964.1931,1122.6705,1220.1354,1828.9718,0.20903426,1844.4084,0.013981735
7032,1461,2660.6406,4885.7305,219527.3125,3354673.5,854.93085,1038.7974,1126.6461,2014.0691,0.28632924,1851.9587,-0.031622387
7033,1254,2660.3142,5542.075,226090.75,3354676.75,214.96411,331.89554,242.2185,2218.5837,0.8025591,1863.2742,-0.07623181
7034,1245,2657.861,3185.5984,202525.984375,3354701.5,231.1506,351.59918,231.89758,2277.1052,0.8199789,1822.6509,-0.10646835
7035,1018,2657.9126,3409.8535,204768.53125,3354701.0,215.56581,351.98428,214.38164,2411.7742,0.8364469,1826.5162,-0.13621162
7036,1180,2660.1018,4091.4822,211584.8125,3354679.0,895.98645,1060.8025,1182.095,1740.3313,0.19324706,1838.2667,0.037487954
7037,1426,2659.4749,4523.169,215901.6875,3354685.25,837.5996,1021.40955,1117.4607,1994.1094,0.2846819,1845.708,-0.029140037
7038,1191,2658.8413,2901.581,199685.8125,3354691.5,539.7691,782.1276,795.11334,2451.2695,0.59150845,1817.756,-0.14303687
7039,1113,2658.628,5436.5347,225035.34375,3354693.75,383.81403,543.2615,465.87152,2611.0664,0.69269514,1861.4539,-0.15127036
7040,1077,2660.0298,4188.03,212550.296875,3354679.75,816.9638,1014.63696,1099.6926,1863.3445,0.26378456,1839.9309,0.0014842068
7041,832,2658.3762,4369.9604,214369.609375,3354696.25,978.34314,1161.3594,1286.03,2011.6359,0.2288397,1843.0664,-0.03371118
7042,1331,2664.233,4482.724,215497.25,3354637.75,970.6206,1125.0038,1234.7521,1768.79,0.1829526,1845.013,0.03211455
7043,1415,2665.195,4923.5894,219905.890625,3354628.0,539.6675,721.4753,744.4021,1968.7251,0.47852427,1852.6135,-0.020855742
7044,1165,2663.2102,5584.0195,226510.1875,3354648.0,212.66566,331.1322,277.06525,2116.8035,0.77333665,1863.9987,-0.050397616
7045,890,2661.5125,5781.456,228484.5625,3354665.0,363.27808,509.03427,378.54382,2737.1213,0.75306547,1867.402,-0.166975
7046,1328,2664.6453,4709.3135,217763.125,3354633.5,732.40283,918.753,971.19275,1970.9059,0.34433237,1848.9193,-0.021370944
7047,1333,2666.79,4611.15,216781.5,3354612.0,836.16956,977.80347,1056.8898,1770.1395,0.26932642,1847.228,0.02998134
7048,1244,2664.9807,4805.7896,218727.890625,3354630.25,877.4924,1068.9951,1168.5161,2017.0193,0.27775252,1850.5826,-0.034438554
7049,1257,2663.856,5370.215,224372.15625,3354641.5,582.0326,806.74225,796.81384,2793.747,0.5496856,1860.3127,-0.1675952
7050,1041,2665.0586,5682.701,227497.015625,3354629.5,200.29779,322.80884,305.42844,1970.4543,0.73484266,1865.7008,-0.019835275
7051,1258,2663.841,5304.155,223711.546875,3354641.5,689.07513,852.69275,970.75793,1921.4591,0.35076863,1859.1738,-0.009376043
7052,992,2668.2249,2723.877,197908.765625,3354597.75,206.32964,328.29132,230.49698,2078.7883,0.7994001,1814.6978,-0.058268547
7053,1179,2666.4028,4153.0527,212200.53125,3354616.0,834.9678,1054.8601,1172.9568,2041.1849,0.27450863,1839.3309,-0.042485487
7054,1274,2667.3005,5720.508,227875.078125,3354607.0,202.07849,325.3917,244.35323,2268.7166,0.8059163,1866.3536,-0.06806603
7055,1480,2671.0244,4570.539,216375.390625,3354569.75,923.17975,1077.95,1197.2284,1756.1581,0.19264862,1846.5298,0.035268452
7056,1252,2670.5017,4648.941,217159.40625,3354575.0,1057.6039,1205.7365,1340.222,1856.3243,0.16818045,1847.8811,0.0052262247
7057,1301,2673.3352,5156.4473,222234.46875,3354546.75,450.71945,616.6349,718.8678,1907.0753,0.44598836,1856.6315,-0.002537386
7058,1024,2670.8896,2588.3262,196553.265625,3354571.0,309.05273,464.63867,395.8252,2224.7295,0.71034425,1812.3628,-0.09208302
7059,1359,2671.8374,3749.0095,208160.09375,3354561.5,677.7226,874.5563,937.4628,2191.0862,0.41777205,1832.3687,-0.079483956
7060,1220,2670.9868,3786.2966,208532.96875,3354570.25,612.5385,842.23773,874.5779,2391.3984,0.46311858,1833.011,-0.12535189
7061,1388,2672.7068,3971.8486,210388.484375,3354553.0,964.5353,1127.4913,1225.7053,1953.1743,0.23083402,1836.2102,-0.021419661
7062,1259,2672.9675,2850.2256,199172.25,3354550.25,215.20016,346.1414,222.92455,2349.2866,0.8262743,1816.8776,-0.124992706
7063,1411,2673.2104,3929.9143,209969.140625,3354548.0,921.7782,1087.803,1166.9575,1902.2609,0.24300358,1835.4875,-0.010999993
7064,1034,2670.8665,4418.528,214855.28125,3354571.25,914.59235,1097.3743,1231.8201,1899.7969,0.22200364,1843.9092,-0.006249223
7065,1296,2674.165,5120.5522,221875.53125,3354538.25,777.66205,943.3017,1028.2886,2060.0015,0.3461097,1856.0131,-0.044147894
7066,1117,2674.4924,2673.4834,197404.828125,3354535.0,236.80484,360.46463,273.51566,2048.8943,0.7632617,1813.8322,-0.05265373
7067,1064,2671.877,2790.5564,198575.5625,3354561.25,409.84586,606.86,561.1118,2397.2566,0.67562586,1815.8486,-0.1321214
7068,1111,2673.818,2522.5662,195895.65625,3354541.75,258.58685,392.9055,316.8317,2061.811,0.734956,1811.2308,-0.05532814
7069,1146,2675.163,2553.4888,196204.890625,3354528.25,320.05148,463.1108,399.17712,2157.4495,0.68663335,1811.7644,-0.072203435
7070,1114,2673.879,2757.8923,198248.921875,3354541.25,249.8492,377.40933,263.36444,2350.5889,0.7981587,1815.2866,-0.119226284
7071,1114,2675.4722,3435.1707,205021.703125,3354525.25,212.21544,350.35324,209.75583,2470.2039,0.84261507,1826.9608,-0.14631782
7072,1264,2673.5403,4961.455,220284.546875,3354544.5,622.6962,794.4976,816.6325,2013.0712,0.43702415,1853.27,-0.030831845
7073,1158,2673.5967,3153.9714,202209.71875,3354544.0,216.86485,332.8191,195.18869,2264.6292,0.83996785,1822.1132,-0.10277945
7074,1148,2673.0696,5509.688,225766.875,3354549.25,233.58275,352.92856,291.3014,2086.866,0.75456816,1862.7213,-0.043753218
7075,1276,2678.906,2964.2734,200312.734375,3354491.0,230.41144,353.89185,209.53996,2346.8926,0.83564436,1818.8461,-0.124115795
7076,1291,2676.189,3821.994,208889.9375,3354518.0,584.8025,780.1797,808.6491,2124.113,0.46447825,1833.6287,-0.052215707
7077,1196,2673.5334,5054.555,221215.546875,3354544.75,782.81354,944.2692,1058.5886,1972.8503,0.30790403,1854.875,-0.023114257
7078,958,2674.2903,4323.458,213904.578125,3354537.0,879.1774,1052.1232,1178.1963,1852.0303,0.22528015,1842.272,0.0054862094
7079,1099,2675.2048,4219.1157,212861.15625,3354528.0,792.919,989.6096,1085.1792,1930.1575,0.28000805,1840.4736,-0.010649893
7080,1011,2676.3738,2620.6162,196876.15625,3354516.25,382.77448,556.0762,539.0969,2114.106,0.62820137,1812.9219,-0.060811248
7081,915,2674.6797,3381.3977,204483.96875,3354533.25,264.33716,417.65082,303.21255,2367.2683,0.7681305,1826.0336,-0.11514355
7082,1316,2679.1187,4748.2324,218152.328125,3354488.75,1096.9856,1259.291,1401.0396,1919.1482,0.1598811,1849.5967,-0.011867204
7083,842,2673.784,3327.1199,203941.203125,3354542.25,231.6639,377.16507,228.52197,2428.129,0.8273861,1825.0975,-0.14005679
7084,1184,2677.7043,5336.977,224039.765625,3354503.0,579.12415,756.2027,780.8336,2267.7002,0.48999918,1859.7457,-0.083671756
7085,1157,2678.7363,5406.6475,224736.46875,3354492.75,441.25757,605.7632,539.00867,2441.2732,0.6372556,1860.9474,-0.11324221
7086,1079,2678.0825,5756.578,228235.78125,3354499.25,309.69183,446.1265,338.6826,2521.8694,0.7588424,1866.9801,-0.12789214
7087,866,2679.4678,4274.181,213411.8125,3354485.25,942.82214,1119.702,1252.8661,1949.6571,0.22391416,1841.4248,-0.017552683
7088,1146,2684.575,3207.8037,202748.03125,3354434.25,300.57898,440.6239,347.12564,2248.5505,0.7403106,1823.0461,-0.0966523
7089,1032,2681.7722,3469.655,205366.546875,3354462.25,211.52132,342.34885,204.13033,2469.3552,0.8464931,1827.5581,-0.145821
7090,908,2680.2434,4387.8467,214548.46875,3354477.5,950.2753,1137.6559,1275.7153,1885.8188,0.19801652,1843.3845,-0.00030651482
7091,1161,2682.4626,2487.5977,195545.96875,3354455.25,287.20844,418.49442,373.6012,1961.5186,0.6789189,1810.6323,-0.021847658
7092,1301,2686.9624,2883.376,199503.765625,3354410.5,269.93158,423.58493,340.05533,2358.921,0.77248853,1817.4556,-0.12521917
7093,1173,2683.1868,3003.816,200708.15625,3354448.25,235.09464,360.0392,205.16794,2424.977,0.8433938,1819.5297,-0.13959584
7094,1085,2682.5613,3038.6746,201056.75,3354454.5,229.57788,352.26358,201.35945,2418.9548,0.8457068,1820.1301,-0.13827932
7095,1378,2687.598,4779.618,218466.1875,3354404.0,1109.849,1280.8541,1400.1111,1990.3171,0.1778966,1850.1415,-0.029061008
7096,1292,2687.4612,5082.68,221496.796875,3354405.5,853.58594,1006.2229,1093.7535,2004.7798,0.3051805,1855.366,-0.032087836
7097,1075,2683.5256,2420.1943,194871.9375,3354444.75,302.02048,431.89117,408.47534,2021.5042,0.6659684,1809.4712,-0.028346764
7098,1051,2683.5044,3072.9324,201399.328125,3354445.0,297.0847,435.64413,311.47385,2359.4473,0.776679,1820.7211,-0.11905525
7099,1261,2686.0674,2925.9668,199929.671875,3354419.25,349.95877,523.8977,434.0135,2370.3845,0.7271544,1818.1892,-0.124034
7100,1383,2686.5603,3860.4802,209274.796875,3354414.5,557.3731,749.71075,743.2979,2276.1187,0.52290666,1834.2969,-0.09845069
7101,1059,2683.3645,5478.6206,225456.203125,3354446.25,305.15393,430.1237,403.90463,2019.9982,0.672192,1862.1902,-0.026821226
7102,1179,2687.2349,2816.5547,198835.546875,3354407.75,332.838,491.5759,395.24088,2386.6277,0.74566483,1816.3041,-0.12822473
7103,1376,2687.968,5009.266,220762.65625,3354400.25,713.0283,888.1817,948.93823,2029.6206,0.3685424,1854.1006,-0.03626608
7104,1328,2691.6296,2452.4353,195194.359375,3354363.75,293.9134,423.74774,386.05496,2021.6754,0.67817193,1810.0308,-0.035779167
7105,1351,2689.2117,4115.7944,211827.9375,3354388.0,942.5574,1098.5055,1243.5767,1779.9045,0.16995482,1838.699,0.0318784
7106,1185,2688.2346,5279.459,223464.59375,3354397.75,517.9823,661.4105,811.2426,1706.748,0.3740319,1858.7588,0.04998752
7107,1095,2688.0493,3500.4585,205674.59375,3354399.5,287.0114,442.0854,345.3813,2398.457,0.7708667,1828.0919,-0.1275898
7108,1295,2692.126,4540.9326,216079.328125,3354358.75,907.9575,1082.5166,1183.0671,1878.2572,0.2262253,1846.0288,0.0032371907
7109,1216,2690.7705,5213.251,222802.5,3354372.25,1316.0609,1564.076,1752.6316,2282.6382,0.15716113,1857.6184,-0.09736035
7110,1088,2689.9807,3244.0396,203110.390625,3354380.25,253.21875,394.17462,271.08548,2317.813,0.7882835,1823.6732,-0.110120036
7111,838,2686.2637,3354.4797,204214.796875,3354417.25,229.83115,371.0203,221.85323,2460.2578,0.83439827,1825.575,-0.14594197
7112,1049,2689.3538,4354.6646,214216.640625,3354386.5,935.06866,1112.4633,1246.2402,1889.0128,0.21095578,1842.8167,-0.0036927806
7113,1202,2690.287,5609.027,226760.265625,3354377.25,192.84276,301.27786,280.78452,1866.2296,0.7389548,1864.4414,0.003464017
7114,894,2688.9697,3303.2595,203702.59375,3354390.25,225.24161,372.7662,216.4066,2371.2834,0.8324192,1824.6935,-0.12846938
7115,1279,2692.2205,4076.3877,211433.875,3354357.75,911.4777,1067.8193,1138.57,1818.4738,0.2244246,1838.0211,0.031184189
7116,1045,2692.2449,4245.285,213122.84375,3354357.5,883.01917,1036.5837,1126.2794,1771.0038,0.22843353,1840.9325,0.028869806
7117,1427,2692.112,5648.8677,227158.671875,3354359.0,232.56342,367.4506,344.41556,2001.3582,0.70549685,1865.1292,-0.026618004
7118,1062,2692.7317,2702.6272,197696.265625,3354352.75,201.22598,328.30603,241.7354,2015.3372,0.78587234,1814.3431,-0.046344094
7119,1189,2692.6357,3105.518,201725.1875,3354353.75,227.17325,345.25232,204.24895,2263.6594,0.83382183,1821.287,-0.105165064
7120,1001,2691.8362,3275.06,203420.59375,3354361.75,375.1004,539.87915,450.7028,2381.3271,0.6945025,1824.2087,-0.12294154
7121,1323,2692.9336,4036.0188,211030.1875,3354350.75,855.3757,1012.25397,1095.7142,1832.5752,0.24744801,1837.3256,0.022923721
7122,1183,2690.1987,4453.5513,215205.515625,3354378.0,893.3415,1057.8977,1160.6864,1868.8009,0.23804638,1844.5217,0.0024834718
7123,1524,2695.7827,4679.5024,217465.03125,3354322.25,848.5807,1014.4272,1132.6339,1864.7041,0.2516982,1848.4192,0.0065469467
7124,1335,2696.4553,5246.6743,223136.75,3354315.5,690.6824,863.90186,981.6906,1918.3783,0.36771163,1858.1971,-0.008295439
7125,1189,2692.8503,5569.2803,226362.8125,3354351.5,191.90244,300.24725,247.70059,1933.0782,0.7723477,1863.7573,-0.005348343
7126,1346,2695.6797,4503.2695,215702.6875,3354323.25,911.8098,1082.7816,1200.6093,1961.3217,0.24488287,1845.3812,-0.02214868
7127,1178,2691.7275,5442.3184,225093.1875,3354362.75,444.826,598.08997,501.29202,2617.5374,0.6727868,1861.568,-0.14229986
7128,1459,2697.3755,4823.4463,218904.46875,3354306.25,875.1669,1057.6292,1148.0668,2074.5059,0.30323002,1850.9014,-0.050706394
7129,1523,2697.5845,4861.8394,219288.390625,3354304.25,695.9173,867.15625,921.7886,1962.7216,0.37516162,1851.5634,-0.022369491
7130,1337,2697.4487,3994.0823,210610.828125,3354305.5,940.5782,1120.1436,1235.243,2041.116,0.24212162,1836.6047,-0.033473045
7131,1096,2692.573,4183.852,212508.515625,3354354.25,888.979,1074.7856,1182.865,1915.5283,0.23856203,1839.8737,-0.009903114
7132,950,2695.3684,4303.8286,213708.28125,3354326.25,893.6716,1053.7484,1137.5621,1817.7242,0.23680183,1841.9431,0.015776053
7133,1032,2695.3284,3401.7307,204687.3125,3354326.75,227.01405,362.67828,226.53246,2417.1304,0.8253677,1826.3937,-0.12967421
7134,1052,2692.5,5689.521,227565.21875,3354355.0,313.82605,461.1388,349.54657,2825.1226,0.7722641,1865.8302,-0.15562914
7135,1134,2697.94,2648.5935,197155.9375,3354300.5,242.42769,378.31393,284.61462,2058.4656,0.7564703,1813.4144,-0.051946785
7136,1485,2700.3528,3902.7415,209697.40625,3354276.5,724.7636,927.02893,983.21484,2134.0896,0.37177598,1835.0316,-0.0636241
7137,1459,2699.8142,4901.1406,219681.40625,3354281.75,892.5672,1077.3269,1190.4067,1959.841,0.25107542,1852.2418,-0.022417745
7138,1265,2699.77,5181.4214,222484.21875,3354282.25,703.54785,870.4775,939.10315,2126.56,0.39845988,1857.0736,-0.056892384
7139,1141,2696.9946,5535.6284,226026.28125,3354310.0,216.27432,336.13058,295.2533,1941.7029,0.74557954,1863.179,-0.014853585
7140,1272,2700.8145,3177.357,202443.5625,3354271.75,269.64938,401.7319,304.87775,2110.0842,0.75549406,1822.5289,-0.06449979
7141,1286,2700.5093,4599.787,216667.875,3354275.0,836.0225,995.76514,1095.3468,1833.2185,0.26277062,1847.0471,0.0128908465
7142,1251,2700.076,4718.6436,217856.4375,3354279.25,991.8074,1155.3365,1288.8153,1903.9137,0.20072334,1849.0958,-0.0007041558
7143,1151,2699.7107,5378.683,224456.828125,3354283.0,421.89923,603.26935,572.55865,2497.8713,0.6288525,1860.4744,-0.12930876
7144,1037,2700.0386,5736.567,228035.671875,3354279.5,304.0246,447.9976,328.23096,2787.216,0.78787583,1866.6445,-0.18019271
7145,1066,2700.0254,2737.077,198040.765625,3354279.75,234.39212,367.67166,287.48593,2088.001,0.7641818,1814.9403,-0.06402245
7146,1104,2699.5806,4150.645,212176.453125,3354284.25,950.2464,1105.914,1209.7102,1773.086,0.18501589,1839.3044,0.029557262
7147,1291,2705.9312,3137.3997,202044.0,3354220.75,219.89853,343.82184,207.32224,2224.9822,0.8288928,1821.8427,-0.09629591
7148,1350,2703.9993,4637.4136,217044.140625,3354240.0,791.6874,960.94147,1065.6111,1941.7467,0.30394652,1847.6974,-0.01810909
7149,1430,2706.198,4938.1763,220051.765625,3354218.0,779.0486,980.0273,1019.0888,2129.9685,0.35407475,1852.883,-0.061144922
7150,1245,2705.5623,4975.902,220429.015625,3354224.5,808.0482,982.42773,1036.8967,2018.3514,0.32370698,1853.5332,-0.033291437
7151,1052,2702.058,2582.3354,196493.359375,3354259.5,271.96292,400.44678,333.26236,2032.2804,0.71521616,1812.2744,-0.047626328
7152,1400,2708.29,5041.7485,221087.484375,3354197.0,830.9504,987.4414,1049.9154,1959.2214,0.30809882,1854.6696,-0.018839188
7153,1298,2706.9429,5312.5786,223795.78125,3354210.5,545.7338,698.807,824.74805,1871.9904,0.39927536,1859.3379,0.002052277
7154,1481,2705.5408,3781.6436,208486.4375,3354224.5,305.4453,457.2181,349.8967,2243.4875,0.73595494,1832.9467,-0.09442581
7155,1558,2708.7068,3946.093,210130.9375,3354193.0,924.09625,1080.9641,1178.8395,1920.9891,0.24431777,1835.7827,-0.011614571
7156,1269,2707.171,2780.3145,198473.140625,3354208.25,465.92908,666.0252,663.91254,2219.554,0.5938668,1815.689,-0.093004264
7157,1041,2703.4458,4419.1113,214861.109375,3354245.5,906.4501,1102.9169,1183.8866,2090.294,0.27487674,1843.934,-0.04591921
7158,975,2708.3374,3452.1497,205191.5,3354196.5,214.32718,348.68716,207.55898,2414.4421,0.8407263,1827.2687,-0.13463618
7159,1163,2709.079,5107.894,221748.9375,3354189.25,895.9278,1055.6866,1167.5082,1986.7906,0.266908,1855.8102,-0.02903817
7160,1087,2709.287,5348.6387,224156.390625,3354187.25,558.5124,746.885,762.48206,2231.4084,0.4907402,1859.9606,-0.07884804
7161,1203,2708.5286,2517.5261,195845.265625,3354194.75,305.27765,430.75977,391.02243,1962.3358,0.6640946,1811.1606,-0.015823962
7162,999,2707.014,2616.5957,196835.953125,3354209.75,355.84283,511.56357,464.36136,2126.7798,0.6484884,1812.8673,-0.06373494
7163,1196,2710.0535,2841.526,199085.25,3354179.5,218.18854,333.72366,232.46321,2129.796,0.80215526,1816.7452,-0.07121347
7164,990,2707.7869,3332.8262,203998.265625,3354202.25,223.95555,373.8808,214.66464,2443.543,0.8380738,1825.2118,-0.14272152
7165,1450,2711.867,3740.1814,208071.8125,3354161.25,440.18137,602.59796,545.4966,2288.1262,0.6286822,1832.2349,-0.10166198
7166,1383,2712.4077,5142.4155,222094.15625,3354156.0,844.00507,1010.0036,1113.3727,2050.0925,0.30126545,1856.4067,-0.04312594
7167,1255,2712.8127,2987.3403,200543.40625,3354151.75,240.16574,351.76575,206.53865,2391.6494,0.84062874,1819.2596,-0.13337171
7168,1096,2710.6807,4211.5244,212785.25,3354173.25,765.77826,963.6661,1013.09766,2050.967,0.33121583,1840.3589,-0.028821666
7169,998,2714.1262,5710.7285,227777.28125,3354138.75,324.99197,449.02106,334.87674,2848.3857,0.78639364,1866.2051,-0.19110675
7170,959,2713.1157,3424.9678,204919.6875,3354148.75,220.14963,357.7174,229.62253,2322.107,0.81860393,1826.8025,-0.11471546
7171,1361,2710.0654,3825.9722,208929.71875,3354179.25,488.4967,622.2109,531.51215,2140.3254,0.6245769,1833.7129,-0.065817654
7172,990,2711.8364,4332.258,213992.578125,3354161.75,1010.70404,1173.3788,1261.194,1915.7838,0.21343161,1842.4406,-0.012783855
7173,1121,2715.0571,4473.4077,215404.078125,3354129.5,843.9014,1043.5598,1128.7511,2119.8943,0.30437815,1844.8751,-0.057309598
7174,1148,2712.9756,5501.466,225684.65625,3354150.25,268.46863,400.1141,380.6925,1988.412,0.678774,1862.5969,-0.027241334
7175,1112,2711.2087,2552.1907,196191.90625,3354168.0,299.32373,428.125,364.1349,2099.9128,0.70317036,1811.7593,-0.054870177
7176,1241,2713.489,2949.2974,200162.96875,3354145.0,247.36502,372.4996,224.90169,2380.2522,0.8267011,1818.6042,-0.13052511
7177,1080,2714.7075,2679.262,197462.625,3354133.0,205.23518,333.21945,249.03334,1985.6658,0.77750725,1813.9509,-0.03937118
7178,1143,2714.1199,3369.5276,204365.28125,3354138.75,224.14917,360.2034,227.83333,2299.2441,0.81732565,1825.8474,-0.10942917
7179,939,2709.4153,4275.8423,213428.421875,3354185.75,1022.4111,1188.1991,1276.1501,1857.7391,0.19038679,1841.467,0.001894033
7180,1174,2714.6797,3028.8364,200958.359375,3354133.25,238.9489,357.74106,207.25298,2427.0664,0.8421269,1819.9757,-0.14042968
7181,904,2708.9336,4387.707,214547.0625,3354190.75,960.6294,1148.1117,1243.2168,1970.7511,0.23188438,1843.3951,-0.026201278
7182,1368,2718.872,4572.281,216392.8125,3354091.25,951.8103,1076.5314,1172.8856,1631.6283,0.16571915,1846.5812,0.07025261
7183,1170,2714.3196,5412.278,224792.78125,3354136.75,371.26324,536.6624,489.22565,2480.165,0.6675289,1861.0599,-0.118535824
7184,977,2713.5046,5468.942,225359.421875,3354145.0,254.00922,377.83725,338.10236,2134.6746,0.7239739,1862.0364,-0.059308976
7185,1331,2719.2532,2908.021,199750.21875,3354087.5,441.24493,629.26746,601.49963,2344.0557,0.63300663,1817.8956,-0.11155083
7186,1122,2714.3127,3064.0447,201310.453125,3354136.75,292.2629,432.08734,305.69608,2413.5437,0.787999,1820.5824,-0.13448143
7187,1157,2716.3638,3224.6836,202916.84375,3354116.25,215.78436,342.81503,204.30682,2302.0234,0.8354816,1823.3519,-0.111742325
7188,1152,2716.302,2481.486,195484.859375,3354117.0,278.0651,403.43576,365.13367,1980.4062,0.6881484,1810.5432,-0.026669089
7189,1206,2721.5647,2871.7173,199387.171875,3354064.25,436.93616,637.6874,628.2305,2266.1394,0.6478828,1817.2711,-0.10277138
7190,1521,2723.908,4793.227,218602.265625,3354041.0,1076.1289,1247.9224,1376.5944,1927.7587,0.17382425,1850.3922,-0.013321316
7191,1158,2721.9836,5672.5327,227395.328125,3354060.25,284.00864,426.8644,319.5121,2676.5854,0.78388625,1865.55,-0.15198179
7192,1208,2723.6316,3476.899,205438.984375,3354043.75,238.55298,377.82492,257.07864,2317.7874,0.80911595,1827.7024,-0.11219986
7193,1355,2722.7424,3868.5874,209355.875,3354052.5,876.8539,1026.4967,1107.617,1813.7439,0.2411866,1834.4532,0.013956124
7194,1256,2723.2786,4058.1711,211251.71875,3354047.25,911.5462,1063.41,1141.9076,1848.3726,0.24493206,1837.7212,0.006759786
7195,1605,2724.0044,4749.8027,218168.03125,3354040.0,939.8536,1102.2505,1233.0317,1886.4604,0.21739091,1849.6437,-0.001006252
7196,1123,2723.5093,5590.639,226576.390625,3354045.0,329.81033,482.45593,401.42654,2543.4988,0.7281119,1864.1388,-0.12136431
7197,1113,2722.3665,5621.846,226888.46875,3354056.25,413.95956,568.7448,431.9982,2945.6191,0.7350111,1864.6763,-0.17995614
7198,1296,2725.48,4097.5303,211645.3125,3354025.25,897.68054,1038.0054,1143.9236,1704.9923,0.19218431,1838.4006,0.05109011
7199,1309,2726.6821,4017.3408,210843.40625,3354013.25,882.25287,1028.2567,1118.4232,1761.1833,0.22956121,1837.019,0.033956356
7200,1088,2721.638,3300.5376,203675.375,3354063.5,244.96048,393.18015,264.0418,2292.3171,0.79299897,1824.6617,-0.10695997
7201,973,2724.8613,4364.254,214312.53125,3354031.5,1006.1429,1190.8356,1305.9177,1957.224,0.2042123,1842.998,-0.022536656
7202,1044,2726.3047,2752.1035,198191.03125,3354017.0,397.83813,569.4512,577.76056,1952.4492,0.5662374,1815.2119,-0.023575295
7203,1231,2726.8376,3096.32,201633.203125,3354011.5,225.78554,341.81152,202.84402,2305.1487,0.83742446,1821.1445,-0.11362327
7204,1227,2725.626,3265.617,203326.171875,3354023.75,260.32642,404.75793,272.88507,2186.3027,0.7778873,1824.0618,-0.08177623
7205,1177,2726.5522,4132.9873,211999.875,3354014.5,821.5692,1021.5956,1058.3254,2281.283,0.32725433,1839.0123,-0.06885155
7206,1417,2729.2385,5073.0303,221400.3125,3353987.5,588.7153,780.7389,794.85394,2121.3044,0.454713,1855.218,-0.056939237
7207,1317,2728.9507,2810.4624,198774.625,3353990.5,230.17464,360.43356,256.42065,2116.7266,0.78293437,1816.2189,-0.06845753
7208,1098,2727.8215,4438.1265,215051.265625,3354001.75,986.4126,1158.8497,1256.9873,1939.674,0.2191246,1844.2727,-0.016899377
7209,1354,2728.0044,5004.2173,220712.171875,3354000.0,856.7655,1023.68243,1130.7308,1936.1902,0.26957986,1854.0311,-0.014722545
7210,1206,2724.534,5279.6855,223466.859375,3354034.75,489.06964,633.4316,748.78564,1701.918,0.4112664,1858.7784,0.04969946
7211,1050,2726.022,4240.1313,213071.3125,3354019.75,945.00476,1122.7771,1258.1533,1856.8647,0.19741292,1840.859,0.00737217
7212,1184,2728.3792,2712.6587,197796.59375,3353996.25,327.38513,496.22296,429.2956,2187.902,0.689735,1814.5331,-0.083138205
7213,1212,2733.028,3196.6584,202636.578125,3353949.75,230.56395,362.75577,217.92203,2345.4067,0.8294353,1822.8767,-0.12252211
7214,1351,2731.385,3978.4492,210454.5,3353966.25,907.6869,1032.5137,1152.5759,1508.533,0.13112529,1836.3508,0.11504097
7215,1214,2728.0708,4176.814,212438.140625,3353999.25,995.46954,1180.8394,1251.383,2053.7627,0.23903722,1839.7684,-0.044090442
7216,1256,2727.4753,4537.126,216041.25,3354005.25,1103.9534,1245.8639,1350.5681,1783.549,0.1414785,1845.9791,0.023676703
7217,1106,2729.3816,5558.433,226254.328125,3353986.25,303.81827,464.81647,379.62207,2351.9792,0.7274351,1863.586,-0.088427454
7218,1435,2731.8257,4705.055,217720.546875,3353961.75,871.21674,1032.2529,1146.5756,1897.3846,0.25567007,1848.8757,0.0011450084
7219,1505,2733.8745,4660.196,217271.953125,3353941.25,797.04517,999.2299,1110.4664,2113.1968,0.32352594,1848.1034,-0.055689037
7220,1344,2729.1868,5213.125,222801.25,3353988.25,794.119,979.6417,1053.0974,2188.248,0.3590144,1857.633,-0.07421804
7221,1516,2735.3938,4881.3833,219483.828125,3353926.0,799.93335,984.57654,1065.0017,2000.1395,0.31529206,1851.917,-0.032902822
7222,1111,2732.0757,5442.9404,225099.40625,3353959.25,244.0063,384.1647,328.19623,2090.0647,0.72827,1861.5962,-0.0519617
7223,992,2730.8135,5527.1006,225941.0,3353971.75,297.9869,442.87903,384.4849,2144.7249,0.69773793,1863.0465,-0.060931247
7224,1074,2731.4749,4305.7,213727.0,3353965.25,958.2663,1123.0475,1209.5782,1850.4237,0.21422376,1841.9917,0.005873222
7225,1664,2736.6377,4838.649,219056.484375,3353913.5,902.55286,1079.9108,1178.2605,1945.3591,0.25454208,1851.1809,-0.0189905
7226,975,2732.364,2595.1313,196621.3125,3353956.25,296.60922,433.06873,356.7087,2164.1035,0.7154423,1812.5095,-0.073198326
7227,1231,2736.372,3161.3892,202283.890625,3353916.25,256.31967,378.1198,268.67383,2133.989,0.77578014,1822.2705,-0.06952537
7228,1220,2733.9885,5172.0747,222390.75,3353940.0,814.1475,970.9529,1040.441,2029.7336,0.32953006,1856.9275,-0.038733006
7229,1163,2734.4592,3400.0886,204670.890625,3353935.5,215.30223,348.0976,210.34178,2421.9768,0.83972365,1826.3835,-0.13751355
7230,1001,2735.4546,2654.104,197211.03125,3353925.5,290.2078,431.9031,364.41858,2076.5793,0.7021021,1813.5273,-0.054535955
7231,1342,2739.2146,3801.4285,208684.28125,3353887.75,368.2541,524.57007,444.69894,2105.5366,0.6582256,1833.3032,-0.06042032
7232,1209,2734.7188,4502.6255,215696.25,3353932.75,895.8226,1100.5876,1198.5248,2125.352,0.27649498,1845.3876,-0.060049165
7233,1524,2737.6606,4616.0044,216830.046875,3353903.5,958.4167,1113.5466,1226.0939,1937.4423,0.24084233,1847.3434,-0.016571073
7234,1184,2734.9197,5247.5786,223145.78125,3353930.75,1424.1533,1685.7864,1891.8058,2369.448,0.13317004,1858.2295,-0.1182957
7235,1075,2740.3162,5644.854,227118.53125,3353876.75,355.24512,503.2735,357.20837,3111.6902,0.78921586,1865.0807,-0.22852424
7236,948,2737.9822,2626.8396,196938.390625,3353900.25,269.35864,406.64978,304.5232,2286.3618,0.760965,1813.0586,-0.100601494
7237,1252,2737.2827,5382.4897,224494.90625,3353907.25,363.73004,529.5895,515.9185,2142.4863,0.6113639,1860.5563,-0.05194308
7238,1605,2743.1333,4919.5483,219865.484375,3353848.75,947.46136,1132.7573,1238.2327,1998.2673,0.24229479,1852.5782,-0.031836852
7239,1072,2738.9702,5738.4653,228054.65625,3353890.25,239.93936,347.74066,308.66092,1949.3041,0.7245117,1866.694,-0.012896254
7240,1177,2740.8157,3012.148,200791.484375,3353871.75,237.26338,352.5429,207.435,2386.2761,0.8396052,1819.7004,-0.13260147
7241,1392,2743.3506,3762.0222,208290.21875,3353846.5,221.59662,369.8161,227.58693,2348.1028,0.8227651,1832.6259,-0.12046812
7242,1404,2738.889,3902.6965,209696.96875,3353891.0,797.4765,958.43945,1026.8027,1885.1909,0.30560052,1835.0485,-0.004416667
7243,1127,2738.9893,4401.464,214684.640625,3353890.0,981.7356,1162.6246,1283.6637,1948.6389,0.21258454,1843.6458,-0.021168629
7244,1462,2741.8037,4962.6094,220296.09375,3353862.0,803.3492,996.60706,1058.0311,2090.1692,0.33093137,1853.3201,-0.051456995
7245,1184,2742.43,3128.2974,201952.96875,3353855.75,230.01646,353.77618,228.9396,2221.5447,0.81205314,1821.703,-0.092620224
7246,919,2737.47,4269.862,213368.625,3353905.25,994.568,1152.9467,1251.2905,1772.4657,0.1719211,1841.3766,0.027173618
7247,1030,2741.0796,2538.73,196057.296875,3353869.25,267.38348,401.31943,331.54562,2082.5603,0.7233356,1811.5416,-0.054608215
7248,1155,2744.006,2504.833,195718.328125,3353840.0,315.57922,439.57056,402.97836,2074.149,0.67255175,1810.959,-0.04910774
7249,1135,2738.8096,3333.7092,204007.09375,3353892.0,217.80089,356.02115,208.68018,2367.463,0.8376153,1825.2416,-0.12694019
7250,1215,2744.1506,3840.7136,209077.140625,3353838.5,745.6724,893.68475,938.67,1926.4427,0.35140157,1833.9825,-0.010379992
7251,1169,2739.9915,5344.455,224114.546875,3353880.0,749.9213,936.60736,1042.5552,2018.1754,0.3275562,1859.9019,-0.035862744
7252,1082,2746.8892,2569.7236,196367.234375,3353811.0,270.18115,394.35858,342.73474,1946.1045,0.6980497,1812.0786,-0.016309189
7253,1243,2745.1328,2968.515,200355.15625,3353828.75,246.33708,366.33185,220.51367,2339.8032,0.8272257,1818.9504,-0.12233752
7254,1384,2750.021,3724.1995,207912.0,3353779.75,649.88947,818.2442,826.60767,2241.6357,0.48347053,1831.977,-0.09254739
7255,1415,2747.2913,3936.7292,210037.296875,3353807.0,761.04877,911.0247,981.5272,1822.6516,0.3107975,1835.6389,0.011920254
7256,1265,2746.566,2931.6475,199986.46875,3353814.25,258.41028,379.85455,247.80632,2282.705,0.80273926,1818.3158,-0.105451815
7257,1114,2747.2944,3241.3125,203083.125,3353807.0,229.65036,377.33975,229.16158,2153.1355,0.8059666,1823.6531,-0.07582333
7258,1339,2744.0583,5109.204,221762.03125,3353839.5,806.4339,973.19904,1040.5586,2033.9679,0.3310064,1855.8481,-0.038594205
7259,1254,2746.26,5308.8,223758.0,3353817.5,372.84888,498.29068,610.39435,1566.7947,0.43971303,1859.2899,0.08876147
7260,1058,2743.9763,5700.9194,227679.1875,3353840.25,213.18999,317.95367,232.49811,2128.4216,0.79908955,1866.0488,-0.049360648
7261,1359,2747.3303,3437.415,205044.15625,3353806.75,217.3109,345.9963,210.13982,2337.2786,0.83388454,1827.033,-0.11829443
7262,981,2744.946,4339.899,214068.984375,3353830.5,1039.2701,1211.318,1352.1855,1977.0194,0.19362426,1842.5873,-0.026333373
7263,1411,2749.1162,5034.352,221013.515625,3353788.75,820.7881,982.8933,1070.7516,1969.0656,0.3037526,1854.5599,-0.023505569
7264,1146,2745.9739,5476.307,225433.0625,3353820.25,304.22687,443.46335,427.64484,2070.1519,0.65463144,1862.1775,-0.047358084
7265,1201,2746.4104,4207.163,212741.625,3353816.0,787.66113,1006.8734,1107.0408,2262.1333,0.34469205,1840.2999,-0.08659577
7266,1253,2749.9202,2780.4622,198474.625,3353780.75,307.172,474.93457,405.63208,2171.9775,0.69944036,1815.7118,-0.07757964
7267,1345,2747.6328,3058.081,201250.8125,3353803.75,246.02156,373.97546,234.4119,2303.0676,0.8136297,1820.4952,-0.112239264
7268,1437,2751.2463,2843.4998,199105.0,3353767.5,439.3083,637.6437,645.7446,2146.2358,0.5994041,1816.7988,-0.07287347
7269,1109,2748.7449,4464.505,215315.046875,3353792.5,979.4698,1143.4716,1240.2795,1871.9404,0.20667316,1844.7368,0.000878235
7270,1162,2748.6135,3367.5361,204345.359375,3353793.75,216.4716,352.79044,211.32014,2394.1716,0.8369417,1825.8291,-0.13121387
7271,1128,2753.0469,4155.9966,212229.96875,3353749.5,800.0603,1033.0859,1088.3688,2218.874,0.3357424,1839.421,-0.08203214
7272,1128,2751.1816,5415.89,224828.90625,3353768.25,332.45657,467.13297,489.71365,1990.2916,0.6047777,1861.1382,-0.020884437
7273,1136,2752.5793,2679.3696,197463.6875,3353754.25,275.31778,411.1435,338.63995,2067.6672,0.7202442,1813.971,-0.054152347
7274,1428,2755.3171,2884.446,199514.46875,3353726.75,311.58682,477.7248,383.39917,2366.9993,0.73781574,1817.5065,-0.12200517
7275,1217,2755.788,4040.784,211077.84375,3353722.0,821.62616,1019.27936,1091.4946,2124.9597,0.32791463,1837.4364,-0.06293282
7276,1236,2756.3528,4078.2612,211452.609375,3353716.5,871.8867,1050.2185,1125.3091,1987.4652,0.28681895,1838.0826,-0.029008681
7277,1352,2756.0444,5143.7485,222107.484375,3353719.5,771.10724,943.79364,1016.1069,2013.5044,0.33913,1856.4489,-0.035695534
7278,1122,2757.0518,5508.0444,225750.4375,3353709.5,360.9296,517.7656,479.13013,2144.4028,0.6366518,1862.7294,-0.06348452
7279,1479,2759.3157,4767.473,218344.734375,3353686.75,920.4077,1094.2982,1195.1068,1921.6511,0.24637407,1849.964,-0.011107869
7280,1033,2755.8499,2743.9275,198109.28125,3353721.5,243.13649,392.5818,294.7367,2119.332,0.75582397,1815.0851,-0.069913715
7281,1255,2754.9092,3296.5051,203635.046875,3353731.0,260.94183,409.45737,287.7992,2297.6562,0.7807445,1824.6079,-0.106348835
7282,1485,2756.7258,4575.106,216421.0625,3353712.75,859.4862,1009.81415,1082.9353,1919.7101,0.2900391,1846.6469,-0.009539321
7283,1435,2761.2375,4805.0146,218720.15625,3353667.5,1013.5477,1197.3074,1317.8773,1979.1255,0.20779283,1850.6119,-0.027171468
7284,1207,2759.405,5195.0654,222620.65625,3353686.0,730.14166,911.15576,957.15826,2129.7712,0.38550588,1857.335,-0.060821716
7285,1006,2757.4036,4372.3013,214393.015625,3353706.0,1070.7714,1249.4215,1364.4762,1966.6104,0.18422714,1843.1514,-0.026233697
7286,1232,2758.4033,5581.0835,226480.84375,3353696.0,549.358,749.1875,621.32794,3115.168,0.6598312,1863.9891,-0.21909991
7287,1251,2760.589,4118.1694,211851.6875,3353674.0,730.0312,929.8545,1027.526,2082.613,0.3547351,1838.7725,-0.052549507
7288,1300,2762.774,4685.9556,217529.5625,3353652.25,723.8254,925.6873,1001.80695,2130.4385,0.3649613,1848.5603,-0.06021817
7289,1346,2763.4763,3469.523,205365.234375,3353645.25,261.1404,401.6549,279.2816,2415.5525,0.80658084,1827.5938,-0.13330711
7290,1593,2766.867,4726.6655,217936.65625,3353611.25,704.9752,907.8522,971.7674,2139.089,0.38913915,1849.2639,-0.06343328
7291,1218,2765.5073,3215.518,202825.1875,3353625.0,232.3317,368.97208,225.72496,2241.5715,0.8145141,1823.217,-0.09480417
7292,937,2760.4749,4287.2207,213542.203125,3353675.25,1007.73425,1181.6105,1291.3661,1865.2273,0.18433268,1841.6863,0.0017832579
7293,1122,2761.3477,4426.9717,214939.71875,3353666.5,1124.6239,1301.1488,1417.7006,2022.5775,0.17991745,1844.0955,-0.039398797
7294,1289,2762.99,5616.598,226835.984375,3353650.0,414.34833,564.64703,449.32352,2860.9458,0.7245115,1864.6034,-0.18333645
7295,1089,2761.4214,5667.7905,227347.90625,3353665.75,376.92654,504.2066,349.44446,2846.9744,0.77497154,1865.4852,-0.18078144
7296,1310,2765.036,4007.3184,210743.1875,3353629.75,833.88934,972.8359,1063.023,1794.8641,0.26794502,1836.8638,0.021804787
7297,1121,2760.2024,4243.182,213101.8125,3353678.0,954.2114,1103.0499,1239.4032,1595.2614,0.12607588,1840.927,0.07763801
7298,1252,2762.358,3098.2932,201652.9375,3353656.5,219.37819,342.08228,210.71486,2209.2085,0.82509583,1821.1952,-0.09285654
7299,1264,2761.4312,4534.4717,216014.71875,3353665.75,972.0633,1099.8256,1199.623,1618.9885,0.15331674,1845.9486,0.07126179
7300,1489,2766.1465,4994.63,220616.296875,3353618.5,833.1498,1006.29315,1097.1759,1961.9849,0.2917839,1853.8827,-0.022303471
7301,1242,2763.2964,5274.825,223418.25,3353647.0,1438.178,1692.6498,1910.103,2294.2773,0.11997679,1858.7117,-0.09812798
7302,1177,2763.706,5542.1104,226091.09375,3353643.0,452.18268,652.0289,564.2022,2809.8506,0.6617841,1863.3196,-0.17681699
7303,954,2760.5261,2713.8972,197808.96875,3353674.75,245.25786,384.23166,291.00732,2126.477,0.7592081,1814.5697,-0.07177095
7304,1449,2767.178,3871.0208,209380.203125,3353608.25,787.96344,940.0304,1017.73566,1870.9069,0.298429,1834.5155,0.0009165154
7305,1171,2764.328,3969.7285,210367.28125,3353636.75,631.1802,777.2169,842.0325,1717.1486,0.34562784,1836.2156,0.045454506
7306,997,2765.5837,2609.2979,196762.984375,3353624.25,263.01202,389.31595,324.38214,2015.9238,0.72102666,1812.7695,-0.03742038
7307,1121,2768.644,2991.5637,200585.640625,3353593.5,250.19179,373.6512,232.56021,2361.9482,0.8197979,1819.3588,-0.12550488
7308,982,2766.614,4318.3013,213853.015625,3353613.75,924.21387,1117.7404,1215.7709,2029.4205,0.25715333,1842.2247,-0.038186505
7309,1365,2767.4175,5065.4946,221324.9375,3353605.75,797.7033,971.7641,1046.5461,2009.7201,0.32370913,1855.1049,-0.03329993
7310,1273,2768.538,3178.7776,202457.78125,3353594.5,227.57188,351.61548,207.12804,2364.22,0.83630365,1822.5852,-0.12221464
7311,1253,2770.3672,3265.72,203327.203125,3353576.25,228.99402,367.99442,222.7917,2227.2114,0.81638277,1824.0845,-0.092844106
7312,1507,2771.0332,4867.7393,219347.390625,3353569.75,883.649,1053.9622,1138.077,1912.803,0.2601855,1851.6975,-0.010858465
7313,1268,2768.287,5237.7964,223047.96875,3353597.25,638.48975,837.8612,960.5221,2188.1711,0.40121853,1858.0754,-0.07838593
7314,1213,2770.6545,3029.3833,200963.828125,3353573.5,253.91838,383.17313,242.00494,2333.203,0.8099557,1820.0116,-0.116751984
7315,1135,2767.637,4495.326,215623.265625,3353603.75,929.9339,1120.8168,1209.7832,2038.118,0.2556313,1845.2766,-0.04091323
7316,982,2767.2495,5727.4707,227944.703125,3353607.5,225.00662,330.16904,295.50406,1953.8503,0.7367777,1866.5166,-0.015727397
7317,1424,2771.7036,2808.7578,198757.578125,3353563.0,230.06601,382.3167,290.09338,2103.5337,0.75734854,1816.2098,-0.06509514
7318,1225,2769.7412,5369.747,224367.46875,3353582.5,797.16693,977.97876,1097.4053,2142.681,0.34130198,1860.3508,-0.063503176
7319,1514,2773.957,4649.704,217167.03125,3353540.5,759.3778,952.84674,1024.4465,2124.091,0.35476896,1847.9404,-0.056911156
7320,1294,2771.7327,5448.3584,225153.59375,3353562.75,263.60123,406.36166,363.0819,2060.806,0.6973863,1861.7068,-0.04411053
7321,1317,2770.996,3403.18,204701.796875,3353570.0,217.15034,348.1492,208.42711,2415.2532,0.84034336,1826.4539,-0.13569587
7322,1357,2773.432,3784.0884,208510.875,3353545.75,704.02356,862.8674,899.03094,1957.7222,0.389318,1833.02,-0.02450761
7323,1104,2771.009,2529.4702,195964.703125,3353570.0,317.44836,457.5,420.76813,2102.2373,0.66569495,1811.3965,-0.055394124
7324,1162,2772.7996,2640.3167,197073.171875,3353552.0,293.18073,420.2797,381.73407,1916.5396,0.6715306,1813.3075,-0.007197579
7325,1182,2774.9941,2916.8901,199838.90625,3353530.0,248.76057,373.72418,255.12521,2214.7124,0.79218477,1818.075,-0.08873501
7326,1275,2773.3662,3824.742,208917.421875,3353546.25,829.41724,990.0212,1038.7898,1975.6235,0.3130681,1833.7207,-0.027340658
7327,1256,2777.1084,4182.063,212490.625,3353509.0,855.04456,1038.6313,1105.3416,2009.5931,0.28867754,1839.8812,-0.034767784
7328,1567,2776.4524,4946.5005,220135.0,3353515.5,752.1525,955.1359,992.6924,2241.824,0.38130742,1853.0576,-0.07859155
7329,1287,2772.5493,4611.017,216780.171875,3353554.5,789.378,942.37335,1033.5128,1967.312,0.3313651,1847.273,-0.024940902
7330,1157,2773.394,5334.1597,224011.59375,3353546.0,713.8712,904.1776,1058.4711,2037.0146,0.3233058,1859.7389,-0.039967615
7331,1086,2779.1362,5755.3813,228223.8125,3353488.75,200.23526,308.02347,249.17818,1956.2412,0.77408266,1867.0028,-0.019909075
7332,1251,2772.645,3332.4397,203994.40625,3353553.5,221.68585,360.2498,225.07755,2285.522,0.8198615,1825.2355,-0.10715931
7333,1381,2777.2317,3140.7112,202077.109375,3353507.75,229.4971,348.89935,207.38089,2340.6206,0.83527756,1821.9332,-0.11913147
7334,1339,2779.419,5099.631,221666.3125,3353485.75,730.0601,911.0612,987.6673,2028.3506,0.34948748,1855.6986,-0.03741948
7335,952,2776.1282,5693.811,227608.109375,3353518.75,379.29095,506.03677,364.91492,2799.1272,0.76494473,1865.9401,-0.18032628
7336,1107,2778.6956,4394.6357,214616.359375,3353493.0,1076.7101,1245.2086,1360.7155,1961.8862,0.18623549,1843.5459,-0.024604801
7337,1725,2785.3953,4904.3584,219713.59375,3353426.0,819.2377,1009.389,1093.5125,2079.4065,0.31600013,1852.3352,-0.047883715
7338,1449,2780.5334,3905.388,209723.875,3353474.75,652.0421,808.67285,847.47687,1988.4955,0.41381365,1835.114,-0.03298421
7339,1479,2784.6714,4833.5464,219005.46875,3353433.25,951.85364,1147.8506,1256.7485,2037.6876,0.24529698,1851.1141,-0.04199196
7340,1281,2784.5073,5171.2007,222382.0,3353435.0,724.4048,900.3103,966.28766,2068.9285,0.3677778,1856.9346,-0.04683845
7341,1442,2784.5256,2955.05,200220.5,3353434.75,252.58322,374.19833,235.50069,2276.5403,0.81129897,1818.737,-0.10477897
7342,1522,2782.9941,3740.08,208070.796875,3353450.0,698.4836,868.81995,881.79895,2197.0427,0.44442248,1832.266,-0.08270478
7343,1058,2780.3035,4213.799,212807.984375,3353477.0,733.0246,924.4697,1026.3214,2009.9915,0.32032922,1840.4297,-0.028773505
7344,1032,2779.6792,4348.5728,214155.71875,3353483.25,1062.4941,1232.061,1355.9429,1866.1725,0.16083509,1842.7524,8.8206536e-05
7345,1260,2781.5874,5407.655,224746.546875,3353464.0,386.87143,542.11426,538.05237,2093.5405,0.5912436,1861.0094,-0.04942368
7346,963,2782.599,4267.2036,213342.03125,3353454.0,969.892,1142.9387,1260.8173,1981.7072,0.21386029,1841.3512,-0.022472797
7347,1169,2781.6406,5484.639,225516.390625,3353463.5,326.7887,481.66895,429.00256,2193.4097,0.6727623,1862.3365,-0.07734019
7348,1196,2783.5586,2761.2258,198282.25,3353444.5,258.9632,399.75168,308.82776,2213.622,0.7543259,1815.3964,-0.09037475
7349,1295,2783.834,3068.654,201356.546875,3353441.75,230.07413,362.50348,223.63397,2257.0642,0.8192951,1820.6946,-0.10333696
7350,1071,2780.391,4458.605,215256.046875,3353476.0,982.8095,1163.1279,1278.1578,1951.534,0.21450411,1844.6493,-0.019556992
7351,896,2782.5403,2693.5356,197605.359375,3353454.5,281.75336,413.65848,349.81027,2063.0325,0.7052912,1814.2294,-0.039412178
7352,1296,2786.7368,5643.6406,227106.40625,3353412.75,288.6439,401.9267,306.97455,2413.0872,0.77017266,1865.0798,-0.106480554
7353,1164,2781.9243,3368.9648,204359.65625,3353460.75,215.98196,351.07086,207.69545,2421.3445,0.8410861,1825.8693,-0.13722266
7354,1186,2785.931,4145.2207,212122.203125,3353420.75,859.543,1027.8448,1136.4283,1996.3524,0.275081,1839.2502,-0.028987879
7355,1231,2787.2883,5300.929,223679.296875,3353407.0,1053.87,1270.6162,1450.238,2085.0276,0.22982404,1859.1721,-0.04832935
7356,1317,2788.1677,3943.394,210103.9375,3353398.25,563.85803,717.4973,768.9385,2123.5786,0.490095,1835.7726,-0.061743416
7357,1290,2788.0178,4057.589,211245.890625,3353399.75,735.35504,915.8155,958.4977,2036.2721,0.35653916,1837.7407,-0.036625583
7358,1212,2787.7063,4097.706,211647.0625,3353403.0,863.2698,1028.8077,1126.4324,1964.712,0.27923962,1838.432,-0.021546183
7359,1157,2788.994,5214.0103,222810.09375,3353390.0,630.59985,817.1841,877.30334,2140.0588,0.42571503,1857.6746,-0.06482215
7360,989,2789.5742,2665.7239,197327.234375,3353384.25,248.93225,372.97372,306.2093,2004.9202,0.7322637,1813.7534,-0.031840585
7361,1464,2789.9304,2852.3381,199193.375,3353380.75,449.16394,655.1004,644.5608,2313.62,0.6118019,1816.9695,-0.11107562
7362,1443,2789.4143,3433.896,205008.96875,3353385.75,217.24637,346.38324,200.65211,2436.789,0.84697866,1826.9918,-0.13986945
7363,1570,2791.403,5027.3433,220943.4375,3353366.0,815.10254,988.6328,1057.7411,2002.4764,0.3165356,1854.4578,-0.031915832
7364,1235,2792.2324,4557.9336,216249.34375,3353357.75,873.28094,1012.51013,1094.726,1953.9315,0.29856905,1846.3668,-0.02032702
7365,1229,2791.2808,5132.847,221998.46875,3353367.25,728.72943,902.9919,980.28033,2029.9423,0.3549995,1856.2764,-0.03978019
7366,1203,2792.0066,5560.502,226275.015625,3353360.0,431.0906,602.9892,503.86368,2767.9634,0.68511206,1863.6488,-0.17047335
7367,1339,2793.5288,3304.2913,203712.90625,3353344.75,214.92345,353.20312,212.40515,2293.6453,0.82889014,1824.7601,-0.10766565
7368,1097,2792.5269,2726.062,197930.625,3353354.75,274.4722,407.8578,339.57428,2119.6436,0.72220206,1814.7947,-0.057803668
7369,1304,2798.1182,3236.809,203038.09375,3353298.75,245.35315,382.24615,232.0556,2323.051,0.8165278,1823.5992,-0.11344675
7370,1233,2793.7048,5594.827,226618.28125,3353343.0,327.87915,453.43796,366.37793,2611.6252,0.7504496,1864.2413,-0.13384908
7371,1400,2795.6343,4754.3887,218213.890625,3353323.75,694.6211,881.5639,917.31287,2082.5913,0.39228252,1849.7546,-0.048241906
7372,1226,2793.986,2886.7544,199537.546875,3353340.25,229.14763,369.1713,248.94373,2259.823,0.8005487,1817.5646,-0.10312905
7373,1059,2793.4758,4301.445,213684.453125,3353345.25,859.3333,1052.6166,1102.797,2153.1511,0.31797642,1841.9463,-0.06388479
7374,1100,2794.4556,4523.2427,215902.421875,3353335.5,883.2409,1048.1873,1163.9209,1729.159,0.19971189,1845.7698,0.04113482
7375,1380,2797.3638,5520.322,225873.21875,3353306.25,613.2812,831.23914,770.06665,2801.8972,0.5599347,1862.9585,-0.16888113
7376,1318,2796.8892,3107.9568,201749.5625,3353311.0,229.30386,345.75644,211.71548,2250.902,0.82533485,1821.378,-0.09731788
7377,1223,2796.1326,3984.9175,210519.171875,3353318.75,951.79474,1088.1782,1209.7719,1732.8143,0.18498737,1836.4918,0.041953575
7378,1318,2800.185,3852.0022,209190.03125,3353278.25,998.9651,1156.6456,1245.4628,1972.4977,0.2269584,1834.2029,-0.025015233
7379,1409,2797.1172,4694.0894,217610.890625,3353308.75,836.9468,1045.9386,1103.055,2181.5354,0.33061787,1848.7158,-0.0720473
7380,1265,2800.3699,4022.4285,210894.28125,3353276.25,1015.68695,1168.932,1290.4048,1838.3723,0.18198168,1837.1404,0.009412889
7381,1227,2801.7961,4589.721,216567.21875,3353262.0,797.3508,966.3855,1055.2017,2014.2412,0.32836303,1846.919,-0.036239512
7382,1056,2799.7017,4237.886,213048.859375,3353283.0,790.2519,1006.9205,1122.4479,2167.3342,0.30282012,1840.8536,-0.06361961
7383,1053,2795.66,4427.984,214949.84375,3353323.5,1040.9763,1211.8405,1342.2517,1890.6628,0.17280018,1844.1284,-0.0046183816
7384,1619,2802.8796,4792.345,218593.453125,3353251.25,875.61304,1054.9116,1143.1158,1935.0186,0.26856554,1850.4121,-0.011700456
7385,1620,2802.5698,4984.0376,220510.375,3353254.25,769.8037,957.01697,1050.4305,2007.6904,0.3196398,1853.7162,-0.03374487
7386,1331,2799.9233,5263.3887,223303.890625,3353280.75,1015.9219,1240.828,1404.1653,2222.139,0.2565769,1858.5305,-0.08579585
7387,966,2798.092,5714.1294,227811.296875,3353299.0,226.09525,322.96274,272.79916,1986.5083,0.7570797,1866.2998,-0.022235425
7388,1227,2801.3904,3203.5403,202705.40625,3353266.0,223.41606,345.29178,194.91728,2392.1606,0.84896404,1823.0275,-0.13283834
7389,1378,2799.3274,3470.8425,205378.421875,3353286.75,222.94049,353.14984,216.61937,2363.4097,0.8325786,1827.6332,-0.12503202
7390,1301,2806.4397,2780.0293,198470.296875,3353215.5,260.25903,395.95966,322.206,2069.2368,0.7309486,1815.7312,-0.04897548
7391,1079,2805.1584,4368.797,214357.96875,3353228.5,1012.4365,1189.202,1294.0333,1892.4987,0.19153868,1843.1125,-0.0066768015
7392,989,2798.8706,4490.439,215574.390625,3353291.25,890.4813,1084.7665,1200.4924,1931.4146,0.23454866,1845.2063,-0.010531481
7393,1251,2805.2878,2819.734,198867.34375,3353227.0,269.56076,412.01758,327.09552,2124.414,0.7320362,1816.4149,-0.06223462
7394,1274,2800.1484,2993.0535,200600.53125,3353278.5,261.97488,397.30377,254.18916,2354.438,0.8045333,1819.3994,-0.12404092
7395,1167,2803.8174,3169.0188,202360.1875,3353241.75,223.80891,340.3779,194.77206,2425.21,0.8503158,1822.4336,-0.13757546
7396,1247,2802.822,5375.356,224423.5625,3353251.75,709.01843,875.3196,954.28467,2019.7883,0.36450082,1860.4619,-0.036963917
7397,1220,2806.3975,5678.028,227450.28125,3353216.0,228.0,329.7377,274.43115,1975.327,0.75377655,1865.681,-0.017613385
7398,1333,2804.4517,2611.9543,196789.546875,3353235.5,290.86423,421.38034,370.08252,2055.3706,0.69313914,1812.8339,-0.043741833
7399,1263,2803.0024,3033.977,201009.765625,3353250.0,236.64925,353.2114,218.02612,2263.7861,0.8235471,1820.106,-0.104152195
7400,1288,2806.1863,3772.3323,208393.328125,3353218.25,638.3882,790.9263,806.9247,2075.91,0.45167452,1832.8325,-0.04754518
7401,1264,2805.363,3812.3828,208793.828125,3353226.25,459.58624,628.5625,579.69543,2187.784,0.60522634,1833.5223,-0.0776906
7402,1267,2807.4563,4625.425,216924.25,3353205.5,746.0296,910.12665,964.8378,1925.3607,0.3475693,1847.5369,-0.011625657
7403,1162,2805.2546,3269.6953,203366.953125,3353227.5,221.43846,357.3963,215.06412,2250.4592,0.82387614,1824.1693,-0.09837316
7404,1100,2808.6355,4332.5747,213995.75,3353193.75,979.13635,1146.58,1257.2964,1915.9009,0.21002218,1842.4897,-0.012088688
7405,1469,2805.7046,5065.73,221327.296875,3353223.0,795.7876,979.486,1063.4766,2054.7693,0.3226392,1855.1257,-0.044229936
7406,1266,2808.8032,3350.139,204171.390625,3353192.0,216.29503,355.22394,213.64258,2351.0027,0.83241016,1825.5574,-0.122233145
7407,1313,2807.441,5445.0474,225120.46875,3353205.5,308.5735,461.78903,389.17365,2139.2002,0.69212127,1861.6653,-0.06453402
7408,1538,2812.5774,3393.2693,204602.6875,3353154.25,213.28284,344.24545,204.65735,2386.506,0.84130514,1826.3025,-0.13043343
7409,1266,2807.293,5334.4487,224014.484375,3353207.0,593.03595,750.53754,866.28516,1872.735,0.38619244,1859.7587,0.003184739
7410,969,2810.6326,5739.428,228064.28125,3353173.75,256.2998,369.7869,284.7606,2387.8452,0.78368276,1866.7413,-0.108721696
7411,1293,2809.9312,2922.808,199898.078125,3353180.75,243.93271,364.2653,260.9188,2121.1816,0.7805111,1818.1935,-0.06751091
7412,1294,2814.1282,4126.602,211936.015625,3353138.75,877.2774,1040.0232,1132.8424,1973.4258,0.28204262,1838.9421,-0.028035372
7413,1368,2815.0044,4661.812,217288.125,3353130.0,811.5369,1016.94336,1081.2183,2199.561,0.34805363,1848.1675,-0.07739235
7414,1430,2817.1482,3882.2573,209492.578125,3353108.5,923.9832,1058.8391,1145.1364,1771.4287,0.21596307,1834.732,0.026219312
7415,1240,2817.112,5618.9224,226859.21875,3353109.0,234.44113,339.0024,287.79193,2000.1266,0.7467742,1864.6667,-0.018763436
7416,1043,2814.3364,5769.9204,228369.203125,3353136.75,264.81735,382.83414,301.49808,2283.5188,0.76481473,1867.2686,-0.083449915
7417,1161,2813.266,2646.9966,197139.96875,3353147.25,271.55728,396.56503,336.61154,2022.6959,0.71259254,1813.442,-0.036622465
7418,1294,2814.6143,4167.8716,212348.71875,3353133.75,964.2728,1124.429,1229.2365,1860.8826,0.20926142,1839.6537,0.0023635454
7419,1450,2817.78,4725.09,217920.90625,3353102.25,781.1569,974.57794,1033.1827,2130.9414,0.3493406,1849.2594,-0.061129596
7420,943,2811.5144,4400.5854,214675.859375,3353164.75,1041.545,1215.6086,1335.7751,1920.2672,0.18207894,1843.6633,-0.013656608
7421,1727,2816.6594,4867.6,219346.0,3353113.5,778.7267,962.443,1008.66473,2088.075,0.35600784,1851.7153,-0.04986873
7422,1190,2815.4949,5194.303,222613.03125,3353125.0,762.4706,930.3588,990.0198,2001.4205,0.3466321,1857.3464,-0.030414697
7423,1599,2815.2002,4942.595,220095.953125,3353128.0,838.8549,1016.70734,1093.1045,2076.569,0.31258452,1853.0074,-0.048595663
7424,1293,2816.8167,3921.1802,209881.796875,3353111.75,692.68677,869.406,966.88165,2091.929,0.37926185,1835.4028,-0.057826582
7425,1325,2817.1855,4204.1787,212711.78125,3353108.25,781.3887,997.17584,1070.4619,2200.35,0.3403161,1840.2805,-0.07492681
7426,1238,2819.643,5234.39,223013.90625,3353083.5,587.64294,765.8126,838.9838,2088.7278,0.4313114,1858.0392,-0.051875174
7427,1213,2813.6042,5481.9355,225489.359375,3353144.0,485.98764,649.6834,622.892,2219.3735,0.5558571,1862.3038,-0.06924026
7428,1045,2813.137,4460.0815,215270.8125,3353148.75,847.11194,1033.7886,1085.509,2031.6296,0.3091939,1844.6895,-0.037134398
7429,1196,2817.6304,5155.196,222221.953125,3353103.75,669.9519,849.023,898.3307,2047.196,0.39461854,1856.6732,-0.04373178
7430,1152,2815.8723,5413.213,224802.125,3353121.25,563.6406,716.365,801.56335,1945.4631,0.42537323,1861.1201,-0.015047928
7431,1126,2814.096,2694.1519,197611.515625,3353139.0,254.88365,376.38544,298.35257,2094.1687,0.7484625,1814.255,-0.05718224
7432,1012,2813.682,4269.4863,213364.859375,3353143.25,856.9328,1070.5,1143.3429,2110.6343,0.28972456,1841.4047,-0.054431986
7433,1446,2819.0566,5106.8657,221738.65625,3353089.5,743.212,929.5961,994.80426,2003.0515,0.3420383,1855.8407,-0.031411853
7434,1332,2821.0256,3141.9956,202089.953125,3353069.75,224.5045,342.99173,203.25601,2362.1667,0.8406217,1821.976,-0.12564729
7435,1243,2819.2825,4087.1055,211541.0625,3353087.25,841.3315,991.78357,1087.3854,1832.6412,0.25564435,1838.2637,0.01260914
7436,1303,2819.7336,3071.508,201385.078125,3353082.75,225.18266,344.03455,211.03531,2229.212,0.8263404,1820.7606,-0.09600012
7437,1285,2823.5781,3962.4297,210294.296875,3353044.25,1039.4093,1162.5992,1268.5361,1857.1665,0.20331858,1836.1168,0.0108286645
7438,1264,2822.16,2735.837,198028.375,3353058.5,243.49367,377.69302,292.45886,2121.965,0.75627863,1814.9772,-0.061846737
7439,1459,2823.135,4826.9165,218939.15625,3353048.75,857.2786,1046.2598,1102.8722,2061.1262,0.3064644,1851.017,-0.045118585
7440,1166,2826.7512,3324.6184,203916.1875,3353012.5,214.15523,341.34863,197.22899,2401.8298,0.8468366,1825.126,-0.13184223
7441,1227,2823.6104,4048.625,211156.25,3353044.0,942.30237,1084.6251,1190.3937,1782.1516,0.20440584,1837.6024,0.02650694
7442,1280,2823.0571,5297.63,223646.296875,3353049.5,1725.657,2014.1555,2261.6594,2516.9575,0.054685723,1859.1309,-0.14887281
7443,1289,2824.6338,5549.2305,226162.3125,3353033.75,280.3941,397.95346,336.39566,2063.744,0.72257197,1863.4686,-0.038673244
7444,1446,2826.1736,2958.325,200253.25,3353018.25,254.81882,371.1134,267.55396,2049.7449,0.7680188,1818.8132,-0.050088063
7445,1141,2825.0867,5650.5107,227175.109375,3353029.25,270.9781,385.68536,344.8072,2104.5452,0.71937746,1865.2147,-0.045788895
7446,1118,2826.001,4534.2476,216012.46875,3353020.0,952.79517,1080.3524,1167.1807,1784.3212,0.2144811,1845.9736,0.025631335
7447,1486,2828.7827,3430.0134,204970.125,3352992.25,220.88022,349.7907,209.57402,2434.0906,0.8405924,1826.9432,-0.13852836
7448,1568,2829.5344,4904.5483,219715.484375,3352984.75,625.53314,819.4611,812.22577,2234.1191,0.47290143,1852.3579,-0.08212084
7449,1432,2828.5342,2882.4763,199494.765625,3352994.75,312.7926,478.1222,418.13058,2146.7864,0.70386475,1817.5072,-0.07189395
7450,1257,2830.288,4001.12,210681.203125,3352977.0,809.06683,957.2729,1028.6635,1863.257,0.30210117,1836.7867,0.0032901352
7451,1024,2826.9805,4299.9023,213669.03125,3353010.25,803.9512,1029.1035,1109.1455,2163.539,0.32165802,1841.9349,-0.073062174
7452,1249,2833.6484,3291.5356,203585.359375,3352943.5,212.04724,339.78104,198.65652,2244.8975,0.8354848,1824.5591,-0.095880724
7453,1067,2828.282,4498.4253,215654.25,3352997.25,812.4967,990.4311,1080.7966,1878.0421,0.27469924,1845.3572,-0.00032970408
7454,1177,2831.5786,4567.0146,216340.15625,3352964.25,740.6372,932.7009,1025.9915,2073.3748,0.3537661,1846.5409,-0.052570373
7455,1716,2831.358,5024.019,220910.1875,3352966.5,684.4764,863.6524,913.9793,2042.9065,0.3932226,1854.4181,-0.04150826
7456,1385,2832.5828,5585.739,226527.390625,3352954.25,250.65956,357.2314,337.47076,1927.6346,0.70414895,1864.1014,-0.002113584
7457,1444,2834.6199,2841.4287,199084.28125,3352933.75,271.48166,418.51074,329.4581,2173.4336,0.7348861,1816.8027,-0.071233734
7458,1080,2832.1584,5356.7085,224237.09375,3352958.5,570.20233,738.0236,868.9028,1890.9648,0.38427684,1860.1532,-0.0038365857
7459,1221,2831.9124,5705.2236,227722.234375,3352961.0,269.8706,379.93448,373.15808,1932.4922,0.6794176,1866.1609,-0.011984532
7460,1243,2835.2454,2797.5012,198645.015625,3352927.5,266.59653,398.35278,317.3399,2074.6099,0.7318222,1816.046,-0.047002062
7461,1214,2831.9292,2998.1294,200651.296875,3352960.75,267.96417,389.41434,251.84267,2295.2415,0.8007539,1819.5018,-0.107618175
7462,1212,2832.3547,3104.68,201716.796875,3352956.5,223.65388,334.776,205.98433,2193.609,0.8273694,1821.3383,-0.08724518
7463,1136,2831.8828,4428.2656,214952.65625,3352961.25,950.85474,1134.1892,1214.6823,2074.029,0.26289058,1844.1495,-0.04722376
7464,1582,2836.761,4764.279,218312.78125,3352912.5,741.84735,911.68774,922.5702,2146.6553,0.41865122,1849.9434,-0.06531091
7465,1376,2836.497,3839.0051,209060.046875,3352915.0,595.19183,744.37866,731.68097,2208.6162,0.5327252,1833.9955,-0.084291
7466,1426,2836.9587,5511.275,225782.75,3352910.5,354.09818,502.15286,423.15707,2390.7075,0.7027703,1862.8197,-0.095752895
7467,1280,2836.1648,3187.0852,202540.84375,3352918.25,215.475,326.3133,190.33672,2322.278,0.84765494,1822.7601,-0.11692796
7468,1424,2836.2246,3466.076,205330.75,3352917.75,311.76123,471.829,376.5074,2465.1553,0.78031933,1827.5682,-0.14482997
7469,1352,2839.8018,3222.1567,202891.5625,3352882.0,217.41235,340.10428,196.78032,2244.04,0.8366605,1823.3662,-0.09660445
7470,1205,2836.8516,3800.6956,208676.953125,3352911.5,245.44316,391.5668,268.97678,2336.5344,0.8011523,1833.3354,-0.1117946
7471,1156,2834.339,4238.4946,213054.9375,3352936.5,844.7898,1050.4576,1162.3339,2046.1471,0.27399763,1840.8798,-0.038315337
7472,1315,2840.4282,3254.8813,203218.8125,3352875.75,218.61064,347.94336,205.69582,2253.395,0.8318788,1823.9305,-0.10072053
7473,1048,2837.3894,4356.845,214238.453125,3352906.0,539.353,724.521,723.27,2229.7205,0.52673644,1842.921,-0.08725831
7474,1161,2839.8071,5390.2197,224572.1875,3352882.0,621.0,791.42896,875.8157,2039.0358,0.4038214,1860.7341,-0.03974431
7475,1235,2836.978,3033.1514,201001.515625,3352910.25,247.43643,362.3158,226.53725,2300.893,0.81970525,1820.1078,-0.111058466
7476,1246,2840.0457,4600.8516,216678.515625,3352879.5,799.19745,1016.82623,1141.9017,2080.2861,0.2970171,1847.1279,-0.053532876
7477,1448,2840.464,4691.3433,217583.4375,3352875.25,924.9679,1111.6337,1200.1865,2100.631,0.27936926,1848.6879,-0.055657953
7478,1253,2840.2156,5265.933,223329.328125,3352877.75,850.1915,1058.7478,1232.257,2095.5408,0.28988555,1858.5919,-0.05589747
7479,1286,2844.203,2757.133,198241.328125,3352838.0,258.16718,394.63687,305.47046,2129.0046,0.7456381,1815.3546,-0.06455501
7480,992,2839.2922,4389.7075,214567.078125,3352887.0,922.8881,1096.7661,1185.7853,1979.378,0.25189465,1843.4883,-0.026459124
7481,1673,2842.4338,4980.011,220470.109375,3352855.75,803.4133,980.6916,1045.5723,2029.3096,0.322127,1853.6644,-0.036047366
7482,1483,2845.4263,3365.1746,204321.75,3352825.75,216.02394,336.2104,196.18544,2423.9648,0.84940785,1825.8336,-0.13738297
7483,1182,2842.2444,4636.8096,217038.09375,3352857.5,846.434,1043.53,1143.8842,2169.8186,0.31876385,1847.7487,-0.06787868
7484,1363,2843.347,5464.0815,225310.8125,3352846.5,480.61005,647.4024,601.11444,2358.4443,0.5858529,1862.0089,-0.09452138
7485,1215,2842.725,3764.3235,208313.234375,3352852.75,211.6074,349.71893,213.29877,2407.7485,0.83510834,1832.7113,-0.12755229
7486,1413,2841.2407,5068.0635,221350.625,3352867.5,748.36096,929.8195,1018.64966,1946.3737,0.321081,1855.1816,-0.019162841
7487,967,2842.691,4325.793,213927.9375,3352853.0,506.8025,688.31647,646.47363,2243.4302,0.5648002,1842.3882,-0.08889104
7488,1256,2846.476,5139.333,222063.328125,3352815.25,814.6684,980.3356,1030.7365,2017.4016,0.33164704,1856.4124,-0.032385092
7489,1173,2844.457,5781.59,228485.90625,3352835.5,255.59932,377.94843,307.99615,2305.2217,0.7637725,1867.4827,-0.09305211
7490,1314,2848.109,4147.471,212144.71875,3352799.0,866.2534,1025.0244,1098.0228,1857.096,0.27545598,1839.3173,0.0071680704
7491,1168,2846.9385,5178.5093,222455.09375,3352810.5,688.4919,863.27014,902.3523,2061.7341,0.39688075,1857.0879,-0.045076214
7492,1255,2848.7131,5324.516,223915.15625,3352792.75,1143.0526,1380.0753,1549.7936,2216.7646,0.22593783,1859.6055,-0.08237328
7493,1120,2842.1848,5741.7207,228087.203125,3352858.25,245.32903,349.5942,305.00714,2024.0259,0.7360873,1866.7944,-0.032302905
7494,1328,2844.2974,2921.598,199885.984375,3352837.0,248.91077,386.8829,283.72516,2088.2612,0.76422113,1818.1888,-0.05828113
7495,1260,2848.335,4110.779,211777.78125,3352796.75,962.0952,1113.7651,1208.8579,1893.8381,0.2319634,1838.6849,-0.0064529404
7496,1015,2843.3765,4463.868,215308.6875,3352846.25,790.5281,1007.15466,1038.5912,2195.5586,0.34933034,1844.7683,-0.068231046
7497,1610,2852.5981,4801.3394,218683.390625,3352754.0,494.47794,635.1742,616.2509,1962.0,0.5403071,1850.5892,-0.021226035
7498,1112,2847.0332,5214.456,222814.5625,3352809.75,656.7401,839.6857,898.049,1979.1061,0.385706,1857.7075,-0.026419552
7499,1192,2849.1292,3906.7266,209737.265625,3352788.75,923.21893,1075.6603,1162.6569,1876.7593,0.24383652,1835.1685,-0.0014290531
7500,1216,2850.611,3942.8389,210098.390625,3352774.0,908.06537,1042.6394,1117.0222,1750.3134,0.23438068,1835.7915,0.037891805
7501,1303,2850.0552,4184.426,212514.25,3352779.5,814.20874,983.1512,1047.4858,2033.3269,0.32963055,1839.9551,-0.038268287
7502,1384,2851.7927,5426.259,224932.59375,3352762.0,412.9812,541.58453,583.0036,1805.2102,0.51676744,1861.3606,0.026290402
7503,1365,2851.9539,5671.9844,227389.84375,3352760.5,270.16336,384.3751,357.39047,2046.0168,0.7040027,1865.5964,-0.03900219
7504,1048,2846.33,4271.299,213382.984375,3352816.75,929.85974,1150.794,1289.6937,2043.2882,0.2300429,1841.4507,-0.044687368
7505,1391,2855.7312,4027.264,210942.640625,3352722.75,918.2308,1079.0359,1200.9863,1857.803,0.22906654,1837.2489,0.007239779
7506,1208,2851.1704,4068.7607,211357.609375,3352768.25,876.71027,1042.894,1169.2045,1876.4545,0.23868594,1837.962,0.009672987
7507,1464,2855.9304,3401.3845,204683.84375,3352720.75,220.2746,339.46176,196.92691,2448.9727,0.8502175,1826.4625,-0.14204839
7508,1312,2856.026,3870.8972,209378.96875,3352719.75,719.87427,842.33844,866.66235,1996.6365,0.41900557,1834.5541,-0.028332273
7509,1740,2858.7,4846.9033,219139.03125,3352693.0,839.6963,998.21234,1096.1293,1869.0615,0.2676675,1851.3772,0.004474195
7510,1210,2854.8652,3063.0571,201300.5625,3352731.25,236.82272,346.71405,211.2971,2227.881,0.82614225,1820.6316,-0.09536501
7511,1662,2856.6702,4938.3706,220053.703125,3352713.25,849.3406,1037.2196,1076.9001,2163.4688,0.33803892,1852.9529,-0.06830964
7512,1155,2855.257,3131.9844,201989.84375,3352727.5,236.76364,347.61557,222.9026,2167.629,0.81284034,1821.8196,-0.084715694
7513,1542,2857.823,5629.265,226962.65625,3352701.75,256.96564,371.3823,317.44067,2149.6267,0.74187773,1864.8625,-0.052547198
7514,1340,2862.235,3165.7366,202327.359375,3352657.75,223.38432,336.85895,203.88321,2267.112,0.83384216,1822.4045,-0.10472012
7515,1508,2858.5955,4729.304,217963.046875,3352694.0,984.3322,1151.9158,1232.7281,2062.5854,0.25970984,1849.3502,-0.047848143
7516,1237,2855.6184,5103.0786,221700.78125,3352723.75,721.1722,892.0687,950.7639,1923.6807,0.34991473,1855.7915,-0.0120027475
7517,1264,2860.6409,4220.6875,212876.875,3352673.5,868.9691,1018.6282,1107.0214,1885.5981,0.26280484,1840.5848,-0.0022003895
7518,1214,2860.6228,2973.8699,200408.703125,3352673.75,276.04984,395.28708,285.79697,2117.593,0.76113826,1819.0974,-0.065845
7519,1034,2857.4604,4524.858,215918.578125,3352705.5,777.45166,920.41876,1004.69055,1793.7833,0.28892007,1845.8259,0.023927765
7520,1250,2860.4,2867.72,199347.203125,3352676.0,289.7948,430.35,331.5764,2287.9548,0.74760914,1817.2681,-0.100760296
7521,1386,2861.8457,3984.7842,210517.84375,3352661.5,684.35425,863.03827,916.943,2098.8276,0.40460503,1836.5195,-0.053744517
7522,1263,2865.2446,4661.447,217284.46875,3352627.5,876.32623,1069.5748,1174.342,2151.2598,0.2939714,1848.1836,-0.06570906
7523,1538,2861.052,5545.5215,226125.21875,3352669.5,339.00098,475.605,399.1531,2291.7146,0.7029419,1863.4204,-0.07498537
7524,872,2858.2144,4493.4014,215604.015625,3352697.75,839.16284,1014.5608,1117.4484,1904.4243,0.26635432,1845.284,-0.0023469627
7525,1759,2866.5686,4889.1772,219561.78125,3352614.25,767.1609,938.0563,1002.4537,1956.3673,0.33996382,1852.1094,-0.019723143
7526,1213,2865.4072,2814.2876,198812.875,3352626.0,264.51443,392.425,310.16446,2061.8652,0.7369178,1816.3496,-0.049147613
7527,1181,2865.4546,5242.789,223097.890625,3352625.5,506.03302,696.97034,745.9373,2107.0635,0.47862178,1858.204,-0.0578437
7528,1341,2860.5415,3324.9514,203919.515625,3352674.5,213.88217,339.09695,195.41238,2403.9666,0.849003,1825.1475,-0.13386773
7529,1010,2864.2288,4405.765,214727.65625,3352637.75,1026.2,1221.3317,1342.0337,2118.9426,0.22918658,1843.7762,-0.06264925
7530,1263,2864.353,5294.4297,223614.296875,3352636.5,1695.9359,1974.4229,2194.8164,2420.3286,0.05167538,1859.0936,-0.13048041
7531,1082,2864.304,4557.587,216245.875,3352637.0,834.3346,1006.5933,1101.0342,2043.744,0.31530046,1846.3931,-0.044420023
7532,1292,2868.144,3096.6719,201636.71875,3352598.5,247.23181,354.23413,220.48955,2208.1843,0.81778544,1821.217,-0.09230954
7533,1010,2864.618,4438.999,215060.0,3352633.75,822.82874,1043.8892,1094.1693,2275.4336,0.3418253,1844.3492,-0.08885035
7534,1190,2867.137,4299.8506,213668.5,3352608.75,604.1361,818.10754,881.021,2377.0361,0.4862637,1841.9521,-0.1199474
7535,1415,2870.4607,5046.2827,221132.828125,3352575.5,693.2431,873.224,934.7357,2043.4788,0.3788371,1854.8191,-0.040775992
7536,1483,2870.2346,5494.575,225615.75,3352577.75,361.2431,512.6062,418.48886,2371.383,0.69914,1862.5461,-0.089890376
7537,1154,2869.013,2779.818,198468.1875,3352589.75,245.11699,370.1603,293.69498,1981.519,0.7391076,1815.7573,-0.02987655
7538,1220,2868.9214,3006.5525,200735.53125,3352590.75,262.7787,374.25534,255.37663,2154.7747,0.7869114,1819.6644,-0.07545339
7539,1146,2870.6833,3749.5803,208165.8125,3352573.25,202.31195,336.1575,195.10252,2516.3364,0.85552835,1832.4701,-0.15497385
7540,1519,2872.3167,5008.8413,220758.40625,3352556.75,697.2015,890.0777,975.6267,1986.7476,0.34874743,1854.1746,-0.027963892
7541,1410,2866.9304,5589.1816,226561.8125,3352610.75,362.38937,484.13864,432.81915,2291.9905,0.67416525,1864.1755,-0.07732796
7542,1316,2867.528,5709.8794,227768.796875,3352604.75,252.57372,364.95062,313.94073,2084.3086,0.7368519,1866.2563,-0.0460097
7543,1469,2870.6685,3281.3057,203483.0625,3352573.25,217.36215,343.70523,206.83084,2203.436,0.82704073,1824.4,-0.08842137
7544,1316,2870.7812,3474.7676,205417.671875,3352572.25,273.73138,416.1197,304.37424,2432.3005,0.8015496,1827.734,-0.13842517
7545,1072,2865.6848,5356.4946,224234.9375,3352623.25,385.7085,540.59235,616.6478,1758.855,0.48296383,1860.1641,0.031840388
7546,1354,2874.3662,2903.147,199701.46875,3352536.25,273.6935,415.73337,321.9675,2168.1584,0.74199426,1817.8851,-0.07281863
7547,1329,2875.207,2944.2686,200112.6875,3352528.0,250.20053,371.58728,273.85364,2006.9333,0.7598593,1818.5941,-0.04150449
7548,1051,2868.8972,4369.2417,214362.421875,3352591.0,834.7184,1022.7669,1086.5452,2069.1064,0.32285,1843.1489,-0.050093055
7549,1617,2875.0193,3436.6165,205036.15625,3352529.75,241.3151,373.51422,250.20161,2343.0066,0.8071413,1827.0786,-0.11740544
7550,1239,2868.6125,3795.5544,208625.546875,3352594.0,197.41566,324.51978,194.04358,2422.5576,0.8506546,1833.2615,-0.1332413
7551,1123,2871.8567,5795.008,228620.078125,3352561.5,222.93767,342.63177,266.5267,2169.0254,0.7809539,1867.7257,-0.06692396
7552,1131,2873.7278,4588.2026,216552.03125,3352542.75,751.36957,961.1954,1073.8329,2139.686,0.34267947,1846.9249,-0.06496471
7553,1156,2870.8987,5750.733,228177.328125,3352571.0,202.50217,307.98184,247.92647,1942.4429,0.7732215,1866.962,-0.0154781435
7554,1471,2877.0679,3203.5608,202705.609375,3352509.25,217.27159,333.1159,198.83379,2258.306,0.83618265,1823.0632,-0.100909166
7555,1334,2873.6785,3834.9153,209019.15625,3352543.25,207.03073,344.98126,213.16342,2407.189,0.8373641,1833.9421,-0.12893082
7556,1081,2872.938,4335.4346,214024.34375,3352550.5,307.25717,496.23404,364.94357,2494.3718,0.7432374,1842.568,-0.13901483
7557,1206,2875.4727,4622.5703,216895.703125,3352525.25,667.2604,847.403,899.7711,2028.1617,0.40292767,1847.5181,-0.036507733
7558,1225,2875.9575,4260.215,213272.15625,3352520.5,727.2784,948.01715,995.64734,2309.155,0.3936531,1841.273,-0.09699002
7559,1138,2874.0527,5386.3145,224533.140625,3352539.5,372.39322,507.46396,593.79877,1681.1709,0.47800562,1860.6818,0.056743007
7560,1115,2878.3533,4089.016,211560.15625,3352496.5,950.63495,1087.5498,1153.6394,1862.1147,0.24552286,1838.3235,0.0018658363
7561,1160,2878.8777,3036.5784,201035.78125,3352491.25,256.7293,359.4612,237.99138,2132.1323,0.79776335,1820.1866,-0.06955257
7562,1547,2881.483,3241.2683,203082.6875,3352465.25,225.32256,342.81836,201.0042,2281.13,0.8367543,1823.7151,-0.1055109
7563,1207,2878.903,5167.064,222340.640625,3352491.0,678.466,849.3111,890.35297,2033.4519,0.3988721,1856.9047,-0.03888926
7564,1645,2881.1199,4767.5625,218345.625,3352468.75,381.9313,535.493,470.24072,2142.6553,0.64514244,1850.0197,-0.0642035
7565,1385,2879.9753,5453.7197,225207.1875,3352480.25,434.64044,571.38306,531.39276,2002.9841,0.5822267,1861.8462,-0.026675787
7566,1226,2884.4993,2838.9143,199059.140625,3352435.0,307.9947,444.54324,354.8801,2232.803,0.7246558,1816.7831,-0.09063353
7567,930,2877.5925,4471.115,215381.15625,3352504.0,815.7387,1034.7549,1102.1279,2173.1882,0.3253444,1844.9086,-0.072535686
7568,1155,2878.8293,5203.56,222705.59375,3352491.75,705.95496,880.14716,915.6775,2094.1746,0.39941847,1857.5337,-0.049543254
7569,1362,2880.8171,4693.8306,217608.3125,3352471.75,994.7673,1158.7166,1266.2635,2012.149,0.2300417,1848.7487,-0.03412342
7570,1209,2880.7725,5130.3755,221973.75,3352472.25,712.5848,879.24817,923.0,2012.3602,0.37698963,1856.2731,-0.033428617
7571,1453,2883.8384,3356.0488,204230.484375,3352441.5,224.0382,340.3792,204.0991,2349.7034,0.83918375,1825.6942,-0.122175545
7572,1379,2884.9116,5084.0957,221510.953125,3352431.0,814.9703,991.4112,1069.1393,1995.4003,0.31308636,1855.4772,-0.031028789
7573,1213,2881.3792,3950.6372,210176.375,3352466.25,750.0124,885.48474,922.9456,1857.2886,0.33117986,1835.9401,0.010299061
7574,1233,2884.2092,4122.5483,211895.484375,3352438.0,906.81995,1075.004,1161.0211,2021.0065,0.28215778,1838.904,-0.03458673
7575,1724,2887.7524,4970.6987,220376.984375,3352402.5,749.50464,925.426,974.47217,2030.9644,0.36086774,1853.5239,-0.036979146
7576,1255,2886.181,4054.7483,211217.484375,3352418.25,792.9371,957.0741,1052.482,1790.1132,0.27078855,1837.7365,0.027599722
7577,1327,2885.4153,4156.9893,212239.890625,3352425.75,452.74078,615.46497,573.5659,1931.5908,0.5371702,1839.4982,0.0023461175
7578,1212,2888.6938,5267.591,223345.90625,3352393.0,570.6642,769.1881,809.06683,2215.9448,0.4777163,1858.6416,-0.078417696
7579,1247,2881.8965,3906.7417,209737.421875,3352461.0,761.6375,871.5557,891.64075,1678.8477,0.32590657,1835.1837,0.06143093
7580,1252,2886.111,4192.6934,212596.9375,3352419.0,534.3307,704.96246,715.147,2063.9712,0.4854024,1840.1139,-0.038446408
7581,1251,2890.2583,5412.671,224796.71875,3352377.5,378.60233,505.41287,569.68744,1707.3885,0.49643713,1861.1431,0.054351244
7582,1231,2890.0283,5339.1836,224061.84375,3352379.75,1296.3229,1552.5808,1727.0963,2310.9028,0.17781729,1859.8762,-0.10536726
7583,1423,2888.153,5675.562,227425.625,3352398.5,251.70485,362.1402,304.98877,2056.6445,0.7407358,1865.6737,-0.03844053
7584,970,2887.4722,4505.3486,215723.484375,3352405.25,621.9505,775.4825,831.83093,1818.8031,0.376903,1845.503,0.015151077
7585,1693,2892.9304,4809.0005,218760.0,3352350.75,357.41614,483.43384,406.98022,2037.4713,0.66809326,1850.7391,-0.0392584
7586,1513,2895.8235,5522.4136,225894.140625,3352321.75,476.79776,647.5423,563.39886,2855.0615,0.6759838,1863.0371,-0.18236311
7587,1610,2894.6013,4926.126,219931.25,3352334.0,682.08014,862.2845,884.87823,2063.4534,0.40550426,1852.7587,-0.043572545
7588,1428,2894.196,3312.1694,203791.6875,3352338.0,234.00665,366.80777,227.77136,2367.4426,0.82388324,1824.9429,-0.12502693
7589,1549,2894.4312,3393.7844,204607.84375,3352335.75,225.29535,336.57425,204.70367,2334.0842,0.8381013,1826.3495,-0.11941576
7590,1005,2890.036,4538.766,216057.65625,3352379.75,853.2348,1010.3383,1108.9104,1875.6407,0.2646201,1846.0802,-0.0020437255
7591,1399,2894.6948,5638.1494,227051.5,3352333.0,237.0629,334.60187,316.20978,1849.6906,0.7068649,1865.0316,0.009856461
7592,1247,2893.8982,3069.7898,201367.90625,3352341.0,263.0056,361.90536,236.7069,2110.9626,0.79714537,1820.766,-0.06412567
7593,1328,2889.7651,3133.686,202006.859375,3352382.25,253.0674,360.42883,230.51544,2150.6653,0.805923,1821.8651,-0.078895405
7594,1141,2895.624,3770.6934,208376.9375,3352323.75,205.75461,331.39966,195.72086,2492.484,0.85394347,1832.8453,-0.15043792
7595,1267,2894.37,4022.053,210890.53125,3352336.25,755.6567,916.4712,1059.8248,1915.483,0.30743906,1837.1768,-9.744992e-06
7596,1210,2895.6504,4233.6133,213006.125,3352323.5,682.3256,869.15704,921.5438,2239.7793,0.42170355,1840.8235,-0.085561916
7597,951,2892.5352,4419.4004,214864.0,3352354.75,870.3512,1087.8885,1148.3186,2282.1987,0.32903957,1844.024,-0.09169157
7598,1225,2892.4768,3871.1174,209381.171875,3352355.25,214.51591,345.05878,205.4751,2453.2556,0.8447051,1834.5746,-0.14189684
7599,1478,2898.3545,5560.6846,226276.84375,3352296.5,462.80853,620.2585,525.83154,2797.9412,0.6850183,1863.6979,-0.17167994
7600,1017,2895.824,4386.095,214530.953125,3352321.75,983.40906,1182.6362,1291.3785,2110.3845,0.24371044,1843.4515,-0.06058762
7601,1221,2898.448,5307.8086,223748.09375,3352295.5,1714.4742,1999.5094,2221.5405,2472.3027,0.056366116,1859.3391,-0.14081928
7602,1118,2899.9722,3728.907,207959.0625,3352280.25,256.11182,396.1941,275.7625,2537.3533,0.81462044,1832.1273,-0.15615882
7603,1132,2896.7048,3991.0247,210580.25,3352313.0,766.7844,914.644,980.6281,1973.9302,0.35647294,1836.6431,-0.023464656
7604,1195,2896.8352,2871.5505,199385.5,3352311.75,272.79373,397.03473,310.09622,2207.4888,0.7514832,1817.3513,-0.079700984
7605,1666,2900.3242,4851.024,219180.234375,3352276.75,719.379,864.0042,895.4979,1894.0477,0.38028753,1851.4667,-0.0013733872
7606,1363,2900.4453,5602.302,226693.015625,3352275.5,267.78906,368.6251,340.0477,1942.0154,0.70194393,1864.4161,-0.010194126
7607,1087,2897.103,5762.2246,228292.25,3352309.0,207.65134,314.1159,252.91353,1981.322,0.77304196,1867.1714,-0.024655582
7608,1450,2898.2268,4730.873,217978.734375,3352297.75,678.29895,868.7103,884.1083,2264.8472,0.45449147,1849.3949,-0.09144121
7609,1503,2902.531,3173.4072,202404.078125,3352254.75,232.09015,350.12973,222.04623,2133.7493,0.81043565,1822.5555,-0.07372685
7610,1083,2900.2612,4289.5635,213565.625,3352277.5,378.51987,586.9372,496.3241,2543.1829,0.66861606,1841.7898,-0.14719297
7611,915,2898.7454,4451.457,215184.5625,3352292.5,666.376,926.7213,948.2776,2483.694,0.444623,1844.5793,-0.13959424
7612,1341,2900.6309,4650.348,217173.484375,3352273.75,893.65546,1061.1089,1142.0448,2028.0156,0.28376257,1848.008,-0.037258677
7613,1195,2900.7156,5230.978,222979.78125,3352272.75,446.92386,635.5699,599.90546,2217.7625,0.5782361,1858.0159,-0.081502534
7614,1391,2901.66,5721.446,227884.453125,3352263.5,234.25772,349.96765,272.5018,2189.331,0.7795302,1866.4705,-0.0720567
7615,1435,2904.2725,5813.0337,228800.34375,3352237.25,263.99615,396.98257,325.73553,2176.9014,0.7384518,1868.0503,-0.058387425
7616,1112,2900.7031,3807.695,208746.953125,3352273.0,199.22122,325.54587,192.74101,2429.969,0.852293,1833.4854,-0.13629383
7617,1050,2902.6582,4352.142,214191.421875,3352253.5,741.02856,942.27527,999.9238,2196.0847,0.38579708,1842.8694,-0.08036495
7618,1113,2905.4143,4319.2397,213862.40625,3352225.75,311.6532,494.4178,363.2363,2526.5427,0.74966943,1842.3036,-0.14619403
7619,1147,2905.0793,4574.4927,216414.921875,3352229.25,804.38275,1005.1003,1123.6085,2114.47,0.30505207,1846.7026,-0.05599213
7620,1162,2906.6118,2931.2014,199982.015625,3352214.0,269.62436,399.8477,293.39157,2132.213,0.7568839,1818.3838,-0.06979049
7621,1040,2907.2605,3929.45,209964.5,3352207.5,808.30383,945.6577,1051.775,1766.0442,0.25139326,1835.5867,0.033665877
7622,1330,2909.1956,3102.5676,201695.671875,3352188.0,272.7673,372.96466,248.61955,2109.1177,0.78786004,1821.338,-0.063770294
7623,1548,2910.617,5477.66,225446.59375,3352173.75,340.25034,480.19315,408.88953,2193.6597,0.6826385,1862.2721,-0.070711106
7624,1659,2912.0024,3266.369,203333.6875,3352160.0,225.00844,345.25436,209.5874,2153.4834,0.8215963,1824.162,-0.076667495
7625,1511,2908.6135,4888.76,219557.59375,3352193.75,657.1238,842.00397,875.4057,2114.4797,0.42440504,1852.1207,-0.058280736
7626,1596,2906.5352,3474.2493,205412.5,3352214.75,249.01347,383.4574,258.1269,2328.3262,0.81150246,1827.7417,-0.117261924
7627,1210,2908.8455,4608.9653,216759.65625,3352191.5,919.01404,1099.2819,1189.781,2113.7703,0.2820772,1847.2985,-0.059606742
7628,1384,2908.9697,5048.8975,221158.96875,3352190.25,748.23914,945.62354,1031.1735,2113.7607,0.35327914,1854.8811,-0.0582269
7629,1192,2910.5142,5116.5923,221835.921875,3352174.75,753.40857,921.74915,984.2399,1943.7349,0.33788097,1856.0486,-0.01780282
7630,1508,2912.0815,5377.5225,224445.21875,3352159.25,543.59216,706.34216,813.9967,1735.392,0.39281508,1860.5468,0.042561047
7631,1459,2911.965,5013.628,220806.28125,3352160.25,545.6641,752.31256,811.7649,2053.7656,0.43754444,1854.2744,-0.046006475
7632,1108,2910.944,3841.2021,209082.03125,3352170.5,197.44359,326.79648,188.7148,2510.2644,0.8596383,1834.0675,-0.15295415
7633,960,2910.6614,4482.3916,215493.90625,3352173.5,704.6365,899.2375,993.2552,2047.2198,0.36332977,1845.1178,-0.04194348
7634,1221,2912.5552,5155.492,222224.921875,3352154.5,673.57697,848.87305,876.1265,2063.7158,0.40642178,1856.72,-0.04265361
7635,1189,2911.578,5192.0615,222590.625,3352164.25,698.5828,888.6749,919.21234,2173.4285,0.41592652,1857.3499,-0.07126267
7636,1228,2913.2427,5434.4746,225014.75,3352147.5,488.38315,624.35504,666.634,1803.204,0.4633304,1861.5289,0.025993377
7637,1552,2915.0652,3429.7578,204967.578125,3352129.25,226.90207,354.7194,221.67365,2357.503,0.8278554,1826.979,-0.123117015
7638,1027,2913.7498,3967.9922,210349.921875,3352142.5,746.05164,880.81305,913.1042,1987.4314,0.3953854,1836.2539,-0.026820332
7639,1151,2914.7698,2902.6724,199696.71875,3352132.25,275.33276,403.07343,308.4974,2256.5547,0.756807,1817.8961,-0.0913093
7640,1722,2918.8525,3214.8694,202818.6875,3352091.5,225.00581,343.5328,214.03804,2150.009,0.81778616,1823.2777,-0.07678237
7641,1326,2913.39,4087.8062,211548.0625,3352146.0,988.3371,1084.5565,1158.7036,1902.2096,0.25198826,1838.3186,-0.006000933
7642,1131,2916.5994,4205.9355,212729.359375,3352114.0,466.57294,656.0831,615.4138,2315.511,0.5892856,1840.356,-0.103861205
7643,1178,2918.4355,4266.148,213331.484375,3352095.75,558.899,751.0951,735.19183,2208.8057,0.5032349,1841.3944,-0.08016206
7644,1262,2914.9104,4691.593,217585.9375,3352131.0,973.49286,1134.8248,1207.4469,2032.897,0.2626083,1848.7253,-0.038021382
7645,1024,2918.7852,5280.881,223478.8125,3352092.25,387.61133,599.6699,563.8457,2424.1738,0.625688,1858.8839,-0.12766516
7646,1094,2919.6033,3899.3345,209663.34375,3352084.0,642.61334,752.02466,741.29156,1962.8108,0.4736785,1835.0734,-0.019435106
7647,951,2918.37,4514.9937,215819.9375,3352096.25,710.6772,879.1735,1008.0137,1948.9622,0.33148962,1845.6832,-0.00896467
7648,1285,2922.7378,5690.915,227579.15625,3352052.5,213.2393,323.47314,232.4253,2198.1448,0.8077976,1865.9532,-0.073405676
7649,1532,2920.4048,3350.8662,204178.65625,3352076.0,226.48662,351.8652,216.50816,2323.6445,0.8280748,1825.622,-0.11541088
7650,1352,2919.747,4124.6953,211916.953125,3352082.5,537.12946,637.1864,620.51996,1986.2559,0.5255272,1838.9573,-0.022537192
7651,1457,2922.6123,4166.741,212337.40625,3352054.0,696.186,874.11395,975.5628,2007.061,0.36919647,1839.6831,-0.027957134
7652,1790,2924.6135,4774.177,218411.765625,3352033.75,277.1514,423.83688,323.74106,2205.0884,0.7459177,1850.153,-0.08152785
7653,1319,2926.642,5837.7393,229047.390625,3352013.5,365.3673,508.15884,431.5489,2576.6597,0.71031964,1868.4857,-0.13065213
7654,876,2918.8892,4546.5513,216135.515625,3352091.0,794.8059,1006.83673,1181.4977,2286.5547,0.321782,1846.2273,-0.09873001
7655,1029,2923.6687,3745.0806,208120.8125,3352043.25,213.59863,332.23325,201.36638,2427.1501,0.845724,1832.4169,-0.13711652
7656,844,2921.6956,4432.431,214994.3125,3352063.0,886.4313,1083.1825,1148.0225,2135.583,0.3035192,1844.2617,-0.064181104
7657,1475,2928.0962,4947.414,220144.140625,3351999.0,807.60815,984.5268,1064.1864,1966.9559,0.3075921,1853.1404,-0.0237689
7658,1173,2921.3972,5083.6973,221506.96875,3352066.0,792.35974,977.65814,1038.1415,2108.451,0.34790605,1855.4863,-0.057801418
7659,1390,2924.8145,4049.5813,211165.8125,3352031.75,721.0863,870.8993,913.56256,2042.905,0.40439078,1837.665,-0.039103378
7660,965,2924.1367,4402.686,214696.859375,3352038.75,963.19794,1137.8663,1219.6279,1968.2736,0.24008581,1843.7501,-0.025689859
7661,1407,2927.0767,3140.9368,202079.375,3352009.25,262.95273,375.88663,250.63397,2121.8757,0.78721756,1822.0076,-0.06712963
7662,1417,2930.149,4982.6,220496.0,3351978.5,774.04443,961.5727,1061.6355,1977.6577,0.30907276,1853.7477,-0.025563844
7663,1372,2928.3396,5655.574,227225.75,3351996.5,261.60715,380.70953,291.34875,2236.8086,0.7664512,1865.3464,-0.07539564
7664,1386,2927.4907,3304.5679,203715.6875,3352005.0,226.1324,346.3409,216.88637,2126.4675,0.8132242,1824.8275,-0.06920653
7665,1037,2926.6875,3780.8738,208478.734375,3352013.0,211.70154,336.0651,197.22372,2501.5632,0.85352314,1833.0352,-0.15280956
7666,1129,2929.7246,5249.535,223165.34375,3351982.75,387.51196,597.6129,563.039,2388.5208,0.6156906,1858.3484,-0.116152585
7667,1303,2926.6807,5341.3247,224083.25,3352013.25,1517.6584,1793.9271,1986.4236,2445.0945,0.13228376,1859.9291,-0.13341387
7668,1700,2932.5376,4822.9424,218899.421875,3351954.5,380.64795,489.77,405.53882,1983.8844,0.6578453,1850.997,-0.023216963
7669,1407,2932.2808,5508.3887,225753.890625,3351957.25,378.97797,523.93463,493.33475,2113.5828,0.6255211,1862.8112,-0.053759392
7670,1241,2928.966,5750.652,228176.515625,3351990.25,276.47018,407.12653,351.5564,2092.8489,0.7160861,1866.9856,-0.051304378
7671,1023,2929.0615,4370.637,214376.375,3351989.5,826.7195,1021.9844,1065.8251,2177.7937,0.34573206,1843.2001,-0.07383098
7672,1330,2932.488,5579.146,226461.46875,3351955.0,223.32181,337.16016,284.65414,2071.4812,0.7568909,1864.0309,-0.047469016
7673,1028,2929.9824,3870.9028,209379.03125,3351980.25,214.18385,340.96985,205.40564,2443.0107,0.844339,1834.5881,-0.1402065
7674,1120,2933.4197,4664.8784,217318.78125,3351945.75,1009.0098,1183.0527,1313.8616,2024.0563,0.21819653,1848.2732,-0.037829865
7675,1490,2933.769,3389.4778,204564.78125,3351942.25,223.55101,341.02148,213.18591,2263.0825,0.8271571,1826.2936,-0.10421618
7676,841,2933.0166,3947.3508,210143.5,3351949.75,617.1427,752.4138,725.43164,2150.15,0.5239026,1835.907,-0.06717983
7677,1106,2935.8047,4630.6626,216976.625,3351922.0,987.1266,1159.3408,1265.0985,2030.9413,0.2396739,1847.6844,-0.04109499
7678,1181,2934.9543,4237.5234,213045.234375,3351930.5,576.9187,736.91534,747.6918,2045.2177,0.47224307,1840.9086,-0.040079243
7679,967,2934.3403,4460.242,215272.421875,3351936.5,896.4457,1101.212,1168.0527,2155.5916,0.30218902,1844.7467,-0.06938509
7680,1124,2935.7437,5216.5933,222835.9375,3351922.5,657.9048,843.7082,914.2224,2080.598,0.3986226,1857.7832,-0.048676766
7681,1486,2940.2476,5406.87,224738.703125,3351877.5,447.5626,586.44214,693.5612,1605.9165,0.4200118,1861.0648,0.08053256
7682,1444,2937.6565,5616.873,226838.734375,3351903.5,245.43283,368.1108,292.26074,2191.4229,0.76377386,1864.6833,-0.07338411
7683,990,2933.9434,3814.1777,208811.78125,3351940.5,205.3202,328.81314,193.17525,2485.2065,0.8553393,1833.6124,-0.14946495
7684,1567,2941.5022,5544.1143,226111.140625,3351865.0,253.65285,378.63498,329.3325,2077.7268,0.72391945,1863.4309,-0.04677283
7685,1557,2942.6443,4911.2603,219782.59375,3351853.5,827.8259,1019.8793,1091.5967,2106.7598,0.31798363,1852.5237,-0.05020254
7686,1192,2941.4614,3488.0083,205550.078125,3351865.5,222.22693,357.8511,220.66653,2321.9783,0.82655793,1827.9951,-0.11608008
7687,1147,2937.6992,4335.143,214021.4375,3351903.0,791.9276,981.71924,1028.8596,2148.8508,0.36219904,1842.5923,-0.06968074
7688,1113,2937.77,5308.707,223757.0625,3351902.25,1374.769,1635.2498,1850.2911,2337.7764,0.13986078,1859.3717,-0.10844643
7689,1331,2942.6785,4302.123,213691.234375,3351853.25,455.24493,646.85126,587.1578,2286.8054,0.59471256,1842.0254,-0.095242985
7690,1509,2946.3916,3241.4546,203084.546875,3351816.0,234.99966,350.8827,216.63916,2164.725,0.81676835,1823.7488,-0.079429284
7691,1708,2946.0657,4870.0264,219370.265625,3351819.25,722.3413,876.98096,924.85156,2014.5295,0.39110947,1851.8145,-0.029490137
7692,1209,2941.301,5132.5864,221995.859375,3351867.0,644.66254,831.11536,845.457,2097.9976,0.42757696,1856.3378,-0.052894883
7693,1342,2943.6506,5447.955,225149.546875,3351843.5,417.71164,540.1721,609.22205,1658.7683,0.45845512,1861.7744,0.067713186
7694,1596,2944.0352,3177.3152,202443.15625,3351839.75,257.9242,377.04605,247.49843,2219.833,0.7976643,1822.6425,-0.08958871
7695,1288,2945.562,3453.767,205207.671875,3351824.5,222.62384,354.7143,223.81638,2285.0916,0.82047683,1827.407,-0.10742053
7696,1273,2947.3079,3717.9875,207849.875,3351807.0,226.35585,355.978,221.38138,2543.7136,0.83581173,1831.9609,-0.15501662
7697,1284,2945.039,5718.2515,227852.515625,3351829.5,197.90576,316.1285,226.02336,2102.7585,0.8049649,1866.434,-0.05232591
7698,1484,2947.659,5798.8115,228658.125,3351803.5,364.968,517.0027,448.82614,2393.8894,0.68011695,1867.8237,-0.10043539
7699,960,2942.8865,4493.9146,215609.140625,3351851.25,658.7229,833.0594,913.7521,2014.8698,0.38497093,1845.3309,-0.027919369
7700,1030,2944.633,4598.109,216651.09375,3351833.75,660.61847,813.7903,854.94366,2015.5029,0.4315546,1847.1274,-0.035329774
7701,1278,2944.7144,5175.44,222424.40625,3351832.75,678.5998,873.15765,900.10443,2164.433,0.4143142,1857.0778,-0.06910178
7702,952,2947.0293,3923.2898,209902.90625,3351809.75,670.70905,793.6418,766.2931,2105.5767,0.48950934,1835.4988,-0.056308027
7703,1387,2948.1738,5055.7036,221227.03125,3351798.25,777.1168,964.57965,1036.6143,2062.3655,0.33722135,1855.0156,-0.046310727
7704,1255,2952.2605,3329.0215,203960.21875,3351757.5,232.14542,356.01074,234.14383,2098.2188,0.79874915,1825.2604,-0.06470207
7705,1442,2948.6409,4081.3967,211483.96875,3351793.5,717.5485,830.23785,889.0409,1909.1942,0.38473263,1838.2241,-0.0071741976
7706,933,2946.9517,3842.8757,209098.75,3351810.5,202.24008,330.77814,186.83495,2626.0757,0.86678183,1834.1129,-0.17575333
7707,1216,2948.7302,4198.7935,212657.9375,3351792.75,639.4605,784.9038,823.87994,1920.5493,0.4052019,1840.2474,-0.0051456303
7708,1238,2950.2673,4134.342,212013.421875,3351777.25,661.6236,821.1753,915.8328,1948.2633,0.37171364,1839.1373,-0.016802337
7709,1201,2951.762,5096.5796,221635.796875,3351762.5,749.4721,926.4621,983.8018,1998.0209,0.34826136,1855.7217,-0.031723734
7710,1455,2954.1409,5366.238,224332.375,3351738.5,1040.299,1265.0935,1430.943,2110.4783,0.24067701,1860.3705,-0.052633356
7711,1445,2953.7288,5019.5425,220865.421875,3351742.75,673.27856,863.937,894.16785,2063.1702,0.40429118,1854.3948,-0.046779614
7712,1510,2957.155,3276.9536,203439.53125,3351708.5,235.52583,359.53244,228.69238,2156.1936,0.80734515,1824.3655,-0.078911826
7713,972,2951.8086,3756.361,208233.609375,3351762.0,210.06944,326.55093,194.94598,2475.1575,0.8536861,1832.6243,-0.14807719
7714,1309,2956.9365,3421.9856,204889.859375,3351710.75,220.90642,337.5187,210.57869,2253.2207,0.8283795,1826.8645,-0.10159277
7715,1081,2952.8557,5276.5605,223435.609375,3351751.5,290.3247,499.25253,432.28586,2456.05,0.6989431,1858.8242,-0.13334735
7716,1441,2959.0027,5479.219,225462.1875,3351690.0,562.61554,721.3005,818.8501,1940.9403,0.40793407,1862.32,-0.012538659
7717,1231,2955.992,4271.585,213385.84375,3351720.0,596.53613,762.9813,772.40295,2129.4412,0.4739855,1841.5051,-0.062605485
7718,995,2952.0332,4428.8584,214958.59375,3351759.75,877.801,1084.9618,1153.6,2250.6775,0.32633054,1844.2137,-0.09196033
7719,1041,2956.637,4396.4897,214634.90625,3351713.75,1041.7656,1223.5985,1338.1326,2057.142,0.21513966,1843.658,-0.047547687
7720,914,2957.443,3791.5833,208585.828125,3351705.5,209.86871,332.47592,193.66849,2564.0264,0.8593142,1833.2338,-0.16517027
7721,972,2958.7769,3899.6338,209666.34375,3351692.25,698.9249,853.31274,884.7006,1998.3457,0.4043662,1835.0964,-0.022368217
7722,1277,2963.498,3361.581,204285.8125,3351645.0,230.3426,357.5736,237.1762,2143.4617,0.80018234,1825.8268,-0.07578878
7723,1449,2963.1255,5679.117,227461.171875,3351648.75,198.97101,319.77017,220.92409,2087.6626,0.80672014,1865.7672,-0.047507703
7724,987,2959.838,4362.294,214292.9375,3351681.5,877.9443,1082.6251,1129.6353,2221.1377,0.32184222,1843.0701,-0.0806811
7725,1343,2965.3076,5640.901,227079.0,3351627.0,268.02234,410.3872,306.7029,2295.7134,0.76113355,1865.1095,-0.091070294
7726,1613,2969.708,3205.3745,202723.75,3351583.0,263.81992,378.0378,249.77278,2154.8809,0.7897384,1823.138,-0.07382674
7727,1253,2964.471,4165.4214,212324.21875,3351635.25,610.74225,753.17,910.3703,1967.6504,0.38818604,1839.6794,-0.022128332
7728,1237,2962.9514,5836.2266,229032.265625,3351650.5,328.62006,458.23364,406.76233,2282.3855,0.69430566,1868.4752,-0.0756573
7729,1257,2971.4607,4108.2896,211752.890625,3351565.5,555.77405,707.9451,855.38104,2016.9125,0.42292953,1838.698,-0.036340777
7730,937,2963.1409,4470.5464,215375.46875,3351648.5,768.55707,952.17395,1049.4696,2025.0972,0.32389525,1844.9373,-0.035931394
7731,1439,2970.2732,4840.2017,219072.015625,3351577.25,295.75296,428.2109,339.6609,2243.4377,0.73872936,1851.3112,-0.085819244
7732,1257,2966.5671,5323.2197,223902.1875,3351614.25,1492.5879,1751.9236,1955.5951,2293.0461,0.08845194,1859.6344,-0.09784481
7733,1286,2964.465,5755.517,228225.171875,3351635.25,327.9308,479.39035,383.04276,2376.3071,0.7142761,1867.0847,-0.09697045
7734,878,2962.7563,3869.1377,209361.375,3351652.5,232.95102,350.10138,224.50342,2287.7756,0.8162205,1834.5728,-0.10430135
7735,1105,2964.1836,4658.8335,217258.34375,3351638.25,853.39185,1023.44525,1117.2842,2106.1177,0.31785014,1848.1826,-0.055568837
7736,1042,2965.1248,5209.658,222766.578125,3351628.75,725.3397,903.5134,965.7054,2105.425,0.3798729,1857.6765,-0.053545695
7737,1179,2967.737,4230.9575,212979.578125,3351602.75,603.35114,755.49536,791.5013,2104.2231,0.48881587,1840.8103,-0.054206602
7738,1558,2970.1064,4946.034,220130.34375,3351579.0,813.8472,999.43066,1078.7183,2006.0219,0.30305845,1853.1351,-0.02988514
7739,1406,2968.7163,4986.1777,220531.78125,3351592.75,798.2891,969.45984,1038.0974,1914.516,0.30404103,1853.8264,-0.007951813
7740,1106,2969.69,5149.0146,222160.15625,3351583.0,596.16956,782.37885,805.2048,2084.7454,0.4486428,1856.6333,-0.050814524
7741,1247,2968.6238,5245.8623,223128.625,3351593.75,549.4234,731.2269,758.4956,2043.9767,0.471875,1858.302,-0.040131222
7742,1506,2969.5557,5586.6895,226536.890625,3351584.5,231.03719,360.32336,275.6693,2139.39,0.7690714,1864.1769,-0.056575038
7743,901,2969.1233,3820.6404,208876.40625,3351588.75,202.93785,327.78192,187.4495,2594.662,0.86496544,1833.7399,-0.17049293
7744,1037,2969.537,4623.6646,216906.640625,3351584.75,830.6837,981.9508,1048.7117,2019.6798,0.32743078,1847.579,-0.034953736
7745,1535,2975.4077,5514.1113,225811.109375,3351526.0,512.7492,680.8241,652.1733,2152.398,0.5429991,1862.9285,-0.06553216
7746,1250,2979.0183,3304.4072,203714.0625,3351489.75,247.5328,369.3168,233.0028,2307.6013,0.8154634,1824.8488,-0.113068506
7747,1203,2976.2012,3392.2727,204592.71875,3351518.0,226.28886,349.8134,223.38113,2212.8708,0.8157158,1826.3616,-0.092552476
7748,1063,2975.7478,3476.2305,205432.3125,3351522.5,236.72389,364.05032,226.21307,2350.7192,0.82408404,1827.808,-0.12320112
7749,1074,2980.082,3506.054,205730.53125,3351479.25,359.37524,520.4027,434.4474,2417.5918,0.72979206,1828.324,-0.13218999
7750,1348,2975.7158,5399.0176,224660.171875,3351522.75,825.9807,1030.181,1176.5133,1989.1707,0.3061375,1860.9448,-0.023197846
7751,1242,2975.562,4334.1763,214011.765625,3351524.5,907.12885,1103.6111,1194.5121,2034.9501,0.26389647,1842.5927,-0.03854795
7752,913,2977.2026,4442.5728,215095.71875,3351508.0,774.6813,959.1293,1055.6747,2005.793,0.32139,1844.4614,-0.033013746
7753,977,2977.7788,3740.6396,208076.40625,3351502.25,213.8654,339.1914,209.80194,2455.9724,0.84297144,1832.3652,-0.14357711
7754,1151,2979.6743,5115.127,221821.265625,3351483.25,761.5634,936.5148,985.13165,2014.957,0.3516999,1856.0536,-0.036114212
7755,1575,2981.579,5439.175,225061.75,3351464.25,503.69144,648.8965,793.8457,1689.5587,0.37407488,1861.6395,0.052918173
7756,1276,2982.623,5075.636,221426.359375,3351453.75,799.08075,974.7112,1068.5768,1954.0803,0.2981574,1855.3743,-0.01848496
7757,1173,2982.1875,5288.386,223553.859375,3351458.0,438.3325,649.6377,626.7783,2317.769,0.590434,1859.0409,-0.103944466
7758,1547,2985.0278,5551.264,226182.640625,3351429.75,308.90756,455.48224,383.0278,2148.0518,0.70928365,1863.573,-0.060190096
7759,840,2979.5583,3773.5679,208405.6875,3351484.5,213.45238,331.33572,196.78094,2483.5679,0.852943,1832.9335,-0.14988811
7760,1060,2981.8801,5185.235,222522.34375,3351461.25,669.5759,872.42737,917.4849,2174.4207,0.40788075,1857.263,-0.06995109
7761,1258,2979.4387,5715.867,227828.671875,3351485.5,281.11526,411.89984,344.99762,2164.174,0.7385447,1866.4077,-0.0649723
7762,1590,2983.593,4908.5415,219755.40625,3351444.0,827.3321,1002.127,1093.9421,1896.0032,0.27317563,1852.4949,0.0011047589
7763,1123,2985.4077,5812.114,228791.140625,3351426.0,272.23154,411.6732,319.76047,2247.0017,0.74642324,1868.0692,-0.06903398
7764,1456,2987.1985,4301.9927,213689.921875,3351408.0,719.5872,947.0179,988.76715,2317.017,0.39659798,1842.0432,-0.09660098
7765,1179,2988.3325,5782.1436,228491.4375,3351396.75,315.46057,469.66583,324.20526,2760.972,0.791108,1867.5538,-0.16994677
7766,888,2983.6384,3846.8875,209138.875,3351443.5,209.71396,329.49213,197.14189,2422.5742,0.8478383,1834.1989,-0.13535076
7767,1147,2984.5266,4193.1323,212601.328125,3351434.75,696.4342,834.1221,996.57544,1880.2363,0.32107762,1840.166,0.0124490075
7768,1388,2987.6152,5038.9424,221059.421875,3351403.75,772.56445,937.86743,1031.0375,1926.3174,0.31127667,1854.744,-0.011341994
7769,1204,2987.8672,5347.077,224140.78125,3351401.25,1755.9419,2065.6895,2338.2317,2649.5881,0.06511157,1860.0549,-0.17083994
7770,1314,2992.2246,5616.3667,226833.671875,3351357.75,249.47412,383.78842,284.41782,2248.4385,0.7755802,1864.6981,-0.081705466
7771,1521,2988.5227,3238.3018,203053.015625,3351394.75,268.66208,381.9599,249.0299,2199.5903,0.7941763,1823.7141,-0.08286245
7772,1142,2986.6987,4260.248,213272.484375,3351413.0,626.9921,777.0368,785.23816,2111.557,0.48688596,1841.3236,-0.060524378
7773,1038,2986.7178,4377.8765,214448.765625,3351412.75,970.4894,1134.2775,1245.1792,1934.026,0.21951304,1843.3508,-0.015099554
7774,1101,2988.6948,4411.0054,214780.0625,3351393.0,956.8774,1136.0599,1273.5195,2031.584,0.23663174,1843.9226,-0.038351465
7775,1149,2991.0312,3451.2498,205182.5,3351369.75,221.85509,346.77197,214.97258,2230.11,0.8234922,1827.3846,-0.09599827
7776,1565,2992.8862,4871.5674,219385.671875,3351351.25,628.3396,794.669,823.01276,2143.005,0.45544577,1851.8618,-0.059201133
7777,1378,2993.336,4140.116,212071.15625,3351346.75,580.5508,729.7772,899.939,2008.1974,0.3979701,1839.2563,-0.031626344
7778,1186,2992.8794,3336.334,204033.34375,3351351.25,257.9536,373.51306,239.13744,2290.373,0.80998474,1825.4054,-0.1097095
7779,916,2992.678,3802.5862,208695.859375,3351353.25,206.6583,321.49017,192.21179,2444.549,0.8537433,1833.4396,-0.1411523
7780,1102,2996.3848,3422.815,204898.15625,3351316.25,225.57985,346.91696,217.44374,2238.5022,0.8221895,1826.8972,-0.0983286
7781,1024,2995.916,4640.535,217075.34375,3351320.75,635.33105,782.64746,798.55664,2073.4492,0.45862758,1847.8815,-0.04701896
7782,1188,2997.676,5224.212,222912.125,3351303.25,729.7323,913.2155,979.9234,2154.3132,0.38633767,1857.9415,-0.06618
7783,1442,3002.5042,3270.3267,203373.265625,3351255.0,281.46326,395.65256,257.69104,2326.5364,0.798679,1824.2725,-0.11366545
7784,1225,3003.9927,5376.7446,224437.4375,3351240.0,802.2465,998.8155,1169.4849,1985.5641,0.30005747,1860.5732,-0.02346615
7785,1569,2999.875,5475.8984,225428.984375,3351281.25,500.37796,638.6954,758.86804,1662.6998,0.37893978,1862.2804,0.06170998
7786,1186,2999.547,5746.8745,228138.75,3351284.5,441.09402,629.801,494.8676,2963.4587,0.7076619,1866.9507,-0.20714396
7787,1428,3005.9468,5004.642,220716.421875,3351220.5,697.6173,872.9744,969.2885,1897.7899,0.33566767,1854.161,-0.0053123115
7788,1144,3000.7893,4220.0645,212870.640625,3351272.0,842.1722,995.7701,1093.9563,1854.3855,0.26256472,1840.6376,0.019974139
7789,1279,3002.2917,4968.91,220359.09375,3351257.0,915.14075,1090.4941,1186.3354,1980.466,0.25736246,1853.5436,-0.02518948
7790,937,2999.495,5161.3755,222283.75,3351285.0,747.8949,924.7988,959.3159,2053.2578,0.37438396,1856.8594,-0.043840475
7791,1344,3003.6294,5650.884,227178.84375,3351243.75,432.71948,594.9546,572.3207,2141.3445,0.58379805,1865.298,-0.060054947
7792,1199,3001.0884,5684.9585,227519.59375,3351269.0,318.14136,459.10092,402.2444,2087.4165,0.6878922,1865.8842,-0.043615416
7793,1207,3003.7795,5262.71,223297.09375,3351242.25,636.2883,826.5725,850.9478,2135.7397,0.43722034,1858.6078,-0.06022683
7794,1183,3006.126,5840.011,229070.109375,3351218.75,243.7481,366.55115,317.32968,1928.6907,0.7150879,1868.5588,-0.0051150257
7795,1132,3005.606,3366.6528,204336.53125,3351224.0,255.01678,373.91565,239.6038,2309.8484,0.8114818,1825.9337,-0.113531254
7796,1245,3005.1453,4604.7725,216717.71875,3351228.5,534.46423,725.3542,762.2072,2272.7292,0.5130136,1847.2693,-0.09606247
7797,1307,3007.8203,5311.69,223786.90625,3351201.75,668.4476,887.7751,933.47894,2194.2883,0.42411172,1859.4537,-0.07825016
7798,1119,3009.5166,3519.4495,205864.5,3351184.75,271.65817,401.41913,293.916,2309.4375,0.78871846,1828.5685,-0.11013967
7799,1035,3009.2783,5131.5874,221985.875,3351187.25,721.143,898.29083,963.52075,1987.7623,0.354644,1856.3503,-0.028190114
7800,940,3005.3425,3765.699,208326.984375,3351226.5,210.8734,331.092,199.41489,2443.7256,0.84868145,1832.8098,-0.1415488
7801,1386,3012.0266,4172.3687,212393.6875,3351159.75,552.78644,706.10895,785.06274,1937.5613,0.4363712,1839.8207,-0.014594153
7802,946,3008.74,3831.9314,208989.3125,3351192.5,204.56343,327.34988,189.03593,2502.4832,0.8583791,1833.9526,-0.14972906
7803,1317,3012.8884,5412.899,224798.984375,3351151.0,687.7654,862.7768,1002.3303,1783.7805,0.333422,1861.2002,0.032012634
7804,1119,3012.5486,5097.7275,221647.28125,3351154.5,783.10364,967.55273,1051.5175,2015.4705,0.31796134,1855.7682,-0.031453554
7805,1429,3014.4263,5588.2163,226552.15625,3351135.75,311.05807,449.6711,380.9937,2171.9392,0.7090527,1864.2225,-0.062783234
7806,1234,3014.6807,3484.4255,205514.25,3351133.25,223.938,335.7334,209.02512,2272.9404,0.8313004,1827.9673,-0.10559643
7807,1527,3018.6936,4936.2607,220032.609375,3351093.0,912.46826,1081.8022,1198.4243,1901.3098,0.23064497,1852.9882,-0.0055941767
7808,1054,3015.0654,3396.0977,204630.96875,3351129.25,261.65228,383.15988,246.91698,2323.5388,0.8067543,1826.4456,-0.11460803
7809,1176,3017.1284,5195.71,222627.09375,3351108.75,629.1603,816.8248,836.8053,2124.8445,0.44009957,1857.4589,-0.060080167
7810,1652,3018.2656,5514.637,225816.375,3351097.25,584.7143,767.0896,768.62775,2004.2778,0.44981802,1862.956,-0.032590274
7811,1217,3016.5613,3302.7888,203697.890625,3351114.5,276.212,387.27032,255.56862,2258.429,0.7952747,1824.8384,-0.096809134
7812,1169,3017.4465,5714.4224,227814.21875,3351105.5,507.46664,690.3063,587.63214,2831.0654,0.65070957,1866.399,-0.1849842
7813,1198,3020.5818,5065.1577,221321.578125,3351074.25,768.6665,947.0275,1015.98,1980.9767,0.32834777,1855.2103,-0.02402962
7814,1538,3027.2114,4900.1367,219671.375,3351008.0,882.4304,1048.8888,1137.2799,2059.9714,0.30140123,1852.3693,-0.045668658
7815,1376,3024.093,5554.1924,226211.921875,3351039.0,386.06323,549.8837,471.08792,2364.8154,0.6769671,1863.6403,-0.10433721
7816,1117,3022.283,5776.18,228431.796875,3351057.25,197.14145,322.73233,212.33841,2145.847,0.8209309,1867.4656,-0.06400338
7817,930,3020.8516,3797.6292,208646.296875,3351071.5,204.16022,318.85376,186.8871,2497.9775,0.8602442,1833.3672,-0.1503572
7818,1485,3029.4922,5441.934,225089.34375,3350985.0,749.59125,934.0768,1095.3583,1864.5542,0.2958512,1861.7079,0.007517137
7819,1258,3024.9023,5812.7305,228797.3125,3351031.0,235.30605,377.98965,264.8927,2307.2075,0.78990215,1868.0967,-0.088900864
7820,1208,3024.3816,5346.6597,224136.59375,3351036.25,1544.6539,1825.2988,2063.578,2434.4785,0.093042426,1860.0636,-0.12484081
7821,1187,3027.1956,5032.5146,220995.15625,3351008.0,627.6466,802.409,872.2578,1956.3441,0.39117756,1854.6508,-0.017378157
7822,1186,3029.9368,5240.2446,223072.4375,3350980.75,618.58093,814.097,839.0835,2155.3643,0.4445919,1858.2319,-0.06737477
7823,1231,3032.4768,5284.4224,223514.21875,3350955.25,526.7376,747.6588,747.3306,2276.177,0.5102161,1858.9945,-0.09487319
7824,1097,3029.0127,3334.6965,204016.96875,3350989.75,270.32224,375.0884,250.2165,2178.3003,0.7931388,1825.394,-0.08149742
7825,1132,3029.577,3453.9382,205209.375,3350984.25,264.9545,383.64047,244.5539,2362.9749,0.81127214,1827.449,-0.121064834
7826,1107,3026.7444,4640.624,217076.25,3351012.5,433.30713,590.33875,585.822,2233.944,0.5996267,1847.8967,-0.085916564
7827,1543,3035.4136,5624.095,226910.953125,3350925.75,553.3111,738.1789,743.4867,2130.9358,0.48059446,1864.85,-0.05481465
7828,1015,3029.5862,5160.334,222273.34375,3350984.25,749.31775,917.5842,966.78424,2007.7241,0.36044863,1856.8546,-0.030106714
7829,1075,3034.3237,3424.0715,204910.71875,3350936.75,267.0307,383.39676,256.67395,2274.2966,0.79640037,1826.9365,-0.10301688
7830,1388,3036.526,5672.697,227396.96875,3350914.75,541.07495,718.98596,666.2817,2574.956,0.5848311,1865.6881,-0.14333063
7831,1141,3037.242,5744.4785,228114.78125,3350907.5,439.18845,608.3208,601.56616,2100.114,0.5586301,1866.9257,-0.05147627
7832,1367,3041.2898,5388.5767,224555.765625,3350867.0,771.49817,961.05707,1125.9225,1946.5135,0.3187638,1860.7933,-0.008517182
7833,1354,3039.317,5478.2446,225452.4375,3350886.75,524.80206,667.57166,797.0,1702.3058,0.36745298,1862.3379,0.048901573
7834,876,3037.0754,3826.992,208939.921875,3350909.25,208.47032,327.70547,194.98288,2401.3687,0.8490481,1833.8805,-0.1309555
7835,1406,3039.6614,4971.7705,220387.703125,3350883.5,973.99713,1163.6725,1285.6458,2063.2422,0.24003239,1853.6094,-0.04531032
7836,1055,3040.726,5119.8457,221868.453125,3350872.75,712.80286,887.5934,929.3735,1954.1896,0.36017925,1856.1617,-0.014663657
7837,1038,3041.8516,3363.6147,204306.15625,3350861.5,268.07272,374.93787,256.17822,2098.0435,0.78176945,1825.8983,-0.061464883
7838,1151,3044.6282,3508.4465,205754.46875,3350833.75,268.64813,387.79062,282.01782,2226.8276,0.7904797,1828.3951,-0.08900551
7839,1029,3047.0398,5211.862,222788.625,3350809.5,650.4053,834.3615,860.5957,2073.0437,0.41912064,1857.7504,-0.047343913
7840,1231,3047.246,5318.8657,223858.65625,3350807.5,492.53207,696.537,709.3063,2166.4346,0.5164617,1859.5945,-0.07021118
7841,1312,3051.6318,5846.213,229132.125,3350763.75,297.59604,431.86432,358.5625,2074.5664,0.69975203,1868.6852,-0.034760624
7842,1390,3052.3474,5005.1426,220721.421875,3350756.5,804.63275,988.5579,1104.8245,2039.513,0.31221983,1854.1901,-0.041398123
7843,1152,3049.7266,5086.941,221539.40625,3350782.75,813.0035,986.2027,1053.6163,2016.0577,0.31569326,1855.5986,-0.03122192
7844,1038,3050.5203,3391.949,204589.484375,3350774.75,258.00577,367.6657,249.24663,2122.488,0.7889596,1826.3905,-0.06641122
7845,1029,3053.9019,5181.4624,222484.625,3350741.0,655.2381,852.33624,872.96405,2168.5344,0.43139583,1857.2294,-0.070661776
7846,1233,3051.5774,5710.948,227779.484375,3350764.25,528.1776,702.0065,711.8248,2270.803,0.5228914,1866.3539,-0.08690398
7847,1124,3055.3613,3477.1165,205441.15625,3350726.5,250.82072,359.3127,236.85854,2184.763,0.80247134,1827.8602,-0.07495127
7848,1445,3056.757,5539.527,226065.265625,3350712.5,595.61664,768.73285,881.90656,1998.818,0.393834,1863.4016,-0.030915372
7849,1085,3053.2554,5784.9243,228519.25,3350747.5,176.14194,305.66544,193.33548,2121.0996,0.8326587,1867.6295,-0.0591027
7850,1104,3058.3252,5263.4893,223304.890625,3350696.75,627.7944,814.5797,851.5906,2100.9856,0.43450487,1858.645,-0.05446424
7851,1600,3056.6206,5586.277,226532.765625,3350713.75,609.8056,781.8831,850.1919,2096.7637,0.426198,1864.2073,-0.04824182
7852,1164,3057.6675,5356.378,224233.78125,3350703.25,1440.2775,1713.5549,1965.6898,2447.8599,0.13971615,1860.2456,-0.12092473
7853,1296,3059.0007,5049.295,221162.953125,3350690.0,674.67633,838.90857,882.6883,2002.3348,0.40500948,1854.9539,-0.030043006
7854,972,3058.4011,5145.857,222128.5625,3350696.0,761.0216,943.9167,1002.2099,2057.2788,0.35213503,1856.6178,-0.04479316
7855,1474,3063.462,4930.8086,219978.09375,3350645.5,876.4033,1042.9512,1120.5265,2011.1635,0.29216993,1852.914,-0.033486832
7856,1446,3064.4363,5502.945,225699.453125,3350635.75,650.7877,815.4633,926.4737,1954.4398,0.3667122,1862.7745,-0.019284686
7857,1240,3063.2048,5648.0444,227150.4375,3350648.0,528.1008,711.1871,740.4194,2468.6025,0.5330514,1865.2747,-0.12496685
7858,1545,3067.6284,5416.7734,224837.734375,3350603.75,399.578,523.82007,643.70746,1523.8375,0.4102255,1861.2908,0.10163521
7859,1050,3061.8057,5814.8438,228818.4375,3350662.0,179.08286,307.09332,197.23143,2126.303,0.8295972,1868.1489,-0.059796803
7860,1413,3069.4856,5454.6357,225216.359375,3350585.25,883.03326,1095.1033,1283.1274,2021.6696,0.25244442,1861.9441,-0.03211409
7861,1065,3069.817,3445.201,205122.0,3350581.75,236.90141,351.62863,239.7784,2090.6882,0.793841,1827.317,-0.054439146
7862,1152,3068.369,5753.7354,228207.34375,3350596.25,236.33246,369.6736,262.86978,2195.0234,0.7850781,1867.0985,-0.07061733
7863,904,3068.4568,3419.0598,204860.59375,3350595.5,232.99448,346.19247,238.80255,2049.108,0.79070914,1826.866,-0.0462342
7864,1036,3069.5715,5234.363,223013.625,3350584.25,616.46136,808.9595,812.71136,2211.0164,0.4659108,1858.148,-0.07770961
7865,1217,3073.2793,5295.9673,223629.671875,3350547.25,639.8998,838.9022,866.3377,2194.0476,0.44029197,1859.2112,-0.07570617
7866,1238,3074.6711,4961.323,220283.234375,3350533.25,850.1042,1043.0892,1121.9524,2111.508,0.31104982,1853.4447,-0.05395304
7867,1246,3075.0264,5683.9453,227509.453125,3350529.75,498.2143,679.7255,705.1236,2085.6638,0.50089085,1865.8986,-0.051446468
7868,1116,3076.258,5116.5527,221835.53125,3350517.5,821.6918,993.3808,1105.9695,1935.0834,0.28338125,1856.1206,-0.014429582
7869,1448,3082.4924,5617.172,226841.71875,3350455.0,478.18024,650.6333,653.0725,2352.9897,0.56289244,1864.751,-0.104185104
7870,1390,3083.7043,5380.8696,224478.6875,3350443.0,1499.236,1781.6447,2024.8151,2484.2014,0.11483201,1860.679,-0.13953796
7871,1180,3082.0576,3503.6313,205706.3125,3350459.5,239.19618,364.65256,267.81863,2068.084,0.78111243,1828.3295,-0.054416362
7872,1167,3083.819,5019.4985,220864.984375,3350441.75,972.5488,1129.5553,1217.2772,1906.9117,0.22869152,1854.4513,-0.0044133547
7873,1281,3083.879,5334.889,224018.890625,3350441.25,604.1296,799.4161,842.48553,2150.6775,0.45225284,1859.8866,-0.06487206
7874,1369,3086.943,5560.1763,226271.765625,3350410.5,638.72754,810.91895,871.32874,2177.0432,0.42891413,1863.7705,-0.062917545
7875,1054,3081.6565,5081.2485,221482.484375,3350463.5,876.0607,1072.4777,1161.5352,2050.638,0.29710594,1855.5145,-0.041529737
7876,1049,3083.326,5163.011,222300.109375,3350446.75,798.3146,964.1459,1032.3746,1989.0686,0.32128,1856.9243,-0.027396616
7877,1165,3084.4404,5199.659,222666.59375,3350435.5,751.20514,936.16394,975.70557,2123.3838,0.37729925,1857.5564,-0.058997653
7878,1226,3086.5425,5720.4443,227874.4375,3350414.5,345.04077,485.19577,442.32953,2070.4731,0.657303,1866.5325,-0.042913005
7879,1200,3088.4575,5831.0874,228980.875,3350395.5,352.35834,485.375,430.26166,1930.5525,0.6338342,1868.4402,-0.0009738373
7880,1315,3094.9429,4986.238,220532.375,3350330.5,894.72015,1107.0243,1210.3448,2128.1023,0.28616068,1853.883,-0.05539046
7881,971,3089.7651,3468.7056,205357.0625,3350382.25,238.37642,353.1586,253.78424,2038.1936,0.7787536,1827.7313,-0.044553664
7882,1260,3089.8381,5787.454,228544.53125,3350381.5,174.65715,303.90475,190.3873,2121.1833,0.835041,1867.6888,-0.05953481
7883,1427,3099.644,5483.6816,225506.8125,3350283.5,815.2397,1015.9285,1164.6454,1996.3945,0.30399486,1862.4578,-0.024163404
7884,1107,3096.1265,5052.171,221191.71875,3350318.75,1078.766,1243.4865,1344.0258,1965.7859,0.1966161,1855.0198,-0.022752803
7885,1245,3096.6023,5267.508,223345.078125,3350314.0,674.6466,866.2956,881.1028,2139.2441,0.42088395,1858.731,-0.0605762
7886,1493,3101.0857,5522.184,225891.84375,3350269.25,776.5847,949.4481,1094.763,1909.3483,0.28402033,1863.122,-0.008724895
7887,1299,3099.9854,5655.2896,227222.890625,3350280.25,459.6805,624.7475,706.9746,2087.193,0.518647,1865.4154,-0.045779034
7888,1415,3107.699,5589.8706,226568.703125,3350203.0,314.2629,456.54276,397.44736,2148.3066,0.69272554,1864.2913,-0.05054893
7889,981,3103.5056,5129.8096,221968.09375,3350245.0,840.0082,1019.2752,1081.8236,2038.7472,0.32307193,1856.361,-0.040807024
7890,988,3099.675,5232.3887,222993.890625,3350283.25,673.72675,863.1275,905.19635,2173.9614,0.41872403,1858.1271,-0.0715739
7891,1070,3101.1038,5751.0786,228180.78125,3350269.0,191.44954,321.66263,198.32898,2227.9207,0.83567387,1867.0668,-0.08046206
7892,1262,3104.9563,5448.0254,225150.25,3350230.5,366.62442,487.30902,596.6086,1506.7156,0.43448558,1861.8456,0.107594
7893,1258,3109.1685,5304.3833,223713.828125,3350188.25,566.9229,764.5413,749.6574,2192.8784,0.49623805,1859.372,-0.07492885
7894,1127,3110.4214,5094.4126,221614.125,3350175.75,825.1083,1003.37976,1095.2174,1969.2555,0.30007747,1855.754,-0.023236144
7895,1502,3113.7837,5415.4927,224824.921875,3350142.25,623.6671,786.8249,936.27295,1775.309,0.3549239,1861.2887,0.035536546
7896,1291,3112.138,5693.4453,227604.453125,3350158.5,399.56235,547.8273,541.47485,2002.5763,0.59216684,1866.0782,-0.028985092
7897,827,3112.2395,5156.653,222236.53125,3350157.5,757.1862,942.5913,980.16565,2151.2817,0.3810038,1856.8274,-0.06506565
7898,996,3117.251,5184.553,222515.53125,3350107.5,797.23895,954.7349,998.41064,1948.1456,0.33098415,1857.3104,-0.014808382
7899,1004,3114.7559,3479.9492,205469.5,3350132.5,252.38496,387.74503,287.5996,2008.2311,0.748711,1827.9366,-0.037958022
7900,1102,3116.629,3513.9119,205809.125,3350113.75,379.58755,541.6792,494.13202,2132.9338,0.6489447,1828.5227,-0.061530337
7901,1239,3117.13,5340.5327,224075.328125,3350108.75,585.06134,781.1154,796.7474,2190.7983,0.4796619,1859.9983,-0.07554432
7902,1199,3118.1267,5804.763,228717.625,3350098.75,426.1251,571.46704,504.2794,2188.6907,0.59772635,1867.9993,-0.034910437
7903,1253,3116.7756,5377.1763,224441.765625,3350112.25,1478.2833,1753.4653,1959.6034,2384.5195,0.10520544,1860.6296,-0.12044672
7904,1201,3119.2756,5022.144,220891.4375,3350087.25,974.55206,1169.3422,1310.7893,2075.467,0.24068756,1854.5125,-0.04387491
7905,952,3122.647,5211.982,222789.8125,3350053.5,663.5431,839.42017,864.9716,2115.7825,0.4244311,1857.7854,-0.05473311
7906,1397,3125.7566,5628.3486,226953.484375,3350022.5,316.26843,457.21976,417.5168,2076.5269,0.67794824,1864.9622,-0.044702705
7907,1479,3126.3684,5550.429,226174.296875,3350016.25,548.87354,727.05884,752.12103,2265.7532,0.51684195,1863.6196,-0.08794209
7908,1159,3128.0535,5765.629,228326.28125,3349999.5,280.0975,406.2019,329.12857,1909.34,0.70336854,1867.329,-0.0011116405
7909,1276,3129.2305,5727.4727,227944.71875,3349987.75,205.7884,337.8691,222.69435,2136.4788,0.8085115,1866.672,-0.054210916
7910,1164,3128.0713,5059.006,221260.0625,3349999.25,782.5636,989.17523,1044.8419,2211.3376,0.36552364,1855.1516,-0.07952068
7911,1076,3129.09,5248.245,223152.453125,3349989.0,685.19147,862.3876,922.34015,2054.1208,0.39453435,1858.4132,-0.04509896
7912,1266,3133.6357,4989.1777,220561.78125,3349943.75,672.3294,856.64417,906.77844,2057.1355,0.4172723,1853.9507,-0.040673837
7913,1216,3135.6555,5280.566,223475.65625,3349923.5,672.78534,859.78455,879.84784,2114.0156,0.42088783,1858.973,-0.057251714
7914,1589,3137.4575,5496.824,225638.25,3349905.5,640.3594,807.9893,911.4739,1833.8634,0.3764285,1862.7006,0.016720925
7915,1299,3137.315,5663.984,227309.84375,3349906.75,376.55966,526.642,529.7244,2071.7114,0.6133769,1865.5813,-0.04337828
7916,1043,3134.9924,5121.7153,221887.15625,3349930.0,898.12177,1068.092,1138.9042,2012.5082,0.28750873,1856.2352,-0.03511861
7917,1546,3140.6682,5453.463,225204.625,3349873.25,364.7458,487.64102,583.425,1534.0375,0.45022044,1861.9547,0.09914071
7918,1344,3144.5283,5596.6675,226636.671875,3349834.75,282.34488,420.54688,352.87128,2114.7285,0.7197059,1864.4243,-0.045061246
7919,1035,3143.7275,5089.089,221560.890625,3349842.75,840.24347,1027.257,1105.0087,2115.3594,0.321053,1855.6769,-0.059225768
7920,1030,3141.6729,5156.436,222234.359375,3349863.25,800.7117,973.6767,1012.9951,2020.7262,0.35001418,1856.8365,-0.03718687
7921,1415,3149.031,5316.4395,223834.390625,3349789.75,700.7018,888.7131,933.4728,2130.9067,0.39741609,1859.597,-0.061820846
7922,1104,3145.501,3487.7637,205547.640625,3349825.0,265.38586,393.09784,279.92664,2056.9163,0.7594706,1828.0856,-0.047012925
7923,1104,3147.4946,3525.3787,205923.78125,3349805.0,285.41486,419.35327,304.3066,2137.6287,0.749151,1828.7345,-0.0648401
7924,1276,3149.0596,5358.848,224258.484375,3349789.5,758.56976,960.88324,1034.7335,2136.3064,0.37588942,1860.3279,-0.06439662
7925,1393,3149.3403,5398.07,224650.703125,3349786.5,1274.4573,1541.2958,1734.5786,2382.9863,0.17410804,1861.0039,-0.12012044
7926,1123,3149.9011,5786.164,228531.640625,3349781.0,439.90384,600.5165,503.27695,2546.5896,0.6478207,1867.6923,-0.11743894
7927,1268,3151.3257,5699.9434,227669.4375,3349766.75,212.91562,346.40457,243.98344,2057.5654,0.78421277,1866.207,-0.03664723
7928,1419,3159.0557,5525.0044,225920.046875,3349689.5,692.23047,879.3756,989.0085,2131.3115,0.38113135,1863.1956,-0.062858
7929,1287,3158.774,4960.237,220272.375,3349692.25,201.66705,337.50388,222.58624,2192.7114,0.8154338,1853.4631,-0.081387065
7930,956,3151.5586,5221.6235,222886.234375,3349764.5,658.85876,840.727,879.18933,2101.0083,0.41666487,1857.9642,-0.05379247
7931,1200,3153.68,5026.1875,220931.875,3349743.25,821.3958,1002.3458,1105.9542,2273.6592,0.35125375,1854.5973,-0.09137136
7932,1137,3155.8655,5189.462,222564.625,3349721.25,667.9824,842.7511,848.3087,2191.4785,0.44802675,1857.4119,-0.07348007
7933,1276,3159.866,5565.258,226322.578125,3349681.25,298.34326,449.8801,325.0157,2433.268,0.76539034,1863.8896,-0.1149755
7934,1559,3170.9058,5425.955,224929.546875,3349571.0,1178.0879,1420.1431,1622.524,2230.671,0.1974662,1861.4938,-0.078768104
7935,1482,3164.3213,5745.22,228122.203125,3349636.75,569.1977,710.6404,678.60254,1935.5021,0.47806263,1866.9928,0.009823024
7936,995,3164.4473,3554.5627,206215.625,3349635.5,266.0,386.95477,281.1377,2102.3457,0.76309514,1829.2452,-0.05730403
7937,1146,3164.3003,5058.0356,221250.359375,3349637.0,593.8691,818.9651,824.952,2391.2495,0.4864125,1855.1508,-0.11535777
7938,1128,3165.101,5251.5796,223185.796875,3349629.0,747.3209,923.5151,984.14984,2029.2003,0.35150877,1858.4863,-0.036735136
7939,1475,3168.6033,5628.8755,226958.75,3349594.0,280.85086,416.8712,320.02304,1986.0732,0.7148099,1864.9896,-0.014580718
7940,1074,3166.581,5127.6953,221946.953125,3349614.25,814.80725,1001.79144,1090.5875,2093.5718,0.32009038,1856.3522,-0.055625882
7941,1190,3170.0269,4993.833,220608.328125,3349579.75,667.40924,819.19666,868.69073,2059.0671,0.4197985,1854.047,-0.04119928
7942,1572,3175.089,5472.1895,225391.890625,3349529.0,363.76337,481.4154,566.993,1532.168,0.4607366,1862.2924,0.09947654
7943,1262,3173.4834,5284.243,223512.4375,3349545.25,766.0222,958.32965,1001.4073,2187.622,0.37046805,1859.0529,-0.071156524
7944,1305,3172.915,5665.8105,227328.109375,3349550.75,333.97626,467.26437,397.47662,1906.9294,0.6509847,1865.628,0.0020849037
7945,889,3175.8413,3501.9888,205689.890625,3349521.5,257.84253,375.04276,282.0523,2039.1687,0.7564496,1828.3447,-0.04384154
7946,1026,3173.8625,5095.084,221620.84375,3349541.5,800.96686,1007.3392,1062.3655,2247.7134,0.36517256,1855.7933,-0.08957155
7947,978,3173.2075,5161.7944,222287.9375,3349548.0,610.24744,798.23517,806.0389,2135.3762,0.46180147,1856.9426,-0.062125027
7948,1264,3179.3506,5343.2144,224102.140625,3349486.5,520.8766,711.14,763.5641,2159.3884,0.490221,1860.0717,-0.06943193
7949,1308,3183.2407,5708.867,227758.671875,3349447.5,630.7156,767.26605,736.4924,1794.571,0.40176854,1866.3745,0.05122467
7950,1555,3186.9517,5381.0225,224480.21875,3349410.5,785.5061,992.2058,1082.6816,2153.6895,0.3541662,1860.7264,-0.067543134
7951,1480,3186.9675,5592.336,226593.359375,3349410.25,388.12094,517.7047,450.7919,1793.1906,0.5996882,1864.3679,0.04004255
7952,855,3182.7473,3525.5579,205925.578125,3349452.5,273.6854,385.4123,306.72925,2034.7152,0.7367811,1828.754,-0.04209125
7953,1134,3183.358,5217.3926,222843.921875,3349446.5,832.8862,998.5388,1058.6332,2021.9188,0.31857243,1857.9052,-0.036260623
7954,1474,3193.1377,5504.698,225716.984375,3349348.5,575.6703,733.6479,793.73676,1816.5048,0.41375005,1862.8604,0.02001055
7955,1368,3191.6704,5546.0337,226130.34375,3349363.25,489.0234,648.0212,646.2427,2161.1748,0.55420315,1863.572,-0.06295875
7956,1265,3193.785,5312.346,223793.46875,3349342.25,678.78815,856.31146,907.868,2096.057,0.39930603,1859.546,-0.051310606
7957,1334,3191.0037,5023.986,220909.859375,3349370.0,761.84106,968.92505,1043.9108,2187.722,0.3486183,1854.5758,-0.06510001
7958,1196,3197.2693,5185.001,222520.0,3349307.25,739.29095,924.3069,948.46405,2229.1665,0.4080466,1857.353,-0.08431027
7959,1127,3195.1226,5067.76,221347.59375,3349328.75,878.43567,1020.31323,1143.9823,2213.141,0.32779574,1855.3319,-0.076486856
7960,1032,3197.685,5141.995,222089.953125,3349303.25,851.407,1038.3925,1077.25,2229.69,0.34922373,1856.6122,-0.082680605
7961,1415,3205.7837,5443.787,225107.875,3349222.25,987.95197,1208.2346,1356.2607,2101.9612,0.2804474,1861.8162,-0.04748706
7962,1121,3203.035,5107.982,221749.8125,3349249.75,722.8483,934.48083,974.18286,2301.3005,0.41000304,1856.0284,-0.09972017
7963,1244,3200.7732,5252.4243,223194.25,3349272.25,698.2379,892.5177,919.85126,2171.089,0.4037898,1858.5165,-0.06756576
7964,1275,3205.4941,5673.0386,227400.390625,3349225.0,587.6745,725.51764,635.06433,2070.8745,0.50954777,1865.7666,-0.018190537
7965,1518,3209.5579,5636.0864,227030.859375,3349184.5,601.91766,748.1324,703.0731,2011.7826,0.46699825,1865.1316,-0.010192061
7966,1524,3215.5151,5409.817,224768.171875,3349124.75,1040.7152,1288.7224,1394.0859,2163.0222,0.22820391,1861.235,-0.07295432
7967,1282,3215.7332,5283.8433,223508.4375,3349122.75,646.09985,849.93915,857.1763,2215.6248,0.4416089,1859.0643,-0.07822277
7968,1097,3219.4758,5048.454,221154.53125,3349085.25,876.8587,1030.9307,1117.0292,2094.7246,0.3274637,1855.0099,-0.041229818
7969,1324,3219.4116,5341.729,224087.28125,3349086.0,687.84595,800.7077,823.91614,2067.855,0.43303946,1860.0635,-0.04426516
7970,1190,3217.4,5218.8765,222858.765625,3349106.0,852.61426,1037.389,1093.9437,2185.1638,0.33657634,1857.9456,-0.07452539
7971,1543,3224.177,5473.442,225404.421875,3349038.25,361.26767,488.45755,522.9449,1692.0803,0.5239561,1862.3352,0.05385361
7972,1355,3220.989,5557.426,226244.25,3349070.0,594.17346,723.66125,696.1638,1798.3344,0.42470896,1863.781,0.047180373
7973,1358,3221.0986,5600.664,226676.640625,3349069.0,482.9536,622.35785,551.6996,2110.255,0.57157195,1864.5261,-0.038028806
7974,987,3223.6626,5160.1406,222271.40625,3349043.5,807.7163,1007.38806,1018.22797,2311.5198,0.38689634,1856.9363,-0.09924383
7975,1208,3228.6697,5084.8726,221518.71875,3348993.25,671.9586,876.3055,967.524,2178.5415,0.39574713,1855.6415,-0.068291195
7976,1558,3230.541,5514.167,225811.671875,3348974.5,725.2831,885.67267,958.7792,1724.8678,0.3000527,1863.0397,0.045423362
7977,1066,3231.5366,5129.952,221969.53125,3348964.75,799.45215,987.6717,1028.7327,2090.2053,0.34946275,1856.4196,-0.04989065
7978,1071,3235.806,5186.7686,222537.6875,3348922.0,826.30347,1016.00745,1072.0494,2181.8767,0.33918214,1857.4004,-0.06820709
7979,1325,3240.13,5313.692,223806.921875,3348878.75,664.9079,850.3811,864.5298,2168.6377,0.42913076,1859.5894,-0.066454135
7980,1014,3240.288,5027.029,220940.28125,3348877.0,793.68933,962.9625,1021.6341,2094.9893,0.3984361,1854.6499,-0.051349524
7981,1328,3240.0798,5249.4795,223164.796875,3348879.25,671.1122,865.2214,901.8953,2141.4473,0.41295013,1858.4828,-0.06402456
7982,1902,3254.3733,5435.0947,225020.9375,3348736.25,965.58307,1223.4285,1309.1646,2129.3816,0.25691065,1861.6874,-0.061830707
7983,1091,3253.1138,5210.607,222776.0625,3348748.75,676.88635,875.3776,920.13104,2245.9578,0.42086968,1857.8187,-0.088223815
7984,1209,3256.752,5060.317,221273.171875,3348712.5,792.88586,950.20514,1055.1084,1972.306,0.32053995,1855.2307,-0.016549906
7985,1290,3255.048,5282.0425,223490.421875,3348729.5,658.0295,837.4085,850.5217,2106.2698,0.4302711,1859.0504,-0.054155976
7986,1241,3261.3394,5158.487,222254.875,3348666.5,664.97424,849.9758,889.48834,2151.2183,0.42596778,1856.9242,-0.066926114
7987,1625,3263.2542,5479.177,225461.765625,3348647.5,490.4566,649.72864,667.3028,1935.1686,0.5013626,1862.4509,-0.012133171
7988,1557,3266.1174,5339.395,224063.953125,3348618.75,636.4085,802.1285,854.2627,2028.5947,0.41137773,1860.0435,-0.0381402
7989,1126,3273.34,5232.8438,222998.4375,3348546.5,648.60657,854.6057,857.06396,2356.5986,0.47051752,1858.2107,-0.11313272
7990,1112,3272.5117,5028.8506,220958.5,3348555.0,606.3624,776.1978,774.0728,2115.8984,0.4849447,1854.6954,-0.05874336
7991,1360,3282.2449,5185.8677,222528.671875,3348457.5,471.4603,694.161,618.13605,2674.2625,0.61852676,1857.4052,-0.1642745
7992,1383,3289.1099,5263.433,223304.328125,3348389.0,702.02966,887.03687,908.44037,2177.7837,0.4138191,1858.7446,-0.07236789
7993,1482,3288.836,5300.4766,223674.765625,3348391.75,641.80164,812.027,837.64307,2045.9015,0.42428812,1859.3828,-0.041286614
7994,1969,3297.874,5457.381,225243.8125,3348301.25,1018.58966,1254.1514,1377.678,2120.1743,0.23628187,1862.0903,-0.060716763
7995,1247,3302.846,5219.624,222866.25,3348251.5,657.2462,865.826,839.5012,2598.5566,0.49849588,1857.9957,-0.14901756
7996,1478,3307.9255,5330.2876,223972.875,3348200.75,586.4506,762.1401,768.8748,1997.8816,0.44866836,1859.9048,-0.02954129
7997,1418,3325.789,5252.135,223191.34375,3348022.0,725.17487,906.51764,920.153,2234.5889,0.41873664,1858.5659,-0.08241433
7998,1644,3332.952,5287.5737,223545.734375,3347950.5,647.3656,835.5529,863.77435,2238.7415,0.44718015,1859.1797,-0.08651923
7999,1444,3337.52,5475.316,225423.15625,3347904.75,985.072,1240.1829,1290.6635,1955.1516,0.21637382,1862.4165,-0.010667475
8000,1485,3346.7266,5322.5083,223895.078125,3347812.75,585.7596,757.07947,784.4411,2039.4983,0.4493757,1859.7876,-0.04035406
