segment_id,n_pixels,centroid_row,centroid_col,centroid_x,centroid_y,mean_B2,mean_B3,mean_B4,mean_B8,mean_NDVI,mean_B11,mean_NDBI
1,1394,27.086082,3258.6814,203256.8125,3381009.25,613.68866,829.1263,814.807,2661.5835,0.5448032,1810.308,-0.16120054
2,1375,45.439274,3290.184,203571.84375,3380825.5,698.7193,929.57166,924.4211,2550.7234,0.4539674,1810.9642,-0.14055711
3,1673,60.99462,3241.5618,203085.625,3380670.0,375.22745,542.8906,489.39,2387.7795,0.65991586,1809.976,-0.117275655
4,1324,70.713745,3313.6172,203806.171875,3380572.75,718.66766,929.821,999.75757,2275.393,0.3849618,1811.4589,-0.08389188
5,1371,72.04887,3209.2903,202762.90625,3380559.5,442.41647,629.81036,715.6254,2222.556,0.5277003,1809.3206,-0.08987192
6,1476,83.25407,3277.5427,203445.421875,3380447.5,498.0508,715.6352,653.2561,2826.6138,0.626321,1810.7262,-0.19636582
7,1595,110.38245,3255.279,203222.796875,3380176.25,399.93292,598.89716,597.2636,2476.2283,0.6179088,1810.285,-0.13636218
8,1382,109.45658,2870.8733,199378.734375,3380185.5,670.3379,915.6382,987.7489,2119.5188,0.3852733,1802.4033,-0.06279681
9,1640,109.413414,3215.6062,202826.0625,3380185.75,364.05396,550.857,498.5619,2578.3235,0.6823113,1809.4711,-0.14909527
10,1165,115.96309,2839.6626,199066.625,3380120.25,650.6678,890.0378,926.8944,2025.1039,0.3662636,1801.7671,-0.029017624
11,1755,111.6,3312.772,203797.71875,3380164.0,450.89172,624.00885,649.4202,2236.3752,0.5690958,1811.4645,-0.08807057
12,1234,128.66208,2807.4968,198744.96875,3379993.5,619.0689,858.09155,886.10046,2062.2422,0.38653687,1801.1149,-0.03179224
13,1242,131.48953,2770.9019,198379.015625,3379965.0,644.5443,866.86957,901.0467,1822.942,0.32238287,1800.3662,0.033277094
14,1394,139.51793,2894.695,199616.953125,3379884.75,641.0251,909.52295,969.24176,2247.6313,0.3995415,1802.9088,-0.08429601
15,1526,143.00262,3277.4207,203444.203125,3379850.0,216.4312,360.81946,305.79947,2240.3237,0.7622999,1810.7573,-0.0917575
16,1562,142.87772,3347.8872,204148.875,3379851.25,563.9555,791.3899,765.257,2397.3948,0.5110574,1812.202,-0.12009812
17,1796,147.56013,3549.2283,206162.28125,3379804.5,478.63864,678.15643,658.2297,2357.6907,0.5518473,1816.3326,-0.09608098
18,1389,136.8992,3383.484,204504.84375,3379911.0,609.1548,850.26385,819.70734,2585.4622,0.50797844,1812.9285,-0.15629771
19,1470,147.09796,3514.6,205816.0,3379809.0,644.5643,887.95746,803.2575,2682.9949,0.50719583,1815.6224,-0.15270005
20,1388,140.12032,2735.2283,198022.28125,3379878.75,1146.6852,1438.8148,1599.1938,2027.211,0.11119198,1799.6399,-0.021498295
21,1106,136.4792,2966.7957,200337.953125,3379915.25,700.9331,937.7857,975.86707,2208.9954,0.35373875,1804.3853,-0.055383638
22,1268,144.3959,2933.8604,200008.609375,3379836.0,745.00433,988.5785,1041.1243,2456.037,0.42529216,1803.7145,-0.13672493
23,1436,146.64485,3204.314,202713.140625,3379813.5,415.62326,633.27997,672.15845,2589.0532,0.6057239,1809.2605,-0.16543752
24,1209,145.65343,2998.7014,200657.015625,3379823.5,695.44415,947.26263,901.06036,2830.024,0.4876653,1805.0446,-0.17623226
25,1183,142.39815,3120.5386,201875.390625,3379856.0,537.57605,781.888,848.5131,2687.7134,0.53066665,1807.5405,-0.18710084
26,1258,148.77504,2701.5166,197685.171875,3379792.25,1257.1963,1512.3966,1630.9618,1857.062,0.052325077,1798.9537,0.013458633
27,1523,152.80959,3241.1294,203081.296875,3379752.0,359.64478,558.0371,523.5092,2434.6313,0.65034425,1810.0188,-0.12821223
28,1224,153.40033,3086.5645,201535.640625,3379746.0,490.4947,702.1887,635.5143,2740.0686,0.6244466,1806.8502,-0.18673831
29,1398,150.97568,3421.3384,204883.375,3379770.25,486.9746,696.54865,649.25964,2433.9856,0.5638606,1813.7124,-0.11807723
30,1533,151.22049,2849.0215,199160.21875,3379767.75,395.88977,650.0281,654.6954,2402.735,0.59258115,1801.9791,-0.13503128
31,1118,148.97496,3031.2112,200982.109375,3379790.25,647.76385,883.77325,764.4745,2770.2996,0.5476128,1805.7129,-0.17954195
32,1283,150.50351,3314.0476,203810.46875,3379775.0,273.0912,425.5912,378.84723,2217.0024,0.72072077,1811.5125,-0.06969235
33,1697,161.00177,3463.9646,205309.640625,3379670.0,589.80493,824.2799,791.4558,2281.7256,0.47682795,1814.592,-0.09502554
34,1396,158.57164,2658.9197,197259.203125,3379694.25,1201.2535,1455.1676,1572.7987,1925.2156,0.08872965,1798.086,-0.0030645852
35,1247,159.21812,3161.442,202284.421875,3379687.75,381.8793,550.1339,549.6375,2232.9338,0.6095,1808.3887,-0.0969541
36,1247,161.3745,2803.6497,198706.5,3379666.25,450.13794,730.90857,732.4892,2536.5598,0.5560162,1801.0547,-0.15637791
37,1249,161.1193,2615.4924,196824.921875,3379668.75,1207.9752,1448.4203,1545.5813,1750.3003,0.05296755,1797.1973,0.034278885
38,1176,170.05952,3051.6548,201186.546875,3379579.5,579.19006,813.27167,785.95917,2835.2798,0.5701627,1806.144,-0.19804895
39,1401,163.65382,2569.4282,196364.28125,3379643.5,1166.4119,1425.596,1524.0243,1864.105,0.077867806,1796.2544,0.026224848
40,1251,167.27818,2768.4102,198354.09375,3379607.25,581.7034,860.2814,894.21906,2413.35,0.49118343,1800.3356,-0.14010574
41,1517,170.83916,2531.0232,195980.234375,3379571.5,1158.1002,1450.8259,1624.6757,2235.948,0.17084776,1795.4712,-0.09664442
42,1303,171.48888,2882.4658,199494.65625,3379565.0,364.2594,618.5549,552.4574,2676.6785,0.6611225,1802.6763,-0.18175234
43,1546,176.62936,2492.1377,195591.375,3379513.75,1113.9728,1409.85,1597.0233,2301.0408,0.18859972,1794.6774,-0.11411577
44,1314,171.35388,2964.4521,200314.515625,3379566.5,411.22488,598.16284,485.0563,2646.4033,0.6921375,1804.3569,-0.16885068
45,1577,175.53583,3382.4229,204494.21875,3379524.75,456.00507,644.75714,622.32465,2489.1934,0.60494244,1812.9283,-0.13789164
46,1444,178.63365,2922.3254,199893.25,3379493.75,430.20117,723.2552,667.6669,2869.7104,0.60989684,1803.4974,-0.20425309
47,1172,173.77644,3118.1484,201851.484375,3379542.25,481.2129,697.378,713.6434,2570.0571,0.5789236,1807.5093,-0.16401127
48,1121,176.91704,2692.5112,197595.109375,3379510.75,850.0473,1160.7288,1269.2249,2401.6672,0.32638365,1798.7852,-0.13188273
49,1318,180.29893,3297.3809,203643.8125,3379477.0,279.42603,441.46927,347.11343,2571.552,0.7619338,1811.1875,-0.14888653
50,1394,181.32281,2737.7754,198047.75,3379466.75,464.14133,728.0222,710.0201,2449.0847,0.5557066,1799.7157,-0.14202742
51,1251,184.18465,2825.94,198929.40625,3379438.25,288.024,537.8361,426.8809,2449.7026,0.7066272,1801.5247,-0.1331389
52,1630,182.57545,3505.8564,205728.5625,3379454.25,428.5991,617.0638,588.7319,2509.136,0.61218524,1815.4629,-0.13982451
53,1380,181.38333,3005.7876,200727.875,3379466.25,400.30942,572.0507,508.12753,2462.2139,0.6689839,1805.2101,-0.13612254
54,1370,184.07956,3191.2256,202582.25,3379439.25,349.8989,514.3306,525.66095,2133.7815,0.6076902,1809.0133,-0.071556635
55,1649,187.30685,3340.1394,204071.390625,3379407.0,446.29138,664.68494,580.07794,2877.2002,0.6584975,1812.0681,-0.21020736
56,1199,189.0342,2594.5596,196615.59375,3379389.75,713.94995,989.82733,1051.6439,2135.2444,0.3213971,1796.7842,-0.058057617
57,1388,184.31845,3426.4646,204934.640625,3379436.75,454.66354,652.64264,597.85376,2391.9712,0.5920223,1813.8362,-0.11405661
58,1363,189.9215,3226.4563,202934.5625,3379380.75,404.63647,609.6599,653.47906,2556.016,0.6014368,1809.7389,-0.14990717
59,1502,192.1984,3263.8135,203308.140625,3379358.0,323.93176,523.0416,465.18842,2633.2227,0.70759904,1810.506,-0.16219778
60,1275,190.13255,2636.1404,197031.40625,3379378.75,636.2369,897.92,915.45807,2121.4941,0.38908947,1797.6372,-0.055440404
61,1194,189.67505,3150.52,202175.203125,3379383.25,474.39365,689.3233,736.77344,2510.273,0.5586555,1808.1819,-0.15206026
62,1193,190.13914,3079.0671,201460.671875,3379378.5,521.22546,726.13074,730.13367,2326.1462,0.5308994,1806.7173,-0.107793495
63,1300,198.31,2857.8655,199248.65625,3379297.0,251.48308,482.17462,378.15768,2396.1653,0.72579724,1802.1873,-0.12573828
64,1405,201.1388,2452.6492,195196.5,3379268.5,930.29785,1185.7053,1247.0569,2168.7646,0.30497417,1793.8821,-0.082094945
65,1165,200.88841,2670.5854,197375.859375,3379271.0,368.297,617.7554,584.1399,2310.1484,0.6041214,1798.3495,-0.112226084
66,1549,201.61201,2785.843,198528.4375,3379264.0,481.42026,767.81665,802.73724,2436.3596,0.52110034,1800.7126,-0.14181595
67,1463,204.81886,2560.7463,196277.46875,3379231.75,570.7471,838.76416,897.42175,2255.812,0.43241584,1796.1001,-0.101089306
68,1223,205.53557,2710.9631,197779.625,3379224.75,432.6991,742.1439,719.6321,2707.875,0.5826689,1799.1798,-0.18962048
69,1249,202.65492,3039.7966,201067.96875,3379253.5,316.731,497.7766,491.1369,2091.0994,0.6435475,1805.9193,-0.06070626
70,1643,202.69081,3465.6768,205326.765625,3379253.0,426.55417,590.10406,566.3013,1869.2556,0.5223904,1814.6504,0.0035333817
71,1328,208.90663,2892.9578,199599.578125,3379191.0,292.5753,552.1845,473.0369,2591.7908,0.6953713,1802.9126,-0.16590147
72,1267,203.14917,2966.0781,200330.78125,3379248.5,354.8366,526.9475,437.8753,2276.6702,0.6803933,1804.4083,-0.104457356
73,1108,205.49458,3109.416,201764.15625,3379225.0,381.91156,575.92914,573.75635,2498.1824,0.6371129,1807.3481,-0.14651833
74,1499,207.08339,2413.5244,194805.25,3379209.25,1054.4089,1277.7599,1309.6324,1734.3469,0.14747055,1793.0835,0.04582049
75,1408,210.29048,2521.4048,195884.046875,3379177.0,400.1328,638.517,624.89276,2218.0688,0.57032806,1795.2968,-0.094770834
76,1504,212.36104,3378.6296,204456.296875,3379156.5,404.8195,598.10004,617.1762,2357.3564,0.5908641,1812.8712,-0.104962066
77,1317,214.87851,2930.3394,199973.390625,3379131.25,352.3827,583.94037,444.73575,2832.3647,0.7285369,1803.6824,-0.20509073
78,1285,215.74942,2485.7659,195527.65625,3379122.5,417.18832,658.56573,676.4864,2166.3735,0.5323254,1794.5693,-0.08326102
79,1372,215.56778,3303.8142,203708.140625,3379124.25,327.0317,494.71503,390.8225,2277.6191,0.7002496,1811.3392,-0.09302896
80,1307,215.23566,3419.371,204863.71875,3379127.75,397.95486,561.0275,501.4036,2118.316,0.60079277,1813.708,-0.037646625
81,1407,217.17342,3515.4868,205824.875,3379108.25,296.2303,476.83154,425.6926,2630.358,0.7192734,1815.6797,-0.16682228
82,1241,219.99194,3172.992,202399.921875,3379080.0,448.64746,667.6942,656.96375,2624.278,0.6074761,1808.6597,-0.1721765
83,1243,218.8206,2609.0964,196760.96875,3379091.75,439.88336,769.83264,728.0837,2803.6912,0.5883062,1797.0992,-0.20841196
84,1310,218.98473,2745.6733,198126.734375,3379090.25,376.629,627.0969,613.90686,2351.168,0.5886653,1799.899,-0.120717034
85,1257,216.69849,3003.2236,200702.234375,3379113.0,306.74622,457.85522,349.66986,2363.8142,0.74079627,1805.1775,-0.11825747
86,1330,220.37218,2824.8496,198918.5,3379076.25,416.5985,663.04285,734.7737,2262.0527,0.5418026,1801.523,-0.10690208
87,1082,222.08688,3138.9094,202059.09375,3379059.25,426.55453,646.12616,710.40894,2587.7847,0.5816593,1807.9622,-0.16990696
88,1258,224.49762,3206.2815,202732.8125,3379035.0,407.81915,595.0449,550.66614,2582.0508,0.6491348,1809.3447,-0.1624898
89,1318,229.044,2379.802,194468.015625,3378989.5,1064.2086,1323.9712,1415.8391,1843.8187,0.108561136,1792.4049,0.026577232
90,1243,225.61142,3073.6243,201406.25,3379024.0,247.47868,386.54385,327.38818,1920.9968,0.7108316,1806.6259,-0.017065162
91,1282,227.99689,3241.2114,203082.109375,3379000.0,441.14,647.1794,684.383,2403.4219,0.57170236,1810.0627,-0.11881994
92,1223,227.29845,2647.202,197142.015625,3379007.0,355.33606,624.08093,600.71216,2576.4333,0.6213922,1797.8853,-0.16656773
93,1398,227.7196,3338.9944,204059.9375,3379002.75,355.49142,550.3512,480.79147,2656.6528,0.68450296,1812.0673,-0.15207052
94,1260,234.96745,3273.5413,203405.40625,3378930.25,349.92776,555.50476,523.6627,2699.1155,0.680327,1810.7295,-0.18055269
95,1180,233.78813,2685.4194,197524.1875,3378942.0,288.85507,520.97205,477.02795,2341.1821,0.6633494,1798.6724,-0.11743748
96,1384,237.56213,3483.591,205505.90625,3378904.5,290.5726,454.16473,380.0325,2444.7568,0.7292127,1815.0371,-0.12761812
97,1336,240.0449,2581.1438,196481.4375,3378879.5,414.32187,677.1287,666.9349,2449.0254,0.57456034,1796.5385,-0.14358921
98,1201,237.95837,2773.3271,198403.265625,3378900.5,330.0,554.58704,535.24146,2178.1814,0.613378,1800.4768,-0.08581437
99,1340,241.64627,3445.353,205123.53125,3378863.5,347.228,535.3403,468.54514,2591.4507,0.6901495,1814.2555,-0.15646051
100,1341,240.91722,2541.314,196083.140625,3378870.75,499.0276,731.1812,772.5369,2070.8464,0.4786223,1795.7225,-0.06303877
101,1425,238.74667,2859.5383,199265.375,3378892.5,403.66174,647.29895,708.626,2231.094,0.5471765,1802.2445,-0.100579605
102,1184,237.0093,2969.7356,200367.359375,3378910.0,426.54013,611.75635,468.87628,2720.6677,0.70093584,1804.5026,-0.18068644
103,1071,233.29504,2335.732,194027.3125,3378947.0,1508.1643,1773.4958,1954.4501,2236.8787,0.07184102,1791.504,-0.10771752
104,1178,236.44142,3038.6545,201056.546875,3378915.5,321.05942,483.92825,402.4847,2285.9277,0.6999584,1805.915,-0.09691851
105,1355,242.46274,2300.9004,193679.0,3378855.25,784.4775,1027.0239,1108.7665,1974.8207,0.28980085,1790.7953,-0.036658447
106,1469,240.69095,2454.7312,195217.3125,3378873.0,247.0565,466.3397,354.73178,2181.1592,0.7188598,1793.9475,-0.09062498
107,1153,239.56721,3107.9487,201749.484375,3378884.25,316.39896,482.88986,450.3521,2232.4138,0.66490483,1807.3374,-0.086591505
108,1203,246.8246,2804.3325,198713.328125,3378811.75,407.97922,658.3957,662.8005,2386.8462,0.58343047,1801.1174,-0.12915482
109,1180,244.14067,2716.8533,197838.53125,3378838.5,270.03305,498.54745,474.69916,2199.5295,0.64699346,1799.3226,-0.09133387
110,1371,245.4741,2416.2546,194832.546875,3378825.25,469.40555,714.24,651.9511,2130.334,0.5450248,1793.1616,-0.07863612
111,1315,244.99467,2897.3416,199643.421875,3378830.0,262.78024,494.94067,426.59924,2319.7778,0.6956501,1803.0231,-0.1154028
112,1241,247.61322,3407.8171,204748.171875,3378803.75,459.274,672.3759,751.85175,2268.5178,0.5148153,1813.4893,-0.062300757
113,1409,249.99077,2497.4336,195644.34375,3378780.0,382.1462,614.06104,626.85876,2118.821,0.5567049,1794.8282,-0.078177616
114,1265,249.79842,3370.0837,204370.84375,3378782.0,401.01187,613.9095,675.7289,2386.076,0.5682358,1812.7169,-0.082623266
115,1200,249.38,2936.5674,200035.671875,3378786.25,264.96875,418.12833,311.825,2156.6526,0.74730945,1803.8296,-0.081372716
116,1236,252.78964,2624.673,196916.734375,3378752.0,263.85275,467.79773,400.43204,2175.2322,0.6950251,1797.4381,-0.087887704
117,1370,253.29416,3523.4219,205904.21875,3378747.0,290.4281,467.0427,382.55182,2560.3508,0.7390016,1815.8624,-0.14875604
118,1146,251.37608,3002.9424,200699.421875,3378766.25,342.48386,505.8835,384.28754,2484.7273,0.72289777,1805.1914,-0.13427961
119,1286,254.72629,3148.588,202155.875,3378732.75,425.37753,622.77954,623.888,2520.7578,0.60686046,1808.1791,-0.15139669
120,1349,256.28836,3304.8296,203718.296875,3378717.0,410.63232,647.2661,587.0982,2946.5896,0.6668814,1811.3828,-0.21246314
121,1037,257.01254,2349.0425,194160.421875,3378709.75,720.60944,963.37415,994.3819,1574.8813,0.18826239,1791.7905,0.106914654
122,1290,257.63876,3187.0232,202540.234375,3378703.5,355.39572,524.17053,476.55386,2322.9507,0.66399807,1808.9686,-0.10394572
123,1144,261.63898,2261.188,193281.875,3378663.5,763.2496,1004.7089,1017.39557,1412.649,0.12137355,1789.9924,0.15429473
124,1312,261.46494,3224.1562,202911.5625,3378665.25,325.88568,491.05374,458.22598,2265.8442,0.67307454,1809.7319,-0.09245578
125,1302,262.38403,2667.0845,197340.84375,3378656.25,206.0,386.4017,322.12213,2196.1145,0.74539,1798.313,-0.092927404
126,1266,262.93207,2746.09,198130.90625,3378650.75,280.95813,502.95813,489.0316,2221.041,0.65285677,1799.9327,-0.096942306
127,1370,266.82626,2832.043,198990.4375,3378611.75,354.76715,591.03796,583.22266,2342.7014,0.6168081,1801.6969,-0.11962212
128,1253,262.19794,3074.2363,201412.359375,3378658.0,282.07062,435.10016,349.4174,2208.7183,0.7265909,1806.659,-0.08222079
129,1190,265.01428,2382.511,194495.109375,3378629.75,496.64957,751.9916,767.9269,2156.2102,0.47989428,1792.4812,-0.08468215
130,1243,267.1947,3338.3,204053.0,3378608.0,306.4847,501.86566,459.98795,2638.7004,0.70855534,1812.0751,-0.15413532
131,1317,270.07593,3263.0662,203300.65625,3378579.25,392.9108,607.664,699.2445,2348.5088,0.55467016,1810.5344,-0.11519411
132,1223,273.88553,2522.3801,195893.796875,3378541.25,388.9305,644.78253,584.6868,2374.014,0.6164896,1795.3534,-0.1323048
133,1210,272.662,2560.5356,196275.359375,3378553.5,452.0628,710.6165,707.14215,2300.762,0.5438261,1796.1348,-0.115038835
134,1184,273.9257,2597.8462,196648.46875,3378540.75,450.212,704.1385,763.5093,2259.6614,0.51073205,1796.9003,-0.1086711
135,1047,267.94937,3038.2188,201052.1875,3378600.5,336.2068,506.00668,391.79895,2491.7463,0.72724557,1805.924,-0.15225121
136,1119,273.79984,3460.8008,205278.0,3378542.0,353.85388,564.5599,689.2413,2409.0774,0.57938343,1814.5901,-0.12099073
137,1249,272.30664,2967.104,200341.03125,3378557.0,256.10968,410.44836,311.8719,2147.962,0.7431046,1804.4686,-0.07575099
138,1120,271.025,3110.4187,201774.1875,3378569.75,283.4348,424.87054,373.39197,1944.208,0.6818832,1807.4058,-0.013754664
139,1150,274.76175,3491.4956,205584.953125,3378532.5,283.5087,455.56738,440.07825,2320.1658,0.6856503,1815.22,-0.11036176
140,1299,275.39877,2224.666,192916.65625,3378526.0,520.3071,730.24097,723.0724,1804.1001,0.3958238,1789.2518,0.027814899
141,1169,278.53976,2321.4353,193884.359375,3378494.5,786.4205,1038.2498,1098.1527,1825.7477,0.2239782,1791.2372,0.026972247
142,1207,275.92957,2437.7192,195047.1875,3378520.75,289.15823,529.35876,434.4598,2357.8525,0.6881851,1793.6191,-0.13034074
143,1428,277.45728,2874.1926,199411.921875,3378505.5,435.22128,692.979,708.549,2453.5476,0.5649546,1802.567,-0.14343975
144,1165,275.60257,2916.3562,199833.5625,3378524.0,242.99957,435.55493,367.14594,2004.4382,0.70435685,1803.4302,-0.044084333
145,1052,276.8964,2289.386,193563.859375,3378511.0,1158.6364,1414.1877,1504.9796,1797.9796,0.057068378,1790.5793,0.04550363
146,1344,277.41293,2705.5469,197725.46875,3378505.75,221.43973,409.85938,338.5119,2119.3862,0.72369677,1799.11,-0.075071104
147,1377,280.24545,2472.1802,195391.796875,3378477.5,459.01453,724.0574,760.069,2263.5469,0.51325446,1794.328,-0.11135361
148,1394,278.25897,2782.4592,198494.59375,3378497.5,232.93974,414.7848,329.03873,2270.3186,0.74539137,1800.687,-0.104329996
149,1034,276.56094,3393.1934,204601.9375,3378514.5,359.5092,571.4338,755.5106,2202.0527,0.52145576,1813.2057,-0.07933544
150,1231,275.27863,2099.2542,191662.546875,3378527.25,770.9858,1030.4476,1087.0922,1864.4484,0.23998135,1786.6812,0.011979028
151,1259,283.35822,3430.244,204972.4375,3378446.5,440.6946,675.40546,919.6541,2419.8784,0.45992467,1813.969,-0.13102616
152,1186,275.3853,2181.9797,192489.796875,3378526.25,564.6324,803.8895,867.7462,2075.3474,0.37148738,1788.3768,-0.01831494
153,1100,284.1591,3542.8628,206098.625,3378438.5,363.12726,570.98315,544.12366,2457.594,0.63519907,1816.2782,-0.12520951
154,1333,279.8222,2055.2603,191222.59375,3378481.75,1057.2693,1321.7021,1422.9565,1875.2137,0.13378592,1785.7821,0.0028020672
155,1188,277.5707,2139.2524,192062.53125,3378504.25,555.82324,765.13214,775.0631,1698.8308,0.35748306,1787.5024,0.055159792
156,1216,286.21463,2639.7886,197067.890625,3378417.75,275.25986,483.56085,459.76315,2135.9875,0.6572982,1797.7671,-0.0802707
157,1034,282.1586,3008.059,200750.59375,3378458.5,330.99033,487.6112,368.14313,2377.7422,0.7295366,1805.3137,-0.12611091
158,1211,289.22626,2405.0925,194720.921875,3378387.75,308.4616,533.74896,443.2205,2309.5078,0.6784791,1792.9581,-0.11923606
159,1122,288.15598,3169.8752,202368.75,3378398.5,403.47238,592.09314,667.5281,2102.7078,0.5244187,1808.6343,-0.062611915
160,1053,289.038,3136.8472,202038.46875,3378389.5,427.17807,612.09973,653.37085,2146.8818,0.5436083,1807.9576,-0.067336604
161,1209,290.6799,3292.0232,203590.234375,3378373.25,463.21298,707.7436,831.1071,2350.7896,0.4929202,1811.1396,-0.11144285
162,1045,289.11865,2353.203,194202.03125,3378388.75,554.52155,838.24976,891.6239,2094.7244,0.4055866,1791.8944,-0.0722117
163,1226,293.87927,3364.3125,204313.125,3378341.25,287.08197,483.45227,443.72635,2564.5073,0.70455176,1812.6233,-0.12126099
164,1300,297.3446,3202.3447,202693.453125,3378306.5,313.43576,459.5696,452.325,2067.9443,0.64450884,1809.305,-0.04951543
165,1210,298.58762,2943.9082,200109.078125,3378294.0,306.59503,476.15952,430.6781,2010.8046,0.6599626,1804.008,-0.041409306
166,1140,294.93246,3237.2913,203042.90625,3378330.75,317.72412,476.825,446.0627,2266.679,0.6797962,1810.02,-0.083287776
167,1129,297.57486,3510.434,205774.34375,3378304.25,263.5155,432.4052,340.3884,2349.8547,0.74024475,1815.6208,-0.10065257
168,1049,294.80075,3053.6416,201206.421875,3378332.0,324.0391,489.98428,417.3284,2213.981,0.68780416,1806.2554,-0.09375559
169,1294,301.90417,2809.8516,198768.515625,3378261.0,223.18857,394.88254,295.13754,2359.6646,0.77658063,1801.262,-0.1265255
170,1245,302.33414,2500.294,195672.9375,3378256.75,330.93655,564.26746,509.8008,2233.8152,0.63721585,1794.917,-0.103623025
171,1185,298.4017,3088.7166,201557.171875,3378296.0,299.48102,444.08566,353.54938,2265.872,0.7293124,1806.9763,-0.09967872
172,1263,301.28503,3326.1172,203931.171875,3378267.25,329.58987,527.46954,656.8785,2164.4937,0.54835725,1811.8445,-0.068137266
173,1136,296.69894,2261.374,193283.734375,3378313.0,631.48065,861.58624,905.8583,1945.9762,0.37920478,1790.0166,-0.033755124
174,1246,299.96228,2674.0378,197410.375,3378280.5,201.07945,363.4326,274.0883,2104.068,0.76945585,1798.477,-0.07360989
175,1310,297.18015,2744.4893,198114.890625,3378308.25,223.7687,402.60153,316.89694,2263.3176,0.75234383,1799.9196,-0.1000792
176,1154,300.21664,2844.1108,199111.109375,3378277.75,200.34142,361.42722,276.1196,2206.6768,0.7756917,1801.9633,-0.09029823
177,1113,303.0135,2199.2192,192662.1875,3378249.75,532.50854,723.5759,765.9766,1850.7224,0.41992372,1788.7463,-0.010217319
178,1048,302.55344,2986.317,200533.171875,3378254.5,320.5749,478.76956,392.0148,2044.396,0.67330724,1804.8796,-0.04860734
179,1144,304.0743,2084.2195,191512.1875,3378239.25,490.94318,753.6337,806.8086,2143.1687,0.4551306,1786.3899,-0.082308166
180,1132,303.84982,2159.5212,192265.21875,3378241.5,562.4558,763.8878,812.9841,1907.4135,0.4068796,1787.9331,-0.015545995
181,1099,304.8717,2612.1038,196791.03125,3378231.25,323.2848,551.27295,582.06006,2130.0083,0.61415356,1797.2103,-0.07674653
182,1172,305.41895,2540.25,196072.5,3378225.75,358.6519,619.16296,588.3157,2349.8694,0.60376936,1795.7378,-0.12508705
183,1098,304.33972,2574.4617,196414.625,3378236.5,408.74863,671.93445,696.9508,2297.276,0.5547467,1796.4385,-0.113223426
184,1185,305.56287,2904.3257,199713.25,3378224.25,404.04895,642.7106,630.55023,2253.4294,0.5767037,1803.2007,-0.09963589
185,1474,316.44302,2013.6255,190806.25,3378115.5,659.7849,944.7951,988.9898,2174.6147,0.377443,1784.9502,-0.08734984
186,1234,308.74472,2120.4214,191874.21875,3378192.5,539.7958,735.9822,742.77716,1715.9976,0.3846518,1787.1346,0.042917017
187,1106,309.81464,2375.2007,194422.0,3378181.75,487.28482,716.4964,724.06964,2034.5642,0.48864087,1792.3573,-0.055082563
188,965,305.1575,3402.4146,204694.140625,3378228.5,251.59741,429.00882,444.1912,2195.7312,0.67460465,1813.4108,-0.08148069
189,1080,311.53333,3026.099,200931.0,3378164.75,259.7486,407.48798,321.1361,2088.3306,0.7325993,1805.7002,-0.06534178
190,1065,312.8094,3569.171,206361.71875,3378152.0,261.83286,430.13147,394.23895,1878.7174,0.64617246,1816.8335,0.02374551
191,1161,309.41776,2302.6323,193696.328125,3378185.75,438.76917,657.7838,668.65717,2074.1584,0.5282045,1790.8696,-0.0563313
192,1215,312.35638,2048.1343,191151.34375,3378156.5,539.4395,809.78845,869.1432,2188.9004,0.43172583,1785.6552,-0.092012174
193,1117,311.94092,2233.2937,193002.9375,3378160.5,624.6885,827.10114,900.9373,1852.5049,0.35679758,1789.45,-0.0071547977
194,1361,310.975,3464.679,205316.78125,3378170.25,446.00992,704.47095,867.60876,2520.4746,0.5056797,1814.6904,-0.14122863
195,1209,311.20926,2437.1292,195041.296875,3378168.0,273.56412,501.06204,385.39786,2432.379,0.72615093,1793.6274,-0.14443776
196,1080,315.10648,3120.4138,201874.140625,3378129.0,365.76944,532.9551,478.69952,2278.5212,0.66033196,1807.6355,-0.10077648
197,1201,316.63947,3263.687,203306.875,3378113.5,495.68277,722.7544,858.0658,2306.2957,0.47079036,1810.5734,-0.09151665
198,1234,313.2666,2709.137,197761.375,3378147.25,239.29012,422.79822,315.79904,2402.5972,0.7669892,1799.2041,-0.1370239
199,1279,319.3198,2776.7327,198437.328125,3378086.75,213.28539,379.92572,291.8796,2243.534,0.76810145,1800.5931,-0.09832167
200,1188,319.8426,2872.633,199396.328125,3378081.5,206.85185,376.06903,299.1793,2219.3762,0.7595877,1802.5591,-0.09608046
201,1260,321.20953,2337.8523,194048.53125,3378068.0,558.75397,826.75793,880.8349,2228.0857,0.4358907,1791.5984,-0.10144066
202,1006,317.4642,3537.688,206046.875,3378105.25,304.9811,497.93738,405.92743,2504.326,0.7153679,1816.1907,-0.13562526
203,1292,322.48917,2470.5967,195375.96875,3378055.0,292.60138,494.1989,429.19504,2070.3652,0.6578612,1794.32,-0.066320874
204,1221,320.4439,3159.8435,202268.4375,3378075.5,412.36078,586.67975,585.92096,2165.4624,0.574408,1808.4468,-0.072989844
205,1161,323.33765,3429.0,204960.0,3378046.5,389.06287,605.86993,720.4875,2196.6416,0.5254938,1813.9658,-0.058709215
206,1195,326.22928,2646.2402,197132.40625,3378017.75,262.48367,453.04352,423.03012,2055.5012,0.6748601,1797.9222,-0.06315998
207,978,324.52658,2968.872,200358.71875,3378034.75,332.51126,504.54498,432.4039,1996.432,0.6475879,1804.5345,-0.038392052
208,1205,328.4473,3493.7053,205607.0625,3377995.5,359.9195,587.34106,670.9867,2622.7178,0.6175947,1815.2952,-0.15892714
209,1088,326.01196,3064.9788,201319.78125,3378020.0,359.4715,547.9136,527.744,2115.3765,0.60911524,1806.5054,-0.06547769
210,1125,328.65067,2274.3796,193413.796875,3377993.5,485.66223,722.4702,761.0009,2136.961,0.47995815,1790.3018,-0.07912699
211,1114,326.07,3294.9678,203619.6875,3378019.25,453.77737,677.7639,852.5,2199.8865,0.45511544,1811.2198,-0.087038144
212,1160,327.7069,3355.8086,204228.09375,3378003.0,514.2565,790.4961,902.0853,2718.7415,0.5182964,1812.4679,-0.17407939
213,1164,327.6658,2405.6006,194726.0,3378003.25,237.89348,467.20703,314.32217,2589.207,0.7804355,1792.9907,-0.17400245
214,970,330.27216,3597.269,206642.6875,3377977.25,254.3,399.8567,375.28607,1201.9805,0.52856714,1817.4192,0.22627282
215,995,331.22815,2178.4875,192454.875,3377967.75,726.4402,936.6784,1054.1448,1908.0452,0.28884068,1788.3378,-0.023706978
216,1212,330.6419,3230.6865,202976.859375,3377973.5,395.8028,566.9695,577.49585,2283.5603,0.60384667,1809.9048,-0.08507961
217,1054,330.67078,3390.3245,204573.25,3377973.25,448.15796,703.0503,754.5133,2662.5784,0.575239,1813.1771,-0.1567659
218,1079,331.9518,2520.2947,195872.953125,3377960.5,399.4115,636.7424,675.278,2176.481,0.5470555,1795.344,-0.08837482
219,1133,332.46603,2932.0706,199990.703125,3377955.25,483.38702,732.20435,753.3557,2270.4268,0.5231425,1803.7847,-0.10841335
220,949,331.62698,2585.9336,196529.34375,3377963.75,396.54584,630.177,651.27924,2130.9536,0.5539765,1796.6892,-0.07856107
221,1266,334.65088,3196.7402,202637.40625,3377933.5,461.6035,667.08136,640.3116,2698.8796,0.62197906,1809.2112,-0.17040381
222,987,334.33636,3007.623,200746.234375,3377936.75,344.92856,513.2811,403.64996,2189.1113,0.68204254,1805.3344,-0.0790182
223,1149,332.71106,2744.7502,198117.5,3377953.0,207.0113,372.25327,274.60837,2254.8826,0.7822688,1799.9452,-0.10538213
224,1102,337.4501,2146.3875,192133.875,3377905.5,758.83484,948.0172,1045.52,1778.9564,0.26072332,1787.6835,0.010209556
225,1086,337.47238,3097.4844,201644.84375,3377905.25,307.30618,460.42816,415.9742,2135.47,0.6833608,1807.1781,-0.07410873
226,1058,337.72116,2209.6257,192766.25,3377902.75,668.276,889.103,947.45087,1992.5907,0.35555285,1788.9799,-0.045163367
227,1174,335.64053,2840.9216,199079.21875,3377923.5,198.57326,363.0741,266.28366,2286.798,0.7906148,1801.9181,-0.11393989
228,997,337.7332,2617.5166,196845.171875,3377902.75,248.44232,445.72318,390.24673,2021.32,0.6924652,1797.3401,-0.053220514
229,1145,337.12488,2676.7957,197437.953125,3377908.75,192.63843,343.20087,255.01048,2059.0105,0.77906096,1798.5548,-0.06337466
230,1200,337.51334,2080.6917,191476.921875,3377904.75,525.73834,749.5108,769.80084,1956.0292,0.42059857,1786.337,-0.019853659
231,1208,342.59106,2553.673,196206.734375,3377854.0,336.4172,569.6937,576.2939,2096.403,0.58163536,1796.0343,-0.06990156
232,1216,340.39557,2806.9893,198739.890625,3377876.0,196.40543,354.54605,264.54935,2180.2024,0.78303033,1801.2253,-0.07911815
233,1144,340.62238,3326.0464,203930.46875,3377873.75,432.08786,651.55945,795.4069,2361.453,0.5043385,1811.8651,-0.116686456
234,1266,345.5553,1972.6769,190396.765625,3377824.5,1009.58057,1275.5521,1368.1035,2068.549,0.23315284,1784.128,-0.06757067
235,1051,341.21313,2900.644,199676.4375,3377867.75,233.42293,419.392,330.75168,2367.4329,0.7527302,1803.1455,-0.11657554
236,1007,343.80835,3523.9404,205909.40625,3377842.0,220.25273,376.18817,338.37836,1826.867,0.69375646,1815.9235,0.057692714
237,1095,343.10684,2113.6091,191806.09375,3377849.0,582.6932,776.5443,804.90045,1837.4082,0.37862998,1787.015,0.008449213
238,1137,345.50925,2245.4458,193124.453125,3377825.0,689.2005,923.4758,1024.7933,2037.1144,0.33412468,1789.7185,-0.05728156
239,1082,346.62476,3041.4695,201084.6875,3377813.75,282.9963,434.3327,336.42975,2091.9727,0.71533734,1806.0352,-0.054071482
240,1151,344.86273,2309.5066,193765.0625,3377831.25,574.8445,815.09125,876.4457,2030.3015,0.40890855,1791.0311,-0.054529704
241,1165,343.89957,2372.1184,194391.1875,3377841.0,424.07037,678.4386,629.86523,2379.4087,0.5817462,1792.3138,-0.12662524
242,1120,350.23126,2495.299,195622.984375,3377777.75,215.375,380.85892,303.4402,2032.9224,0.7463733,1794.8423,-0.058826357
243,1134,347.29276,3133.8376,202008.375,3377807.0,338.72928,491.88977,404.80246,2286.622,0.69449764,1807.9288,-0.103650786
244,1098,348.66302,3447.1611,205141.609375,3377793.25,393.79007,605.58655,698.0141,2181.424,0.5415079,1814.3523,-0.04629947
245,1248,347.42627,2043.8044,191108.046875,3377805.75,550.7989,821.97595,877.9519,2229.552,0.4330098,1785.5869,-0.10181218
246,1202,347.1589,2441.2197,195082.203125,3377808.5,218.12563,399.64227,292.56573,2176.381,0.76511234,1793.732,-0.088542804
247,1115,348.0852,3559.627,206266.265625,3377799.25,210.64037,340.55515,330.5148,1182.3713,0.58061,1816.6575,0.24484387
248,1097,347.18323,2712.7073,197797.078125,3377808.25,192.36281,345.51596,256.24158,2073.0547,0.7795941,1799.2966,-0.06430946
249,1048,355.688,3623.354,206903.53125,3377723.0,249.09875,437.80774,425.3416,2283.098,0.69968563,1817.968,-0.06274451
250,832,351.28244,2960.84,200278.40625,3377767.25,449.84134,663.58234,669.4147,2176.5103,0.5499761,1804.385,-0.0872949
251,1092,353.8901,3170.3096,202373.09375,3377741.0,396.07236,572.8329,513.2413,2456.7097,0.65765667,1808.6802,-0.13803291
252,852,354.8932,2990.9895,200579.890625,3377731.0,339.47006,516.34564,456.54813,2007.7124,0.6368211,1805.0051,-0.04250857
253,1410,357.4752,2008.6582,190756.578125,3377705.25,519.6681,809.9929,839.7745,2212.554,0.44793198,1784.8724,-0.09977304
254,1123,360.18967,3473.407,205404.0625,3377678.0,396.58014,613.1447,783.86285,2199.168,0.5058394,1814.8967,-0.070383966
255,1333,356.68643,3260.7397,203277.40625,3377713.25,405.3931,595.2813,704.59375,1970.5521,0.4862407,1810.5354,-0.033261377
256,1869,360.6977,1928.762,189957.625,3377673.0,933.81915,1188.6174,1313.107,1972.2173,0.21347441,1783.2368,-0.039300833
257,1148,359.32056,2342.0784,194090.78125,3377686.75,627.29266,934.1472,998.2361,2241.9043,0.38079932,1791.707,-0.104593605
258,1200,360.0325,2873.115,199401.15625,3377679.75,185.74083,348.90167,259.215,2279.0142,0.7946899,1802.5919,-0.111266516
259,1250,362.0752,3413.9712,204809.71875,3377659.25,286.85,466.1492,423.0324,2222.1147,0.6907713,1813.6794,-0.058143597
260,907,357.8666,3589.3528,206563.53125,3377701.25,267.2117,423.57498,424.8484,1523.1698,0.5625818,1817.2722,0.13644265
261,1261,361.47977,2776.3442,198433.4375,3377665.25,193.76685,350.93814,257.20697,2258.3386,0.7964041,1800.6093,-0.10703458
262,1005,359.19302,3380.1213,204471.21875,3377688.0,455.63086,708.44824,885.003,2292.2224,0.46787345,1812.984,-0.093315095
263,1061,362.51743,3077.4985,201444.984375,3377654.75,327.66495,501.37183,422.82327,2229.049,0.6873614,1806.7826,-0.09258654
264,1079,359.0936,3295.393,203623.9375,3377689.0,358.59592,543.3253,577.6214,2288.3467,0.60572493,1811.2471,-0.09920977
265,1169,362.22412,2407.5166,194745.171875,3377657.75,210.44312,423.24124,272.5569,2483.1855,0.8019039,1793.0499,-0.15127665
266,1126,363.62167,2279.96,193469.59375,3377643.75,678.63586,897.3464,968.66077,1957.8259,0.34994623,1790.4364,-0.036629558
267,1135,366.83347,2470.622,195376.21875,3377611.75,181.11366,327.06607,235.07489,1945.066,0.7842919,1794.3461,-0.038185455
268,1030,361.97864,2587.936,196549.359375,3377660.25,362.60678,617.1417,652.0592,2150.7932,0.5521122,1796.7477,-0.08357491
269,1322,366.9758,3223.7617,202907.625,3377610.25,387.03745,560.66113,636.3831,2028.8525,0.53071225,1809.7832,-0.0503556
270,1747,375.65485,1888.1454,189551.453125,3377523.5,1055.0664,1311.5598,1433.2959,1820.3749,0.108908504,1782.4132,0.021532398
271,1154,363.81628,2176.7488,192437.484375,3377641.75,605.5797,885.6811,923.2262,2346.3518,0.43737546,1788.3212,-0.12570113
272,1185,369.5384,2653.6785,197206.78125,3377584.5,206.34262,379.53418,304.93924,1973.0101,0.7359291,1798.0996,-0.0431179
273,1114,368.24954,3351.176,204181.765625,3377597.5,412.0202,622.0826,810.2078,2097.2761,0.4608346,1812.3958,-0.062960625
274,1086,369.50922,3501.6667,205686.671875,3377585.0,291.10358,476.9383,466.22006,2290.0728,0.6892518,1815.4812,-0.069081984
275,1182,369.07275,2525.2715,195922.71875,3377589.25,323.20303,544.8621,549.3333,2132.88,0.61603177,1795.4674,-0.07946509
276,1112,369.3579,2623.8381,196908.375,3377586.5,237.84262,449.05936,372.2761,2135.419,0.7091114,1797.4878,-0.08049661
277,975,368.04614,2686.7363,197537.359375,3377599.5,204.94872,367.93436,265.9918,2219.562,0.7860077,1798.7762,-0.100373395
278,1032,365.98062,2744.8208,198118.203125,3377620.25,173.39923,323.29166,232.79361,2166.7898,0.8055323,1799.9656,-0.09046417
279,888,369.15652,2941.8389,200088.390625,3377588.5,429.16385,628.1847,591.1599,2192.3013,0.5856739,1804.0057,-0.089664
280,1086,368.34348,2216.337,192833.375,3377596.5,636.7956,937.5608,965.81494,2428.615,0.43062612,1789.1351,-0.14555593
281,1018,371.3281,2913.898,199808.984375,3377566.75,206.92534,380.1444,297.98233,2239.6807,0.7674305,1803.4342,-0.09598116
282,1064,371.90695,3020.2537,200872.53125,3377561.0,347.96805,527.7105,424.867,2253.154,0.68293667,1805.6146,-0.09183799
283,1135,372.2511,2072.2485,191392.484375,3377557.5,654.9771,849.9066,907.7674,1680.0969,0.2916995,1786.1843,0.049837444
284,1138,371.7267,2140.0422,192070.421875,3377562.75,571.74164,832.6397,845.66345,2328.7576,0.47078326,1787.5735,-0.1239309
285,1076,369.5604,2838.7927,199057.921875,3377584.5,181.38383,331.9721,246.61432,2191.7993,0.79740304,1801.8938,-0.09004783
286,1146,373.6431,3111.1055,201781.0625,3377543.5,271.1309,427.0637,386.10165,1980.8949,0.6783277,1807.4778,-0.037515245
287,1085,375.22028,2104.907,191719.0625,3377527.75,693.9604,918.1327,1000.76776,2022.3788,0.34000525,1786.8553,-0.053326584
288,1047,375.02292,3535.0688,206020.6875,3377529.75,198.65282,360.09503,275.55014,1866.3104,0.74763024,1816.169,0.061101668
289,1063,376.54092,2808.8523,198758.53125,3377514.5,180.75165,336.3857,248.87206,2225.3884,0.8007311,1801.284,-0.09663013
290,1271,381.49017,3190.5815,202575.8125,3377465.0,403.8619,597.24506,606.8946,2209.0652,0.5810851,1809.1113,-0.086324185
291,895,378.55865,3651.9453,207189.453125,3377494.5,190.30334,381.86703,306.31564,2050.1362,0.7473499,1818.5668,-0.0095216585
292,1152,379.22134,2376.9722,194439.71875,3377487.75,228.6632,464.97308,321.87415,2430.9956,0.76578605,1792.4337,-0.14038336
293,1129,379.7024,2559.5615,196265.609375,3377483.0,366.64392,611.7883,614.2383,2202.543,0.5745766,1796.1764,-0.09764908
294,1152,380.0703,3148.1936,202151.9375,3377479.25,230.43707,366.1632,290.98047,1955.6233,0.7381184,1808.2416,-0.031935185
295,1114,380.49103,3322.6042,203896.046875,3377475.0,324.47263,518.64856,641.23785,2139.153,0.5485403,1811.8169,-0.07125455
296,986,380.22818,3054.2505,201212.5,3377477.75,390.56744,585.0811,503.1516,2455.9812,0.65791667,1806.3162,-0.13068713
297,1369,378.48868,1972.6749,190396.75,3377495.0,513.51495,767.73706,721.2491,2194.7495,0.5090717,1784.1472,-0.09743844
298,1119,381.1117,2249.8777,193168.78125,3377469.0,674.62915,946.4647,1040.1287,2224.4753,0.3616799,1789.83,-0.09974831
299,1151,381.74457,2312.4102,193794.09375,3377462.5,636.09296,913.4144,982.8045,2070.1997,0.35947236,1791.1119,-0.06586138
300,937,380.21024,2980.189,200471.890625,3377478.0,461.8826,677.0603,675.6169,2179.961,0.5449128,1804.7981,-0.08684755
301,1137,383.6816,2436.7688,195037.6875,3377443.25,160.77045,302.62708,208.50131,1945.1855,0.80600536,1793.6619,-0.038235564
302,1055,383.5204,2717.7668,197847.671875,3377444.75,172.782,321.04834,234.91563,2095.4512,0.797697,1799.4211,-0.07396532
303,1238,384.8861,2040.5581,191075.578125,3377431.25,631.9039,865.18823,911.6955,1844.9661,0.32526308,1785.5422,0.009406801
304,1038,385.87668,3566.7842,206337.84375,3377421.25,232.50482,411.4292,361.53323,2189.1545,0.7280636,1816.8252,-0.046430174
305,1275,388.2894,3443.2007,205102.0,3377397.0,263.48392,430.4847,407.4102,2329.6875,0.7244612,1814.2932,-0.10150544
306,908,385.70816,3597.9263,206649.265625,3377423.0,199.83755,369.53854,324.38104,2025.2202,0.7492255,1817.4634,-0.0030213192
307,1641,397.80255,1850.7947,189177.953125,3377302.0,1197.847,1454.8702,1573.5984,1849.0201,0.07051458,1781.6608,0.019206684
308,1035,391.96136,2892.7778,199597.78125,3377360.5,161.86667,308.9855,237.30048,2048.4387,0.7923748,1803.0131,-0.057155855
309,1207,391.70258,3286.353,203533.53125,3377363.0,477.3368,684.15283,788.16614,2157.263,0.47470006,1811.0801,-0.06673762
310,842,388.52255,3627.4573,206944.578125,3377394.75,258.69418,473.73694,462.67517,2515.6003,0.7064208,1818.0703,-0.12520698
311,991,392.63773,2191.458,192584.578125,3377353.5,695.53076,994.7972,1075.8143,2317.4814,0.36800456,1788.6394,-0.1264378
312,1269,396.0993,2498.8904,195658.90625,3377319.0,180.82663,332.85815,242.13554,1987.4666,0.7833223,1794.9423,-0.048616335
313,1062,392.58945,2597.3438,196643.4375,3377354.0,417.9228,688.63654,756.8446,2257.2317,0.52468926,1796.9581,-0.10694094
314,1334,396.03073,3251.0908,203180.90625,3377319.75,507.5581,720.0712,781.1975,2370.6462,0.51541054,1810.3597,-0.11486047
315,1060,395.1019,2858.282,199252.8125,3377329.0,172.81415,325.63113,238.39906,2194.0227,0.8033646,1802.3079,-0.093761295
316,1093,393.79324,2345.042,194120.421875,3377342.0,436.14456,667.75024,670.4017,2094.01,0.5271789,1791.7877,-0.06905021
317,1131,392.94608,3381.5288,204485.28125,3377350.5,387.2175,593.7069,772.56055,2227.6548,0.4944671,1813.0317,-0.09369907
318,1374,399.05386,2008.1266,190751.265625,3377289.5,536.27,784.81366,829.3086,2059.7686,0.4305022,1784.8859,-0.059554566
319,1086,398.6068,2158.1538,192251.53125,3377294.0,588.4466,876.47424,888.1722,2382.4568,0.45891818,1787.9603,-0.13814624
320,999,400.6006,3672.6306,207396.3125,3377274.0,233.22122,438.6241,409.52203,2171.5862,0.6974609,1819.003,-0.027644737
321,1156,400.0026,2787.6487,198546.484375,3377280.0,157.36592,302.404,222.00432,2092.5105,0.80794513,1800.8629,-0.06580845
322,881,397.43472,2950.11,200171.09375,3377305.75,390.58456,588.52045,517.35187,2217.1663,0.6360506,1804.1913,-0.09567565
323,1181,400.14902,3087.58,201545.796875,3377278.5,351.79425,511.20154,414.6325,2275.5127,0.6804907,1807.0105,-0.07821353
324,1376,405.18677,1953.6068,190206.0625,3377228.25,584.165,836.43317,899.13007,2052.5037,0.399095,1783.7721,-0.06312625
325,1198,399.788,2751.3757,198183.75,3377282.0,151.68198,290.1995,217.7329,1945.3998,0.7982308,1800.1193,-0.035934616
326,1141,400.83875,3411.262,204782.625,3377271.5,388.85495,591.9461,747.3462,2185.559,0.51056695,1813.6456,-0.08346329
327,1229,400.92514,3473.58,205405.796875,3377270.75,233.17697,390.70178,334.4121,2321.958,0.7550609,1814.923,-0.10139103
328,1539,405.58804,1918.3152,189853.15625,3377224.0,889.16895,1175.976,1258.6732,2209.5562,0.29564726,1783.0491,-0.099564984
329,1115,399.287,2280.9866,193479.859375,3377287.25,730.6215,1001.32825,1081.0171,2231.158,0.34580052,1790.4781,-0.10148348
330,1148,401.08276,2407.269,194742.6875,3377269.25,167.10628,332.6716,228.4277,1985.2535,0.79382974,1793.0674,-0.04696683
331,1021,400.70325,3010.2224,200772.21875,3377273.0,368.18118,561.4006,512.9917,2195.142,0.63161993,1805.4253,-0.09251459
332,1032,400.28778,2465.7402,195327.40625,3377277.0,172.70737,320.36917,221.67636,1999.782,0.79988474,1794.2653,-0.051984698
333,1016,398.43503,2684.6724,197516.71875,3377295.75,187.84744,341.06396,242.67618,2184.499,0.7998067,1798.7513,-0.09465552
334,1033,402.75604,2220.8005,192878.0,3377252.5,681.9148,971.606,1062.5101,2241.243,0.35724702,1789.2467,-0.10579894
335,1124,404.2945,2532.2197,195992.203125,3377237.0,336.45996,550.83716,525.5196,2070.7776,0.604374,1795.6301,-0.06583347
336,1151,404.18417,3506.7515,205737.515625,3377238.25,226.45656,385.7967,331.35492,2104.4956,0.73050696,1815.6047,-0.057246037
337,1148,405.64026,2118.358,191853.578125,3377223.5,662.0061,959.64545,1060.3772,2415.5454,0.39386126,1787.1488,-0.14573094
338,1336,407.3937,3215.575,202825.75,3377206.0,244.93451,400.31326,339.0842,2079.5557,0.724936,1809.6382,-0.05531839
339,1245,406.604,2081.7913,191487.90625,3377214.0,702.93335,942.80963,1030.3245,2091.1035,0.33521262,1786.4,-0.06822328
340,999,408.65466,2925.0881,199920.875,3377193.5,182.507,329.66916,238.79579,1977.9023,0.78384763,1803.6848,-0.039442882
341,1249,408.70856,3122.7078,201897.078125,3377193.0,304.1329,467.05844,377.32187,2218.4468,0.70734847,1807.7354,-0.084996976
342,1198,408.42236,3164.6729,202316.734375,3377195.75,240.4132,386.5964,325.1678,1970.5334,0.7192944,1808.5953,-0.03429688
343,1048,405.66794,2653.537,197205.375,3377223.25,209.38168,377.18607,299.59924,2026.813,0.74214697,1798.1174,-0.054767624
344,1248,409.94553,2826.6387,198936.390625,3377180.5,184.65544,343.91266,249.10738,2296.4575,0.8034777,1801.6677,-0.11360838
345,1058,407.1985,3045.8713,201128.71875,3377208.0,307.5671,468.7221,378.155,2184.5989,0.7038979,1806.1597,-0.079207644
346,1229,409.07324,3353.2864,204202.859375,3377189.25,388.00406,589.6465,754.2974,2067.2554,0.4838591,1812.4618,-0.056828413
347,1102,410.28766,2623.8213,196908.21875,3377177.0,205.67604,378.04175,272.49182,2131.705,0.77265495,1797.511,-0.08204092
348,1023,406.97067,3540.8435,206078.4375,3377210.25,244.09482,422.52982,396.44916,2058.2625,0.7096252,1816.3052,-0.032553397
349,1603,418.9607,1814.2102,188812.09375,3377090.5,1280.6033,1530.3594,1682.8141,2068.7373,0.11261476,1780.9235,-0.07018492
350,1068,412.76685,2568.794,196357.9375,3377152.25,207.16573,369.70224,286.6882,2006.6423,0.75483006,1796.3846,-0.05215782
351,797,407.78543,2976.7603,200437.59375,3377202.25,457.3557,670.4918,640.33813,2385.4116,0.5829727,1804.7434,-0.12812492
352,1161,413.89493,3319.3584,203863.59375,3377141.0,363.16925,547.68774,624.8213,1988.9332,0.53956634,1811.769,-0.029692441
353,845,413.9787,3612.2756,206792.75,3377140.25,187.7568,359.4775,318.27338,2121.9148,0.7640073,1817.7733,-0.02967035
354,1095,415.33243,2376.9807,194439.8125,3377126.75,324.6274,561.04474,516.3516,2342.7224,0.66636425,1792.4548,-0.12688044
355,1057,418.5336,3581.4995,206485.0,3377094.75,155.14664,327.99573,212.86897,2292.674,0.83366334,1817.1449,-0.09154455
356,1031,419.28323,3642.4587,207094.59375,3377087.25,197.80067,382.27158,351.8812,1927.838,0.7329255,1818.3949,0.02928024
357,914,419.43,3696.8655,207638.65625,3377085.75,211.82495,387.77078,299.82715,1689.6061,0.69875306,1819.5103,0.08683751
358,1529,423.59973,1883.0438,189500.4375,3377044.0,667.4382,925.9366,965.5644,2057.7012,0.3774175,1782.3368,-0.057618164
359,1074,417.87988,2249.8035,193168.03125,3377101.25,732.28955,1023.4963,1181.0708,2198.5195,0.3068875,1789.8499,-0.09765757
360,1165,418.29013,2311.304,193783.03125,3377097.0,631.9708,911.9373,1004.20087,2145.0652,0.3670945,1791.1105,-0.08343754
361,1109,416.1037,2716.2056,197832.0625,3377119.0,162.82687,305.56085,222.12624,2034.4598,0.80209756,1799.4078,-0.057375006
362,1311,420.12357,2045.6072,191126.078125,3377078.75,752.2815,960.1495,1049.042,1856.0634,0.27484363,1785.6663,-0.004633003
363,1323,425.68558,1988.2389,190552.390625,3377023.25,667.5314,913.9864,1047.4565,2001.8882,0.3121114,1784.4939,-0.041261554
364,878,420.30637,2876.189,199431.890625,3377077.0,158.21413,298.51935,231.16629,1991.844,0.7919654,1802.6892,-0.044233244
365,1162,422.20053,2436.6257,195036.25,3377058.0,163.46213,317.9234,212.08606,1938.3228,0.8025084,1793.6812,-0.035902344
366,1144,424.6792,2182.8784,192498.78125,3377033.25,645.61365,926.6836,967.81903,2297.063,0.40951586,1788.4822,-0.1188117
367,996,426.76605,2141.6455,192086.453125,3377012.25,600.76306,870.3986,922.2651,2221.4407,0.42328236,1787.6384,-0.10302561
368,1224,427.33252,3282.415,203494.15625,3377006.75,405.83618,614.076,681.3084,2190.9253,0.5342343,1811.0194,-0.07972716
369,1258,430.40222,3427.2012,204942.015625,3376976.0,410.7822,597.4972,648.8712,2419.226,0.57828534,1813.9888,-0.10871106
370,991,428.6791,2769.3694,198363.6875,3376993.25,207.37134,382.93442,290.78506,2355.6357,0.77731436,1800.5046,-0.12047598
371,880,428.36932,2902.9443,199699.4375,3376996.25,181.38977,339.91705,275.55228,1967.5443,0.7575415,1803.2422,-0.03460611
372,1264,433.48495,3184.1226,202511.21875,3376945.25,208.95609,356.0356,289.2583,1946.8473,0.7416609,1809.0082,-0.02947282
373,982,425.0896,2344.5764,194115.765625,3377029.0,577.6996,853.0183,945.04584,2330.828,0.43401563,1791.7964,-0.12308057
374,1040,429.3202,3077.5115,201445.109375,3376986.75,283.46585,425.86154,340.212,2131.94,0.7226671,1806.8207,-0.06382977
375,1050,430.44095,2594.219,196612.1875,3376975.5,206.63333,375.9057,269.59906,2226.9429,0.78370315,1796.9158,-0.10537314
376,1125,433.9742,3457.416,205244.15625,3376940.25,351.62,545.7947,695.40314,2181.1125,0.5322475,1814.6101,-0.07861461
377,1133,431.1218,2472.7236,195397.234375,3376968.75,167.81024,317.00354,219.0053,1990.6257,0.80142033,1794.4261,-0.050222285
378,817,430.68176,2989.5178,200565.171875,3376973.25,511.35068,745.8947,804.4076,2243.7773,0.48420575,1805.0178,-0.10153046
379,1390,434.56332,3386.8943,204538.9375,3376934.25,301.88345,471.1349,547.24927,1945.1572,0.5676893,1813.1649,-0.012747962
380,1090,431.25412,2681.4834,197484.828125,3376967.5,170.66238,313.69632,229.47981,2057.845,0.79859245,1798.7048,-0.06421507
381,938,432.21643,3018.3005,200853.0,3376957.75,341.887,513.0997,431.4179,2224.0505,0.6793868,1805.6086,-0.095571816
382,950,434.17157,3554.68,206216.796875,3376938.25,293.6221,502.5658,515.0658,2243.2827,0.6589848,1816.6039,-0.09314779
383,1283,436.00702,2507.5315,195745.3125,3376920.0,227.28215,406.0008,332.5674,2081.3,0.73498845,1795.1423,-0.068693794
384,1081,435.35522,2799.7927,198667.921875,3376926.5,212.46484,389.04626,284.38297,2443.3755,0.79026854,1801.132,-0.14286527
385,1019,433.51913,2956.8892,200238.890625,3376944.75,416.50687,626.47644,575.70264,2280.7153,0.60430294,1804.3507,-0.108336955
386,1458,442.53018,1778.0836,188450.84375,3376854.75,1244.9362,1489.609,1633.2771,2015.9725,0.11701722,1780.197,-0.055490274
387,1061,434.55984,2544.51,196115.09375,3376934.5,218.61829,391.787,305.1706,2094.3845,0.75316733,1795.8994,-0.07225091
388,1045,437.74066,2854.331,199213.3125,3376902.5,149.29378,284.88422,227.04115,1889.7263,0.7838736,1802.2511,-0.018730225
389,1265,435.89566,3251.9788,203189.78125,3376921.0,299.24625,489.39368,443.1597,2345.8352,0.67631316,1810.4004,-0.10337747
390,1056,434.72064,2277.9033,193449.03125,3376932.75,684.8807,994.51514,1161.285,2215.7395,0.3208248,1790.4355,-0.10261079
391,1219,437.8302,3140.3027,202073.03125,3376901.75,346.84454,556.94214,442.52872,2544.234,0.6939025,1808.1124,-0.14914136
392,1190,440.25125,3487.4243,205544.25,3376877.5,287.0475,451.69287,499.43655,1969.8575,0.6159855,1815.2288,-0.007805276
393,1120,438.09375,3520.409,205874.09375,3376899.0,237.01653,401.1415,406.92856,2021.3955,0.6932057,1815.9036,-0.02962178
394,973,436.26,3666.9814,207339.8125,3376917.5,180.7775,328.20245,266.6074,1514.5807,0.73762375,1818.907,0.15591712
395,1140,436.2816,2218.3167,192853.171875,3376917.25,717.3579,1008.62195,1144.036,2204.6816,0.32062063,1789.2152,-0.09854777
396,1090,440.30185,2739.8083,198068.078125,3376877.0,190.54495,346.44495,284.00092,2098.5872,0.7562683,1799.9054,-0.064222
397,1544,442.97992,1849.3893,189163.890625,3376850.25,729.0136,978.45984,1041.0059,1927.077,0.30039495,1781.6586,-0.013602371
398,1195,440.00922,2404.3171,194713.171875,3376880.0,237.05272,433.7138,340.9339,2121.0544,0.7286652,1793.0293,-0.0792363
399,1361,447.03232,2023.6877,190906.875,3376809.75,655.5966,911.82587,1007.3086,2088.7415,0.34367353,1785.2328,-0.061081
400,1201,443.5529,2110.816,191778.15625,3376844.5,586.02167,868.01416,910.2423,2379.4373,0.44793332,1787.0164,-0.1351876
401,1081,440.3571,2647.2043,197142.046875,3376876.5,194.25162,349.41534,260.63736,2096.5679,0.7777058,1798.0074,-0.07353517
402,864,438.00925,3047.9885,201149.890625,3376900.0,252.66725,389.1007,338.94214,1731.2992,0.6733914,1806.2205,0.032280087
403,1285,446.77197,3104.3416,201713.421875,3376812.25,305.8319,472.55994,363.77197,2373.2534,0.73240453,1807.3804,-0.12391168
404,1087,440.25116,2079.5906,191465.90625,3376877.5,546.34314,825.1472,822.95953,2443.3164,0.49263,1786.3745,-0.14550893
405,1158,443.14163,3220.114,202871.140625,3376848.5,260.24612,417.37177,320.5095,2193.632,0.74469787,1809.7513,-0.06847592
406,1454,444.76617,1952.1912,190191.90625,3376832.25,696.3659,937.94775,1020.48553,2039.7998,0.32495472,1783.7664,-0.04706795
407,1364,446.91495,1914.8519,189818.515625,3376810.75,478.8072,711.68475,744.0271,2122.6018,0.49305168,1783.0023,-0.077884
408,927,444.44983,2928.1047,199951.046875,3376835.5,199.53506,345.65805,255.65372,1999.1683,0.7726659,1803.767,-0.046224076
409,1153,445.23157,3312.8464,203798.46875,3376827.75,503.87857,696.9011,773.8183,1846.7203,0.42793423,1811.6532,0.018942304
410,1370,446.98978,3353.8364,204208.359375,3376810.0,324.90036,496.2657,566.1361,1856.4427,0.5444215,1812.4943,-0.001741978
411,996,442.96786,3609.719,206767.1875,3376850.25,137.26857,327.2475,223.88103,2182.1978,0.83148134,1817.7369,-0.0353498
412,1034,450.22726,2617.438,196844.375,3376777.75,193.5648,355.55417,255.69052,2161.2031,0.7882133,1797.4031,-0.090682015
413,1003,449.11664,2828.067,198950.671875,3376788.75,156.85443,298.38785,236.57129,1870.3708,0.77427155,1801.7192,-0.013459699
414,1124,449.83096,2368.927,194359.265625,3376781.75,626.5365,921.97864,1007.3603,2366.6077,0.4015183,1792.3097,-0.12801217
415,1039,451.25024,2155.3735,192223.734375,3376767.5,601.692,874.7074,910.6266,2259.2097,0.42708632,1787.934,-0.108831584
416,1081,451.45975,2709.05,197760.5,3376765.5,164.48381,304.93524,234.36263,1997.3691,0.7881622,1799.2814,-0.047418203
417,993,452.5156,2330.299,193972.984375,3376754.75,666.61835,947.12787,1077.9628,2283.9849,0.35845593,1791.5197,-0.11287135
418,1003,455.32602,2301.1206,193681.203125,3376726.75,647.58124,929.4726,1052.1237,2265.2632,0.36432087,1790.9232,-0.11015121
419,1223,459.05725,2573.9697,196409.703125,3376689.5,187.55193,353.10873,247.78741,2168.2102,0.7946244,1796.5172,-0.09231665
420,1133,455.56488,2250.466,193174.65625,3376724.25,601.62134,918.3548,999.22064,2358.3267,0.41550002,1789.8853,-0.13101788
421,1056,456.70834,2887.126,199541.265625,3376713.0,170.67613,318.7159,259.2301,1921.7112,0.76144916,1802.9341,-0.022168769
422,1074,456.77374,3577.675,206446.75,3376712.25,186.37895,367.9325,252.48836,2403.953,0.8126042,1817.0878,-0.11397058
423,1097,457.68094,3638.2014,207052.015625,3376703.25,141.64265,293.64584,212.06746,1752.7949,0.8210327,1818.3289,0.089621596
424,1091,457.74426,2189.441,192564.40625,3376702.5,713.46747,1007.1283,1163.8185,2183.5618,0.30837575,1788.636,-0.09256638
425,1223,457.13,2438.968,195059.6875,3376708.75,187.7964,370.07767,258.1251,1977.2633,0.76944995,1793.7494,-0.04619402
426,1114,460.99103,2058.0718,191250.71875,3376670.0,651.95154,913.6167,991.2334,2244.5225,0.3949264,1785.9457,-0.108271115
427,1454,461.6348,1813.5867,188805.875,3376663.75,853.9979,1103.74,1164.8893,1868.1141,0.22558315,1780.9358,0.014220043
428,1384,465.1221,1738.0,188050.0,3376628.75,1247.3453,1483.9943,1591.3259,1738.7869,0.03402602,1779.3889,0.044317473
429,1447,464.13406,3408.4424,204754.421875,3376638.75,323.1797,489.31653,492.49585,2103.3892,0.6338759,1813.6232,-0.018323934
430,1202,464.7288,3160.585,202275.84375,3376632.75,319.23502,501.68054,408.3382,2364.4475,0.7050418,1808.5433,-0.118400455
431,1190,460.84872,1988.8647,190558.65625,3376671.5,635.679,857.5529,908.75964,1837.5656,0.32526943,1784.5272,0.018444255
432,1038,458.79288,2990.2727,200572.71875,3376692.0,507.8526,739.3632,814.5506,2128.1362,0.4603048,1805.0493,-0.07661597
433,987,463.02026,3029.86,200968.59375,3376649.75,419.961,611.45795,604.923,2120.8455,0.5621323,1805.863,-0.07102892
434,1106,464.97015,2671.1663,197381.65625,3376630.25,179.10759,326.22513,249.56781,2085.596,0.7848597,1798.5127,-0.07005335
435,1089,462.49496,2766.998,198339.984375,3376655.0,194.04224,349.5537,273.04132,2084.5527,0.7668294,1800.4753,-0.06547019
436,1086,464.40976,3065.908,201329.078125,3376636.0,314.76703,474.72653,427.87064,1961.1989,0.64618003,1806.6027,-0.025893643
437,1118,465.2898,3541.855,206088.546875,3376627.0,216.54428,381.76343,318.88016,2163.3967,0.7527913,1816.3583,-0.059516583
438,1155,463.05194,2474.9265,195419.265625,3376649.5,178.43376,335.67014,241.18095,1976.4684,0.7821273,1794.4897,-0.04569501
439,1546,470.30402,1884.76,189517.59375,3376577.0,393.20828,613.49744,606.3745,2089.5789,0.5601489,1782.3994,-0.07421436
440,972,464.60495,2541.3044,196083.046875,3376634.0,184.36626,339.90433,244.13066,2043.8427,0.7864046,1795.851,-0.0603624
441,1188,468.2197,3199.3645,202663.640625,3376597.75,263.81903,428.0442,341.66077,2097.9429,0.71307963,1809.3401,-0.05298818
442,1480,470.29123,3285.367,203523.671875,3376577.0,412.40237,608.6054,647.1318,2288.5813,0.56949663,1811.104,-0.09770767
443,1026,466.3684,2954.2622,200212.625,3376616.25,387.80362,583.32166,536.6876,2157.5847,0.616891,1804.3156,-0.078386664
444,1496,469.64972,3451.4988,205184.984375,3376583.5,270.3409,434.004,411.93985,2065.7217,0.6597375,1814.5088,-0.01746955
445,922,471.013,2915.8406,199828.40625,3376569.75,179.5808,341.1703,263.40942,2070.9573,0.7749477,1803.5306,-0.061958738
446,1186,473.23694,3330.6956,203976.953125,3376547.75,354.65472,529.242,591.801,1850.7302,0.52523667,1812.0347,-0.0034891616
447,1150,474.59912,2125.7869,191927.875,3376534.0,691.75824,905.63477,941.2913,2214.328,0.40571418,1787.3413,-0.09995779
448,1088,472.08273,2513.0286,195800.28125,3376559.25,191.7261,348.8364,265.31985,1976.7013,0.7649653,1795.2758,-0.045386106
449,1347,472.96436,3500.7305,205677.3125,3376550.25,331.64032,498.1199,528.03455,1884.1317,0.5933377,1815.5197,0.042149536
450,1123,472.90918,2222.8032,192898.03125,3376551.0,632.9012,948.1318,1092.6384,2255.098,0.3512166,1789.3285,-0.110149115
451,1090,471.71378,2798.8,198658.0,3376562.75,146.14311,277.1899,222.32845,1844.1284,0.78459704,1801.1323,-0.009279643
452,1399,474.22516,3246.1472,203131.46875,3376537.75,214.55576,367.7995,294.07254,2021.4932,0.7469428,1810.3024,-0.037574753
453,1128,475.7748,2863.3281,199303.28125,3376522.25,174.75266,330.03458,256.00266,1984.7758,0.7688753,1802.4572,-0.03231636
454,1272,476.67532,3127.5723,201945.71875,3376513.25,309.55936,486.88248,382.02084,2419.7048,0.7271014,1807.8734,-0.13568404
455,1088,477.0974,2277.7104,193447.109375,3376509.0,525.193,805.6939,890.6103,2392.5718,0.47015017,1790.4562,-0.14058965
456,1118,475.02057,2404.5886,194715.890625,3376529.75,332.4195,578.9973,511.05188,2199.992,0.639449,1793.0552,-0.09684978
457,1077,478.81616,2603.2415,196702.40625,3376491.75,198.8338,364.81802,261.3853,2202.8384,0.7878184,1797.1285,-0.100467145
458,1032,475.46704,3605.6929,206726.9375,3376525.25,258.65552,433.67926,446.80667,1919.9434,0.65517825,1817.6725,-0.0036527875
459,1155,479.32034,2639.542,197065.421875,3376486.75,180.10477,335.9394,238.03896,2158.42,0.80135995,1797.8728,-0.09019949
460,1334,480.68066,1929.8539,189968.53125,3376473.25,636.3291,839.7481,881.63495,1775.0308,0.32901222,1783.3296,0.029145028
461,1313,481.43106,2090.393,191573.9375,3376465.75,613.6687,843.741,862.89264,2158.2932,0.43023813,1786.6199,-0.08508576
462,997,479.30792,2343.342,194103.421875,3376487.0,600.48645,864.71216,934.71814,2304.2607,0.425367,1791.8025,-0.11482141
463,1234,479.83386,2735.5696,198025.6875,3376481.75,189.141,336.97488,268.42706,1977.8768,0.75972295,1799.8411,-0.041921508
464,1713,486.86163,3368.9312,204359.3125,3376411.5,394.78867,586.6535,622.2239,2135.2175,0.55171674,1812.826,-0.050331373
465,1381,480.17813,1777.9102,188449.09375,3376478.25,903.9399,1139.7407,1215.5981,1843.2332,0.21278256,1780.2157,0.018571783
466,974,481.40247,2374.7383,194417.375,3376466.0,577.9559,854.7495,932.9333,2290.887,0.42481267,1792.447,-0.115085445
467,1026,481.75827,2698.5547,197655.546875,3376462.5,176.37231,328.3879,251.99318,2104.4658,0.7851901,1799.0836,-0.0756645
468,1174,484.32794,3089.0093,201560.09375,3376436.75,228.57964,371.71252,292.3339,1948.3071,0.73697346,1807.0874,-0.02946585
469,1416,484.69492,1847.1744,189141.75,3376433.0,358.3305,563.1391,542.8475,2130.346,0.600492,1781.6377,-0.08546792
470,1282,486.00702,1966.4634,190334.625,3376420.0,680.4641,913.2332,988.13965,2042.4103,0.35479942,1784.0829,-0.058027007
471,972,480.2212,2831.0442,198980.4375,3376477.75,169.08127,326.46295,248.76543,2099.5608,0.7862609,1801.798,-0.06374997
472,1481,492.45847,1703.4902,187704.90625,3376355.5,1170.2283,1413.7042,1524.9818,1847.9237,0.08834141,1778.6979,0.010578849
473,1278,486.00156,2012.7449,190797.453125,3376420.0,677.1651,926.9468,968.0063,2153.6995,0.38118827,1785.0314,-0.084373534
474,1068,482.94196,2157.131,192241.3125,3376450.5,646.4457,891.23596,964.9579,2127.1404,0.37682164,1787.9885,-0.0786637
475,929,485.0172,3013.5867,200805.875,3376429.75,460.07428,678.74274,726.6938,2106.3552,0.4961118,1805.542,-0.06957986
476,1148,489.7561,2048.0278,191150.28125,3376382.5,561.6071,787.8467,779.81274,2050.0532,0.45489863,1785.7566,-0.06167381
477,958,488.05115,2978.452,200454.515625,3376399.5,434.7933,636.4368,644.87683,2130.798,0.5540658,1804.8236,-0.07297262
478,1172,491.3814,2310.7603,193777.59375,3376366.25,623.13055,891.51794,978.1604,2317.6697,0.40611526,1791.1417,-0.11998302
479,1099,490.9827,2192.6907,192596.90625,3376370.25,528.94543,797.919,865.76526,2238.7634,0.45293054,1788.7219,-0.10675722
480,1011,492.15726,2432.6707,194996.703125,3376358.5,186.65381,362.4352,252.272,1930.7478,0.7692105,1793.6405,-0.0332993
481,951,492.7939,2492.896,195598.96875,3376352.0,172.90852,321.88748,231.60674,1933.6572,0.7857158,1794.8751,-0.035564188
482,1225,491.70776,3572.457,206394.5625,3376363.0,242.64,402.28366,441.9302,1928.2314,0.6395226,1817.0002,-0.02511401
483,1009,495.2874,2460.9543,195279.546875,3376327.25,177.666,343.76215,242.9455,1924.107,0.7758008,1794.2219,-0.0329821
484,1141,494.15863,3176.2402,202432.40625,3376338.5,365.31506,565.6429,510.9005,2436.3076,0.6610605,1808.8807,-0.13763984
485,967,493.75906,2937.1467,200041.46875,3376342.5,270.5667,432.22235,385.27094,1918.1494,0.6675279,1803.9802,-0.023425333
486,1253,497.5858,3219.3655,202863.65625,3376304.25,344.3272,532.0347,452.9625,2370.7139,0.6748995,1809.7666,-0.115903005
487,1231,499.43137,3479.4094,205464.09375,3376285.75,322.09708,525.3794,530.33954,2554.9946,0.67276514,1815.0974,-0.09692053
488,1140,495.17017,2550.2886,196172.890625,3376328.25,172.93158,330.55,228.83684,2050.5308,0.7986572,1796.0527,-0.06408322
489,1273,497.16812,3048.3032,201153.03125,3376308.25,458.8696,665.5106,689.31146,2156.98,0.5264454,1806.2604,-0.080808595
490,1109,494.51398,3533.4014,206004.015625,3376334.75,256.7669,429.47113,457.0631,2156.6096,0.6770848,1816.2013,-0.051218636
491,1138,497.384,2252.7424,193197.421875,3376306.25,519.8506,778.46924,807.9385,2236.7654,0.47184333,1789.9562,-0.10418223
492,1080,496.5037,2899.7397,199667.40625,3376315.0,157.57964,312.85925,245.98703,1969.8704,0.77833307,1803.2152,-0.03906118
493,1127,496.57852,2772.7578,198397.578125,3376314.25,170.7613,311.71072,263.10648,1842.5999,0.7480857,1800.6128,-0.004955293
494,1052,499.98288,3619.272,206862.71875,3376280.25,233.04706,403.83365,423.3693,1982.0209,0.66626394,1817.9644,-0.026624592
495,1100,500.86453,2582.229,196492.28125,3376271.25,186.03728,355.52637,242.87819,2192.2627,0.8003273,1796.7106,-0.09762663
496,1175,498.13702,1741.1302,188081.296875,3376298.75,685.14465,918.0536,957.9013,1945.7405,0.34855065,1779.4725,-0.01663466
497,1322,500.54916,3318.836,203858.359375,3376274.5,319.3022,480.72882,519.71674,1888.0791,0.57116276,1811.8069,-0.012891646
498,1404,499.45227,3409.7957,204767.953125,3376285.5,285.22684,453.6218,454.2603,1998.8668,0.6278544,1813.6707,-0.024471398
499,1398,502.7289,1813.7024,188807.03125,3376252.75,495.8548,760.5136,844.1781,2179.6223,0.44389656,1780.9624,-0.091283575
500,1294,503.86707,2667.3362,197343.359375,3376241.25,174.64297,322.95517,240.0,2072.0728,0.79128826,1798.4564,-0.06764226
501,1475,506.44,3271.9438,203389.4375,3376215.5,281.6817,433.83493,377.0861,1996.3729,0.68369716,1810.8491,-0.03141742
502,1273,509.7557,1912.9945,189799.9375,3376182.5,498.3472,725.3119,726.6818,2130.1853,0.48736092,1783.0012,-0.07149617
503,1207,505.50623,3446.2659,205132.65625,3376225.0,326.87656,532.104,492.84177,2577.4143,0.6830861,1814.4215,-0.12299428
504,1072,506.6987,2809.6782,198766.78125,3376213.0,197.39366,368.94498,293.57837,2223.875,0.7631996,1801.3752,-0.09174366
505,1260,509.2619,1878.4873,189454.875,3376187.5,525.1095,769.8595,775.56903,2013.9587,0.42262024,1782.2938,-0.032058496
506,1064,508.3825,3115.0396,201820.390625,3376196.25,232.3092,378.41306,290.0559,2097.783,0.75499046,1807.6344,-0.06607568
507,1302,513.8978,3148.655,202156.546875,3376141.0,293.87097,470.28458,398.0768,2296.6838,0.71093994,1808.3265,-0.11131724
508,1333,510.00824,2116.2686,191832.6875,3376180.0,585.5416,836.44336,871.9572,2157.8357,0.42717838,1787.1669,-0.08629992
509,979,509.3391,2844.579,199115.796875,3376186.5,189.15424,364.94995,285.51175,2194.1511,0.76825166,1802.092,-0.08608172
510,1132,510.16165,2224.0981,192910.984375,3376178.5,519.4929,761.63165,759.32684,2277.9082,0.5020823,1789.3766,-0.11148875
511,1224,513.05884,2521.7517,195887.515625,3376149.5,185.15277,351.90277,258.3505,2000.8954,0.77064687,1795.4781,-0.051603086
512,1278,511.15024,2624.8481,196918.484375,3376168.5,181.08998,334.30984,245.86777,2074.5508,0.786988,1797.5898,-0.068388335
513,964,510.6826,2872.9834,199399.828125,3376173.25,163.00623,320.51245,249.98029,2023.4004,0.7798802,1802.6749,-0.04967769
514,1253,515.9968,1667.8173,187348.171875,3376120.0,1098.4625,1348.5375,1443.9565,1921.1353,0.15082242,1777.9808,-0.02463029
515,1121,510.18198,2708.1482,197751.484375,3376178.25,178.79214,328.06067,264.61908,1917.976,0.75687253,1799.2964,-0.02775829
516,1354,516.5495,1989.7896,190567.890625,3376114.5,702.42096,954.63885,1053.2046,2101.0679,0.33491266,1784.5789,-0.073671736
517,1297,514.82574,2073.205,191402.046875,3376131.75,657.3439,885.9892,931.3284,2019.3748,0.37013924,1786.2872,-0.05276129
518,958,512.9468,2962.881,200298.8125,3376150.5,414.90292,598.1602,601.6827,2007.8048,0.5596553,1804.5186,-0.039983116
519,1116,512.9032,2408.501,194755.015625,3376151.0,261.80197,480.08154,382.28583,2075.7383,0.698053,1793.1572,-0.0698427
520,928,510.58835,3003.349,200703.5,3376174.0,444.59592,669.1471,716.1315,2174.3,0.5183115,1805.3467,-0.08496104
521,1054,512.1148,2163.663,192306.625,3376158.75,503.48862,769.6518,785.02844,2302.422,0.4912477,1788.1393,-0.11713409
522,1140,515.2833,2285.321,193523.21875,3376127.25,604.15265,876.5465,944.9149,2265.7659,0.4184599,1790.6343,-0.11137538
523,1055,511.07962,2341.2588,194082.59375,3376169.25,501.97156,760.0512,759.69574,2409.3025,0.5311144,1791.7781,-0.13978788
524,1107,514.3839,2744.5112,198115.109375,3376136.25,217.48871,368.63324,362.28906,1736.4869,0.65638405,1800.0441,0.024564378
525,1235,518.0146,3510.4072,205774.0625,3376099.75,276.99432,456.71255,573.30365,2311.2502,0.61912835,1815.743,-0.0988229
526,1206,515.1733,1772.622,188396.21875,3376128.25,366.9403,567.11444,550.2479,2102.4626,0.5924533,1780.1279,-0.077029794
527,1042,512.0528,2374.5874,194415.875,3376159.5,317.23322,550.1603,502.4357,2188.2217,0.653037,1792.4617,-0.094771616
528,1316,519.2963,1949.9521,190169.515625,3376087.0,636.8207,850.383,888.47266,1992.775,0.39231643,1783.7642,-0.046117347
529,1257,520.38184,2030.1909,190971.90625,3376076.25,664.90216,905.9125,968.2228,2094.0747,0.3754781,1785.4089,-0.073386036
530,1120,518.8134,3083.5276,201505.28125,3376091.75,289.34464,454.4107,382.08035,2093.9478,0.69410753,1806.9945,-0.06450197
531,1233,522.3666,3590.0105,206570.109375,3376056.25,208.71573,360.50485,399.96228,1881.9104,0.6777199,1817.3771,0.007563783
532,1343,525.5778,3239.6047,203066.046875,3376024.25,347.58563,539.5309,439.45197,2548.8665,0.70599675,1810.1971,-0.15067354
533,1206,522.8532,3192.6658,202596.65625,3376051.5,345.97223,542.6476,483.4225,2380.085,0.674089,1809.2335,-0.12731983
534,1584,527.76074,3347.9766,204149.765625,3376002.5,460.2484,678.3955,656.9372,2392.3064,0.5610282,1812.4194,-0.11474609
535,1200,523.4667,3551.556,206185.5625,3376045.25,257.1075,427.0129,499.93793,2186.0984,0.6483251,1816.5895,-0.08503074
536,1040,522.6539,2482.7712,195497.71875,3376053.5,285.0875,482.40576,432.83655,2016.5048,0.66869587,1794.6848,-0.050932568
537,1017,523.2911,2927.872,199948.71875,3376047.0,235.22026,392.6932,332.5,1964.8928,0.7105974,1803.807,-0.031032138
538,1508,528.49536,3386.9092,204539.09375,3375995.0,377.18997,579.2248,572.3352,2134.1147,0.57659435,1813.2178,-0.058408584
539,1335,526.3326,1849.6876,189166.875,3376016.75,544.77826,801.3431,829.3236,2064.0315,0.40785447,1781.7136,-0.048721902
540,1007,529.4707,3026.158,200931.578125,3375985.25,498.58243,744.73883,839.12463,2169.097,0.46297508,1805.8247,-0.08608041
541,1252,529.04474,3303.6934,203706.9375,3375989.5,434.54874,634.0994,544.9964,2456.3645,0.6192065,1811.5126,-0.119819045
542,1014,530.64496,2141.0098,192080.09375,3375973.5,476.17358,745.79193,746.074,2284.633,0.5088994,1787.6859,-0.11656376
543,1193,528.5633,1729.6597,187966.59375,3375994.25,560.80975,794.5021,889.7418,2038.171,0.39297757,1779.2555,-0.056869976
544,1154,527.6187,2194.5798,192615.796875,3376003.75,575.4376,823.6612,876.8258,2204.5085,0.43376,1788.7819,-0.096335106
545,1173,528.9343,2447.6821,195146.8125,3375990.75,293.82523,498.92157,449.17902,2054.912,0.66257334,1793.9694,-0.0574119
546,1021,527.8217,2787.1567,198541.5625,3376001.75,192.52596,357.54456,283.07935,2135.481,0.7649967,1800.9257,-0.07586907
547,1149,528.88684,3629.6206,206966.203125,3375991.25,215.82463,388.53787,381.45474,2094.688,0.7173912,1818.1925,-0.025838487
548,1066,531.0084,2595.1482,196621.484375,3375970.0,174.46248,338.18573,235.50938,2059.1191,0.79420406,1796.9926,-0.065835245
549,1236,534.15936,1696.2783,187632.78125,3375938.5,498.3123,720.8236,718.36163,2134.4353,0.5065324,1778.5747,-0.08334984
550,1146,532.7417,2314.6292,193816.296875,3375952.5,565.88043,864.60034,908.6763,2549.432,0.4798361,1791.245,-0.16837244
551,1215,532.0099,2559.8816,196268.8125,3375960.0,183.90123,351.71442,255.89795,2023.5424,0.7755158,1796.2704,-0.055765454
552,995,532.3548,3055.3286,201223.28125,3375956.5,482.74423,714.52563,801.801,2141.9146,0.4666632,1806.4242,-0.080302864
553,1230,536.30164,1632.9089,186999.09375,3375917.0,814.59186,1062.352,1133.4122,1911.626,0.2733306,1777.2775,-0.023975661
554,1018,532.8723,2896.497,199634.96875,3375951.25,173.74165,348.99213,264.33203,2219.5325,0.78756505,1803.1694,-0.09698434
555,1203,535.3358,1803.3666,188703.671875,3375926.75,452.2103,721.4663,728.7747,2308.3965,0.5157402,1780.7698,-0.11948052
556,1160,535.61725,2260.1992,193272.0,3375923.75,653.92847,948.7017,944.7612,2561.3086,0.45498624,1790.1312,-0.16483308
557,1208,537.58777,2652.038,197190.375,3375904.0,184.42715,346.96854,254.22102,2161.4114,0.78902,1798.1622,-0.08997943
558,1178,538.2224,2686.1724,197531.71875,3375897.75,185.12393,346.31833,257.30646,2168.792,0.7875448,1798.862,-0.09026415
559,970,536.3567,2986.8474,200538.46875,3375916.5,527.62885,771.34125,878.0639,2172.6443,0.44188222,1805.0231,-0.088065386
560,1303,535.36993,3434.6301,205016.296875,3375926.25,291.16693,478.71143,457.65042,2226.6892,0.6664035,1814.1997,-0.06328184
561,1060,537.1264,2830.2424,198972.421875,3375908.75,180.07452,342.93018,273.30093,2094.83,0.76788366,1801.814,-0.063085936
562,1434,538.9581,3477.551,205445.515625,3375890.5,286.41562,466.80893,556.9271,2151.968,0.5979691,1815.0813,-0.0712768
563,1342,544.30774,2093.935,191609.34375,3375837.0,604.8681,841.19226,891.3711,2160.667,0.42243505,1786.7292,-0.08684589
564,1074,541.11176,2721.9666,197889.671875,3375869.0,182.68994,340.11267,261.33612,2067.6833,0.7745002,1799.5973,-0.06592301
565,1247,542.6448,1899.5228,189665.234375,3375853.5,551.80835,812.7522,833.9206,2339.2734,0.47187936,1782.7444,-0.12514468
566,1011,543.1761,2760.6716,198276.71875,3375848.25,205.06033,379.07022,294.35114,2249.3254,0.7674068,1800.3917,-0.104262866
567,1073,542.63745,2383.233,194502.328125,3375853.75,226.87978,443.5825,334.70828,2022.7484,0.7186596,1792.6565,-0.054640822
568,1015,544.0601,2418.922,194859.21875,3375839.5,237.13792,432.46405,352.0916,1984.5566,0.70508325,1793.3887,-0.045614697
569,1281,542.3193,3118.4075,201854.078125,3375856.75,223.74551,358.0683,279.35596,1896.648,0.7407305,1807.7227,-0.014681624
570,1300,547.43463,3164.5508,202315.5,3375805.75,281.8054,446.54077,401.68692,2083.573,0.6915514,1808.6711,-0.063358456
571,1308,548.315,2053.8975,191208.96875,3375796.75,577.2997,779.3104,803.8731,1956.893,0.43097764,1785.9111,-0.038156435
572,1189,546.93353,2230.3145,192973.140625,3375810.75,567.9092,845.21533,849.49036,2344.7334,0.4696882,1789.5254,-0.12804072
573,1099,543.85077,2347.9417,194149.421875,3375841.5,244.69063,446.09372,376.9818,1994.5806,0.68709624,1791.9341,-0.04791545
574,995,546.6714,2502.7317,195697.3125,3375813.25,400.50653,629.1176,620.0583,2172.1548,0.5800379,1795.1077,-0.08180884
575,941,543.39746,2956.2932,200232.9375,3375846.0,343.94473,502.73273,438.8034,2070.8662,0.6533582,1804.4009,-0.050298296
576,1141,546.3935,2863.914,199309.140625,3375816.0,173.6547,337.40317,265.90622,2121.2427,0.7769459,1802.5093,-0.06856923
577,1164,547.10736,1763.9777,188309.78125,3375809.0,473.59106,709.81274,755.0352,2038.7543,0.46038103,1779.9696,-0.06014662
578,1298,550.33203,2010.2087,190772.09375,3375776.75,787.20337,976.765,1072.5293,1797.104,0.26036277,1785.017,0.0033037108
579,1008,548.4236,2532.1548,195991.546875,3375795.75,312.48312,516.0853,476.42856,2031.4435,0.6434717,1795.7117,-0.050603893
580,1414,551.6471,3275.2864,203422.859375,3375763.5,394.94095,599.0686,466.3879,2574.6711,0.6880493,1810.943,-0.14314717
581,1251,551.97205,1935.1351,190021.34375,3375760.25,631.05597,894.43646,917.8745,2217.693,0.4140619,1783.4796,-0.10247905
582,1337,552.75543,1972.178,190391.78125,3375752.5,794.6896,1002.5879,1102.2042,1870.5767,0.2632687,1784.2391,-0.01739079
583,1173,551.4024,3207.283,202742.828125,3375766.0,308.76813,478.42328,405.65686,2229.107,0.6949141,1809.5492,-0.092679
584,1240,552.87744,1598.4258,186654.25,3375751.25,589.8008,802.3202,816.6097,1881.7742,0.41892886,1776.5808,-0.01824317
585,1138,551.8014,2621.1582,196881.578125,3375762.0,174.16168,342.261,232.49825,2109.5166,0.80102336,1797.5376,-0.077692
586,1308,551.7003,3519.731,205867.3125,3375763.0,240.6571,413.05084,468.4484,2142.2935,0.6468882,1815.9529,-0.074542284
587,1190,554.81934,1834.6992,189017.0,3375731.75,571.9143,815.5143,797.99493,2097.9084,0.4258691,1781.4232,-0.053602695
588,1247,554.3079,2167.571,192345.71875,3375737.0,541.51404,825.6977,843.31995,2287.591,0.460829,1788.2439,-0.11476912
589,1035,555.06085,2803.6697,198706.703125,3375729.5,222.9942,405.24155,320.3594,2355.5806,0.76059157,1801.2797,-0.119089425
590,1219,554.8138,1662.4061,187294.0625,3375731.75,423.38474,630.5234,587.854,2065.2388,0.56364197,1777.8928,-0.06961334
591,1155,557.7359,2126.6233,191936.234375,3375702.75,492.13074,737.11084,753.58356,2130.3022,0.49809343,1787.4069,-0.08192288
592,1245,555.26746,3597.1309,206641.3125,3375727.25,238.71164,423.54858,427.0948,2325.5142,0.7093269,1817.5413,-0.082984924
593,1285,561.9728,1874.0219,189410.21875,3375660.25,630.09106,870.32996,919.3603,2182.101,0.40987718,1782.2333,-0.09341474
594,1220,558.4123,2291.4788,193584.78125,3375696.0,479.2328,746.2254,783.3975,2322.505,0.5149091,1790.7854,-0.11903318
595,1165,554.68756,3081.5469,201485.46875,3375733.0,457.14978,667.34467,721.3339,2075.6533,0.50658536,1806.9741,-0.061989054
596,1210,560.08923,3414.447,204814.46875,3375679.0,328.2153,536.59296,440.7562,2519.245,0.7027008,1813.7998,-0.12529002
597,1159,554.1475,3557.5962,206245.96875,3375738.5,329.8641,512.4823,551.5988,2282.154,0.6331002,1816.7303,-0.07390158
598,990,556.7121,3639.4163,207064.15625,3375713.0,280.29544,463.71213,555.6055,2128.7817,0.62023634,1818.4087,-0.047024474
599,1098,557.48,2472.6648,195396.65625,3375705.25,217.63934,390.9827,297.93625,2020.7942,0.7526603,1794.4978,-0.052631564
600,956,557.2186,3010.5073,200775.078125,3375707.75,383.92572,574.5073,575.4341,2068.7046,0.57650185,1805.5198,-0.05397093
601,984,556.30896,2922.757,199897.5625,3375717.0,211.17784,375.58435,280.2434,2246.0535,0.7771735,1803.7208,-0.09546128
602,1325,562.54266,3314.944,203819.4375,3375654.5,411.97623,618.37775,625.33813,2325.383,0.58064646,1811.762,-0.10607282
603,1274,561.197,1523.4929,185904.9375,3375668.0,1280.6522,1526.0526,1662.865,1954.175,0.08073124,1775.0503,-0.032098103
604,1107,562.3848,2202.2305,192692.3125,3375656.25,548.3234,815.97473,834.17163,2315.0596,0.4665136,1788.9589,-0.11861918
605,1109,560.1785,3240.8604,203078.609375,3375678.25,318.69974,481.97025,429.0054,2167.1934,0.6791073,1810.2423,-0.0786734
606,1192,560.59814,1483.7769,185507.765625,3375674.0,1093.7676,1338.6224,1497.7853,1958.896,0.16007881,1774.2362,-0.042413898
607,1260,565.7746,1563.2532,186302.53125,3375622.25,975.54205,1203.754,1249.0333,1897.55,0.23130324,1775.8677,-0.015742054
608,1149,563.93823,2585.6719,196526.71875,3375640.5,200.28285,381.12097,284.88425,2075.161,0.7607834,1796.8173,-0.06634223
609,1142,562.28986,1730.8065,187978.0625,3375657.0,463.19965,691.7907,698.9378,2151.1497,0.5102231,1779.2988,-0.084663205
610,1179,565.89655,3043.9058,201109.0625,3375621.0,409.33716,598.62,586.0263,2136.6238,0.58122116,1806.2091,-0.070465975
611,1118,569.2737,3138.7915,202057.90625,3375587.25,223.95483,343.94006,268.67398,1799.6855,0.73902494,1808.1555,0.0078036496
612,1309,568.4538,3382.9106,204499.109375,3375595.5,409.38693,654.2899,636.6047,2579.7925,0.6106844,1813.1582,-0.14635547
613,1286,567.33124,3347.716,204147.15625,3375606.75,430.69635,650.69324,654.0968,2519.7913,0.5872998,1812.4363,-0.15136693
614,1316,569.91187,3455.7256,205227.25,3375581.0,221.13716,389.47607,348.1174,1986.2986,0.70942104,1814.6512,-0.014964954
615,1283,570.4279,1444.9945,185119.9375,3375575.75,534.75684,761.0242,888.265,1968.9501,0.39433798,1773.4474,-0.048521947
616,1130,568.8469,2441.5442,195085.4375,3375591.5,215.2947,392.8292,312.0885,1980.2805,0.73858404,1793.8666,-0.042268503
617,974,569.00305,2741.1694,198081.6875,3375590.0,183.49898,338.38605,257.30185,2093.3542,0.78062814,1800.0067,-0.0717023
618,961,566.1769,2893.7961,199607.96875,3375618.25,167.41936,328.11343,246.71072,2117.8555,0.79102665,1803.1329,-0.06838992
619,1113,568.2453,1796.0917,188630.921875,3375597.5,484.25696,735.89667,747.05304,2229.4482,0.49564475,1780.6401,-0.10273878
620,1208,572.1333,2324.659,193916.59375,3375558.75,250.88162,469.43958,389.59436,2133.8237,0.7012352,1791.4733,-0.0828194
621,1055,571.08813,2400.6692,194676.6875,3375569.0,174.69858,347.0929,239.03317,1878.0549,0.77401364,1793.0303,-0.020095382
622,1119,572.3977,2553.176,196201.765625,3375556.0,188.96515,364.94727,259.96603,2076.3708,0.7758813,1796.1562,-0.06689099
623,1053,572.6334,2709.003,197760.03125,3375553.75,177.21558,336.85184,245.5793,2080.4512,0.78863466,1799.3496,-0.06934851
624,1202,570.5433,1694.9167,187619.171875,3375574.5,402.95007,643.3411,592.0607,2282.906,0.593845,1778.5684,-0.11612019
625,1122,572.7415,2677.5044,197445.046875,3375552.5,165.60785,320.0918,230.50534,2060.1648,0.79849064,1798.7042,-0.06489102
626,992,572.4355,2774.134,198411.34375,3375555.75,184.06955,337.15726,261.12198,2089.0151,0.7770604,1800.6843,-0.06525019
627,1112,571.9865,2836.929,199039.28125,3375560.25,185.97122,351.3624,275.92175,2152.7292,0.77200747,1801.9708,-0.07791398
628,1109,573.63934,2363.1091,194301.09375,3375543.5,197.14789,382.8296,283.83588,1881.5961,0.73977584,1792.2621,-0.019658025
629,1035,573.0599,2982.0513,200490.515625,3375549.5,489.94058,696.4203,705.53235,2086.9536,0.49991375,1804.9456,-0.055257436
630,1233,574.2336,1627.4185,186944.1875,3375537.75,385.3309,610.76483,571.6545,2166.1865,0.5950172,1777.1875,-0.09337744
631,1255,573.6964,2260.725,193277.25,3375543.0,468.2534,723.0996,692.9458,2207.6956,0.5312299,1790.1641,-0.09629122
632,834,571.01196,2950.0337,200170.34375,3375570.0,270.47482,419.96402,347.8633,2055.4082,0.71083444,1804.2882,-0.056240056
633,1320,577.1712,3492.2788,205592.78125,3375508.25,239.38031,404.36743,412.8072,2001.8322,0.6609439,1815.4044,-0.038124036
634,1296,579.3619,2032.6157,190996.15625,3375486.5,516.9884,724.19214,739.385,2064.4204,0.48859605,1785.4932,-0.06637935
635,1150,577.02,2646.6418,197136.421875,3375509.75,168.65565,329.5426,229.76434,2092.0034,0.80148274,1798.0742,-0.073404655
636,1123,578.187,3186.779,202537.796875,3375498.25,208.3366,336.6113,278.41406,1816.2627,0.7356385,1809.144,0.0037403442
637,1311,580.0473,2074.1487,191411.484375,3375479.5,581.83374,833.85205,894.29974,2252.125,0.44291002,1786.3446,-0.10904024
638,1157,580.9853,3105.0173,201720.171875,3375470.25,495.5592,690.33624,720.64264,2057.265,0.51182795,1807.47,-0.053075876
639,944,579.2945,3620.822,206878.21875,3375487.0,363.6536,564.82153,787.13293,2160.3179,0.49116808,1818.0402,-0.0569992
640,1248,580.1915,1914.7516,189817.515625,3375478.0,661.81573,898.87823,951.79407,2087.907,0.3779775,1783.0785,-0.069145806
641,1188,580.6111,2512.9814,195799.8125,3375474.0,181.75842,346.77356,243.41835,2055.0068,0.78674763,1795.3373,-0.06392201
642,1025,581.4527,3569.361,206363.609375,3375465.5,236.54976,407.12878,479.33804,2018.841,0.63830495,1816.9867,-0.023706773
643,1084,580.75,1764.4935,188314.9375,3375472.5,515.0729,762.47235,808.56824,2123.6006,0.44682333,1780.0,-0.07924721
644,1348,585.93695,1992.6031,190596.03125,3375420.75,799.2322,980.8969,1069.2997,1786.3657,0.2567858,1784.6771,0.010347506
645,1284,586.65967,2108.0583,191750.578125,3375413.5,597.59576,865.59503,924.38086,2220.095,0.420666,1787.0433,-0.10176903
646,1301,587.3505,2150.1077,192171.078125,3375406.5,515.6672,767.0676,785.0223,2273.927,0.49710098,1787.9053,-0.11243672
647,1013,583.7552,2867.304,199343.03125,3375442.5,158.29417,308.91708,252.24185,1943.0701,0.7688257,1802.6001,-0.031416696
648,1003,586.1067,1822.7179,188897.1875,3375419.0,560.6301,777.14954,800.0349,1889.7338,0.3818612,1781.1962,0.008921967
649,1365,588.9524,1953.3165,190203.171875,3375390.5,771.0366,963.14874,1068.4388,1773.2168,0.24438703,1783.8739,0.01631214
650,1324,587.8127,3531.5015,205985.015625,3375401.75,256.8648,423.52493,449.9275,2029.2448,0.6457019,1816.2142,-0.03177211
651,1383,590.3746,2228.24,192952.40625,3375376.25,555.9299,816.90674,821.0159,2212.348,0.4597305,1789.508,-0.096899845
652,1149,587.9156,2613.1985,196801.984375,3375400.75,189.302,364.35944,265.9678,2105.2375,0.7781199,1797.3951,-0.07346112
653,1117,589.89703,1855.1262,189221.265625,3375381.0,705.4843,967.8523,1069.8729,2205.375,0.34501368,1781.8624,-0.098904304
654,1151,588.90704,3220.5403,202875.40625,3375391.0,241.07646,371.1073,291.03952,1974.8558,0.74196935,1809.8419,-0.03630359
655,1225,589.9102,3258.6064,203256.0625,3375381.0,214.02654,349.0902,267.4706,2079.6384,0.7718353,1810.6227,-0.06590244
656,1339,592.6945,3293.6199,203606.203125,3375353.0,316.04294,482.79126,492.5575,2002.1837,0.6283049,1811.3418,-0.039622184
657,1123,589.6892,3072.976,201399.765625,3375383.0,441.50623,630.0739,643.77875,2128.4104,0.5540238,1806.8182,-0.07344205
658,1003,590.78265,3653.7808,207207.8125,3375372.25,268.00946,441.99002,529.163,2148.9656,0.62027,1818.7219,-0.07577022
659,1138,591.464,1507.7926,185747.921875,3375365.25,1433.4684,1699.1617,1866.203,2125.376,0.061045617,1774.7466,-0.0748905
660,1337,591.4256,1592.0411,186590.40625,3375365.75,443.8175,674.1324,667.3687,2140.0898,0.5393932,1776.4728,-0.08660584
661,1250,592.1936,2186.6047,192536.046875,3375358.0,518.2024,793.9776,789.6144,2333.6497,0.49694848,1788.656,-0.12367384
662,1101,590.3878,2481.001,195480.015625,3375376.0,176.47502,342.16803,237.24614,1962.0082,0.7832186,1794.6876,-0.04071511
663,977,587.1832,2804.5508,198715.5,3375408.25,193.67963,372.7472,277.11157,2431.8547,0.79275024,1801.316,-0.13179015
664,1224,598.7459,1418.2949,184852.953125,3375292.5,918.34393,1158.2345,1271.5237,1982.6422,0.26347512,1772.9172,-0.04876956
665,1095,595.7324,3161.8567,202288.5625,3375322.75,257.52603,369.27945,303.2767,1698.4365,0.6955289,1808.6432,0.03982299
666,1236,592.95953,3427.1174,204941.171875,3375350.5,242.6695,432.769,379.90778,2287.3613,0.70942247,1814.0779,-0.08706601
667,1044,592.2663,1475.1093,185421.09375,3375357.25,1318.4597,1567.4397,1694.3055,1870.3688,0.03840965,1774.0774,0.0042023715
668,1186,590.89294,1660.1779,187271.78125,3375371.0,504.37015,754.0135,794.2327,2232.8557,0.48100898,1777.8685,-0.10811519
669,1045,589.3091,3011.9934,200789.9375,3375387.0,407.50766,592.788,579.378,2114.2412,0.58198524,1805.5684,-0.06450009
670,972,592.48047,2928.61,199956.09375,3375355.25,190.31892,332.49176,249.31172,1987.5221,0.773291,1803.8613,-0.029207265
671,1295,596.5807,1545.8047,186128.046875,3375314.25,620.4819,835.9104,814.34827,1925.5814,0.4256552,1775.5284,-0.02275943
672,1086,593.6068,1724.6427,187916.421875,3375344.0,458.51013,735.5295,706.43646,2408.8887,0.5408378,1779.191,-0.1380171
673,1058,597.7202,2417.3914,194843.90625,3375302.75,178.31096,346.5189,247.17674,1884.9376,0.76866347,1793.3883,-0.020013478
674,1026,597.5253,3596.6433,206636.4375,3375304.75,264.24173,448.92203,527.3338,2116.6536,0.63741654,1817.5547,-0.020627782
675,1353,598.5765,2297.6865,193646.859375,3375294.25,350.05914,607.3496,614.6356,2134.3843,0.5876103,1790.9359,-0.08121007
676,1168,600.51196,1889.3981,189563.984375,3375275.0,772.68494,981.60016,1072.262,1943.3005,0.29066697,1782.5709,-0.034676652
677,889,596.07086,2899.6187,199666.1875,3375319.25,162.081,310.61868,238.05287,2017.1316,0.7892369,1803.2693,-0.048280813
678,1146,599.7033,3363.3962,204303.96875,3375283.0,311.13263,505.31458,521.5079,2183.5764,0.6235855,1812.7756,-0.082218744
679,1082,601.0037,2380.868,194478.6875,3375270.0,183.52495,360.00833,251.09242,1934.2006,0.7696194,1792.6418,-0.033501484
680,995,600.75476,2450.999,195179.984375,3375272.5,167.7196,335.9638,228.83215,1940.1619,0.7868945,1794.0787,-0.03437375
681,1161,599.739,2578.057,196450.5625,3375282.5,171.93109,342.7907,226.03963,2192.38,0.8127705,1796.6818,-0.097936
682,892,598.6995,2961.4204,200284.203125,3375293.0,295.92545,445.47815,349.34305,2135.7893,0.7136671,1804.5372,-0.067946054
683,1191,602.8254,2340.6985,194076.984375,3375251.75,254.4173,465.445,393.53903,1902.8875,0.6649834,1791.8197,-0.02449138
684,1147,603.4917,2539.2903,196062.90625,3375245.0,179.4429,354.05756,240.1395,2123.395,0.79637194,1795.8895,-0.08216846
685,1401,606.76874,3327.6018,203946.015625,3375212.25,239.99286,403.4868,342.86725,2024.5164,0.71739227,1812.046,-0.04477762
686,1064,602.5,3042.097,201090.96875,3375255.0,349.6363,528.2265,513.1377,2120.1255,0.6360018,1806.1927,-0.0713155
687,1061,600.35535,2739.6438,198066.4375,3375276.5,223.68991,411.24222,312.68707,2338.8896,0.7637752,1799.9934,-0.121785685
688,1093,604.82526,3130.0833,201970.828125,3375231.75,463.15097,661.9067,701.8056,2100.591,0.51892793,1807.9972,-0.06588468
689,1294,609.56647,3396.5542,204635.546875,3375184.25,303.77164,531.83923,570.8675,2481.5737,0.6330639,1813.4607,-0.14457454
690,1146,606.65704,1691.63,187586.296875,3375213.5,474.39355,752.7356,707.99915,2417.7644,0.5402614,1778.5223,-0.14294744
691,1181,606.9094,1793.3827,188603.828125,3375211.0,586.42084,811.4149,812.7883,2001.2396,0.40358353,1780.6073,-0.028855572
692,1234,609.953,2054.5972,191215.96875,3375180.5,680.342,919.30225,959.8793,2300.1604,0.41930476,1785.9614,-0.11859168
693,920,602.462,2772.4065,198394.0625,3375255.5,250.46848,455.11957,357.29022,2656.7412,0.7632043,1800.666,-0.17213063
694,998,607.3467,2828.1204,198951.203125,3375206.5,157.44589,302.67334,237.12224,1933.0171,0.78081036,1801.8105,-0.027186092
695,1321,608.7835,3462.293,205292.9375,3375192.25,231.067,393.6022,406.5878,1969.2847,0.66625905,1814.8075,-0.031237887
696,1044,608.7615,1449.1753,185161.75,3375192.5,1400.8046,1653.5613,1788.1332,1944.3228,0.03522872,1773.5559,-0.02048163
697,1079,605.6534,2705.8333,197728.328125,3375223.5,212.8063,395.01297,297.13718,2286.5422,0.7698899,1799.3036,-0.11279092
698,1145,609.02356,2673.014,197400.140625,3375189.75,190.04192,366.58777,259.4227,2251.979,0.7933573,1798.6329,-0.10806308
699,1006,609.70776,1755.9484,188229.484375,3375183.0,541.0984,806.58844,813.6004,2265.5557,0.46430287,1779.8419,-0.10862356
700,1251,610.1207,2264.7673,193317.671875,3375178.75,552.4708,840.19507,941.5108,2293.7993,0.42986625,1790.2681,-0.11343985
701,1237,610.8658,1627.806,186948.0625,3375171.25,397.32983,636.80115,593.7898,2202.3315,0.5773281,1777.217,-0.09965529
702,1295,614.7568,2018.1198,190851.203125,3375132.5,599.58844,817.49115,866.661,2085.0125,0.42128417,1785.2168,-0.068294145
703,904,612.0719,2856.9458,199239.453125,3375159.25,161.7688,310.46683,241.71129,2039.8108,0.78329086,1802.4039,-0.049336035
704,1197,612.0501,3500.1353,205671.34375,3375159.5,290.69382,501.4336,489.835,2437.409,0.6756415,1815.585,-0.09729083
705,1031,611.8807,3630.3472,206973.46875,3375161.25,299.0912,483.75702,635.8793,2102.641,0.5539707,1818.2534,-0.06486279
706,1164,614.0086,2640.147,197071.46875,3375140.0,172.20103,341.311,235.63144,2101.1323,0.796735,1797.9623,-0.07271862
707,1012,614.0701,2986.5188,200535.1875,3375139.25,276.9422,414.86017,316.53015,2047.9417,0.7279997,1805.0603,-0.04949148
708,1312,617.5732,2128.5999,191956.0,3375104.25,600.8582,884.62195,927.0892,2342.0898,0.43749785,1787.4822,-0.1287706
709,1095,612.50775,3562.8857,206298.859375,3375155.0,258.14612,453.2589,432.80777,2320.3516,0.71028775,1816.8712,-0.068019755
710,1302,617.21277,1927.1974,189941.96875,3375107.75,841.967,1016.1521,1154.8556,1653.7673,0.17792708,1783.3552,0.0483013
711,1207,616.21295,3195.8965,202628.96875,3375117.75,301.046,444.6657,407.7991,1868.1069,0.6540364,1809.3523,-0.009425071
712,1182,618.7073,3674.0752,207410.75,3375093.0,214.45685,375.7741,416.89426,1877.8198,0.6439917,1819.1533,-0.007198605
713,1150,620.6417,1571.8722,186388.71875,3375073.5,491.33304,746.1548,768.2139,2267.7322,0.50089103,1776.0769,-0.1174523
714,1371,621.0613,1974.8154,190418.15625,3375069.5,715.5091,908.8169,992.9446,1866.52,0.3131687,1784.3331,-0.0138413785
715,1195,619.77655,2503.3264,195703.265625,3375082.25,175.73138,346.60837,234.34895,1972.1782,0.7864255,1795.162,-0.043188218
716,1447,623.5722,2090.4956,191574.953125,3375044.25,600.7388,865.63855,899.4382,2306.4285,0.4449623,1786.705,-0.1195025
717,1081,618.3922,1828.0823,188950.828125,3375096.0,636.20905,902.42645,980.67255,2213.5625,0.38464475,1781.3251,-0.101948686
718,1306,623.2672,2205.9028,192729.03125,3375047.25,540.6562,829.3415,785.1769,2425.2795,0.51642597,1789.0695,-0.14304043
719,1192,622.177,3098.6646,201656.640625,3375058.25,361.83514,524.16907,464.02893,2138.6094,0.6545196,1807.363,-0.07847486
720,1173,621.2677,3232.0862,202990.859375,3375067.25,246.29156,381.95227,331.54135,1920.1914,0.71558017,1810.0968,-0.026248101
721,873,620.82587,2886.4558,199534.5625,3375071.75,173.76404,338.45703,251.17755,2299.5923,0.7981919,1803.0135,-0.104229726
722,1163,622.7816,1518.6974,185856.96875,3375052.25,893.3448,1155.755,1259.1531,1934.9991,0.22122848,1774.9886,-0.021919139
723,944,620.62286,2796.7246,198637.25,3375073.75,203.85593,376.143,296.4661,2218.4397,0.76538664,1801.1747,-0.08918666
724,1417,626.2526,2167.6536,192346.53125,3375017.5,574.2153,886.87366,887.06067,2464.0981,0.47603962,1788.2875,-0.1545698
725,1139,622.6971,2605.4785,196724.78125,3375053.0,163.65848,330.11414,219.34767,2131.6577,0.8132229,1797.2568,-0.0841064
726,1204,624.69183,3267.4229,203344.234375,3375033.0,291.98962,450.24002,436.9921,1948.574,0.65157604,1810.8229,-0.031725295
727,1250,629.5832,1397.484,184644.84375,3374984.25,1170.8,1429.5896,1582.904,1974.9696,0.11454607,1772.5092,-0.04678864
728,1084,624.62085,1861.6909,189286.90625,3375033.75,734.66974,953.21405,1056.131,2012.799,0.31504813,1782.0173,-0.054595385
729,988,624.1447,3014.999,200819.984375,3375038.5,278.69482,413.57388,307.3158,2025.913,0.7340395,1805.6497,-0.042031888
730,931,624.80347,2919.0022,199860.015625,3375032.0,178.79913,329.37646,250.43448,2047.0188,0.78003234,1803.6829,-0.044533715
731,988,626.5638,2949.0396,200160.390625,3375014.25,247.30313,375.52783,287.4332,2005.0328,0.7454749,1804.2993,-0.039464455
732,1032,625.31006,3068.755,201357.546875,3375027.0,261.7185,398.3561,309.89972,2059.7234,0.7409868,1806.752,-0.056522056
733,1280,627.9359,1481.9375,185489.375,3375000.75,1167.9492,1432.736,1587.9368,2008.5078,0.11531449,1774.2385,-0.045190617
734,1295,630.7143,2317.02,193840.203125,3374972.75,289.47028,510.00464,458.48804,1987.1414,0.63518864,1791.3507,-0.04795895
735,1084,627.48157,2471.0933,195380.9375,3375005.25,183.50185,358.0129,243.96495,1972.0618,0.7789917,1794.5059,-0.044277027
736,1127,626.6007,3530.6611,205976.609375,3375014.0,286.19254,479.55722,497.8518,2306.4915,0.6577845,1816.2186,-0.08010383
737,1031,628.0,2431.9214,194989.21875,3375000.0,178.08632,350.81378,239.2551,1972.2861,0.7819379,1793.7035,-0.043337326
738,1206,627.9743,1660.0854,187270.859375,3375000.25,532.92786,809.6128,851.06885,2380.7495,0.47847188,1777.8885,-0.14047657
739,1054,626.70306,1726.9193,187939.1875,3375013.0,510.88803,774.6537,749.3956,2284.0693,0.50707203,1779.2572,-0.11537359
740,1272,632.80347,2240.2131,193072.125,3374952.0,620.8074,864.9961,908.6329,2122.0999,0.40202332,1789.7781,-0.074882954
741,1140,630.6044,2359.5535,194265.53125,3374974.0,200.80351,388.5228,274.8114,2033.6578,0.7610285,1792.2222,-0.0583124
742,1066,629.4062,2396.3555,194633.5625,3374986.0,190.60225,363.7195,250.3077,2135.9944,0.7876349,1792.9756,-0.08084272
743,1168,632.9709,1602.393,186693.9375,3374950.25,441.8904,684.8322,651.44006,2239.8535,0.5530291,1776.7095,-0.106272824
744,1119,630.98303,2564.168,196311.6875,3374970.25,174.6899,349.748,234.95264,2168.2449,0.8043817,1796.4152,-0.09308565
745,1289,630.43365,3430.079,204970.78125,3374975.75,226.60008,406.86346,446.07138,2021.4957,0.64806104,1814.1594,-0.048943006
746,965,630.9617,2760.5938,198275.9375,3374970.5,188.00208,345.04144,269.24872,2082.3171,0.77084464,1800.4402,-0.06893807
747,1191,631.3636,3163.1528,202301.53125,3374966.25,398.35684,576.54364,584.13605,2063.8652,0.57427967,1808.6898,-0.060263593
748,1264,634.9391,3299.8164,203668.15625,3374930.5,236.11116,399.4553,333.76068,2081.8984,0.72732335,1811.4924,-0.05675098
749,1035,633.49567,2728.6946,197956.9375,3374945.0,203.40677,375.30338,285.79614,2158.374,0.7657068,1799.788,-0.08504527
750,1161,630.2748,3598.2205,206652.203125,3374977.25,331.9311,531.096,759.85614,2219.9917,0.5100907,1817.6052,-0.08216304
751,1203,632.94183,3359.5918,204265.921875,3374950.5,251.9173,428.06027,430.22736,2047.242,0.66337985,1812.7163,-0.04781452
752,1032,636.2713,1771.6299,188386.296875,3374917.25,716.38275,920.10657,967.3721,1760.8789,0.2783342,1780.179,0.031279407
753,1061,634.5599,1895.0547,189620.546875,3374934.5,796.1159,975.8407,1095.3082,1716.4194,0.22044511,1782.7068,0.028467324
754,1032,636.7868,2530.6472,195976.46875,3374912.25,176.98062,349.49805,234.49321,2144.438,0.802491,1795.7316,-0.08686658
755,1278,638.45776,1439.2676,185062.671875,3374895.5,1226.6409,1481.586,1609.7473,1850.7566,0.05444179,1773.3706,0.013926552
756,1134,642.0811,3706.0415,207730.40625,3374859.25,246.51587,431.52426,449.78174,2424.5684,0.70791227,1819.8214,-0.10989329
757,1197,642.26483,1548.3893,186153.890625,3374857.25,422.85883,648.0075,593.12866,2175.939,0.570718,1775.6085,-0.092491925
758,1086,639.5378,2695.4282,197624.28125,3374884.5,171.27716,332.35544,234.55893,2134.487,0.80186576,1799.1097,-0.08384233
759,1177,644.028,1948.254,190152.546875,3374839.75,596.0425,829.124,923.75616,2175.5217,0.40914446,1783.8024,-0.08888415
760,1449,645.138,2283.4617,193504.625,3374828.5,201.92546,389.95996,278.87646,1985.3105,0.75616986,1790.6714,-0.046766836
761,1051,637.90674,3128.4966,201954.96875,3374901.0,401.77023,575.5143,553.32684,2124.9348,0.60088646,1807.9833,-0.07535585
762,1114,640.22534,3478.85,205458.5,3374877.75,406.51392,665.4475,728.2334,2738.8154,0.5887113,1815.1644,-0.17086616
763,1079,639.53937,3640.837,207078.375,3374884.5,257.7836,431.49677,522.40735,2094.5662,0.6198993,1818.4838,-0.053991687
764,1089,640.01105,1697.0973,187640.96875,3374880.0,503.98346,766.0551,763.4279,2310.2405,0.5044447,1778.654,-0.12376926
765,899,640.1669,2841.0767,199080.765625,3374878.25,167.37486,317.82315,249.92213,1961.7563,0.77231514,1802.0947,-0.034082096
766,1049,641.3251,3041.8247,201088.25,3374866.75,268.3842,405.7126,289.86417,2180.3333,0.7628695,1806.2091,-0.081191376
767,1106,644.1022,1803.4575,188704.578125,3374839.0,696.604,940.8725,1011.1076,2111.2026,0.3553492,1780.8357,-0.07952065
768,1181,643.96277,2005.4048,190724.046875,3374840.25,800.11176,1016.2811,1100.9602,2024.5868,0.29997748,1784.9734,-0.05761315
769,1139,645.1712,2661.3987,197283.984375,3374828.25,164.24583,340.9131,223.96927,2182.049,0.8132466,1798.4156,-0.094514504
770,889,644.3228,2812.7605,198797.609375,3374836.75,157.05174,298.17322,236.43195,1842.7615,0.7724541,1801.5168,-0.009234409
771,1055,645.4872,2975.2957,200422.953125,3374825.25,294.57394,423.09668,323.16684,2111.2266,0.7303857,1804.8481,-0.060524683
772,842,644.2886,2870.437,199374.375,3374837.0,200.10214,383.42517,287.19714,2392.0618,0.78416735,1802.6986,-0.12832363
773,1430,645.05664,2053.991,191209.90625,3374829.5,610.9476,874.14685,931.4126,2327.086,0.43104064,1785.9695,-0.122678
774,1245,647.4233,3393.0996,204601.0,3374805.75,268.5036,450.55823,469.60883,2039.4514,0.6344831,1813.4111,-0.04764701
775,1005,644.1522,3560.4915,206274.90625,3374838.5,275.8005,452.88507,541.26965,1989.7766,0.5935768,1816.8397,-0.024722086
776,1226,650.8148,3329.186,203961.859375,3374771.75,195.28874,373.0881,277.54446,2297.679,0.7825823,1812.1031,-0.10355607
777,1170,650.66754,2628.1514,196951.515625,3374773.25,161.96495,330.29486,218.87009,2155.0625,0.81538236,1797.7375,-0.089468196
778,1135,652.6291,2588.6633,196556.625,3374753.75,173.35594,346.83966,231.43701,2177.214,0.80763733,1796.9294,-0.094976015
779,1307,653.3902,1631.4009,186984.015625,3374746.0,501.02908,742.5562,760.6748,2282.958,0.5064072,1777.3159,-0.117474966
780,1069,653.7661,1742.7942,188097.9375,3374742.25,633.24414,856.478,863.9897,1917.2142,0.36414146,1779.5984,-0.008870736
781,1064,651.9088,1837.4614,189044.609375,3374761.0,748.6955,977.672,1088.7228,2003.9164,0.30569622,1781.537,-0.046641763
782,943,653.0424,2781.4443,198484.4375,3374749.5,157.05196,296.85895,234.84093,1839.0966,0.7734974,1800.88,-0.008788894
783,901,651.3629,2904.6782,199716.78125,3374766.25,206.63928,380.70035,294.82132,2245.4617,0.7667107,1803.4043,-0.096292555
784,1085,653.94745,3509.516,205765.15625,3374740.5,259.56082,455.32397,497.70184,2199.728,0.63693863,1815.8004,-0.07461204
785,1372,659.62463,1369.2645,184362.640625,3374683.75,1035.2383,1299.4374,1469.2114,2054.4229,0.17331406,1771.949,-0.07247396
786,1391,653.48883,2133.8914,192008.90625,3374745.0,668.45074,959.376,1021.99207,2322.204,0.39086923,1787.6116,-0.125016
787,1264,651.6891,3194.6401,202616.40625,3374763.0,492.43314,690.0253,763.87897,2071.8801,0.46921912,1809.3464,-0.06261312
788,1138,658.9534,3453.267,205202.671875,3374690.5,295.84973,504.03735,506.8796,2254.3457,0.63278717,1814.6505,-0.09003911
789,1028,654.97375,2449.25,195162.5,3374730.25,182.8035,352.24417,234.38814,2134.359,0.8015317,1794.0741,-0.084364966
790,1013,651.3662,3673.5352,207405.34375,3374766.25,183.47385,363.28528,329.6846,2423.1213,0.787337,1819.1604,-0.100508295
791,1125,656.4782,3007.504,200745.03125,3374715.25,253.21556,374.8511,264.73822,2077.9172,0.7710468,1805.5143,-0.06056555
792,1170,659.8282,1913.2736,189802.734375,3374681.75,721.4137,927.9248,1018.1445,1997.3342,0.33216193,1783.095,-0.04985396
793,1200,659.8883,2338.3726,194053.71875,3374681.0,182.78833,342.43582,243.91833,1998.9142,0.7814728,1791.805,-0.051667247
794,1026,656.96,2411.9368,194789.375,3374710.5,183.77095,352.6033,238.80312,2210.2163,0.804909,1793.3107,-0.102959335
795,1194,653.5293,3232.16,202991.59375,3374744.75,363.78476,531.1679,550.5444,1954.9578,0.5732888,1810.1165,-0.030838676
796,1270,657.8543,1513.6567,185806.5625,3374701.5,668.44727,922.9087,976.15436,2041.6031,0.3687689,1774.9061,-0.065290585
797,1393,660.6561,2098.6082,191656.078125,3374673.5,524.9634,824.50464,801.94257,2444.117,0.50244147,1786.8928,-0.14543761
798,1091,659.6609,2482.603,195496.03125,3374683.5,180.86067,356.09073,236.78276,2134.6296,0.79959995,1794.7603,-0.084449306
799,1038,658.3276,2934.9817,200019.8125,3374696.75,233.07321,375.41473,288.39838,2114.6782,0.7582474,1804.0293,-0.06956383
800,1170,660.51794,1408.2034,184752.03125,3374674.75,1408.447,1680.1384,1837.9359,2111.2078,0.07010578,1772.7473,-0.077534385
801,1057,658.75305,1870.6168,189376.171875,3374692.5,742.01135,929.4787,1023.03784,1797.2318,0.27875632,1782.2203,0.0037396967
802,1063,660.9944,3617.8044,206848.046875,3374670.0,268.14252,448.79727,514.07294,2073.267,0.6092581,1818.0236,-0.062430106
803,1115,661.10223,2374.9363,194419.359375,3374669.0,184.48341,348.9991,240.33722,2134.6196,0.79690236,1792.5549,-0.08528429
804,1217,661.02875,3076.594,201435.9375,3374669.75,268.44247,396.74158,296.62326,2032.9244,0.7440597,1806.9327,-0.051089685
805,1249,664.45874,3736.2104,208032.109375,3374635.5,299.09848,487.16653,599.40393,2196.0088,0.6187778,1820.452,-0.044407796
806,1352,664.2855,1584.267,186512.671875,3374637.25,438.35873,657.08136,649.9719,2073.7803,0.5283587,1776.3567,-0.07131968
807,1164,661.4966,1670.2878,187372.875,3374665.0,462.6744,694.5636,678.42267,2223.2913,0.5307103,1778.1174,-0.10149136
808,1442,661.28015,2208.199,192751.984375,3374667.25,531.1602,796.5201,812.55756,2238.2656,0.47828233,1789.1387,-0.10374679
809,1099,663.2521,2511.6287,195786.28125,3374647.5,176.7707,350.25296,233.6415,2071.7434,0.7965748,1795.357,-0.06923421
810,966,661.6739,3584.269,206512.6875,3374663.25,302.09317,485.26086,588.99066,2068.8733,0.5637282,1817.3367,-0.06037207
811,1256,661.91003,1477.1926,185441.921875,3374661.0,805.57166,1067.5183,1198.66,2095.6719,0.28100833,1774.1615,-0.08030554
812,1191,664.75903,3108.083,201750.828125,3374632.5,252.56592,384.84634,307.8539,1923.2305,0.7268608,1807.5801,-0.026508449
813,1214,660.52057,3268.1755,203351.75,3374674.75,334.84885,518.70386,419.95758,2446.5808,0.69927096,1810.8584,-0.12460935
814,1272,666.43866,1979.4685,190464.6875,3374615.5,755.98114,969.7547,1046.471,2041.6965,0.3284647,1784.4551,-0.06134916
815,1382,663.99854,2171.1562,192381.5625,3374640.0,664.22864,960.0383,1041.4667,2297.0667,0.37669188,1788.3812,-0.11890622
816,1006,663.6232,2748.6948,198156.953125,3374643.75,169.16899,317.0706,246.00398,1971.851,0.77810717,1800.215,-0.04375847
817,1174,664.61584,3149.127,202161.265625,3374633.75,344.15076,500.6431,444.8105,2116.3083,0.6637438,1808.4211,-0.07282575
818,1236,669.4571,2026.4482,190934.484375,3374585.5,685.59546,938.9822,1020.21844,2165.5542,0.36106896,1785.4194,-0.08935925
819,1252,665.6278,2249.7004,193167.0,3374623.75,308.44647,524.89294,461.71405,2166.1772,0.67103934,1789.9915,-0.08698992
820,1196,666.54095,2549.5676,196165.671875,3374614.5,173.7383,346.74582,230.97157,2124.1313,0.8035128,1796.1364,-0.08243777
821,1117,667.0349,3421.5337,204885.34375,3374609.75,257.53445,439.69473,442.16696,2051.8093,0.6431326,1814.0048,-0.053687546
822,1009,666.9177,3538.308,206053.078125,3374610.75,202.8776,385.28693,396.9559,1941.884,0.66618115,1816.3977,-0.010448433
823,1036,666.9778,2717.3147,197843.140625,3374610.25,177.61679,334.55984,250.87935,2063.7559,0.78244007,1799.5739,-0.06528998
824,1175,670.70465,1711.1005,187781.0,3374573.0,508.7251,738.70807,732.04425,1928.5166,0.4191098,1778.9591,-0.008953389
825,1170,669.07605,3362.5103,204295.09375,3374589.25,209.82265,372.20172,345.85385,1930.6569,0.69960475,1812.7963,-0.025243266
826,1119,670.3458,1776.0813,188430.8125,3374576.5,634.2127,878.9017,945.54425,2176.2144,0.39614442,1780.2902,-0.09319286
827,1345,676.7249,2309.0066,193760.0625,3374512.75,167.73012,322.16953,219.11598,1987.2795,0.80064195,1791.2131,-0.048823196
828,748,670.26874,2885.2527,199522.53125,3374577.25,213.16176,381.62567,300.43716,2187.4373,0.7568169,1803.017,-0.084627874
829,1086,673.02026,2681.605,197486.046875,3374549.75,172.28177,349.39136,238.90976,2201.6206,0.8040256,1798.8456,-0.09974336
830,855,671.7111,2827.6375,198946.375,3374563.0,227.56491,420.1345,342.11346,2278.6174,0.73373216,1801.8373,-0.09860321
831,830,672.047,2856.0771,199230.765625,3374559.5,222.14217,406.4988,314.96747,2320.0662,0.7589632,1802.4202,-0.11404737
832,909,673.21454,2961.8723,200288.71875,3374547.75,248.54071,370.58746,292.87183,1969.154,0.73838484,1804.5887,-0.033187825
833,1151,672.5343,1442.828,185098.28125,3374554.75,689.87665,968.02435,1067.8715,2029.3267,0.29170173,1773.4637,-0.041368812
834,1104,675.43115,3655.3179,207223.1875,3374525.75,220.05254,439.63043,382.5643,2760.8225,0.76572216,1818.8003,-0.17378967
835,1201,676.54956,3298.1533,203651.53125,3374514.5,244.893,424.37262,335.37302,2336.8347,0.74548054,1811.4817,-0.115876876
836,1073,673.33923,3043.8733,201108.734375,3374546.5,254.3933,383.47858,300.88864,1982.644,0.73559576,1806.2692,-0.040357042
837,1306,680.6371,2068.415,191354.15625,3374473.75,622.07043,892.64166,975.4985,2303.1255,0.41483986,1786.2858,-0.121080734
838,1167,676.47986,3698.9607,207659.609375,3374515.25,235.05013,429.6238,466.05783,2299.5103,0.71022004,1819.6953,-0.0370535
839,1243,676.88654,1551.037,186180.375,3374511.25,414.25262,652.218,601.0724,2253.2615,0.5855699,1775.6833,-0.11213675
840,1099,677.9809,1813.9099,188809.09375,3374500.25,754.97815,969.01276,1081.4705,1908.9272,0.2870994,1781.0697,-0.027473424
841,899,677.8765,2799.0522,198660.53125,3374501.25,189.91547,358.93436,288.5495,2019.0344,0.7481561,1801.255,-0.045602318
842,1120,678.1607,3486.1035,205531.03125,3374498.5,247.54062,452.19644,471.68616,2065.2517,0.64057636,1815.3341,-0.045606527
843,1113,680.6361,2609.948,196769.484375,3374473.75,168.75562,338.78076,228.62804,2123.7314,0.8054777,1797.3817,-0.08259136
844,1109,682.72314,3175.5437,202425.4375,3374452.75,442.44095,635.793,672.1398,2049.7534,0.5207876,1808.9727,-0.0543322
845,1249,685.2874,1335.7775,184027.78125,3374427.25,904.83984,1161.9424,1306.6637,1908.9296,0.17511363,1771.2782,-0.012634669
846,1073,677.95715,1945.3738,190123.734375,3374500.5,625.4865,864.39233,896.2507,2195.181,0.42367956,1783.7632,-0.09739504
847,1187,684.9427,1612.925,186799.25,3374430.5,453.599,672.2115,620.68915,1993.6858,0.50373226,1776.956,-0.028645044
848,1234,683.66614,2647.7463,197147.46875,3374443.25,161.41896,331.7658,218.80956,2154.723,0.81423813,1798.158,-0.08642249
849,992,683.1381,2432.1582,194991.578125,3374448.5,183.11795,353.7278,240.60585,2194.502,0.802149,1793.7401,-0.099613786
850,1312,688.3918,3764.1584,208311.59375,3374396.0,386.71152,597.59644,890.5995,2321.5796,0.4592065,1821.038,-0.11304266
851,1119,686.3807,2576.825,196438.25,3374416.25,171.1144,351.1957,229.2243,2198.0366,0.8109275,1796.7063,-0.09922162
852,983,685.68054,2988.644,200556.4375,3374423.25,249.33266,371.22888,298.97,1869.1353,0.72323376,1805.1444,-0.009714773
853,1137,685.9877,3209.3474,202763.46875,3374420.0,391.55014,571.8808,557.22076,2044.3188,0.5828668,1809.6671,-0.04887102
854,1039,685.90375,1883.7478,189507.484375,3374421.0,682.8999,909.71704,1035.7103,2100.129,0.35018128,1782.5052,-0.07454684
855,1330,689.0895,2274.9985,193419.984375,3374389.0,160.86691,314.0887,213.57368,1909.4331,0.79818994,1790.5234,-0.029683553
856,1067,687.7273,3562.4387,206294.390625,3374402.75,201.02016,374.8332,401.3416,1863.039,0.6498613,1816.9038,-0.002500076
857,1208,689.4238,1648.2773,187152.78125,3374385.75,480.8535,684.6548,658.3833,1959.0637,0.47338024,1777.683,-0.01705924
858,1093,686.6999,1846.8162,189138.15625,3374413.0,725.0805,916.60016,983.77673,1882.8463,0.3185531,1781.749,-0.019699812
859,1031,686.5994,2396.318,194633.1875,3374414.0,181.71678,346.93018,237.67896,2155.1658,0.8010238,1793.0078,-0.09066602
860,965,687.2829,2768.7969,198357.96875,3374407.25,171.93369,322.857,266.44974,1796.3068,0.7400125,1800.6404,0.007767629
861,1058,687.4461,3240.9282,203079.28125,3374405.5,318.04016,475.93524,389.7467,2052.621,0.68989754,1810.3151,-0.04901529
862,1064,689.3327,2463.376,195303.765625,3374386.75,178.2312,345.05545,231.6626,2161.0376,0.8059215,1794.3834,-0.09086442
863,987,688.30194,2909.6484,199766.484375,3374397.0,177.30293,319.24316,257.68997,1854.9109,0.75581175,1803.5272,-0.006960534
864,1153,688.53076,3393.1067,204601.0625,3374394.75,444.41934,676.45795,643.56287,2630.0234,0.6173482,1813.4342,-0.14669959
865,1102,686.87115,1743.696,188106.96875,3374411.25,661.8031,923.5354,985.0998,2232.9302,0.39491427,1779.6364,-0.10816647
866,1118,687.1315,3329.509,203965.09375,3374408.75,257.64758,425.1145,375.59973,1997.5858,0.6855909,1812.1301,-0.040947467
867,1512,692.961,2142.3076,192093.078125,3374350.5,629.46826,910.5417,952.627,2340.224,0.42458138,1787.807,-0.12810288
868,964,690.7811,3018.3777,200853.78125,3374372.25,258.4528,388.53683,314.11255,1892.4087,0.71479404,1805.7566,-0.01639192
869,1224,692.7802,2356.9011,194239.015625,3374352.25,179.58252,342.82678,228.14378,2153.2246,0.8080863,1792.2037,-0.09017497
870,998,690.40283,3598.7966,206657.96875,3374376.0,309.07364,507.3066,548.1102,2206.511,0.6050223,1817.6504,-0.08166762
871,1244,692.8939,1400.2902,184672.90625,3374351.0,976.5217,1241.5522,1315.2412,1751.9083,0.11356672,1772.6044,0.06192216
872,1142,694.141,1684.5376,187515.375,3374338.5,492.32312,719.18567,704.0508,2027.6042,0.463197,1778.4287,-0.037560847
873,1237,696.1463,2000.9774,190679.78125,3374318.5,506.12854,740.3363,745.4681,2235.4397,0.5155878,1784.9131,-0.1071887
874,1408,695.3537,2228.4033,192954.03125,3374326.5,405.50638,654.5746,661.67615,2273.3713,0.59153837,1789.5724,-0.107613675
875,1088,694.5046,3128.022,201950.21875,3374335.0,348.63788,524.2996,507.77344,2019.9734,0.61571395,1808.0055,-0.049246527
876,1151,693.9983,3519.1052,205861.046875,3374340.0,248.54648,460.5682,457.51346,2095.0547,0.6453245,1816.0193,-0.039888866
877,955,693.25653,3631.3184,206983.1875,3374347.5,267.5445,494.7644,507.9848,2608.244,0.68158937,1818.3184,-0.14798088
878,1367,693.2794,1512.8018,185798.015625,3374347.25,583.32263,846.4945,892.7286,2178.248,0.4227231,1774.9097,-0.09660355
879,1106,694.5949,2526.8254,195938.25,3374334.0,172.01808,347.1971,228.1962,2140.0542,0.80685556,1795.6865,-0.08596769
880,1004,693.7719,1917.0986,189840.984375,3374342.25,656.494,898.38745,998.9562,2234.8018,0.39287794,1783.1932,-0.104977764
881,885,693.6791,2937.157,200041.5625,3374343.25,212.95763,341.0853,279.15933,1837.0249,0.73600256,1804.0939,-0.0030641279
882,1140,695.75,3456.9763,205239.765625,3374322.5,406.5193,668.2013,691.94385,2534.7124,0.5797863,1814.7471,-0.1477888
883,1115,696.47266,1365.8475,184328.46875,3374315.25,1084.0817,1326.5076,1397.9373,1615.4188,0.049377736,1771.9009,0.09404752
884,1383,699.02167,2105.4043,191724.046875,3374289.75,594.8829,885.48663,911.1489,2396.0708,0.45235747,1787.0543,-0.13967441
885,1557,700.49774,2186.6223,192536.21875,3374275.0,595.4033,849.42004,853.0893,2197.5522,0.44359085,1788.7194,-0.094357
886,1180,699.9407,2494.4126,195614.125,3374280.5,176.25,345.839,230.91864,2166.9194,0.80702347,1795.0254,-0.09227034
887,945,696.89526,2704.7417,197717.421875,3374311.0,177.75238,342.0889,254.35449,2063.2075,0.78046054,1799.3334,-0.066306286
888,1268,697.19556,1474.3778,185413.78125,3374308.0,635.0197,895.2894,938.2973,2122.8398,0.3927166,1774.1249,-0.08363252
889,1077,699.6945,2735.8748,198028.75,3374283.0,195.24513,367.79572,310.73538,1861.1449,0.71306074,1799.9729,-0.011622739
890,1146,699.2801,3068.7468,201357.46875,3374287.25,289.62042,426.94504,342.87436,1979.229,0.7074385,1806.7935,-0.034363598
891,1035,699.2116,1788.4956,188554.953125,3374288.0,758.34204,1003.7778,1119.342,2182.034,0.32788715,1780.5615,-0.09462505
892,1239,700.1477,3726.497,207934.96875,3374278.5,337.42575,530.12836,723.9629,2289.523,0.53425986,1820.2727,-0.10300117
893,1150,701.4791,2040.4053,191074.046875,3374265.25,361.46957,591.3139,578.3157,2256.9705,0.59892046,1785.7241,-0.11106558
894,832,696.7488,2877.2344,199442.34375,3374312.5,170.46515,311.6418,245.91106,1880.363,0.7673991,1802.8678,-0.01355652
895,1134,703.1261,3099.2856,201662.859375,3374248.75,417.3135,609.19885,636.9947,2063.1213,0.5485092,1807.4215,-0.05772619
896,1071,699.2866,3268.5854,203355.859375,3374287.25,275.7969,440.74603,397.5355,1974.8212,0.684689,1810.8885,-0.036651082
897,1186,703.543,3681.4038,207484.03125,3374244.5,260.3613,446.88702,525.63574,2276.4993,0.6560065,1819.3505,-0.08065373
898,842,699.5166,2843.0593,199100.59375,3374284.75,181.61758,333.27792,265.3076,1964.2649,0.7618539,1802.1691,-0.034000374
899,1083,700.9714,3425.484,204924.84375,3374270.25,520.70776,776.8578,823.65283,2704.7944,0.5358591,1814.1046,-0.16776977
900,1123,702.91364,1435.3616,185023.609375,3374250.75,691.0481,967.2769,1063.9929,2068.4988,0.3283971,1773.3289,-0.07295477
901,1192,704.77264,1964.2576,190312.578125,3374232.25,565.0235,819.30115,856.1644,2228.084,0.45101285,1784.1659,-0.10519777
902,1229,708.98615,2328.3052,193953.046875,3374190.25,174.2856,335.84216,223.17738,2120.5078,0.80934477,1791.6272,-0.082556486
903,1369,709.488,1588.6786,186556.78125,3374185.0,473.48648,715.25055,726.47845,2326.4368,0.53105944,1776.4739,-0.12147652
904,881,705.57434,2814.7266,198817.265625,3374224.25,190.05675,352.78207,286.96823,2042.4677,0.7544916,1801.5919,-0.052953884
905,1072,708.8927,3153.5876,202205.875,3374191.0,392.86475,576.90857,599.30225,1994.9398,0.5471655,1808.5375,-0.042031363
906,1095,704.2219,3361.916,204289.15625,3374237.75,308.50458,503.06985,443.23746,2272.079,0.6757764,1812.8038,-0.10217269
907,1154,712.169,2554.669,196216.6875,3374158.25,180.45927,364.1317,243.83015,2110.4255,0.789845,1796.2671,-0.076551914
908,1217,709.7897,1714.797,187817.96875,3374182.0,684.341,939.20294,1046.0896,2107.976,0.3381478,1779.0579,-0.07973996
909,1116,709.27954,2674.266,197412.65625,3374187.25,166.90323,336.888,228.44176,2146.2786,0.8072407,1798.716,-0.08691775
910,1343,715.6612,3789.5122,208565.125,3374123.5,360.30157,560.22974,788.49963,2187.7935,0.48971048,1821.5726,-0.082133174
911,1085,710.1023,2622.8801,196898.796875,3374179.0,173.15668,341.70877,234.13457,2102.1335,0.7993939,1797.6636,-0.07726418
912,977,708.15045,2962.5088,200295.09375,3374198.5,222.26152,352.36694,289.36694,1764.2958,0.7186749,1804.6216,0.015798172
913,1238,711.2092,4093.7925,211607.921875,3374168.0,195.68417,342.0509,308.88895,2006.4907,0.7446131,1827.8059,-0.02280669
914,1171,708.6046,1552.3296,186193.296875,3374194.0,510.14517,748.8096,721.9095,2211.504,0.50724983,1775.7286,-0.10035699
915,1029,713.2031,3040.5715,201075.71875,3374148.0,342.3547,521.6278,462.23517,2142.2424,0.6543826,1806.224,-0.072986536
916,1144,715.8269,1756.2185,188232.1875,3374121.75,728.8855,992.5472,1128.3995,2260.728,0.33938476,1779.91,-0.11227871
917,1079,712.58575,2421.6348,194886.34375,3374154.25,173.94624,340.49582,226.86469,2153.215,0.8090683,1793.5415,-0.08996791
918,875,712.7303,2787.8184,198548.1875,3374152.75,196.19315,371.85944,296.81372,2086.0034,0.7507331,1801.0447,-0.06573541
919,1190,715.9588,1820.9093,188879.09375,3374120.5,624.14874,840.484,884.3143,2058.4883,0.410318,1781.2355,-0.06557612
920,1039,715.2416,2384.846,194518.453125,3374127.5,175.31184,342.7411,226.10876,2103.9758,0.8054939,1792.7893,-0.07851036
921,1111,714.3546,3488.864,205558.640625,3374136.5,276.91223,519.6134,543.2412,2277.6729,0.6160834,1815.4109,-0.09215484
922,1026,716.233,3546.5098,206135.09375,3374117.75,220.00633,410.58624,429.03656,1925.9454,0.6434026,1816.5931,-0.01872914
923,1215,717.0675,3191.279,202582.796875,3374109.25,385.94034,561.3033,489.39136,2120.2046,0.6175221,1809.3143,-0.06084222
924,1176,716.483,3297.886,203648.859375,3374115.25,279.05527,438.4592,396.61096,1900.5098,0.66526437,1811.4985,-0.018512499
925,1024,717.5508,3652.1016,207191.015625,3374104.5,318.6797,524.4619,593.2471,2216.2798,0.5979735,1818.7577,-0.065239966
926,1381,719.6973,1304.1882,183711.875,3374083.0,1198.0739,1449.9377,1561.0927,1774.9652,0.050940428,1770.6516,0.0418773
927,1056,716.8267,1856.4867,189234.875,3374111.75,446.53693,660.4394,647.90814,2159.6667,0.5518906,1781.9648,-0.08532073
928,1290,721.6372,2294.7573,193617.578125,3374063.75,165.60388,324.07907,213.59535,2033.586,0.8093038,1790.9471,-0.06122142
929,1029,718.0389,3581.7754,206487.75,3374099.5,186.89552,366.77115,323.9723,2277.8303,0.7489522,1817.3169,-0.10493338
930,971,715.74664,1890.38,189573.796875,3374122.5,505.7652,716.35736,736.8651,2163.4893,0.5146381,1782.6587,-0.08607649
931,1283,720.6056,1628.2775,186952.78125,3374074.0,402.05612,599.636,534.78253,1835.4326,0.5197644,1777.2916,0.014286839
932,1329,720.2912,2073.3943,191403.9375,3374077.0,536.4485,801.3183,844.9571,2338.5945,0.47281775,1786.4109,-0.12719321
933,1341,724.0969,2259.2207,193262.203125,3374039.0,152.44295,304.21103,205.37584,1867.3677,0.80121624,1790.2205,-0.018691564
934,1251,721.7746,2590.214,196572.140625,3374062.25,170.94244,346.22144,231.2598,2138.008,0.8037724,1797.001,-0.08466645
935,1070,721.2056,1930.2214,189972.21875,3374068.0,610.5112,871.6701,969.8682,2270.8,0.40738115,1783.4781,-0.11080237
936,1071,719.42487,2999.0354,200660.359375,3374085.75,316.68066,485.7848,444.98505,1970.9832,0.651259,1805.3765,-0.0332843
937,929,721.01935,2758.071,198250.71875,3374069.75,205.75565,405.72983,339.6986,1982.7535,0.7068064,1800.4398,-0.042245273
938,1277,721.8786,3228.6814,202956.8125,3374061.25,407.8888,614.4045,602.36646,2231.8147,0.5855098,1810.0835,-0.097259596
939,1276,724.6489,1666.7225,187337.21875,3374033.5,559.6544,816.64496,879.2759,2183.7812,0.4311316,1778.0817,-0.09663981
940,1119,722.2091,2456.6328,195236.328125,3374058.0,175.79535,339.89545,226.59875,2178.7175,0.81138414,1794.2642,-0.09602916
941,925,722.2508,2893.9697,199609.703125,3374057.5,168.30487,317.72107,241.20433,1953.0454,0.7791772,1803.2252,-0.032115795
942,1032,722.1754,3615.6763,206826.765625,3374058.25,281.88516,488.47675,491.48352,2320.4502,0.6484738,1818.0139,-0.09868602
943,1275,726.571,1270.7043,183377.046875,3374014.25,1212.1475,1451.1035,1556.422,1757.9584,0.053469256,1769.9697,0.030620225
944,804,722.1269,2863.4292,199304.296875,3374058.75,152.85945,299.26245,232.79602,1831.8732,0.77357334,1802.5994,-0.0031010534
945,1009,719.99304,3329.7402,203967.40625,3374080.0,347.25867,544.5322,604.38654,1974.8905,0.54536986,1812.1533,-0.03623244
946,1305,724.9578,1339.9111,184069.109375,3374030.5,1353.1793,1606.9532,1717.4651,1850.1854,0.026330005,1771.3866,0.012873609
947,1018,723.1002,2924.6877,199916.875,3374049.0,192.1115,336.4062,265.70187,1912.4838,0.75436306,1803.8551,-0.020307533
948,1316,726.8017,3753.797,208207.96875,3374012.0,300.66034,490.61246,703.3644,2079.7275,0.5119461,1820.8468,-0.062051743
949,1136,730.55896,4060.7183,211277.1875,3373974.5,363.456,558.9357,672.7782,2182.9785,0.55918854,1827.1387,-0.07074855
950,1203,727.02075,1379.9452,184469.453125,3374009.75,1011.76807,1275.2369,1378.2103,1971.4829,0.19234797,1772.208,-0.045432933
951,1462,729.79346,2154.2578,192212.578125,3373982.0,546.4145,826.80646,879.2291,2286.1313,0.45376208,1788.0732,-0.11523496
952,1100,729.2973,2648.6072,197156.078125,3373987.0,174.52272,345.95456,242.35818,2088.7964,0.79140383,1798.2017,-0.0727377
953,1238,729.5735,3709.8037,207768.03125,3373984.25,336.3118,537.7864,736.8009,2432.8716,0.5500718,1819.9469,-0.12890184
954,1228,729.4495,1489.61,185566.09375,3373985.5,564.81354,800.72473,831.1108,2160.2793,0.4472078,1774.456,-0.092395335
955,1226,729.20715,1526.1484,185931.484375,3373988.0,590.76184,843.2961,873.04486,2172.301,0.4299344,1775.2045,-0.092106715
956,1070,728.0813,2024.3794,190913.796875,3373999.25,356.0131,575.45325,552.31213,2307.0896,0.61914396,1785.4113,-0.1236113
957,1186,725.74286,3392.054,204590.53125,3374022.5,380.60962,588.2913,616.34064,2301.6113,0.58527386,1813.4333,-0.10051132
958,1190,730.75464,1415.9563,184829.5625,3373972.5,734.7513,1001.98236,1078.1865,2080.18,0.32910737,1772.9479,-0.07513282
959,1208,732.35345,1454.5845,185215.84375,3373956.5,566.9884,854.9876,862.45776,2329.4238,0.46595177,1773.7402,-0.13245887
960,1116,730.83154,1991.18,190581.796875,3373971.75,276.85126,482.6335,396.4785,2263.0107,0.70240784,1784.7327,-0.11369864
961,1283,731.5074,2223.5496,192905.5,3373965.0,180.95323,345.23462,246.14497,1885.2151,0.7701151,1789.4939,-0.022549495
962,1063,728.3387,2706.9775,197739.78125,3373996.5,175.4619,342.984,258.1825,1994.1957,0.7682511,1799.3971,-0.047054082
963,1300,732.4408,2523.9077,195909.078125,3373955.5,171.48154,336.99078,225.81154,2153.54,0.80998355,1795.6484,-0.08990354
964,1018,730.44696,3518.2966,205852.96875,3373975.5,266.55255,481.09528,533.72345,2272.382,0.6191136,1816.023,-0.102106415
965,1447,735.7132,2114.53,191815.296875,3373922.75,588.8452,876.1189,915.5356,2296.888,0.43347263,1787.2627,-0.11884703
966,1110,733.6784,2487.1062,195541.0625,3373943.25,171.3099,337.25674,223.53784,2200.6523,0.81533134,1794.8951,-0.10084791
967,867,731.2883,2836.4797,199034.796875,3373967.0,211.29527,404.4083,319.65976,2175.1143,0.74311984,1802.0524,-0.07249283
968,1166,732.91254,3460.783,205277.828125,3373950.75,420.15738,653.6454,744.8778,2291.14,0.5108976,1814.8458,-0.11111299
969,1012,730.6245,1786.9457,188539.453125,3373973.75,589.4842,795.4674,796.7174,2045.4802,0.4399585,1780.5482,-0.05875863
970,1286,736.1151,2357.6936,194246.9375,3373918.75,177.98679,342.31183,224.78227,1988.8989,0.79552084,1792.245,-0.049059257
971,1050,730.9838,3265.28,203322.796875,3373970.25,461.6243,694.7048,758.9481,2250.0476,0.50096065,1810.8385,-0.10403844
972,1163,735.98364,3086.4841,201534.84375,3373920.25,417.93982,657.6685,629.94495,2381.3894,0.5851802,1807.1776,-0.12321082
973,1280,739.9422,3814.9282,208819.28125,3373880.5,293.00156,481.55273,594.11053,2218.6145,0.5955951,1822.1068,-0.09015756
974,1380,739.38116,3121.081,201880.8125,3373886.25,354.7087,523.51196,441.70834,2106.5762,0.64621335,1807.8885,-0.05377151
975,1068,732.1807,3425.6826,204926.828125,3373958.25,425.3586,644.2603,682.9106,2422.5764,0.5647745,1814.1261,-0.13605832
976,892,735.0213,2969.2646,200362.640625,3373929.75,252.06894,411.80548,316.0796,1933.9961,0.71813715,1804.7753,-0.030547129
977,1212,742.3086,1696.6593,187636.59375,3373857.0,567.6262,835.599,935.0528,2352.6147,0.44100648,1778.7054,-0.13507605
978,1258,739.20905,2191.9373,192589.375,3373888.0,319.4833,526.872,474.8283,2076.717,0.6384229,1788.8507,-0.06528267
979,1150,741.04956,1731.9791,187989.796875,3373869.5,736.6104,986.66345,1081.4156,2278.334,0.35871983,1779.4283,-0.11731031
980,963,739.7227,3022.2078,200892.078125,3373882.75,518.25287,845.82764,792.9258,2876.8088,0.56326467,1805.8627,-0.22260205
981,1023,737.5562,3355.6277,204226.28125,3373904.5,438.4814,656.8705,625.91205,2501.66,0.6025313,1812.6936,-0.14299577
982,975,743.39386,4119.647,211866.46875,3373846.0,211.91898,363.74768,372.20154,1975.5471,0.6909466,1828.3533,-0.022502989
983,1414,746.7355,1240.8861,183078.859375,3373812.75,1048.1754,1289.9303,1400.9926,1684.0287,0.08320563,1769.371,0.05180112
984,1279,741.3276,1569.391,186363.90625,3373866.75,472.6763,658.7201,660.007,1775.2057,0.4345208,1776.0975,0.02858981
985,1067,740.30743,1958.014,190250.140625,3373877.0,445.4536,668.9906,656.8735,2246.8462,0.5709583,1784.0587,-0.110843465
986,1015,741.53,2734.7705,198017.703125,3373864.75,189.82364,356.6788,311.95566,1815.6866,0.70660967,1799.9741,-0.00048035357
987,1090,743.66516,3055.966,201229.65625,3373843.25,438.9165,702.9092,642.6578,2561.6665,0.5984055,1806.5566,-0.16204105
988,938,741.3411,2808.9062,198759.0625,3373866.5,224.48401,414.41684,349.37634,2079.5405,0.7080996,1801.493,-0.05829146
989,1006,738.33997,3155.5337,202225.34375,3373896.5,403.6884,583.2217,491.16254,2250.4966,0.6350844,1808.5939,-0.087353006
990,1148,742.3223,3676.6995,207437.0,3373856.75,241.75305,420.4277,466.99783,2290.1133,0.6893584,1819.2755,-0.08767552
991,884,741.97626,1900.4072,189674.078125,3373860.25,326.52036,509.15952,397.75452,2511.5962,0.72387105,1782.8795,-0.1605012
992,1075,748.39813,2049.8752,191168.75,3373796.0,601.01117,887.56555,914.4958,2488.2224,0.4659768,1785.9454,-0.1595478
993,1068,744.2463,2397.0627,194640.625,3373837.5,177.7397,345.40823,226.13577,2023.3877,0.7978507,1793.0563,-0.05741828
994,1001,743.3117,2430.894,194978.9375,3373847.0,173.4985,340.1998,223.70529,2060.927,0.8033122,1793.7489,-0.06740557
995,1019,747.69385,2941.9275,200089.28125,3373803.0,220.18547,370.70068,281.17026,1899.6168,0.7420052,1804.2223,-0.022131428
996,1236,746.14075,2321.0955,193880.953125,3373818.5,177.01456,342.38754,228.44823,1959.6489,0.7894924,1791.501,-0.04058105
997,1016,744.4026,3562.0896,206290.890625,3373836.0,237.75739,429.05856,472.06396,2125.5437,0.6402105,1816.9281,-0.07511498
998,1312,749.6585,1608.8278,186758.28125,3373783.5,539.32697,744.50073,750.0282,1859.2164,0.41125572,1776.9104,0.0036486923
999,841,743.31274,2780.271,198472.71875,3373846.75,195.87158,377.83115,332.2616,1778.0499,0.6865177,1800.9075,0.01143225
1000,933,743.75244,4089.7063,211567.0625,3373842.5,307.4148,476.40515,595.1029,1844.1061,0.5239044,1827.7399,0.007617325
1001,964,746.833,1867.6785,189346.78125,3373811.75,460.97095,665.75,646.5477,2151.8257,0.5437253,1782.2118,-0.087438144
1002,1299,747.85297,2564.6482,196316.484375,3373801.5,177.59122,347.18015,236.96767,2107.4858,0.7969322,1796.4921,-0.07821328
1003,1181,747.1998,2617.0583,196840.578125,3373808.0,168.27434,334.94498,229.69093,2102.789,0.8022843,1797.5656,-0.075496994
1004,1139,747.91925,2677.3142,197443.140625,3373800.75,170.64091,339.2397,243.3705,2025.9491,0.7847083,1798.8005,-0.055549104
1005,1080,748.7713,1835.7046,189027.046875,3373792.25,382.33148,604.27594,582.6787,2164.015,0.5841603,1781.5579,-0.0900467
1006,1022,746.9736,3639.2056,207062.0625,3373810.25,309.71234,548.6434,499.454,2677.6467,0.69764405,1818.5098,-0.14514157
1007,1131,750.29004,3314.5693,203815.6875,3373777.0,464.14148,685.4275,775.28827,2130.6511,0.47371742,1811.8594,-0.07442526
1008,1115,751.1274,3598.7454,206657.453125,3373768.75,314.2332,527.76276,473.16144,2569.7063,0.6909686,1817.683,-0.14506087
1009,1020,750.1304,3185.357,202523.5625,3373778.75,385.6706,571.5848,545.9172,2176.4558,0.6046032,1809.2115,-0.078771785
1010,1089,755.52344,1804.4288,188714.28125,3373724.75,277.23416,506.78696,380.21762,2339.5557,0.71771264,1780.9211,-0.12462163
1011,1068,755.7453,3214.5984,202815.984375,3373722.5,443.28745,643.9199,695.32587,2087.4734,0.5196461,1809.814,-0.06552794
1012,1183,753.0964,3492.7354,205597.34375,3373749.0,411.4945,637.50507,756.52454,2163.2236,0.49101478,1815.5117,-0.08210668
1013,1367,756.97296,1646.4696,187134.6875,3373710.25,566.2487,827.8361,876.81934,2265.97,0.4429453,1777.6859,-0.11504092
1014,1243,756.4111,1763.3782,188303.78125,3373716.0,616.111,838.06354,862.1907,2058.5784,0.42861634,1780.0806,-0.06297172
1015,992,751.6109,2869.5796,199365.796875,3373764.0,224.15625,425.2641,324.94757,2405.3386,0.7617353,1802.7421,-0.12198776
1016,1030,752.9612,2902.567,199695.671875,3373750.5,201.52815,371.5301,287.87186,2120.7185,0.760032,1803.4187,-0.068926424
1017,1228,756.60913,3736.0056,208030.0625,3373714.0,207.35423,378.03543,411.29886,2012.3119,0.671724,1820.4987,-0.045045737
1018,1212,757.08746,2081.9248,191489.25,3373709.25,598.7104,898.37787,989.7525,2407.7385,0.4191778,1786.6072,-0.14383508
1019,1047,756.9255,3246.0125,203130.125,3373710.75,419.7063,615.39496,645.33527,2095.8142,0.5335741,1810.4583,-0.065719076
1020,1490,759.23627,3778.6458,208456.453125,3373687.75,284.82684,474.63187,614.25165,2187.2637,0.5794447,1821.3739,-0.08708166
1021,1166,759.68353,4036.4956,211034.953125,3373683.25,274.57632,494.91895,429.82162,2655.385,0.7250159,1826.6581,-0.14395289
1022,1440,758.2979,1315.8334,183828.328125,3373697.0,1173.2146,1437.4764,1580.0612,1962.7355,0.10515257,1770.9132,-0.033557706
1023,1323,758.93195,1355.5813,184225.8125,3373690.75,862.6266,1111.3915,1182.681,1910.4445,0.24291441,1771.7279,-0.026828168
1024,1070,758.31866,3282.615,203496.15625,3373696.75,462.44626,692.5813,746.3799,2257.8174,0.50713694,1811.2091,-0.10608431
1025,935,755.1743,1925.7498,189927.5,3373728.25,463.73904,681.262,664.60535,2217.185,0.5505091,1783.4064,-0.10107218
1026,1019,757.1364,2987.6035,200546.03125,3373708.75,469.69333,707.3729,716.1045,2316.984,0.5428598,1805.1636,-0.11213061
1027,1400,762.13354,2281.8193,193488.1875,3373658.75,170.29071,332.07144,222.6157,2016.9729,0.800158,1790.7056,-0.056312528
1028,998,758.56213,3380.0562,204470.5625,3373694.5,439.12024,655.93335,655.0887,2425.812,0.579438,1813.2059,-0.13412341
1029,1120,759.967,3530.9983,205979.984375,3373680.25,290.8857,504.67276,565.8688,2111.8604,0.5851129,1816.2997,-0.06917535
1030,1194,765.6089,1212.9364,182799.359375,3373624.0,905.6884,1152.0879,1219.0251,1503.4288,0.09293249,1768.8097,0.113062695
1031,1187,759.9014,1392.7852,184597.84375,3373681.0,586.2502,840.7776,863.01685,2105.097,0.42516145,1772.4906,-0.076689355
1032,1165,760.2446,1506.5546,185735.546875,3373677.5,652.8318,889.88495,911.018,2211.466,0.42544797,1774.8215,-0.09896396
1033,1122,759.1132,3856.0312,209230.3125,3373688.75,285.25357,467.90063,573.5566,2100.6733,0.58360994,1822.9597,-0.06717148
1034,1246,763.9061,1541.9221,186089.21875,3373641.0,596.9534,793.8812,825.1108,1640.1396,0.31365156,1775.5482,0.06537226
1035,1244,762.2693,2247.7427,193147.421875,3373657.25,153.68811,306.36816,203.01768,1929.8103,0.80862856,1790.0074,-0.033816747
1036,1207,763.40265,1431.7747,184987.75,3373646.0,529.739,772.95526,741.3861,2259.449,0.50770545,1773.2914,-0.11146077
1037,1248,762.629,2461.1707,195281.703125,3373653.75,175.91827,350.1915,227.53847,2136.742,0.8067024,1794.3804,-0.084663816
1038,876,761.91437,2758.7466,198257.46875,3373660.75,229.4475,414.863,414.2169,1721.3573,0.6159003,1800.477,0.025458459
1039,1475,764.4529,1276.4495,183434.5,3373635.5,1098.9376,1359.7831,1532.1803,1966.5891,0.13040721,1770.1101,-0.048950274
1040,1089,761.9495,2016.9742,190839.75,3373660.5,540.78326,798.7208,846.76587,2339.8586,0.47370738,1785.2793,-0.12803178
1041,1104,764.0281,3411.2173,204782.171875,3373639.75,314.8356,505.01312,506.71332,2090.3088,0.6238622,1813.8474,-0.064503685
1042,1068,762.31647,3444.1414,205111.40625,3373656.75,317.80853,514.2041,595.27856,1985.6179,0.54889244,1814.5211,-0.04129335
1043,1356,766.6969,2137.1785,192041.78125,3373613.0,509.1047,767.10474,773.78094,2138.6099,0.47565398,1787.7448,-0.080475844
1044,1177,764.3602,2499.2642,195662.640625,3373636.5,174.86661,348.2498,228.32625,2168.515,0.80909014,1795.1619,-0.09288855
1045,1296,767.5015,1467.2855,185342.859375,3373605.0,546.1219,781.74304,814.0725,2158.0132,0.46040037,1774.0214,-0.08992628
1046,1076,764.78534,1983.3838,190503.84375,3373632.25,394.81412,632.0567,624.85034,2317.805,0.5831705,1784.5928,-0.12529585
1047,1182,769.3519,4142.4824,212094.828125,3373586.5,288.0537,452.5072,527.06683,1930.9933,0.5953101,1828.8353,-0.01401319
1048,1289,768.33826,2175.2405,192422.40625,3373596.5,482.75098,719.3297,733.69354,2069.025,0.487708,1788.5255,-0.062427606
1049,1245,768.7173,2535.3967,196023.96875,3373592.75,177.85944,354.49316,236.93414,2146.1091,0.80089134,1795.9047,-0.08787417
1050,1268,771.26733,2595.6008,196626.0,3373567.25,173.81703,346.00473,238.13406,2113.8037,0.7967216,1797.1396,-0.07863169
1051,1092,764.49084,2706.1245,197731.25,3373635.0,157.11081,312.14468,236.79305,1850.3763,0.77158743,1799.4003,-0.009812099
1052,860,761.3756,2837.3943,199043.9375,3373666.25,183.67674,355.72906,275.7907,2057.7546,0.7652772,1802.0881,-0.05724493
1053,1191,767.5743,2645.807,197128.0625,3373604.25,163.4744,326.52142,228.47607,2000.9656,0.7948378,1798.1663,-0.051319815
1054,1196,767.68146,3701.7517,207687.515625,3373603.25,313.17056,499.81815,620.29767,2165.9658,0.57556474,1819.8029,-0.06860931
1055,1406,769.4844,3897.5598,209645.59375,3373585.25,424.79517,645.458,854.5921,2243.8577,0.45671904,1823.8164,-0.093207955
1056,1233,771.5742,1680.5912,187475.90625,3373564.25,521.0876,787.4347,814.6318,2332.278,0.49047878,1778.3936,-0.12975125
1057,1046,768.61566,3345.9197,204129.1875,3373593.75,353.63098,526.8714,435.32648,2374.3003,0.6888741,1812.512,-0.11645951
1058,1061,768.30725,4071.2554,211382.5625,3373597.0,257.94485,425.443,468.65598,2037.7163,0.63871425,1827.3751,-0.041351575
1059,1105,770.97736,2382.5312,194495.3125,3373570.25,180.56923,353.3828,233.56561,2002.7611,0.78913605,1792.774,-0.05074672
1060,1213,772.53754,2347.5828,194145.828125,3373554.5,181.6183,352.27866,232.74113,2010.1353,0.7906958,1792.059,-0.053371176
1061,986,767.9696,3019.2778,200862.78125,3373600.25,480.8205,729.1785,705.4848,2438.6804,0.5496996,1805.8186,-0.1347735
1062,1161,771.5504,3823.4695,208904.6875,3373564.5,262.00647,438.54437,501.30017,2229.5361,0.64436245,1822.2992,-0.09448293
1063,922,770.76465,1887.6193,189546.1875,3373572.25,312.81454,513.8872,436.70172,2190.358,0.6655121,1782.6344,-0.0970794
1064,1354,774.7452,2217.13,192841.296875,3373532.5,182.98892,342.6492,259.3471,1787.9261,0.7518135,1789.3875,0.005856959
1065,1198,775.19617,1585.0585,186520.578125,3373528.0,532.9291,791.7863,734.14606,2293.2896,0.50552803,1776.4386,-0.11507599
1066,1228,772.5806,3089.8525,201568.53125,3373554.25,421.53217,611.2366,526.19666,2337.0615,0.6320464,1807.2673,-0.10769308
1067,1100,769.55365,3154.2327,202212.328125,3373584.5,463.84045,693.7159,750.4764,2302.6646,0.524836,1808.5847,-0.11168475
1068,945,773.17145,3625.2158,206922.15625,3373548.25,312.35132,523.6206,470.51218,2689.1084,0.7085754,1818.2375,-0.16293323
1069,1113,774.3405,3661.5247,207285.25,3373536.5,234.97305,433.74213,504.92093,2145.3967,0.62889725,1818.9823,-0.064626835
1070,1350,776.15405,1721.96,187889.59375,3373518.5,607.5689,858.3193,912.96814,2194.008,0.42176893,1779.2438,-0.0961187
1071,1021,775.76105,2924.3801,199913.796875,3373522.5,191.86778,373.73654,274.571,1973.927,0.7569384,1803.8787,-0.040011153
1072,985,774.6376,1947.9979,190149.984375,3373533.5,551.0548,815.78784,875.2386,2359.3645,0.4627267,1783.8737,-0.1327176
1073,1092,773.3764,2423.3918,194903.921875,3373546.25,180.14377,352.10715,231.73993,2138.4907,0.8033069,1793.6125,-0.084248334
1074,1060,777.09436,2960.7302,200277.296875,3373509.0,376.89056,596.98584,538.5769,2244.8137,0.6275825,1804.6241,-0.09398284
1075,1102,778.67786,3471.7886,205387.890625,3373493.25,369.9655,584.7718,645.0662,2164.6301,0.54792285,1815.0968,-0.07966758
1076,1014,773.3166,3570.6873,206376.875,3373546.75,255.76332,447.63956,455.37674,2122.1377,0.6466092,1817.1204,-0.072446376
1077,1055,774.8512,4108.0522,211750.53125,3373531.5,228.48672,395.17157,408.036,2216.3691,0.6985473,1828.1328,-0.07166613
1078,857,774.03265,2787.6394,198546.390625,3373539.75,315.021,546.6803,575.51575,2036.6616,0.5813006,1801.0759,-0.052951958
1079,871,776.06775,2814.5774,198815.78125,3373519.25,229.67279,431.46957,381.31918,2045.8932,0.70491445,1801.629,-0.058778785
1080,1226,781.45435,2102.022,191690.21875,3373465.5,620.7822,930.94696,1011.82874,2449.845,0.42358965,1787.0331,-0.1519294
1081,1182,780.43823,2310.847,193778.46875,3373475.5,180.26945,347.61337,228.55922,2021.6261,0.7957427,1791.3108,-0.057378583
1082,1068,775.4485,3056.735,201237.34375,3373525.5,399.51358,584.31085,536.59454,2088.7546,0.59295964,1806.5903,-0.060521264
1083,1224,780.66504,3122.0066,201890.0625,3373473.25,447.00775,672.4939,737.54083,2206.2366,0.51847,1807.9307,-0.09182989
1084,896,780.7054,4172.0522,212390.53125,3373473.0,281.25894,450.43304,518.75726,1855.3945,0.57883036,1829.4475,-0.0038251888
1085,1046,779.9111,1854.0344,189210.34375,3373481.0,370.08603,600.06885,648.9847,2187.1836,0.55023986,1781.9517,-0.097942315
1086,987,780.0152,2736.4487,198034.484375,3373479.75,331.75378,551.92,587.8095,1944.8339,0.5766811,1800.0305,-0.03043573
1087,893,781.1657,2857.868,199248.6875,3373468.25,153.04367,321.90146,238.88577,1868.0638,0.773825,1802.5189,-0.015847474
1088,1185,786.99243,1789.3198,188563.203125,3373410.0,316.60083,584.54095,496.38312,2301.6482,0.6426108,1780.6301,-0.12040988
1089,1128,787.11084,1823.5798,188905.796875,3373409.0,361.58954,616.5133,593.5284,2293.3103,0.5912186,1781.332,-0.118267156
1090,1147,782.06537,2048.286,191152.859375,3373459.25,498.08194,765.7916,723.5179,2454.5396,0.542797,1785.9326,-0.14553106
1091,1073,785.6263,2889.5015,199565.015625,3373423.75,165.30661,335.98883,247.6151,1934.9805,0.7734867,1803.1696,-0.032637436
1092,957,786.24554,1912.7283,189797.28125,3373417.5,334.1097,555.47754,499.00522,2198.2268,0.63070494,1783.1578,-0.10082204
1093,1254,787.19617,2673.5527,197405.53125,3373408.0,167.43939,330.13715,247.55981,1879.6388,0.7667688,1798.746,-0.014713822
1094,1162,785.185,3188.2004,202552.0,3373428.25,536.87524,793.4914,903.4608,2261.149,0.43577695,1809.2896,-0.106129795
1095,993,784.9839,3319.866,203868.65625,3373430.25,400.53726,603.7437,560.5846,2478.1592,0.62290275,1811.9873,-0.13569796
1096,1138,787.0633,3749.174,208161.75,3373409.25,189.06151,358.82602,329.81943,2084.1392,0.72817683,1820.7854,-0.06019453
1097,1351,790.4152,1618.6543,186856.546875,3373375.75,499.0311,748.75055,709.4123,2256.071,0.5264382,1777.1359,-0.11187731
1098,1206,789.2969,2567.3167,196343.171875,3373387.0,192.1874,369.77448,263.68655,2104.0059,0.77580595,1796.5706,-0.07241677
1099,1216,789.838,3505.3743,205723.75,3373381.5,377.49466,590.41614,634.2607,2153.2866,0.5517052,1815.7911,-0.07995035
1100,1104,787.46014,3867.606,209346.0625,3373405.5,300.74548,483.4778,504.63632,2124.5476,0.6200379,1823.2124,-0.06173074
1101,1109,792.44183,4012.827,210798.265625,3373355.5,311.4283,516.5298,499.85663,2443.6926,0.6700363,1826.191,-0.0967376
1102,1031,787.934,3256.711,203237.109375,3373400.75,506.4418,749.1251,792.5742,2336.8328,0.495296,1810.695,-0.12178278
1103,1426,793.20404,1235.8254,183028.25,3373348.0,1195.7188,1450.2118,1562.4124,1801.7819,0.07145564,1769.2952,0.007667334
1104,1053,789.5888,1494.3428,185613.421875,3373384.0,551.1652,778.9725,830.9943,2027.153,0.41793743,1774.5887,-0.051060736
1105,1178,790.6401,1754.8684,188218.6875,3373373.5,659.6613,899.70544,970.78015,2074.0178,0.36885726,1779.9264,-0.071218826
1106,983,789.0244,3599.8433,206668.4375,3373389.75,363.17853,581.50104,503.60324,2735.7478,0.6954624,1817.7264,-0.17023772
1107,1159,792.2088,3798.2148,208652.15625,3373358.0,202.49483,379.88956,342.53494,2318.229,0.73942715,1821.7931,-0.10946536
1108,1094,791.6499,1406.6737,184736.734375,3373363.5,625.8565,862.7669,949.52924,2112.7212,0.38442597,1772.7941,-0.07913681
1109,1077,789.2869,3223.4902,202904.90625,3373387.25,512.8844,736.2823,797.13043,2194.7534,0.47560996,1810.015,-0.090931766
1110,927,788.40564,3288.986,203559.859375,3373396.0,429.541,651.8166,678.7869,2231.475,0.5377165,1811.3564,-0.09902029
1111,1314,796.446,1193.2725,182602.71875,3373315.5,1228.0442,1457.2664,1528.72,1648.7847,0.03504043,1768.4254,0.060142715
1112,1331,794.5913,1338.885,184058.84375,3373334.0,680.9557,961.7393,1001.32983,2271.1367,0.39004377,1771.4071,-0.10683706
1113,1361,796.24615,2625.582,196925.8125,3373317.5,175.86554,339.0463,248.25864,2016.7876,0.77889895,1797.7682,-0.048046265
1114,1025,790.29755,3539.6526,206066.53125,3373377.0,281.66537,486.77023,478.6566,2256.4321,0.64998907,1816.4938,-0.099835366
1115,1248,795.0753,1373.8638,184408.640625,3373329.25,691.97437,933.33813,1051.8759,2041.1666,0.32491812,1772.1239,-0.06289098
1116,1109,795.2922,1560.3038,186273.03125,3373327.0,516.8431,808.504,807.7006,2427.5293,0.49607432,1775.9434,-0.1473923
1117,1064,791.2387,2993.2312,200602.3125,3373367.5,472.2406,704.1776,730.7364,2324.4675,0.5251748,1805.2981,-0.117803685
1118,1005,789.5035,3375.1074,204421.078125,3373385.0,221.63582,384.52487,350.63483,1858.4811,0.68869084,1813.1217,-0.0054943953
1119,1073,792.15845,4048.3179,211153.1875,3373358.5,238.78426,411.30008,369.89514,2140.5847,0.7206219,1826.9181,-0.02511745
1120,1346,796.5572,1303.0305,183700.3125,3373314.5,734.5951,1003.22217,1026.3856,2034.0483,0.32901657,1770.6738,-0.040894017
1121,1139,796.33453,2477.7085,195447.09375,3373316.75,186.09395,361.01492,247.28973,2125.2915,0.79174817,1794.7386,-0.08150525
1122,1321,796.8418,1653.031,187200.3125,3373311.5,532.5708,789.16656,796.1953,2310.0818,0.489776,1777.8439,-0.12436753
1123,989,794.81396,1970.0132,190370.125,3373331.75,587.1951,865.7462,932.24976,2288.8706,0.42911166,1784.3364,-0.11843545
1124,1161,793.8898,2009.348,190763.484375,3373341.0,557.9483,852.6959,820.33765,2532.062,0.5119087,1785.1417,-0.16614759
1125,969,795.7895,3031.6987,200986.984375,3373322.0,479.74356,680.60114,652.43243,2309.339,0.563518,1806.0889,-0.113223344
1126,1153,799.4406,3719.3547,207863.546875,3373285.5,355.7281,566.7628,592.9965,1752.4042,0.5469674,1820.1812,0.036071356
1127,1212,800.40265,1527.6552,185946.546875,3373276.0,592.24176,804.3234,857.9967,1781.9983,0.33579728,1775.2776,0.030126952
1128,1044,798.2433,2402.2903,194692.90625,3373297.5,181.51341,348.84866,233.01628,2186.773,0.80719566,1793.1946,-0.097650535
1129,1115,798.72736,2445.3462,195123.46875,3373292.75,194.92735,369.78296,258.35785,2104.6772,0.78156537,1794.077,-0.07480498
1130,1154,799.0754,2509.812,195768.125,3373289.25,181.75043,355.71057,242.67505,2104.6543,0.78967065,1795.398,-0.07069435
1131,941,796.67163,2769.0745,198360.75,3373313.25,513.76514,834.91394,914.7588,2553.779,0.47283372,1800.7085,-0.16436367
1132,1078,798.10297,3682.654,207496.53125,3373299.0,731.5134,988.9647,1223.8572,1878.5297,0.23148495,1819.4283,-0.0019748646
1133,1445,800.373,2259.373,193263.734375,3373276.25,161.94049,322.3758,213.17024,1954.3633,0.80218375,1790.2678,-0.040025372
1134,1047,797.41736,3406.3752,204733.75,3373305.75,295.34958,470.07974,462.00336,2071.7893,0.6352692,1813.7668,-0.054599952
1135,1191,798.3216,3438.9514,205059.515625,3373296.75,332.5991,537.2309,530.1205,2231.0134,0.6194106,1814.4348,-0.08770155
1136,1277,802.6069,1267.2318,183342.3125,3373254.0,1095.2137,1359.9193,1478.7338,1832.7032,0.102034524,1769.9441,0.014940074
1137,1180,799.93134,1437.2721,185042.71875,3373280.75,667.7517,899.9898,985.8102,2082.4558,0.3603709,1773.4258,-0.07248865
1138,1072,802.65857,2071.7014,191387.015625,3373253.5,507.72015,788.4179,821.90674,2373.2156,0.49967855,1786.4243,-0.13478908
1139,1186,801.57,2161.101,192281.015625,3373264.25,505.43002,776.2445,805.79846,2294.054,0.4883146,1788.2551,-0.11454138
1140,1126,801.33215,2196.1091,192631.09375,3373266.75,282.32062,484.8748,435.06393,1908.3961,0.64079607,1788.9723,-0.02118158
1141,1047,798.04297,2710.1814,197771.8125,3373299.5,199.34956,387.33047,316.19867,1828.7555,0.7136262,1799.5026,-0.0007752173
1142,1080,800.38794,4085.912,211529.125,3373276.0,191.4301,364.83844,293.49075,2520.0315,0.78872037,1827.693,-0.10987849
1143,1277,803.065,1696.1683,187631.6875,3373249.25,624.42676,882.24744,968.5787,2227.4495,0.40431577,1778.7312,-0.103896804
1144,1153,803.6271,2366.4233,194334.234375,3373243.75,184.17346,354.84735,231.10234,2225.3625,0.8114253,1792.4629,-0.106354855
1145,1117,802.51385,3638.3313,207053.3125,3373254.75,232.92122,420.1137,430.4633,2163.6128,0.67471874,1818.5226,-0.073155336
1146,984,802.45526,1879.2693,189462.6875,3373255.5,395.1311,604.74084,567.7002,2202.7651,0.5980734,1782.4819,-0.10210075
1147,1004,804.85956,2831.4531,198984.53125,3373231.5,333.49402,598.39246,548.6773,2457.0579,0.642419,1801.9912,-0.14647347
1148,941,802.9862,2944.797,200117.96875,3373250.25,468.22263,708.94525,727.12646,2265.972,0.52200675,1804.3124,-0.104424894
1149,1096,807.7929,3770.0046,208370.046875,3373202.0,188.83623,345.72446,307.25,2160.0122,0.75035214,1821.2236,-0.07717869
1150,1200,805.0942,3834.5632,209015.625,3373229.0,275.7646,450.78293,431.19,2074.233,0.66154903,1822.545,-0.055285558
1151,1181,805.1634,2128.7273,191957.28125,3373228.25,470.83572,724.27606,712.88824,2261.7798,0.53014565,1787.594,-0.108360484
1152,1103,802.6111,3150.5803,202175.796875,3373254.0,404.61377,639.539,652.42975,2234.9446,0.5597344,1808.5286,-0.09954196
1153,1149,807.92426,4193.3457,212603.453125,3373200.75,208.24326,376.03613,381.71365,2014.7903,0.69338715,1829.8986,-0.03915345
1154,1165,806.14935,4121.0635,211880.625,3373218.5,278.34937,444.88754,466.32233,2086.0151,0.65052265,1828.4165,-0.03878273
1155,1352,810.074,3904.0393,209710.390625,3373179.25,205.83765,364.36612,374.7611,1925.4512,0.67916703,1823.9714,-0.023381863
1156,1030,805.79803,4158.055,212250.546875,3373222.0,201.69078,365.19028,348.53445,2039.3976,0.7162692,1829.1743,-0.043385558
1157,963,806.946,1933.3593,190003.59375,3373210.5,326.49118,548.6833,504.79233,2204.6387,0.6302464,1783.5927,-0.09845779
1158,1358,812.20984,2292.022,193590.21875,3373158.0,172.04271,333.19882,216.75258,2046.246,0.8074965,1790.9435,-0.06371463
1159,1232,809.6794,2330.457,193974.5625,3373183.25,179.94075,345.46753,225.8336,2114.1729,0.80619395,1791.7295,-0.07999709
1160,1106,807.9611,2540.7974,196077.96875,3373200.5,190.35715,370.82642,262.09766,2155.2468,0.78170496,1796.0378,-0.0853446
1161,1081,806.6873,3348.0583,204150.578125,3373213.25,308.88437,482.62906,449.7507,2022.2386,0.65378165,1812.5771,-0.04530809
1162,1183,810.3043,1468.0245,185350.25,3373177.0,566.54016,789.63654,843.83093,2064.4775,0.4027568,1774.0619,-0.048720554
1163,974,807.44147,2801.927,198689.265625,3373205.5,424.31006,726.0832,735.9979,2544.0032,0.5511747,1801.3877,-0.16325139
1164,996,805.86145,3568.4036,206354.03125,3373221.5,459.5256,726.65564,702.3464,2826.2168,0.6064766,1817.0916,-0.18542407
1165,1008,808.9097,2913.1072,199801.078125,3373191.0,258.1379,475.72717,445.74106,2044.9207,0.65854126,1803.6665,-0.05687501
1166,1198,809.6185,3097.131,201641.3125,3373183.75,241.80342,364.5839,285.65692,1913.5709,0.7388109,1807.4374,-0.022214208
1167,1134,809.73016,3062.6357,201296.359375,3373182.75,274.42813,407.22046,315.27557,2084.911,0.7361585,1806.7306,-0.06298034
1168,1279,816.1024,2227.6575,192946.578125,3373119.0,179.595,343.00156,241.32994,1958.362,0.781064,1789.6272,-0.039180912
1169,1378,815.6045,2593.5037,196605.03125,3373124.0,170.58418,338.85995,234.93904,2095.4136,0.7977248,1797.1221,-0.073935404
1170,988,813.95544,2745.752,198127.515625,3373140.5,292.64676,518.4059,480.3846,2051.7803,0.6347641,1800.2405,-0.056324277
1171,853,809.74207,2861.577,199285.765625,3373182.5,272.67526,508.62836,465.49237,2188.3564,0.6568658,1802.6111,-0.085034125
1172,1322,817.2413,1590.1467,186571.46875,3373107.5,569.8366,821.33887,806.3926,2239.1348,0.46944413,1776.5677,-0.10845658
1173,1109,813.2606,3470.9514,205379.515625,3373147.5,343.0532,569.47656,555.1028,2239.5862,0.609605,1815.0989,-0.08980294
1174,1403,819.8653,1735.0022,188020.015625,3373081.25,671.23236,928.86884,1052.9615,2255.0227,0.36563763,1779.5367,-0.112689085
1175,1082,816.45935,2039.3271,191063.265625,3373115.5,442.56653,707.19226,607.19775,2431.8955,0.60128236,1785.769,-0.14618507
1176,1285,821.35956,2653.0474,197200.46875,3373066.5,177.16809,331.94553,263.48483,1877.0864,0.7586781,1798.3453,-0.016401084
1177,1091,817.7974,2975.0935,200420.9375,3373102.0,495.1393,735.16956,775.3524,2322.5842,0.49748027,1804.9415,-0.11846304
1178,930,814.5172,3307.9504,203749.5,3373134.75,353.16397,552.1285,473.46988,2547.471,0.67885536,1811.7596,-0.15347584
1179,981,817.0255,3179.7473,202467.46875,3373109.75,485.10754,742.1993,857.66156,2217.371,0.45300093,1809.1343,-0.09739709
1180,1159,817.36755,1851.6125,189186.125,3373106.25,375.6195,593.6212,564.49097,2202.6255,0.60416573,1781.9241,-0.10108927
1181,987,819.01215,3014.689,200816.890625,3373090.0,429.77356,601.1383,549.2396,2218.691,0.61548835,1805.7534,-0.09002153
1182,1022,820.0,3211.2163,202782.15625,3373080.0,445.28278,660.34344,707.2632,2141.462,0.5092625,1809.7808,-0.08070936
1183,966,818.11804,3275.0952,203420.953125,3373098.75,512.2521,721.4027,776.0217,2096.5854,0.46397254,1811.0885,-0.066086814
1184,1263,821.37134,1814.8171,188818.171875,3373066.25,287.42834,498.62866,396.00317,2202.3452,0.6925473,1781.1726,-0.09846464
1185,922,820.0835,1983.6139,190506.140625,3373079.25,485.18005,746.2332,702.7158,2320.5715,0.53987193,1784.6299,-0.12531564
1186,1058,821.189,2096.1067,191631.0625,3373068.0,496.6125,783.9395,804.42725,2391.914,0.50317407,1786.935,-0.13918532
1187,1062,820.6478,2685.8691,197528.6875,3373073.5,381.55933,619.0857,672.4802,2095.1035,0.55598027,1799.0173,-0.0675431
1188,1018,821.0285,3243.054,203100.53125,3373069.75,477.26816,695.8615,722.19794,2236.0442,0.5207734,1810.4336,-0.10220885
1189,1311,822.37604,1777.5027,188445.03125,3373056.25,530.5141,748.6087,766.4058,2026.2975,0.46509218,1780.4088,-0.058883045
1190,979,820.9714,1902.5598,189695.59375,3373070.25,448.80695,671.94073,660.7273,2122.2727,0.53889686,1782.9698,-0.08182412
1191,970,822.98456,2419.3525,194863.53125,3373050.25,232.84123,410.19073,315.23093,2160.6453,0.74508363,1793.5585,-0.08085084
1192,1017,817.49756,3870.1553,209371.5625,3373105.0,214.77385,398.71732,355.68094,2249.0708,0.7284355,1823.2811,-0.08237279
1193,1021,820.4623,4025.7551,210927.546875,3373075.5,320.80756,503.69244,497.37903,2233.312,0.653333,1826.4712,-0.044552725
1194,1599,829.2664,1170.2133,182372.125,3372987.25,1145.2189,1401.5747,1499.319,1761.8608,0.06449072,1767.9728,0.040723715
1195,1010,818.4109,3602.9702,206699.703125,3373096.0,298.59702,507.75348,442.55942,2389.106,0.68383163,1817.8069,-0.11067303
1196,1145,825.80524,3125.8804,201928.8125,3373022.0,231.2773,359.17773,273.46768,1924.2179,0.7505332,1808.0355,-0.027366059
1197,1169,823.07355,3532.6895,205996.890625,3373049.25,337.19247,569.1014,534.3195,2660.4226,0.6662038,1816.3694,-0.17268161
1198,1037,824.9942,3663.9353,207309.34375,3373030.0,755.89197,979.23,1127.6963,1735.6301,0.23116724,1819.0597,0.046683595
1199,1041,823.9126,4060.8972,211278.96875,3373040.75,208.79636,381.70892,327.92075,2397.2388,0.76792186,1827.1932,-0.078361824
1200,1374,824.14044,786.3428,178533.421875,3373038.5,445.82605,638.6128,722.7285,1691.0553,0.41210315,1760.1067,0.030943252
1201,1347,827.3333,1211.5085,182785.09375,3373006.75,1201.4083,1471.4001,1614.4038,2042.5413,0.11796095,1768.8175,-0.06222257
1202,1125,823.6284,1503.5244,185705.25,3373043.75,496.2009,731.95734,731.6071,2066.8337,0.45153517,1774.797,-0.0385956
1203,959,824.74243,2884.024,199510.234375,3373032.5,381.81543,636.74243,653.08655,2336.243,0.5749129,1803.0796,-0.11853728
1204,1111,823.649,3381.2944,204482.9375,3373043.5,311.55444,501.98514,383.9064,2370.581,0.7197724,1813.2676,-0.10126938
1205,1414,829.761,823.58344,178905.828125,3372982.5,382.8819,569.6294,595.8776,1636.2886,0.481751,1760.8728,0.042387508
1206,1092,825.8984,3499.3086,205663.09375,3373021.0,323.83334,539.05725,569.8489,2202.5078,0.59572345,1815.6869,-0.09041787
1207,1361,833.24396,3995.2117,210622.125,3372947.5,245.53453,467.96252,406.74356,2674.102,0.7349318,1825.8523,-0.14405084
1208,956,828.38074,1951.2406,190182.40625,3372996.25,533.69354,770.8829,778.7793,2234.9456,0.49202406,1783.9716,-0.10431805
1209,1410,828.6,1401.9312,184689.3125,3372994.0,737.2567,951.6475,1065.5646,1795.939,0.2513223,1772.7189,0.0108653335
1210,1332,830.6336,1665.5135,187325.140625,3372973.75,623.8439,872.1344,949.75525,2184.5518,0.39999476,1778.1195,-0.09620849
1211,1039,827.9923,3700.8008,207678.0,3373000.0,501.49518,696.8263,751.4596,1928.3503,0.47932076,1819.8168,0.010235243
1212,1242,828.9815,3804.74,208717.40625,3372990.25,245.25644,411.11633,405.1582,2152.6724,0.68219006,1821.947,-0.07413467
1213,1399,831.96924,1322.8142,183898.140625,3372960.25,531.4053,786.26807,833.421,2210.659,0.4557707,1771.1002,-0.10005556
1214,1392,831.12213,1362.2076,184292.078125,3372968.75,674.99927,919.7852,976.75146,2167.026,0.35866293,1771.9066,-0.07677419
1215,1450,832.2979,1625.2759,186922.765625,3372957.0,593.7538,848.52,915.2241,2270.4207,0.43545654,1777.2963,-0.117384784
1216,1017,830.17505,2780.6204,198476.203125,3372978.25,415.33923,660.84955,699.89777,2162.058,0.51988244,1800.9641,-0.081789106
1217,1273,834.2137,3735.0266,208020.265625,3372937.75,219.98705,393.93756,410.18185,2047.1127,0.6717051,1820.5215,-0.049428064
1218,897,829.90076,4142.68,212096.796875,3372981.0,207.06856,354.5251,348.48605,1957.2474,0.70078623,1828.8723,-0.029201904
1219,1343,831.3038,1553.5309,186205.3125,3372967.0,624.4296,872.2353,899.2636,2179.0403,0.41602787,1775.8259,-0.09305738
1220,917,828.8844,2010.9432,190779.4375,3372991.25,458.6314,734.6848,668.2247,2422.6663,0.5699182,1785.1948,-0.1418341
1221,1103,832.7987,2387.282,194542.8125,3372952.0,230.24025,402.14777,314.1514,2112.1868,0.7409052,1792.907,-0.070268795
1222,1015,830.8532,2719.9763,197869.765625,3372971.5,442.61774,705.0463,767.02856,2276.731,0.51716983,1799.722,-0.11264189
1223,1149,831.14795,3416.0706,204830.703125,3372968.5,356.0196,592.81635,506.81113,2597.5496,0.6743163,1813.9844,-0.15900737
1224,1370,835.52264,1284.4358,183514.359375,3372924.75,506.8949,759.72046,724.3861,2166.6248,0.5042606,1770.3162,-0.091682956
1225,1323,836.47845,2559.8896,196268.890625,3372915.25,161.41647,328.808,223.6765,2047.7158,0.8030092,1796.4454,-0.064491384
1226,930,832.82043,3332.2732,203992.734375,3372951.75,297.89355,446.29623,362.87366,2046.3549,0.70523155,1812.2683,-0.044290576
1227,1153,832.9584,2186.3286,192533.28125,3372950.5,339.7849,580.1457,541.8014,2252.4492,0.6389383,1788.7903,-0.10300796
1228,1248,832.66907,2482.6619,195496.625,3372953.25,169.77965,338.879,224.17468,2147.149,0.80911845,1794.8611,-0.084399424
1229,1057,832.8401,2449.6726,195166.71875,3372951.5,177.39262,351.11542,231.53548,2234.9849,0.8119356,1794.1853,-0.10654041
1230,1459,839.54834,1245.7423,183127.421875,3372884.5,1033.7985,1319.8705,1439.2269,2211.1248,0.24231726,1769.526,-0.104844555
1231,1083,834.89844,4091.1006,211581.0,3372931.0,225.82225,395.07156,346.50784,2319.772,0.7475216,1827.8181,-0.08552532
1232,1293,837.4478,2518.7578,195857.578125,3372905.5,154.91183,320.8948,211.1106,2091.3518,0.8165674,1795.6033,-0.07411758
1233,1127,838.63354,3041.899,201088.984375,3372893.75,235.64641,354.38287,271.61447,1974.7693,0.75798297,1806.322,-0.041526932
1234,1143,837.6011,3448.9143,205159.140625,3372904.0,404.51663,634.90375,637.42346,2267.1724,0.5780324,1814.6609,-0.09854817
1235,1646,837.34143,869.46295,179364.625,3372906.5,377.11362,544.73145,591.8044,1475.5182,0.44009218,1761.8171,0.09224858
1236,1292,836.64166,1440.8785,185078.78125,3372913.5,529.5286,738.161,759.8553,1795.6594,0.3829646,1773.5215,0.028960709
1237,1183,836.55365,1701.6729,187686.734375,3372914.5,679.25104,914.213,1011.9831,2081.3423,0.34917966,1778.8638,-0.07180589
1238,1178,838.91003,2353.162,194201.625,3372891.0,251.48302,429.38965,361.99576,2060.0823,0.71728325,1792.2115,-0.059416663
1239,979,833.2952,2941.3147,200083.140625,3372947.0,548.998,781.28345,889.7252,2189.1824,0.4312682,1804.2582,-0.08943796
1240,1027,836.4323,3633.2542,207002.546875,3372915.75,349.2629,541.5638,677.6212,1926.5331,0.49426356,1818.4374,-0.022002624
1241,1555,842.1833,1130.816,181978.15625,3372858.25,1079.0874,1340.0521,1431.8682,1731.3898,0.08684794,1767.1735,0.040055234
1242,1205,839.5909,2153.4282,192204.28125,3372884.0,519.7884,785.93774,831.41327,2241.8647,0.4747647,1788.1201,-0.104612626
1243,1378,841.4978,2623.5217,196905.21875,3372865.0,152.58055,306.43253,217.69449,1923.362,0.7964517,1797.752,-0.03209826
1244,1033,836.9642,2845.6814,199126.8125,3372910.25,389.41238,633.2672,643.39014,2258.5508,0.5641106,1802.3009,-0.10336058
1245,1129,840.3472,2066.2463,191332.46875,3372876.5,550.2737,829.74225,852.6262,2374.3977,0.47573423,1786.3345,-0.13657548
1246,1021,840.3565,2119.2273,191862.28125,3372876.5,530.2684,795.9305,816.20764,2277.6396,0.477987,1787.4199,-0.11236975
1247,1095,840.9242,3156.885,202238.84375,3372870.75,279.1315,437.7662,363.5516,2034.8835,0.710298,1808.6793,-0.05336365
1248,1013,835.2231,3569.0613,206360.609375,3372927.75,414.07306,640.96295,647.9482,2456.256,0.5901469,1817.1213,-0.1396368
1249,1108,839.4197,3842.51,209095.09375,3372885.75,255.55505,435.1593,409.8141,2268.3552,0.6969353,1822.7267,-0.085019216
1250,1160,842.8043,2812.488,198794.875,3372852.0,442.8586,705.0776,761.5655,2258.7449,0.501468,1801.6241,-0.10367489
1251,1119,841.4799,3078.9187,201459.1875,3372865.25,242.6144,371.8119,279.7958,1962.5103,0.7496517,1807.0822,-0.032729797
1252,1022,838.0264,3767.225,208342.25,3372899.75,229.77936,400.67123,373.20694,2297.0396,0.71992356,1821.1833,-0.103410274
1253,1077,843.5757,4173.1543,212401.546875,3372844.25,194.42804,347.61932,329.72702,1979.7572,0.7190274,1829.5043,-0.03336359
1254,957,842.371,4200.3125,212673.125,3372856.25,193.1489,362.10135,328.73303,2043.6604,0.7260688,1830.06,-0.047079884
1255,1343,845.341,2251.154,193181.546875,3372826.5,320.1653,529.2122,512.0089,2131.6545,0.6399885,1790.1255,-0.07954063
1256,1211,845.36414,1881.6185,189486.1875,3372826.25,470.398,687.2015,693.07104,2148.7952,0.52105385,1782.5552,-0.0845938
1257,980,843.46326,2998.4836,200654.84375,3372845.25,324.976,469.60767,363.4199,2172.7659,0.71727586,1805.4353,-0.08403156
1258,1289,851.56555,761.98914,178289.890625,3372764.25,528.74634,734.12646,838.28784,1744.2754,0.37987882,1759.6245,0.01511176
1259,1281,846.55347,2318.0586,193850.59375,3372814.5,353.40985,565.17017,561.36066,2068.929,0.5967152,1791.4968,-0.06276323
1260,1129,846.5642,1922.4818,189894.8125,3372814.25,536.9415,786.48096,773.90436,2312.3896,0.50291747,1783.393,-0.12157436
1261,990,843.41113,2909.587,199765.875,3372846.0,486.21918,743.0596,847.4616,2203.4575,0.4527116,1803.6139,-0.088642135
1262,1243,848.01044,1479.9783,185469.78125,3372800.0,430.38858,674.2188,614.8093,2202.6726,0.5429192,1774.3292,-0.08109257
1263,1284,849.56696,2284.4485,193514.484375,3372784.25,326.17834,529.3022,504.905,2079.1099,0.6373439,1790.81,-0.0664245
1264,1048,849.1174,3358.8264,204258.265625,3372788.75,276.46088,429.1665,316.8707,2198.996,0.7422219,1812.8214,-0.07512994
1265,1003,847.91327,4117.1587,211841.59375,3372800.75,264.21686,422.17297,421.74924,2068.791,0.6755511,1828.3591,-0.05620268
1266,1642,851.35626,1090.606,181576.0625,3372766.5,1053.4623,1322.2771,1447.1041,1903.2734,0.14365725,1766.3553,-0.023540085
1267,1321,852.61774,1522.3209,185893.203125,3372753.75,495.486,759.55865,733.0212,2236.7874,0.500624,1775.1992,-0.10462896
1268,984,845.3181,3300.6025,203676.03125,3372826.75,405.8257,601.9858,567.4817,2360.3242,0.61458784,1811.6263,-0.12174353
1269,1580,853.6981,912.03925,179790.390625,3372743.0,783.24365,1024.9468,1095.4601,1450.3228,0.1155544,1762.6992,0.14296114
1270,1015,847.40295,2753.8975,198208.96875,3372806.0,411.34482,677.44727,670.402,2345.0945,0.5610117,1800.4264,-0.119931795
1271,1056,846.63257,3877.6165,209446.15625,3372813.75,187.6733,360.64062,318.65958,2215.2192,0.75220764,1823.4501,-0.081497535
1272,1384,853.08887,1758.4263,188254.265625,3372749.0,607.88873,866.38367,938.474,2216.0151,0.4111131,1780.0361,-0.103116885
1273,1240,849.6516,1842.5338,189095.34375,3372783.5,544.2605,783.4903,815.9718,2208.1904,0.46516338,1781.7571,-0.100161985
1274,1057,848.58844,3193.4294,202604.296875,3372794.0,376.40634,553.2379,540.0771,2048.3906,0.59088266,1809.4324,-0.057233524
1275,1206,852.64594,3909.626,209766.25,3372753.5,167.19444,330.6613,283.5535,2023.59,0.75240725,1824.1093,-0.045354467
1276,1007,848.9096,4039.3467,211063.46875,3372791.0,261.41608,438.33862,374.788,2446.7854,0.74038696,1826.7653,-0.10236757
1277,1204,852.4726,2215.9087,192829.09375,3372755.25,377.06146,594.3912,601.16113,2051.5457,0.582508,1789.4076,-0.06065028
1278,1009,848.28546,3266.1973,203331.96875,3372797.25,414.6452,627.72003,639.86273,2193.0405,0.5534442,1810.9231,-0.090115406
1279,957,850.5841,1971.2539,190382.53125,3372774.25,578.7743,836.232,874.2863,2268.7031,0.44522288,1784.3945,-0.11220523
1280,1091,855.00916,3107.7974,201747.96875,3372730.0,282.43768,445.40237,357.0582,2045.9326,0.7074007,1807.6815,-0.058849152
1281,992,852.5,2966.4658,200334.65625,3372755.0,447.13156,640.7384,590.6764,2238.3472,0.5857283,1804.7844,-0.09417429
1282,1121,852.8564,3229.6575,202966.578125,3372751.5,390.64676,583.5,573.4474,2145.7761,0.5842464,1810.177,-0.07698766
1283,950,848.47894,3602.6736,206696.734375,3372795.25,293.13895,499.59317,565.6431,2083.8958,0.5799976,1817.8174,-0.06449565
1284,880,853.1625,3681.3408,207483.40625,3372748.5,275.925,446.00113,407.096,2031.3688,0.6509649,1819.4319,-0.021037348
1285,1432,856.3792,1801.2487,188682.484375,3372716.25,408.28073,625.9357,617.7472,2103.1475,0.5605208,1780.9153,-0.0765481
1286,1056,854.12213,2034.089,191010.890625,3372738.75,514.983,773.9536,748.6705,2396.6997,0.52481735,1785.6837,-0.13586742
1287,1159,858.8516,3970.0034,210370.03125,3372691.5,236.54486,463.2675,391.86798,2580.4995,0.7358613,1825.3499,-0.12467037
1288,1679,859.18463,1049.3765,181163.765625,3372688.25,922.4556,1207.514,1262.6123,1943.9464,0.21978821,1765.5155,-0.028690664
1289,1357,857.0604,2589.6182,196566.1875,3372709.5,150.098,319.4812,217.58733,2008.611,0.80434936,1797.0663,-0.054216746
1290,1128,853.0053,2689.727,197567.265625,3372750.0,393.94504,666.95746,685.56824,2321.7659,0.5567621,1799.1149,-0.121371485
1291,1174,858.1865,3481.6958,205486.953125,3372698.25,279.85947,477.5592,462.31387,2059.306,0.64941466,1815.344,-0.057580907
1292,1391,855.85406,1591.5183,186585.1875,3372721.5,617.9892,875.2739,932.85767,2255.026,0.4163222,1776.6187,-0.1101064
1293,1017,856.944,3544.5073,206115.078125,3372710.5,382.4233,623.6234,539.97003,2754.1353,0.66793036,1816.6302,-0.1848244
1294,1046,856.7581,2877.0305,199440.3125,3372712.5,553.4694,839.4426,1001.2486,2282.7554,0.39860514,1802.9545,-0.10993641
1295,1071,858.521,3513.0027,205800.03125,3372694.75,337.88657,556.74695,605.91364,2370.7898,0.5950663,1815.9857,-0.12632182
1296,958,858.79333,2001.9718,190689.71875,3372692.0,611.8497,887.66077,976.668,2268.5657,0.41107294,1785.0286,-0.11379244
1297,1133,855.9682,2419.0884,194860.875,3372720.25,170.18623,333.90997,230.81642,2001.2172,0.79091316,1793.572,-0.04937978
1298,1111,859.39246,3388.4707,204554.703125,3372686.0,202.78398,357.87265,273.6026,2039.8132,0.76277876,1813.4346,-0.048951007
1299,1369,863.0628,797.8181,178648.1875,3372649.25,760.2973,991.2856,1078.3324,1832.7466,0.29559729,1760.3654,-0.014479592
1300,1268,863.46686,1721.1215,187881.21875,3372645.25,598.1404,832.1577,896.1577,2100.7065,0.40712017,1779.2781,-0.07760977
1301,1372,862.81635,2657.503,197245.03125,3372651.75,403.09692,650.1436,690.9519,2177.9585,0.5478774,1798.4603,-0.09024233
1302,1409,864.5898,837.5245,179045.25,3372634.0,764.528,990.8957,1066.8098,1516.1895,0.18613178,1761.1796,0.10987218
1303,1302,863.626,1646.7858,187137.859375,3372643.75,685.2189,946.4462,1054.6536,2185.334,0.35557565,1777.7554,-0.09388404
1304,1032,862.83234,3788.3857,208553.859375,3372651.75,194.49806,363.43024,308.06686,2245.4482,0.7591184,1821.6306,-0.09904502
1305,1405,865.5644,1340.5061,184075.0625,3372624.25,496.0306,722.27686,724.45764,1961.0533,0.43805364,1771.4827,-0.020117143
1306,1366,865.63763,1381.6537,184486.53125,3372623.5,600.5959,822.5629,917.00806,1951.6874,0.35779205,1772.3256,-0.03186136
1307,1228,864.3021,2093.3347,191603.34375,3372637.0,528.7842,784.0489,800.2134,2255.6182,0.4811593,1786.9034,-0.10846952
1308,937,863.7481,3656.5657,207235.65625,3372642.5,440.18356,632.01013,653.8111,1885.5411,0.4698168,1818.93,0.019536346
1309,1007,862.9325,3820.6604,208876.609375,3372650.75,214.72542,390.72293,333.1698,2395.5337,0.7544428,1822.292,-0.12552167
1310,1159,864.2787,4068.0674,211350.671875,3372637.25,236.9038,393.9508,349.77264,2297.3184,0.7418926,1827.3622,-0.07471228
1311,1593,868.3208,957.02325,180240.234375,3372596.75,707.70874,934.5794,961.0226,1947.6698,0.38122618,1763.6294,-0.037888203
1312,1604,864.0655,1206.9095,182739.09375,3372639.25,525.1814,797.67896,782.23065,2237.2014,0.50309986,1768.7452,-0.10807001
1313,1314,866.21844,1417.1628,184841.625,3372617.75,361.8006,552.6659,483.73517,2021.812,0.61381173,1773.0532,-0.053045273
1314,1028,863.03406,3708.926,207759.265625,3372649.75,224.82004,404.78162,347.96887,2311.176,0.73519224,1820.0026,-0.10715723
1315,1663,866.1155,1005.09143,180720.90625,3372618.75,873.4877,1141.6392,1240.8334,2078.6982,0.28291616,1764.6127,-0.074010454
1316,996,862.3143,2723.5884,197905.875,3372656.75,445.04318,731.13556,707.07935,2466.6064,0.5530143,1799.814,-0.14395475
1317,1027,865.98737,3021.551,200885.515625,3372620.25,234.10614,362.69717,270.3218,1986.9513,0.7598993,1805.9207,-0.041040715
1318,935,861.60425,4146.0986,212130.984375,3372664.0,183.68983,327.0428,252.50053,2173.854,0.7921344,1828.9596,-0.07647765
1319,1126,868.85614,4018.2922,210852.921875,3372591.5,270.0244,453.74377,406.89343,2262.0847,0.70295256,1826.3447,-0.060497783
1320,1449,869.4962,1298.276,183652.765625,3372585.0,465.2526,688.0359,706.5273,1835.3009,0.42571786,1770.62,0.013195977
1321,1236,865.7549,2456.013,195230.125,3372622.5,151.15291,311.69418,205.96117,1963.8163,0.80850065,1794.3341,-0.03900971
1322,1365,868.11426,2496.502,195635.015625,3372598.75,147.15384,307.2652,201.22418,2001.7325,0.8162217,1795.1649,-0.050700895
1323,1083,868.4035,3136.4968,202034.96875,3372596.0,376.13342,583.7299,539.62463,2154.144,0.6156258,1808.277,-0.08120247
1324,1582,869.47345,1162.402,182294.015625,3372585.25,533.50885,814.47095,782.9425,2363.782,0.5170346,1767.8368,-0.13563307
1325,1383,871.0694,1683.3918,187503.921875,3372569.25,421.53433,613.8171,614.5929,1926.1699,0.5288145,1778.5096,-0.0332015
1326,1525,870.577,2540.8591,196078.59375,3372574.25,139.61377,294.63608,199.45967,1877.4846,0.80670214,1796.0751,-0.018493824
1327,960,865.6677,2932.4438,199994.4375,3372623.25,515.6412,774.1536,798.8349,2353.8584,0.52411705,1804.0948,-0.12387241
1328,1107,867.0569,3420.748,204877.484375,3372609.5,205.03659,371.1215,309.40875,1989.1567,0.735203,1814.1002,-0.03938104
1329,1284,868.8084,1558.2671,186252.671875,3372592.0,565.5615,805.2562,819.2983,2157.9495,0.45171347,1775.9452,-0.08811472
1330,1206,866.7073,2382.704,194497.046875,3372613.0,171.37976,337.08542,226.27115,2070.2612,0.8004556,1792.8328,-0.06556277
1331,1056,866.1714,2780.1487,198471.484375,3372618.25,418.3021,704.46686,664.61554,2475.2148,0.57419556,1800.975,-0.14461763
1332,1051,866.45483,3329.7668,203967.671875,3372615.5,250.16888,378.70456,275.6037,1968.4196,0.7492309,1812.2357,-0.023441594
1333,1128,871.8812,1947.4166,190144.171875,3372561.25,650.9548,915.35016,996.0319,2333.8262,0.4048517,1783.9186,-0.12641855
1334,1114,868.8088,2135.096,192020.953125,3372592.0,614.52515,878.7307,947.3779,2262.8105,0.42181015,1787.7615,-0.10746868
1335,1075,869.50793,3060.2224,201272.21875,3372585.0,264.4558,402.2679,297.67163,2061.7498,0.7431621,1806.7148,-0.05205895
1336,962,867.9792,3575.0134,206420.125,3372600.25,368.69125,574.95844,645.1752,2134.0784,0.53993374,1817.2615,-0.07701172
1337,1244,872.32715,1455.5538,185225.53125,3372556.75,320.65033,519.85046,437.59647,1933.861,0.637392,1773.8433,-0.03883554
1338,1257,868.8576,2183.7168,192507.171875,3372591.5,496.72714,761.568,833.4853,2277.031,0.4840467,1788.7576,-0.11014089
1339,1036,870.3465,3757.2114,208242.109375,3372576.5,203.04585,346.84943,337.18726,1991.9073,0.7153126,1820.996,-0.043008994
1340,1470,874.8306,1257.8239,183248.234375,3372531.75,430.34558,642.1871,598.3898,1917.3456,0.50791645,1769.7946,-0.016075823
1341,1016,867.5561,2844.5374,199115.375,3372604.5,565.5906,842.5748,994.2224,2205.4143,0.39539587,1802.2949,-0.092772484
1342,978,870.84357,3453.588,205205.875,3372571.5,226.38037,405.98978,325.93097,2074.1565,0.7298757,1814.7751,-0.057029404
1343,1058,874.56335,3169.4177,202364.171875,3372534.25,305.9452,461.5685,371.1687,1968.0685,0.681479,1808.955,-0.03269343
1344,934,872.25696,3631.242,206982.421875,3372557.5,474.5423,663.6574,744.66003,1861.8575,0.42663038,1818.4159,0.0011028581
1345,1288,874.74066,2345.6816,194126.8125,3372532.5,261.55667,452.77408,384.89673,2158.739,0.7200116,1792.079,-0.082960464
1346,1086,875.733,3850.663,209176.625,3372522.75,224.54144,392.5953,373.51703,2163.0142,0.70796394,1822.9137,-0.07494013
1347,1308,879.65826,3942.3235,210093.234375,3372483.5,301.18118,493.7393,393.7848,2499.0637,0.72537357,1824.7941,-0.13259621
1348,1086,876.3646,4098.7246,211657.25,3372516.25,257.9733,428.27396,429.86465,2130.682,0.685341,1827.997,-0.05286423
1349,1579,878.8271,875.7169,179427.171875,3372491.75,892.0057,1147.1337,1278.1438,1619.848,0.07322739,1761.9705,0.09504757
1350,1396,882.14325,1616.4176,186834.171875,3372458.5,585.7565,838.66693,918.04156,2193.3452,0.41720456,1777.1443,-0.09764274
1351,1180,878.52203,1909.1687,189761.6875,3372494.75,545.6771,801.13477,771.0373,2370.016,0.5153021,1783.139,-0.13512449
1352,1104,875.942,2058.9539,191259.53125,3372520.5,541.846,827.6621,791.2826,2510.2717,0.51853883,1786.2058,-0.16057761
1353,995,880.14874,3731.9084,207989.09375,3372478.5,219.52362,369.19147,372.54422,1931.297,0.67973435,1820.4829,-0.02726671
1354,993,876.42596,2990.138,200571.375,3372515.75,418.4849,627.788,555.1999,2393.2502,0.63573414,1805.283,-0.12619272
1355,1005,874.9184,3293.6755,203606.75,3372530.75,338.23682,517.1557,461.82288,2198.7925,0.65295047,1811.501,-0.08041217
1356,1109,882.07574,3992.0127,210590.125,3372459.25,252.33318,457.74347,373.87738,2449.9297,0.7283855,1825.8135,-0.10642342
1357,1112,877.0872,1875.8903,189428.90625,3372509.25,595.42175,874.223,899.67084,2480.3643,0.47505406,1782.4564,-0.15879056
1358,1338,882.3722,1496.663,185636.625,3372456.25,519.3505,773.6906,755.429,2186.873,0.48698732,1774.6914,-0.09272925
1359,1103,878.369,2809.8296,198768.296875,3372496.25,580.46875,843.1115,1025.9011,2077.369,0.35155627,1801.59,-0.065294296
1360,1018,879.0796,2902.1956,199691.953125,3372489.25,485.0049,767.9342,867.84973,2392.9175,0.49006444,1803.4827,-0.13227057
1361,976,877.9928,3259.494,203264.9375,3372500.0,273.6793,440.36987,348.0912,2103.5728,0.716024,1810.8024,-0.06708988
1362,1257,879.30707,4201.771,212687.71875,3372487.0,183.9471,352.38702,286.80667,2302.0164,0.77811986,1830.11,-0.09758938
1363,1621,883.8199,1120.2665,181872.671875,3372441.75,592.7409,849.2684,866.2789,2044.7297,0.4068999,1766.9824,-0.05558018
1364,985,878.23145,3882.5828,209495.828125,3372497.75,201.36295,385.03656,344.02182,2138.5857,0.72543037,1823.5691,-0.06363702
1365,1375,882.84216,2265.245,193322.453125,3372451.5,155.9251,314.91418,204.44,1927.4677,0.807095,1790.4359,-0.031735927
1366,1008,880.5327,3201.276,202682.75,3372474.75,243.49652,388.67657,298.5114,1942.387,0.7352232,1809.6111,-0.025898488
1367,1526,883.7457,2624.221,196912.203125,3372442.5,230.24771,418.46722,376.77524,1862.0511,0.688947,1797.7904,-0.010067242
1368,1081,884.1258,3090.0166,201570.171875,3372438.75,368.74976,555.8339,493.99353,2139.8303,0.6364469,1807.3336,-0.07401969
1369,1483,886.4936,2307.9414,193749.40625,3372415.0,185.50134,353.48212,254.0,2005.8234,0.7816502,1791.3126,-0.04797403
1370,1069,883.1899,2745.3994,198124.0,3372448.0,382.60056,591.5697,584.98224,2156.3198,0.58352876,1800.2727,-0.07897607
1371,865,879.511,3603.2937,206702.9375,3372485.0,311.31735,510.68207,521.39136,2203.8567,0.6199618,1817.8473,-0.09084546
1372,1153,883.80743,4168.504,212355.03125,3372442.0,193.3196,348.88638,310.96054,2158.4744,0.7530006,1829.4308,-0.065001614
1373,1196,882.27594,1839.5786,189065.78125,3372457.25,520.5744,776.53345,809.21906,2349.546,0.5039894,1781.7157,-0.13215122
1374,1071,883.86743,1983.2063,190502.0625,3372441.25,534.29877,794.0784,835.1391,2270.1355,0.4667304,1784.6588,-0.1135871
1375,1346,886.0914,2227.5112,192945.109375,3372419.0,190.57727,374.263,280.32245,1981.2711,0.7616189,1789.6648,-0.04175296
1376,1319,889.16833,1774.3632,188413.625,3372388.25,456.60046,695.68915,676.0766,2219.1296,0.5359018,1780.3838,-0.103455596
1377,936,884.70404,2956.111,200231.109375,3372433.0,521.48773,806.93695,770.5796,2650.7544,0.5506568,1804.5905,-0.181941
1378,1180,891.6356,2160.322,192273.21875,3372363.75,585.49493,891.7822,1006.62286,2353.2136,0.4096235,1788.2915,-0.13017192
1379,1266,887.0308,2699.511,197665.109375,3372409.75,448.54977,707.6856,751.99133,2215.248,0.5077184,1799.3348,-0.09655511
1380,1110,888.55853,4127.9736,211949.734375,3372394.5,260.7991,427.4027,430.00046,2066.3306,0.66465485,1828.6029,-0.053011667
1381,1212,890.9414,1740.4991,188075.0,3372370.5,568.0264,821.5206,820.32263,2205.6643,0.46047994,1779.6912,-0.0996933
1382,1186,889.24536,2021.2234,190882.234375,3372387.5,618.97217,884.44183,896.05145,2295.63,0.43566895,1785.4407,-0.11639788
1383,1406,889.62946,2579.3918,196463.921875,3372383.75,190.57823,377.61734,308.6323,1873.9004,0.72461,1796.8755,-0.014435606
1384,1286,888.50775,3358.5452,204255.453125,3372395.0,216.39542,352.35107,276.77216,1890.5552,0.74444646,1812.8376,-0.013426323
1385,1302,889.06915,759.9531,178269.53125,3372389.25,800.52844,1025.755,1125.202,1726.3103,0.23765016,1759.6056,0.020039758
1386,1475,890.58374,917.66376,179846.640625,3372374.25,422.31662,622.36475,613.5288,1759.5641,0.520718,1762.8367,0.01207541
1387,1679,894.1602,1078.8767,181458.765625,3372338.5,592.33356,854.52057,924.3609,2116.0935,0.39545357,1766.1409,-0.0815218
1388,897,885.84503,3230.428,202974.28125,3372421.5,211.32274,359.7252,267.96878,2004.0747,0.76395977,1810.2113,-0.047553174
1389,977,888.85364,3530.5671,205975.671875,3372391.5,291.19754,512.6668,384.75894,2486.7466,0.72924215,1816.3624,-0.13282913
1390,1343,892.9211,1531.484,185984.84375,3372350.75,674.11615,925.73346,984.7029,2219.0967,0.3883953,1775.4109,-0.1013873
1391,1232,892.87823,4044.6592,211116.59375,3372351.25,260.6254,436.56857,435.7634,2319.1714,0.69327766,1826.8981,-0.09853127
1392,1446,897.39557,1229.5228,182965.234375,3372306.0,444.6743,676.42395,658.42737,1951.7849,0.47953376,1769.2284,-0.023281068
1393,1256,888.10034,2417.496,194844.96875,3372399.0,158.2715,318.5207,213.97214,2017.8861,0.80711895,1793.5579,-0.054598317
1394,1051,889.39484,3681.704,207487.03125,3372386.0,271.941,462.0433,465.57993,2178.4287,0.64608586,1819.4594,-0.0790458
1395,1188,893.6414,1808.0927,188750.921875,3372343.5,449.60184,684.13385,707.4251,2119.4436,0.5280987,1781.0774,-0.08015967
1396,1121,894.78503,2115.3176,191823.171875,3372332.25,569.39966,850.1231,931.45404,2218.274,0.41303027,1787.3715,-0.10034701
1397,1044,891.5402,2870.545,199375.453125,3372364.5,475.4933,770.4329,839.87933,2489.755,0.5014452,1802.8413,-0.14799662
1398,945,891.74286,3037.6243,201046.25,3372362.5,393.6476,581.93225,564.77405,2211.3809,0.6197229,1806.2645,-0.08684813
1399,989,891.14764,3806.4387,208734.390625,3372368.5,159.61981,316.65115,246.364,2171.0112,0.7959188,1822.0161,-0.0827692
1400,1154,893.98615,3908.9229,209759.21875,3372340.25,352.70667,692.23096,599.85443,3363.9722,0.6922803,1824.1176,-0.2715571
1401,1656,899.45593,1036.032,181030.3125,3372285.5,530.2174,797.8992,794.9668,2207.191,0.4742213,1765.2665,-0.101633124
1402,1182,893.5093,3395.4011,204624.015625,3372345.0,174.26566,313.9619,236.67935,1868.327,0.7739286,1813.5956,-0.005621159
1403,1137,896.7608,3501.9304,205689.3125,3372312.5,230.47977,416.94415,341.42877,2146.105,0.7255498,1815.78,-0.06475502
1404,994,895.37024,3558.185,206251.84375,3372326.25,345.11972,543.4658,570.8385,2082.076,0.58201253,1816.9319,-0.06303586
1405,1343,897.8913,1362.729,184297.296875,3372301.0,396.1303,600.3939,567.8317,2013.8325,0.5668169,1771.9572,-0.055346802
1406,1463,900.4805,1185.5332,182525.328125,3372275.25,476.1825,716.5974,700.4019,1987.5632,0.4611704,1768.3292,-0.033334017
1407,1412,900.26416,1321.272,183882.71875,3372277.25,443.90225,681.0772,706.3074,2123.4695,0.5093999,1771.1094,-0.086480446
1408,1068,898.0852,3118.7332,201857.328125,3372299.25,378.07352,558.34503,510.49203,2092.081,0.6167566,1807.9298,-0.06554537
1409,1591,902.3928,1578.5299,186455.296875,3372256.0,531.296,758.0591,786.0006,2089.079,0.45515344,1776.3801,-0.06873342
1410,1304,896.83203,2462.2156,195292.15625,3372311.75,174.76457,340.1871,254.86273,1950.7025,0.7771569,1794.479,-0.037260998
1411,972,897.3807,2835.506,199025.0625,3372306.25,505.1214,770.9424,940.1451,2282.3684,0.419519,1802.1268,-0.11306095
1412,1109,897.4752,3319.7322,203867.3125,3372305.25,281.11676,418.27774,332.70334,2012.1158,0.719718,1812.0475,-0.03726111
1413,1121,899.8341,3471.877,205388.765625,3372281.75,241.74799,424.2618,356.3943,2030.7454,0.71532375,1815.166,-0.04815564
1414,1321,900.8085,830.7192,178977.1875,3372272.0,860.80927,1105.4216,1205.5806,1492.8721,0.06784939,1761.0621,0.14385451
1415,1581,904.0531,994.19293,180611.9375,3372239.5,379.69702,583.6439,526.9791,1388.7122,0.40022895,1764.4122,0.15921882
1416,1223,902.2894,1434.1357,185011.359375,3372257.0,367.42847,591.72284,508.01636,2109.3394,0.61574054,1773.4224,-0.0746369
1417,1521,902.0966,1658.5969,187255.96875,3372259.0,587.02435,837.66205,901.30176,2208.8027,0.43133664,1778.02,-0.101690546
1418,1426,901.1627,2664.0393,197310.390625,3372268.25,514.3001,788.8408,897.07715,2176.0288,0.45713782,1798.6162,-0.08541412
1419,1067,898.6495,3436.7761,205037.765625,3372293.5,259.47845,441.5628,331.0525,2229.6467,0.7426122,1814.4462,-0.08600614
1420,1184,898.00507,797.0042,178640.046875,3372300.0,822.2196,1053.853,1196.0304,1817.8353,0.22969317,1760.3699,-0.009943838
1421,1346,901.4443,2504.8179,195718.1875,3372265.5,218.185,387.5275,310.82318,2000.24,0.7466987,1795.3545,-0.05096441
1422,1158,901.49396,3774.2798,208412.796875,3372265.0,219.09715,376.19775,367.3614,1978.2245,0.6863664,1821.3628,-0.03701087
1423,1349,905.2943,1402.0652,184690.65625,3372227.0,469.19495,705.1401,667.2268,2204.183,0.5277868,1772.7673,-0.09222245
1424,1518,905.6673,1705.6403,187726.40625,3372223.25,613.98285,878.0738,923.4519,2307.3281,0.42957488,1778.9858,-0.12302726
1425,1143,903.3762,2083.9353,191509.359375,3372246.25,564.3981,828.33246,807.29486,2309.5452,0.47984025,1786.7336,-0.11942121
1426,1101,899.27795,2776.7166,198437.171875,3372287.25,595.4859,852.0672,1009.40234,2015.6549,0.37221104,1800.9235,-0.05140841
1427,1042,902.05853,1934.6862,190016.859375,3372259.5,632.7956,888.2802,929.0758,2247.7927,0.4170095,1783.6755,-0.109908625
1428,1320,905.41895,2197.8416,192648.421875,3372225.75,488.37802,777.5288,810.1856,2380.4856,0.5021826,1789.0681,-0.13590664
1429,1275,900.95056,2379.4016,194464.015625,3372270.5,142.71059,289.64862,195.21176,1850.229,0.80728126,1792.7849,-0.011108686
1430,983,901.25024,2927.938,199949.375,3372267.5,367.84537,612.4425,588.67346,2292.5452,0.60688686,1804.0227,-0.10560511
1431,1064,903.3412,3654.657,207216.5625,3372246.5,369.9267,582.1927,644.11,2321.8643,0.56714356,1818.9128,-0.105248325
1432,1225,903.69794,4079.4744,211464.75,3372243.0,427.82693,632.7302,780.2,2049.4497,0.47115263,1827.6174,-0.048521053
1433,1072,904.417,3150.5728,202175.71875,3372235.75,302.30365,455.94308,407.43704,1928.4836,0.65888387,1808.5857,-0.02456927
1434,1076,904.11615,3708.4768,207754.765625,3372238.75,253.92146,402.69748,453.8104,1814.1552,0.60199594,1820.016,0.0033856926
1435,1341,908.5421,3970.964,210379.640625,3372194.5,338.57495,505.72482,393.86838,2726.5977,0.74612004,1825.3967,-0.16691796
1436,1556,908.581,1279.2037,183462.03125,3372194.25,497.88626,720.5675,742.9312,2086.7654,0.48468062,1770.2527,-0.07372359
1437,1052,906.0846,3007.9734,200749.734375,3372219.25,451.17206,685.3032,642.731,2431.6902,0.5920296,1805.665,-0.13316956
1438,1059,905.8942,3836.238,209032.375,3372221.0,200.61662,365.3508,322.7337,2255.3555,0.7480791,1822.6348,-0.09654345
1439,1351,904.5122,956.1799,180231.796875,3372235.0,421.38785,623.1777,489.25537,1356.8867,0.32930863,1763.634,0.2127064
1440,1269,908.4003,1470.2089,185372.09375,3372196.0,366.30103,569.49725,501.2159,1977.8046,0.60701275,1774.1649,-0.046419103
1441,1015,904.2749,3280.6277,203476.28125,3372237.25,359.82266,535.75073,403.65665,2428.5154,0.70992684,1811.2501,-0.118143916
1442,1017,906.64307,3588.8594,206558.59375,3372213.5,287.22714,478.2237,444.4066,2129.113,0.67400855,1817.5667,-0.07009988
1443,860,905.61163,2976.5593,200435.59375,3372224.0,465.8186,705.95874,644.60175,2453.6528,0.5844509,1805.0212,-0.13154161
1444,989,905.9808,3623.905,206909.046875,3372220.25,431.9621,607.8994,572.90295,2026.9242,0.5558091,1818.2843,-0.032294754
1445,1574,913.49493,1147.0603,182140.609375,3372145.0,600.3081,829.0413,885.7833,1831.1652,0.3410236,1767.549,0.003379423
1446,1124,907.4253,1867.6255,189346.25,3372205.75,540.121,795.76337,835.6664,2329.976,0.48482558,1782.3049,-0.12706563
1447,1065,908.8038,3067.5015,201345.015625,3372192.0,500.83615,745.41174,775.09064,2415.4028,0.5194543,1806.8862,-0.13448632
1448,1081,910.86676,1967.3007,190343.0,3372171.25,561.22943,832.3793,843.18134,2298.048,0.46900636,1784.3488,-0.120485775
1449,1019,907.97644,2051.8232,191188.234375,3372200.25,574.9961,826.23456,808.5898,2263.5437,0.46916065,1786.0785,-0.10904687
1450,1383,909.07666,2540.1685,196071.6875,3372189.25,306.92987,528.26465,469.78018,2089.0513,0.65863883,1796.083,-0.06846438
1451,1081,910.7169,3181.481,202484.8125,3372172.75,234.96207,386.75577,308.58417,1884.2058,0.72376674,1809.2224,-0.0151836015
1452,1289,914.3747,4217.3823,212843.828125,3372136.25,173.19511,341.47168,269.71255,2420.538,0.798779,1830.449,-0.12582774
1453,1110,909.98016,3871.202,209382.015625,3372180.25,340.67703,560.5284,526.88873,2667.4058,0.6631968,1823.3534,-0.14823638
1454,1281,915.1694,862.089,179290.890625,3372128.25,644.78375,885.29193,1058.21,1987.3348,0.30549908,1761.7133,-0.0565063
1455,1288,910.4767,2343.483,194104.828125,3372175.25,166.61723,325.60635,225.94333,1927.1716,0.7916499,1792.0546,-0.032926638
1456,1351,913.8734,4012.4263,210794.265625,3372141.25,279.58438,467.64398,446.8083,2373.944,0.68270093,1826.2491,-0.10704806
1457,1292,915.26624,2281.5054,193485.0625,3372127.25,319.68652,497.11456,463.51547,1978.0016,0.6531488,1790.7877,-0.04476084
1458,1125,911.7627,2737.2053,198042.046875,3372162.25,667.056,963.88354,1090.88,2221.3823,0.36997393,1800.1211,-0.096566916
1459,990,912.64545,3247.5676,203145.671875,3372153.5,280.18738,442.05453,356.27222,2100.4116,0.70654607,1810.5775,-0.05372407
1460,1219,915.6095,3743.6628,208106.625,3372124.0,267.7539,407.4598,452.5927,1777.7104,0.59678715,1820.7433,0.013815757
1461,1120,915.72144,4148.0625,212150.625,3372122.75,268.03036,449.3107,486.0009,2130.6892,0.6366982,1829.0293,-0.066727996
1462,1259,916.6982,1903.1978,189701.96875,3372113.0,383.48212,588.4257,553.9222,2100.7102,0.60087216,1783.0391,-0.07600057
1463,1104,917.9049,2141.0725,192080.71875,3372101.0,477.60327,775.93567,816.4067,2441.6611,0.50691825,1787.9125,-0.14929497
1464,1396,918.62537,2610.714,196777.140625,3372093.75,555.6597,848.3152,975.1913,2354.3767,0.44137877,1797.5337,-0.12460851
1465,1003,913.84045,2898.982,199659.8125,3372141.5,336.50946,572.2562,571.7328,2181.993,0.61684984,1803.4365,-0.08329352
1466,1024,914.9795,3213.7998,202808.0,3372130.25,263.68018,416.45996,347.01025,1925.5034,0.69641215,1809.887,-0.022235774
1467,1228,917.75244,4181.5015,212485.015625,3372102.5,209.51628,363.6987,354.05414,2015.2153,0.7037186,1829.7156,-0.04221307
1468,1357,920.9624,897.1702,179641.703125,3372070.5,480.75534,692.0656,661.5733,1784.7126,0.46351126,1762.4353,0.032659512
1469,1140,918.12195,2000.4843,190674.84375,3372098.75,594.36755,857.35266,867.84827,2380.8308,0.46465015,1785.0327,-0.13631275
1470,1137,918.0158,2804.6323,198716.328125,3372099.75,469.41336,704.8725,816.2366,2154.1855,0.4527779,1801.506,-0.07691671
1471,1211,917.37244,3933.2444,210002.4375,3372106.25,318.2209,548.92896,460.9868,2908.0437,0.7232889,1824.6287,-0.21380465
1472,1289,917.9651,2427.481,194944.8125,3372100.25,231.72925,404.54462,343.22266,1930.0062,0.71126294,1793.7797,-0.032007005
1473,1449,921.26917,2243.6362,193106.359375,3372067.25,383.6018,591.1415,568.3133,2120.8806,0.5955178,1790.0155,-0.07842707
1474,1463,918.8086,1617.9781,186849.78125,3372092.0,477.66916,676.40466,696.15857,1885.6206,0.4710524,1777.1979,-0.02287036
1475,1292,922.93036,4114.0996,211811.0,3372050.75,276.07043,456.24265,517.55457,2054.869,0.613361,1828.3373,-0.049394354
1476,1336,921.55914,1831.8271,188988.265625,3372064.5,454.81735,700.5277,691.10706,2387.878,0.57048297,1781.58,-0.14047125
1477,982,921.6752,773.36865,178403.6875,3372063.25,457.18533,648.40326,674.5489,1702.8677,0.46350932,1759.9001,0.023810387
1478,1196,920.31525,2703.5835,197705.84375,3372076.75,659.7617,958.3395,1144.7693,2309.7651,0.34764335,1799.4373,-0.117738634
1479,1039,923.20306,3421.1665,204881.65625,3372048.0,309.7228,510.89316,407.61646,2250.119,0.69894165,1814.14,-0.08946264
1480,1658,927.50543,1105.4246,181724.25,3372005.0,570.5386,800.87396,826.2219,1935.5127,0.38624424,1766.7046,-0.022963742
1481,1489,925.8576,1500.6051,185676.046875,3372021.5,564.4768,812.04095,857.3761,2251.9663,0.45387366,1774.7979,-0.112366356
1482,1440,925.53265,1543.534,186105.34375,3372024.75,606.5771,827.32776,881.84863,2007.0188,0.3988133,1775.677,-0.04823132
1483,929,922.9408,2950.1238,200171.234375,3372050.5,574.0151,824.43054,910.6555,2259.4219,0.43713254,1804.4895,-0.109160155
1484,1118,924.95886,3097.9124,201649.125,3372030.5,413.27594,600.9629,574.02325,2148.9802,0.5799059,1807.5183,-0.07413982
1485,1222,924.56464,2573.1792,196401.796875,3372034.25,396.5622,621.063,624.2913,2120.3706,0.5724971,1796.7682,-0.07426225
1486,1073,930.5377,745.5536,178125.53125,3371974.5,413.38397,619.11926,640.2628,1884.4576,0.5123341,1759.3358,-0.02636686
1487,1488,927.215,1788.7231,188557.234375,3372007.75,598.55176,866.12836,931.99396,2276.572,0.4301625,1780.7003,-0.11565862
1488,929,923.0409,2866.6804,199336.8125,3372049.5,303.68677,519.78253,460.34122,2145.001,0.66074866,1802.78,-0.07890796
1489,1014,927.5394,3330.9111,203979.109375,3372004.5,485.04932,700.1701,642.571,2427.3901,0.5740031,1812.2933,-0.11476155
1490,1015,925.5685,3388.0996,204551.0,3372024.25,411.24976,628.81036,602.2793,2372.7124,0.61621004,1813.4639,-0.11192345
1491,1260,929.096,1209.3127,182763.125,3371989.0,371.51428,610.8143,559.8619,2201.8738,0.5985988,1768.8334,-0.10320362
1492,1534,926.7986,1746.0398,188130.40625,3372012.0,587.2764,848.80707,936.2784,2269.566,0.41844556,1779.8258,-0.113371186
1493,1224,927.69037,2475.1128,195421.125,3372003.0,554.1291,798.9722,855.5972,2147.657,0.44021434,1794.761,-0.08516883
1494,1288,931.02795,2645.879,197128.78125,3371969.75,622.0513,947.77716,1115.6793,2393.538,0.39842767,1798.2612,-0.13800384
1495,1071,924.873,3358.8218,204258.21875,3372031.25,401.6522,600.94586,573.5966,2274.9253,0.5990394,1812.8636,-0.09354316
1496,1287,926.6123,3527.9954,205949.953125,3372014.0,294.68143,498.55438,387.65384,2353.9763,0.7227093,1816.3307,-0.10750718
1497,1047,922.6934,3805.45,208724.5,3372053.0,221.52245,376.0401,369.37967,1960.3887,0.68382674,1822.0132,-0.032569416
1498,1337,930.99475,2314.6619,193816.625,3371970.0,339.46,538.33734,516.8878,2071.3538,0.62767315,1791.4761,-0.065927334
1499,980,923.5184,3038.5122,201055.125,3372044.75,382.5209,579.6929,555.55,2220.5586,0.61243844,1806.3007,-0.09361029
1500,1463,934.8776,1246.5017,183135.015625,3371931.25,534.3486,777.98566,849.447,2080.4272,0.42946842,1769.5986,-0.0748857
1501,1041,929.44763,2033.0221,191000.21875,3371985.5,506.14218,763.7685,743.0509,2367.7021,0.5222684,1785.7058,-0.13064012
1502,1040,929.6183,3299.0635,203660.625,3371983.75,327.94183,502.7221,417.288,2043.152,0.670695,1811.642,-0.04733172
1503,1359,932.51215,935.4091,180024.09375,3371955.0,458.6365,660.96173,458.75424,947.54895,0.08359863,1763.2255,0.42688665
1504,1286,932.11896,1346.9043,184139.046875,3371958.75,459.69595,733.99225,700.4611,2405.72,0.54941034,1771.6534,-0.14583735
1505,1232,932.27515,2173.9846,192409.84375,3371957.25,404.87338,670.0089,636.2362,2382.8816,0.5878564,1788.5951,-0.1370911
1506,1147,930.5475,3895.2275,209622.28125,3371974.5,323.17874,532.0218,506.76895,2530.7302,0.665093,1823.8569,-0.13835672
1507,1676,935.3556,1060.2793,181272.796875,3371926.5,655.5251,888.6844,927.92957,1969.5322,0.34554252,1765.7847,-0.032199524
1508,1325,933.0181,2389.7925,194567.921875,3371949.75,272.3947,451.09207,397.12753,1954.4159,0.67658633,1793.0162,-0.036218982
1509,874,926.1121,2837.8296,199048.296875,3372019.0,415.3833,654.4291,650.67737,2335.7104,0.57273483,1802.1907,-0.120046936
1510,1078,928.3571,3562.7495,206297.5,3371996.5,326.6707,517.5325,547.40076,2068.1562,0.60044014,1817.0437,-0.059855796
1511,1275,931.74194,3679.619,207466.1875,3371962.5,291.63568,474.76117,522.85297,2075.5447,0.60107654,1819.4401,-0.06104796
1512,1267,929.9361,4047.0615,211140.625,3371980.75,287.77032,449.57697,523.5608,1846.5186,0.5757083,1826.9675,0.0062447763
1513,1204,933.505,1381.9568,184489.5625,3371945.0,440.304,728.8862,614.90533,2610.141,0.6126886,1772.3722,-0.17951412
1514,1286,935.4308,1685.2504,187522.5,3371925.75,662.44165,906.51166,984.528,2174.8313,0.38228622,1778.5857,-0.09411561
1515,1227,932.9609,2108.7686,191757.6875,3371950.5,620.1532,866.9112,919.8435,2191.4155,0.41214284,1787.2595,-0.0935568
1516,1217,934.20953,3455.9187,205229.1875,3371938.0,275.92645,461.32498,359.6516,2058.5415,0.70771104,1814.8582,-0.044169437
1517,1075,931.73584,2770.6968,198376.96875,3371962.75,624.88837,864.4856,1023.6344,1959.1832,0.34472615,1800.8186,-0.03692524
1518,1121,934.28815,3132.404,201994.046875,3371937.0,382.13647,550.02277,518.62665,1985.4849,0.5875493,1808.2302,-0.03171104
1519,1258,934.61127,3489.2622,205562.625,3371934.0,386.1077,618.49286,519.22656,2357.5994,0.6365517,1815.5415,-0.103108816
1520,1138,936.558,802.1854,178691.859375,3371914.5,633.67487,874.913,918.2812,1226.3022,0.034824602,1760.4994,0.26146868
1521,1330,937.54663,1309.9053,183769.046875,3371904.5,439.06616,720.6436,651.88495,2411.9,0.57343924,1770.8988,-0.14551812
1522,1125,934.3929,1942.1858,190091.859375,3371936.0,411.28622,638.2435,595.26666,2162.424,0.57248825,1783.848,-0.08903839
1523,1039,934.6487,3609.3098,206763.09375,3371933.5,408.6198,573.21075,506.94995,1861.9716,0.56228447,1818.0011,0.0103372205
1524,1680,941.2881,1018.8333,180858.328125,3371867.0,406.64166,637.32025,555.5054,1895.5809,0.5046771,1764.9395,0.003780335
1525,1403,937.5296,1446.392,185133.921875,3371904.75,386.89236,641.345,554.48254,2349.278,0.6234053,1773.6945,-0.13228974
1526,1157,936.70355,3848.0044,209150.046875,3371913.0,317.08987,502.51212,488.11496,2348.001,0.65619767,1822.8927,-0.09796879
1527,1343,942.4349,2210.3262,192773.265625,3371855.75,505.0782,744.91956,781.4527,2202.3625,0.48213524,1789.3453,-0.0964614
1528,928,935.1185,2981.0486,200480.484375,3371928.75,558.8766,768.8626,847.51184,2109.2134,0.4422941,1805.1299,-0.07217119
1529,1030,938.4709,3266.031,203330.3125,3371895.25,325.3801,487.35632,388.97717,2167.527,0.6963969,1810.9702,-0.06968006
1530,1179,938.58606,3643.8574,207108.578125,3371894.25,261.46225,413.00424,334.22433,1988.5543,0.7100743,1818.7112,-0.024275402
1531,1083,936.69806,3713.8643,207808.640625,3371913.0,236.23083,405.57434,372.14682,2053.4565,0.6823678,1820.1444,-0.04206873
1532,1607,943.5165,975.8619,180428.625,3371844.75,494.1618,708.9384,561.84753,1040.7977,0.11807281,1764.0607,0.3481167
1533,1265,940.6459,1652.4253,187194.25,3371873.5,740.63007,948.52966,1039.8981,1924.1874,0.29761502,1777.9164,-0.030936005
1534,1288,940.7197,2073.6274,191406.28125,3371872.75,567.2834,809.34863,810.8688,2246.4722,0.469105,1786.5442,-0.10609386
1535,1216,943.1612,2680.1035,197471.03125,3371848.5,637.2969,900.03046,1124.0297,2014.0477,0.29839545,1798.9692,-0.052356504
1536,1045,939.41815,2922.7761,199897.765625,3371885.75,615.81964,905.60333,994.3306,2436.8254,0.42561615,1803.9385,-0.1421499
1537,1365,945.77875,4238.6973,213056.96875,3371822.25,191.79414,354.56924,320.1282,2155.589,0.73672783,1830.9027,-0.06765835
1538,1496,945.0448,1175.3904,182423.90625,3371829.5,501.6524,755.15643,686.43384,2138.1812,0.51067156,1768.1482,-0.0886074
1539,1357,941.1194,2508.5881,195755.875,3371868.75,559.5534,818.3191,845.9705,2364.4297,0.4787128,1795.4545,-0.13068363
1540,1292,941.0294,3773.7532,208407.53125,3371869.75,215.98955,374.91913,337.01627,2145.2268,0.7189314,1821.3738,-0.0696001
1541,1160,938.67584,4081.7585,211487.59375,3371893.25,157.27759,285.14096,263.07327,1823.3173,0.7528844,1827.6832,0.009012409
1542,1189,942.08496,831.2599,178982.59375,3371859.25,653.76874,891.968,1071.042,1805.1194,0.25391433,1761.0981,0.00485527
1543,1611,945.5357,1585.9888,186529.890625,3371824.75,739.8864,938.4811,989.9199,1963.3805,0.31426084,1776.5585,-0.02864563
1544,1150,943.48956,3163.961,202309.609375,3371845.0,449.29825,643.65045,546.1265,2386.9653,0.6192868,1808.882,-0.10719325
1545,1333,945.22656,3994.1973,210611.96875,3371827.75,203.94035,378.45837,343.93735,2183.7932,0.73261994,1825.8928,-0.06702672
1546,1225,939.2792,1869.853,189368.53125,3371887.25,303.33063,492.67184,433.5502,2152.7942,0.6691327,1782.3693,-0.090672314
1547,1159,947.10785,2446.5618,195135.625,3371809.0,458.956,676.3563,678.5177,2057.974,0.51527184,1794.1874,-0.060084008
1548,1250,944.048,3957.5425,210245.421875,3371839.5,258.0032,436.7336,424.5124,2297.872,0.6932924,1825.1411,-0.10070647
1549,1347,945.4677,2354.5056,194215.0625,3371825.25,511.71417,761.98517,833.50183,2253.2449,0.4788898,1792.3007,-0.10901237
1550,993,942.0453,3010.3374,200773.375,3371859.5,567.75226,765.20544,801.7231,2092.6409,0.46280167,1805.7339,-0.06616113
1551,1097,945.2835,3196.9653,202639.65625,3371827.25,461.8628,648.94305,519.2024,2617.5393,0.6571107,1809.5591,-0.15817276
1552,1414,951.5198,1411.2142,184782.140625,3371764.75,389.6676,662.9399,539.31116,2463.5,0.64125353,1772.9822,-0.15649803
1553,1083,945.38135,3231.7524,202987.53125,3371826.25,380.39334,545.9566,416.22345,2345.7637,0.69925815,1810.2719,-0.114785835
1554,1002,944.06384,2740.8872,198078.875,3371839.25,362.34732,582.23755,556.0978,2064.8562,0.6102676,1800.215,-0.057625398
1555,944,945.1843,2886.5762,199535.765625,3371828.25,621.9968,890.7288,978.0307,2208.0698,0.39027083,1803.2002,-0.08975607
1556,1135,946.01495,3071.607,201386.0625,3371819.75,426.87225,622.26654,556.59515,2349.919,0.6110665,1806.9913,-0.111676216
1557,1247,948.75543,1977.9519,190449.515625,3371792.5,426.93265,661.6159,586.7121,2234.5261,0.58579344,1784.5891,-0.10194345
1558,1456,954.22253,1712.9581,187799.578125,3371737.75,501.8592,756.9409,752.1236,2335.1792,0.51937175,1779.1643,-0.1301615
1559,1363,950.44385,2543.3396,196103.390625,3371775.5,468.1093,730.9971,729.2876,2297.8599,0.5180901,1796.1718,-0.1139278
1560,1019,951.7311,3584.9844,206519.84375,3371762.75,196.68695,357.5314,259.54562,2162.1807,0.7832391,1817.5122,-0.07714282
1561,1366,949.5249,4196.327,212633.28125,3371784.75,225.653,387.56003,379.85577,2121.4875,0.6912695,1830.0366,-0.06381796
1562,1308,951.4893,1277.8494,183448.5,3371765.0,462.44724,719.9924,598.2775,2390.7952,0.601666,1770.2506,-0.14096023
1563,922,949.744,2820.641,198876.40625,3371782.5,505.89587,727.16486,790.19525,2025.0651,0.47481564,1801.852,-0.04861821
1564,1578,955.32574,1136.4214,182034.21875,3371726.75,550.6337,797.88214,793.0469,2012.893,0.43357462,1767.3562,-0.057298724
1565,1161,952.5306,3919.198,209861.984375,3371754.75,299.51852,490.1899,468.02972,2268.5237,0.66093636,1824.3601,-0.08718161
1566,1262,951.9715,1909.3534,189763.53125,3371760.25,472.82092,701.84784,691.50397,2191.7805,0.52730393,1783.1858,-0.09674896
1567,1466,951.02045,4150.4326,212174.328125,3371769.75,316.18384,524.1016,588.8076,2410.646,0.61127514,1829.097,-0.12065589
1568,1146,952.6562,861.41626,179284.15625,3371753.5,724.85425,979.73035,1035.7705,1879.4922,0.27401644,1761.7222,0.008996772
1569,1446,953.29596,2279.224,193462.25,3371747.0,548.39557,799.58923,873.67084,2173.8948,0.4314971,1790.7631,-0.09326213
1570,1053,950.9079,3811.2935,208782.9375,3371771.0,172.42735,339.34805,281.91547,2124.5352,0.75956637,1822.1484,-0.06748094
1571,1029,954.3771,2012.654,190796.546875,3371736.25,446.06998,681.6628,615.18854,2322.174,0.58550507,1785.3032,-0.12134296
1572,1237,953.1213,2143.186,192101.859375,3371748.75,570.3169,832.405,896.3056,2318.3257,0.4443168,1787.9763,-0.12196697
1573,1172,957.5674,2415.5999,194826.0,3371704.25,414.4599,631.5495,617.029,2139.1553,0.566583,1793.5591,-0.08132469
1574,1065,953.2864,3411.215,204782.15625,3371747.25,506.43756,759.316,769.11786,2529.1892,0.5332723,1813.953,-0.15419307
1575,1537,963.09955,1473.3331,185403.328125,3371649.0,399.81326,632.9154,612.8692,2188.607,0.5716201,1774.2614,-0.097094096
1576,1273,956.8437,2619.1987,196861.984375,3371711.5,769.8476,1084.7784,1362.5184,2315.9521,0.2658664,1797.7294,-0.12159722
1577,1028,956.47473,2715.5613,197825.609375,3371715.25,514.9222,761.5924,764.1099,2123.852,0.53100586,1799.7032,-0.074987404
1578,1044,957.1657,2790.657,198576.5625,3371708.25,347.0297,562.3745,542.5182,2161.9338,0.62127376,1801.2421,-0.07679626
1579,1232,956.71106,3740.9934,208079.9375,3371713.0,258.47482,443.67856,355.52557,2383.1907,0.7370788,1820.7113,-0.116244555
1580,1296,959.28394,4028.9236,210959.234375,3371687.25,181.47801,320.83218,284.70294,1958.7847,0.75108755,1826.6119,-0.02769501
1581,1300,957.03076,2582.6853,196496.859375,3371709.75,730.9562,1038.4277,1234.5308,2376.4392,0.3259673,1796.9816,-0.13526066
1582,1181,960.24554,3876.0635,209430.625,3371677.5,439.3112,658.96277,661.7121,2711.5623,0.59640837,1823.4806,-0.1749288
1583,1181,956.9255,893.8933,179608.9375,3371710.75,801.4132,1037.5554,1065.4894,1670.9424,0.22009832,1762.3899,0.079913035
1584,1350,959.10223,1625.06,186920.59375,3371689.0,656.51483,908.02594,1000.4096,2173.36,0.35888448,1777.3668,-0.08261994
1585,1475,956.5268,1828.6658,188956.65625,3371714.75,565.90845,821.4915,897.0773,2290.3118,0.4559084,1781.5358,-0.11941511
1586,1038,957.29285,2852.262,199192.625,3371707.0,508.64642,729.9094,760.45953,2134.7861,0.5015517,1802.5042,-0.07280382
1587,988,955.68115,2955.0354,200220.359375,3371723.25,526.7637,707.0375,717.6923,2052.7732,0.49683666,1804.6086,-0.055828758
1588,931,954.1805,3040.0515,201070.515625,3371738.25,565.74866,775.3464,762.69226,2271.8022,0.4928032,1806.3495,-0.091180064
1589,1418,961.89636,1511.677,185786.765625,3371661.0,507.9323,729.457,733.1065,2096.485,0.48847264,1775.046,-0.07440413
1590,1216,960.3528,3510.685,205776.84375,3371676.5,418.54935,636.9375,637.55096,2205.0396,0.5669115,1815.9948,-0.09009269
1591,1119,957.4084,772.5818,178395.8125,3371706.0,1009.6157,1252.496,1315.3896,1372.2064,-0.023252029,1759.9056,0.19129723
1592,1299,959.93536,1548.756,186157.5625,3371680.75,713.85986,931.73285,1021.6035,1960.1171,0.31779137,1775.8043,-0.040071595
1593,1157,960.32324,3110.7415,201777.40625,3371676.75,373.2286,539.2649,422.27356,2446.6643,0.7055861,1807.8011,-0.12772745
1594,1113,959.646,3377.1636,204441.640625,3371683.5,485.87198,711.0072,709.2857,2310.2852,0.535977,1813.2589,-0.11216329
1595,1281,960.11633,2241.1367,193081.375,3371678.75,539.0773,801.87195,816.0062,2341.1726,0.48516583,1789.9868,-0.12755582
1596,1076,961.28064,3316.0222,203830.21875,3371667.25,376.40707,577.776,518.2816,2129.5596,0.6170164,1812.0072,-0.06775239
1597,1636,965.5801,1086.8167,181538.171875,3371624.25,556.49817,810.00183,839.29706,2005.3766,0.39644155,1766.3464,-0.04044671
1598,1054,962.0873,2044.1461,191111.46875,3371659.25,512.35486,746.3681,765.6973,2118.836,0.47607994,1785.9528,-0.07799886
1599,1318,963.2678,3549.3748,206163.75,3371647.25,177.46207,318.8084,250.2075,1807.2405,0.7572392,1816.7891,0.006139538
1600,1380,962.10144,4109.813,211768.125,3371659.0,227.8308,375.2326,430.68008,1914.9681,0.6492435,1828.2709,-0.017407848
1601,1109,964.03876,3345.9893,204129.890625,3371639.5,456.4202,678.56854,675.4026,2313.131,0.55427873,1812.6227,-0.114356905
1602,1201,965.0308,3442.8293,205098.296875,3371629.75,531.78766,788.4388,817.81934,2513.235,0.50821835,1814.6072,-0.1494408
1603,1171,964.2664,927.0811,179940.8125,3371637.25,481.12384,691.2613,454.57474,1182.8566,0.07914054,1763.0741,0.3869109
1604,1417,964.6429,1750.645,188176.453125,3371633.5,521.55115,782.77277,860.4347,2253.4763,0.45753738,1779.9424,-0.110168256
1605,1363,962.57153,1787.4248,188544.25,3371654.25,552.13354,794.81,838.1629,2253.4592,0.46862254,1780.6945,-0.11076229
1606,1063,965.76483,3284.76,203517.59375,3371622.25,442.08795,639.38007,559.27985,2353.4392,0.61389464,1811.3693,-0.110505104
1607,1194,966.0997,737.9196,178049.203125,3371619.0,908.1005,1134.9991,1188.5033,1420.2069,0.07466983,1759.201,0.14488848
1608,1484,965.1826,1214.911,182819.109375,3371628.25,538.6179,799.22034,824.4016,2091.3652,0.4437957,1768.9697,-0.08140941
1609,1259,966.98254,1333.973,184009.734375,3371610.25,464.75458,760.83954,706.6267,2460.019,0.54853976,1771.4093,-0.15452035
1610,1331,968.707,3665.2148,207322.15625,3371593.0,215.39632,370.38992,295.34485,2050.7258,0.74945474,1819.1654,-0.046754573
1611,1404,964.3889,503.52707,175705.265625,3371636.0,1155.7073,1410.443,1506.6852,1753.3412,0.041029572,1754.3997,0.06446208
1612,1404,970.1795,1370.9751,184379.75,3371578.25,411.68732,702.2564,556.73364,2705.841,0.655851,1772.1691,-0.19991292
1613,1336,967.4222,2475.774,195427.734375,3371605.75,551.50525,798.0075,833.59656,2300.9348,0.47229508,1794.7974,-0.11347566
1614,856,966.80023,2906.0244,199730.25,3371612.0,499.46844,766.78503,817.52686,2249.924,0.46962816,1803.6108,-0.08337819
1615,1343,969.828,4066.4207,211334.203125,3371581.75,171.59122,294.93597,248.54132,1913.0269,0.77376914,1827.386,-0.010558318
1616,1342,969.28015,2182.4375,192494.375,3371587.25,559.7943,811.2176,870.42175,2229.1177,0.44385114,1788.7897,-0.10296553
1617,1362,967.64026,2316.755,193837.546875,3371603.5,528.0352,785.68207,810.12775,2236.9597,0.4704247,1791.5402,-0.105903484
1618,1320,970.103,3622.7637,206897.640625,3371579.0,374.8193,530.9962,455.85266,1988.9667,0.6238936,1818.2964,-0.027089125
1619,1293,969.50964,3702.4634,207694.625,3371585.0,344.6017,559.1887,548.6129,2380.5005,0.6286477,1819.929,-0.12242337
1620,1229,969.6607,462.79822,175297.984375,3371583.5,1234.9414,1512.0277,1617.0171,1905.2775,0.05659013,1753.5688,0.005075391
1621,1173,967.20544,1945.3811,190123.8125,3371608.0,358.70334,567.1756,486.02814,2201.104,0.64197356,1783.9327,-0.09774781
1622,1278,970.74646,2656.1135,197231.140625,3371572.5,705.6416,980.946,1150.4781,2023.4546,0.30899215,1798.4935,-0.050343525
1623,1005,968.0985,2987.5303,200545.296875,3371599.0,536.05023,756.1816,716.38855,2416.6372,0.54606986,1805.2814,-0.13236196
1624,1356,969.7795,2106.9285,191739.28125,3371582.25,631.8149,888.11945,956.38715,2279.8303,0.41089603,1787.2433,-0.110914245
1625,1106,971.3852,2760.623,198276.234375,3371566.25,200.89783,387.6067,311.6094,2097.4395,0.7502386,1800.6349,-0.07050492
1626,1080,969.0611,3841.8157,209088.15625,3371589.5,459.28564,708.75415,599.8417,2901.9087,0.6559255,1822.7837,-0.1982852
1627,1267,974.78217,3143.109,202101.09375,3371532.25,294.84293,435.9207,328.85913,2223.294,0.74375045,1808.4723,-0.093292706
1628,1098,972.8087,3252.317,203193.171875,3371552.0,264.76093,422.73544,342.66028,2056.081,0.71799767,1810.7085,-0.053577308
1629,1536,978.8757,3476.9414,205439.40625,3371491.25,463.18066,695.82294,716.8337,2314.4412,0.527947,1815.3137,-0.11557686
1630,1155,979.90045,535.7048,176027.046875,3371481.0,1297.5663,1590.4208,1747.3602,2017.0988,0.048887737,1755.0682,-0.01976041
1631,1815,980.26666,1041.568,181085.6875,3371477.25,697.66394,986.1201,1103.1306,2025.0953,0.29317144,1765.4285,-0.038906038
1632,1753,977.9726,1670.2892,187372.890625,3371500.25,628.9795,859.1278,905.5094,2094.8967,0.38976553,1778.3043,-0.06751662
1633,1247,970.4034,1869.9382,189369.375,3371576.0,471.17322,693.56134,717.2342,2207.5903,0.517957,1782.3893,-0.1005462
1634,1279,975.8225,2388.3025,194553.03125,3371521.75,522.6294,786.2072,850.9257,2374.7583,0.48471648,1793.0105,-0.13401686
1635,1495,981.7331,956.6455,180236.453125,3371462.75,392.94113,588.9465,459.38126,1260.8287,0.20009734,1763.6901,0.3262129
1636,1616,980.0489,998.15906,180651.59375,3371479.5,447.59406,703.2828,655.94434,1839.5996,0.41106942,1764.5393,0.04402389
1637,1366,977.1691,4223.3726,212903.71875,3371508.25,194.59444,359.60358,340.7207,2059.3606,0.713034,1830.6057,-0.04113562
1638,1259,977.0222,804.52106,178715.203125,3371509.75,801.0413,1087.2383,1188.2661,1932.0587,0.2307196,1760.5718,-0.008988689
1639,1396,979.4549,1433.9083,185009.078125,3371485.5,458.28653,699.47064,708.29156,2184.54,0.5203873,1773.4636,-0.09751543
1640,942,977.36945,2933.449,200004.484375,3371506.25,505.905,773.49097,769.0122,2495.089,0.5301042,1804.1787,-0.14334497
1641,1157,977.4088,3213.464,202804.640625,3371506.0,214.3924,346.293,258.10718,1929.5272,0.76350933,1809.9152,-0.028761107
1642,1168,977.7423,3941.3313,210083.3125,3371502.5,231.85402,388.31592,433.02612,1925.325,0.6359026,1824.8274,-0.024418926
1643,1396,980.18555,4175.0,212420.0,3371478.25,235.5942,400.46097,402.1053,2125.0684,0.6786221,1829.6162,-0.06296883
1644,1617,982.2888,1254.838,183218.375,3371457.0,371.0433,603.76685,552.79285,2165.073,0.59974086,1769.7977,-0.09515809
1645,1033,977.9526,3083.9631,201509.625,3371500.5,350.5547,534.47,463.83447,2256.258,0.6692364,1807.2625,-0.10170171
1646,1206,978.927,3179.6145,202466.140625,3371490.75,254.98756,385.12894,294.97552,1987.4146,0.7420581,1809.2225,-0.042548563
1647,1327,979.27734,3978.0625,210450.625,3371487.25,171.25772,316.96082,318.16202,1844.474,0.71107805,1825.5808,-0.0012250589
1648,1032,978.0223,2695.278,197622.78125,3371499.75,349.44864,574.468,516.61145,2245.435,0.6547367,1799.3,-0.09872547
1649,1466,983.28107,1300.3431,183673.4375,3371447.25,520.0464,798.58734,853.1794,2251.4517,0.45161742,1770.7302,-0.11240964
1650,1153,979.08936,2069.947,191369.46875,3371489.0,571.51776,823.9046,858.6123,2267.2446,0.44834173,1786.4912,-0.109058775
1651,1437,980.8323,2512.7954,195797.953125,3371471.75,487.31177,754.28253,772.95685,2162.8462,0.47837463,1795.5635,-0.086987875
1652,952,978.3771,2876.499,199434.984375,3371496.25,301.95905,590.75,492.31616,2558.4192,0.6848334,1803.0126,-0.1561418
1653,1035,979.3401,3018.572,200855.71875,3371486.5,446.16907,676.1449,613.7541,2402.5632,0.5976486,1805.9236,-0.13202694
1654,1295,981.13745,3768.0503,208350.5,3371468.5,229.96642,404.38187,318.74786,2267.1553,0.7520878,1821.279,-0.08895231
1655,1061,978.6635,3801.576,208685.75,3371493.25,200.67107,375.65787,282.04288,2258.895,0.7700773,1821.9646,-0.0836575
1656,1196,981.8244,836.5025,179035.03125,3371461.75,607.8244,878.13464,882.11957,2181.761,0.42326844,1761.2296,-0.09732261
1657,1057,981.1845,1998.8022,190658.03125,3371468.25,433.8685,665.65845,636.912,2264.2148,0.56930065,1785.0352,-0.112168975
1658,1148,983.2204,3899.1028,209661.03125,3371447.75,383.9913,574.7783,622.9186,2155.6646,0.5608177,1823.9652,-0.06759667
1659,1146,979.2443,2354.425,194214.25,3371487.5,551.3787,833.75745,872.3857,2420.0322,0.47164083,1792.3185,-0.14162064
1660,1485,986.98517,1571.6088,186386.09375,3371410.25,648.78925,890.30035,929.26733,2193.6902,0.4049118,1776.2885,-0.09538168
1661,961,980.0177,2817.437,198844.375,3371479.75,257.27368,478.83038,394.85535,2112.1697,0.6874204,1801.8036,-0.07330866
1662,1032,983.31396,3051.6143,201186.140625,3371446.75,477.49176,722.34155,694.6507,2385.7476,0.5511039,1806.6028,-0.1288717
1663,1668,985.3501,1172.3184,182393.1875,3371426.5,504.80396,754.4784,820.02277,2078.47,0.43720004,1768.1094,-0.074617885
1664,1691,992.7634,432.0207,174990.203125,3371352.25,929.38025,1212.7853,1369.0474,2082.6543,0.21901289,1752.9528,-0.06663995
1665,1594,990.0759,1122.5602,181895.59375,3371379.25,574.2936,846.19073,802.7453,2150.6882,0.45620117,1767.0931,-0.089861
1666,1428,989.1218,2216.4055,192834.0625,3371388.75,528.9902,799.3095,823.9685,2353.0364,0.48406726,1789.497,-0.13023151
1667,1192,985.43207,1904.7047,189717.046875,3371425.75,457.37836,662.3112,637.72565,2098.9497,0.54062045,1783.1102,-0.070689656
1668,1318,988.80426,2262.541,193295.40625,3371392.0,519.82855,767.412,800.324,2240.4385,0.47718754,1790.4418,-0.10667578
1669,1390,987.9719,2437.7942,195047.9375,3371400.25,551.58203,840.59283,904.4029,2371.6855,0.44818982,1794.0312,-0.13043717
1670,1396,988.14185,2551.3674,196183.671875,3371398.5,750.33527,1058.0157,1235.6146,2370.2063,0.3331974,1796.3578,-0.13007697
1671,1121,989.03033,2731.8938,197988.9375,3371389.75,155.84389,323.75647,236.00267,2095.3755,0.798354,1800.0564,-0.074041456
1672,1104,981.6295,3585.5525,206525.53125,3371463.75,224.40308,401.96466,274.9289,2328.7766,0.78740185,1817.5404,-0.11177739
1673,1298,989.36285,4015.1812,210821.8125,3371386.25,204.75154,356.13367,366.09784,1905.8944,0.68139136,1826.3468,-0.017834432
1674,1418,989.9647,4133.5312,212005.3125,3371380.25,208.52469,344.62024,364.372,1777.0719,0.66268224,1828.772,0.017847542
1675,974,989.4312,618.1006,176851.0,3371385.75,1139.0133,1383.9805,1473.422,1641.6776,0.02877096,1756.7615,0.07684649
1676,896,987.76227,646.7422,177137.421875,3371402.5,1296.75,1539.3962,1653.1842,1872.596,0.067444675,1757.3469,-0.022113815
1677,1161,987.94916,874.1473,179411.46875,3371400.5,630.01465,885.96124,898.354,2047.5099,0.37684375,1762.0043,-0.05200616
1678,1487,989.53125,1614.8615,186818.609375,3371384.75,641.3618,893.1372,979.9354,2183.4385,0.37693876,1777.1759,-0.09315484
1679,1217,986.7009,3404.7273,204717.28125,3371413.0,495.30896,724.91046,740.5686,2304.1848,0.51418203,1813.8386,-0.11041002
1680,994,989.90845,712.995,177799.953125,3371381.0,854.58655,1083.3733,1132.3209,1443.5935,0.065799475,1758.7051,0.16494344
1681,1242,986.2762,2145.1497,192121.5,3371417.25,506.1731,793.27454,852.88165,2348.9968,0.4777453,1788.0358,-0.13001764
1682,1337,992.5789,1805.4443,188724.4375,3371354.25,592.0299,832.63727,887.2461,2211.62,0.4349015,1781.0813,-0.101942964
1683,1126,992.4139,1968.9875,190359.875,3371355.75,410.14386,636.14124,567.48755,2250.3428,0.60199034,1784.4309,-0.108036965
1684,1458,995.094,1395.3992,184624.0,3371329.0,428.27777,693.3642,657.34705,2314.7112,0.5522507,1772.6842,-0.12051984
1685,1000,990.169,2964.174,200311.734375,3371378.25,565.465,820.7925,831.7275,2495.066,0.4985243,1804.8153,-0.1508658
1686,1272,991.47644,3524.768,205917.6875,3371365.25,326.15567,519.3333,507.44693,1998.5267,0.6077849,1816.3005,-0.044348635
1687,1561,991.9417,1716.7688,187837.6875,3371360.5,528.81036,776.61755,804.42535,2159.608,0.465728,1779.2645,-0.08655612
1688,1285,994.5588,1840.8474,189078.46875,3371334.5,444.31595,679.8389,668.7525,2243.3362,0.55349594,1781.8075,-0.109540336
1689,1239,991.28815,2588.3994,196554.0,3371367.0,781.5981,1056.2308,1275.2672,2098.9402,0.26264957,1797.1182,-0.07262055
1690,1180,991.8475,2623.9863,196909.859375,3371361.5,735.2186,1005.5695,1136.0398,2086.3738,0.3529308,1797.8475,-0.06756789
1691,1019,992.2689,2846.9136,199139.140625,3371357.25,302.2424,562.17566,466.49756,2354.1384,0.6786041,1802.4144,-0.12843223
1692,1371,994.5988,3732.0723,207990.71875,3371334.0,210.9566,377.15063,313.23267,2008.5496,0.7326728,1820.5494,-0.03792685
1693,1073,990.31964,770.46783,178374.671875,3371376.75,770.81177,1056.9087,1139.1118,2103.7576,0.29847482,1759.8823,-0.06779455
1694,1231,994.51746,909.5646,179765.640625,3371334.75,450.26807,684.50366,636.7685,2025.6888,0.45982027,1762.7336,-0.017460318
1695,1493,997.89014,1528.8928,185958.921875,3371301.0,548.0,801.6095,812.8038,2315.9182,0.48762742,1775.42,-0.12257117
1696,1261,995.9913,2031.7217,190987.21875,3371320.0,555.74384,831.1887,879.2062,2341.702,0.46627185,1785.718,-0.12936406
1697,1289,998.7983,2297.0046,193640.046875,3371292.0,526.87274,803.7533,876.95734,2359.4143,0.46915898,1791.1536,-0.13202536
1698,1223,997.14966,479.6656,175466.65625,3371308.5,724.9526,970.02124,1031.511,1992.9043,0.32115048,1753.9312,-0.043370552
1699,1027,994.6212,2789.554,198565.53125,3371333.75,257.15775,467.77896,392.6592,2148.7195,0.6951161,1801.2407,-0.07745726
1700,1199,995.6639,3368.5464,204355.46875,3371323.25,407.82193,610.87445,598.79443,2173.8904,0.57121104,1813.1024,-0.08396994
1701,1452,999.91046,4092.7576,211597.578125,3371281.0,193.13843,335.85986,311.36606,2025.0603,0.72933286,1827.942,-0.034108177
1702,1487,1000.7344,394.92535,174619.25,3371272.75,993.0834,1283.2852,1384.2758,2024.9745,0.18092282,1752.1979,-0.039291125
1703,1176,997.3036,3301.5051,203685.046875,3371307.0,369.37415,552.9868,525.59015,2069.9302,0.60399806,1811.7299,-0.06098417
1704,1511,1001.4699,1489.8193,185568.1875,3371265.25,482.76703,690.0887,693.9027,1971.4342,0.4984996,1774.6218,-0.04348965
1705,1342,999.9471,3643.8406,207108.40625,3371280.5,388.7608,544.1263,473.91318,1972.5514,0.6070031,1818.7448,-0.023017526
1706,1199,999.26855,3862.281,209292.8125,3371287.25,517.2273,736.73145,842.57214,2255.8464,0.46685478,1823.2196,-0.096298754
1707,1191,999.9236,3334.381,204013.8125,3371280.75,328.4131,507.03064,461.33167,2053.989,0.6462548,1812.4049,-0.04965992
1708,1010,998.5931,3828.316,208953.15625,3371294.0,466.5396,745.0866,722.42725,3086.746,0.60568184,1822.5233,-0.21919814
1709,1069,998.95325,579.7297,176467.296875,3371290.5,899.12067,1156.3508,1179.5968,1633.9944,0.124657355,1755.9814,0.11609113
1710,1604,1002.0867,1762.0275,188290.28125,3371259.25,529.0231,754.755,770.0212,2115.811,0.46669328,1780.1975,-0.07290152
1711,1135,1001.0097,1934.6854,190016.859375,3371270.0,517.6053,726.3762,712.0026,2004.2678,0.48568478,1783.7334,-0.050168037
1712,1242,1001.24316,3108.327,201753.265625,3371267.5,268.5918,409.9529,308.2649,2136.052,0.7470236,1807.7747,-0.07697422
1713,1341,1000.5444,3438.15,205051.5,3371274.5,467.54288,688.57086,691.2405,2287.7915,0.53996354,1814.5311,-0.10915128
1714,1377,1003.4016,4053.074,211200.734375,3371246.0,257.75708,449.50436,405.06607,2420.7886,0.7121001,1827.1309,-0.11587424
1715,885,1000.8746,2679.122,197461.21875,3371271.25,162.15254,336.40564,238.33786,2196.1208,0.80441034,1798.982,-0.095673256
1716,1081,1002.6179,3234.6309,203016.3125,3371253.75,332.18964,503.80157,393.2655,2297.9214,0.70521533,1810.3629,-0.101140864
1717,1451,1004.17163,3687.3977,207543.96875,3371238.25,200.33942,367.0579,293.17816,2066.7314,0.7564217,1819.6394,-0.057856854
1718,1588,1004.57556,1079.7526,181467.53125,3371234.25,856.92004,1165.4635,1371.762,2205.3003,0.23982039,1766.2251,-0.10277579
1719,1443,1000.85583,1214.0901,182810.90625,3371271.5,425.72903,692.7928,675.5606,2142.79,0.5222852,1768.9742,-0.088438295
1720,1490,1002.38324,1341.008,184080.078125,3371256.25,531.9792,816.6597,794.0369,2397.0457,0.50075364,1771.5746,-0.13607271
1721,1161,1004.59174,2333.9182,194009.1875,3371234.0,590.60205,856.1826,955.4324,2293.5298,0.42214754,1791.9131,-0.11842683
1722,973,998.63824,2906.2158,199732.15625,3371293.5,373.24564,671.1213,577.25696,2719.6145,0.6531141,1803.6328,-0.18907955
1723,1148,1004.52527,3269.5078,203365.078125,3371234.75,416.07404,619.76086,554.9778,2359.1501,0.618102,1811.0785,-0.11509749
1724,1355,1005.4214,3561.047,206280.46875,3371225.75,249.56827,444.89963,370.4273,2127.9214,0.7088508,1817.0515,-0.05808587
1725,1359,1006.9463,4200.805,212678.046875,3371210.5,219.10191,365.7189,374.73914,1871.3893,0.66796124,1830.1595,-0.0026018422
1726,1056,1001.00287,679.43463,177464.34375,3371270.0,1203.6013,1465.3883,1578.3712,1796.5293,0.041336663,1758.0245,0.025524808
1727,1301,1006.65717,1452.3252,185193.25,3371213.5,394.67255,597.63104,566.5019,2071.17,0.5803725,1773.857,-0.06974816
1728,1036,1004.6612,2086.8242,191538.25,3371233.5,623.32043,904.07043,973.8388,2418.2703,0.4310788,1786.8518,-0.14464222
1729,1071,1003.7852,2997.2896,200642.890625,3371242.25,487.68533,725.4024,684.3539,2406.704,0.5655013,1805.5015,-0.13317196
1730,1098,1004.9117,741.7996,178088.0,3371231.0,638.67395,919.1776,1024.99,2272.9763,0.38144326,1759.3041,-0.11901018
1731,1264,1008.05853,2406.8647,194738.65625,3371199.5,602.731,916.6574,1037.5657,2449.8987,0.41085163,1793.4093,-0.15051344
1732,1330,1003.59174,2471.6692,195386.6875,3371244.0,565.703,850.45337,972.94885,2340.5662,0.42376494,1794.7341,-0.127257
1733,1257,1008.02783,512.3214,175793.21875,3371199.75,736.81464,958.6062,1027.9514,1800.2068,0.26434678,1754.6066,0.017766174
1734,1558,1013.48206,1646.7092,187137.09375,3371145.25,570.60913,864.5257,883.44415,2462.2458,0.46896577,1777.8423,-0.15377702
1735,1043,1006.52637,3922.1448,209891.453125,3371214.75,269.6884,448.88782,477.89453,1945.7689,0.60503215,1824.4501,-0.019431975
1736,1152,1009.0981,2116.8499,191838.5,3371189.0,659.63196,911.37933,1020.8281,2183.829,0.37715897,1787.4694,-0.08926028
1737,1249,1005.6485,2178.9062,192459.0625,3371223.5,639.6053,948.9584,1060.3667,2419.935,0.39821222,1788.7384,-0.14662161
1738,1331,1008.9226,3604.127,206711.265625,3371190.75,195.47107,362.44855,266.13562,2083.4434,0.7737132,1817.936,-0.062134873
1739,1088,1009.94025,549.12134,176161.21875,3371180.5,827.13696,1052.966,1076.8584,1646.5828,0.20125401,1755.3613,0.0882193
1740,1178,1006.49915,1874.146,189411.46875,3371215.0,577.65533,831.1783,865.6036,2282.1453,0.45564726,1782.4966,-0.115514986
1741,1898,1015.33453,354.13278,174211.328125,3371126.75,975.66547,1207.8071,1250.7118,1587.1049,0.07424019,1751.3716,0.11824335
1742,1358,1014.0243,3496.4587,205634.59375,3371139.75,419.15134,622.86523,618.71796,2154.824,0.55918866,1815.7332,-0.079866655
1743,984,1010.0193,2653.3242,197203.25,3371179.75,162.78354,337.34756,237.9126,2146.314,0.8003163,1798.4589,-0.08540285
1744,1016,1007.9439,2762.436,198294.359375,3371200.5,248.5807,447.54034,380.15552,2170.6467,0.70644355,1800.6927,-0.08178406
1745,1240,1012.5218,3955.5098,210225.09375,3371154.75,233.87419,407.48306,409.05283,1996.538,0.6602581,1825.137,-0.041006047
1746,1111,1010.72546,3069.6877,201366.875,3371172.75,237.54546,364.71918,275.9712,2008.7651,0.75809556,1806.9884,-0.050608773
1747,1100,1009.51636,3140.1255,202071.25,3371184.75,232.24864,363.39365,270.84863,1983.716,0.7598849,1808.4308,-0.04267608
1748,1132,1012.13074,3173.1414,202401.40625,3371158.75,266.00797,401.06094,341.36618,1912.7566,0.7118342,1809.1085,-0.02405546
1749,1010,1012.36536,852.8099,179198.09375,3371156.25,555.95447,796.47424,803.01086,2055.703,0.4141399,1761.582,-0.04310103
1750,1226,1013.30096,2370.2383,194372.375,3371147.0,462.33035,713.832,772.916,2300.8,0.51326185,1792.662,-0.12073328
1751,993,1013.2568,2709.3,197763.0,3371147.5,223.8862,398.8026,353.1279,2026.2578,0.7253745,1799.6074,-0.056316078
1752,1207,1012.05383,3792.2932,208592.9375,3371159.5,220.77797,392.7448,298.6429,2127.4446,0.7539385,1821.7927,-0.041464638
1753,1534,1018.1362,1684.6388,187516.390625,3371098.75,602.9876,889.05347,965.0437,2407.5305,0.43309563,1778.622,-0.1447041
1754,1012,1011.10474,2937.2214,200042.21875,3371169.0,490.6428,767.9516,723.42883,2588.14,0.5619808,1804.275,-0.16960229
1755,1051,1014.902,790.80304,178578.03125,3371131.0,562.21027,793.17316,778.54517,2006.393,0.4264617,1760.3137,-0.042070217
1756,1365,1019.3311,931.36774,179983.671875,3371086.75,474.3524,717.6718,717.7509,2265.4277,0.52582955,1763.1951,-0.115034714
1757,1478,1018.43164,970.56696,180375.671875,3371095.75,516.77875,773.3173,782.98444,2184.9297,0.4545133,1763.9973,-0.07469414
1758,1467,1018.9189,1154.9755,182219.75,3371090.75,684.22015,976.9925,1043.3804,2108.8691,0.34551722,1767.7744,-0.07766617
1759,1528,1017.07983,1288.6982,183556.984375,3371109.25,594.4411,859.9777,859.67145,2072.6028,0.41443908,1770.512,-0.052433133
1760,1259,1018.53375,2239.0984,193060.984375,3371094.75,524.0008,803.53455,846.96344,2345.6267,0.4734466,1789.9789,-0.12900561
1761,984,1011.061,2877.4268,199444.265625,3371169.5,317.8313,565.20734,518.68396,2320.999,0.6477577,1803.0502,-0.11871777
1762,1224,1015.6136,3032.3235,200993.234375,3371123.75,278.30066,433.90808,333.89337,2096.2573,0.73040116,1806.2258,-0.0671394
1763,1229,1016.7909,3993.5361,210605.359375,3371112.0,284.09763,447.21808,575.05615,1853.0577,0.52913594,1825.9183,-0.00084432476
1764,1398,1017.12445,4158.3643,212253.640625,3371108.75,231.19278,394.45242,377.92596,2193.574,0.7024813,1829.2955,-0.07303095
1765,1526,1019.2759,1008.47577,180754.75,3371087.25,543.11536,822.0007,850.0216,2197.1821,0.4490532,1764.7743,-0.08903426
1766,1353,1017.92316,1590.2971,186572.96875,3371100.75,634.28754,879.6009,916.96454,2232.9712,0.41297266,1776.6896,-0.10045532
1767,985,1013.16144,2820.6,198876.0,3371148.5,248.55127,475.2467,390.7462,2182.4417,0.70049834,1801.8872,-0.08668348
1768,1291,1018.8327,3204.3936,202713.9375,3371091.75,346.58365,518.81915,431.03445,2127.2905,0.66874117,1809.7526,-0.068085
1769,1723,1022.56934,315.72488,173827.25,3371054.25,1391.6053,1655.9124,1826.2072,2106.1704,0.08280136,1750.5895,-0.08826467
1770,1182,1019.29694,820.17346,178871.734375,3371087.0,533.77747,776.88153,787.2411,2034.8046,0.42174357,1760.9178,-0.046002373
1771,1232,1016.8425,2505.892,195728.921875,3371111.5,761.4375,1071.4789,1289.9164,2221.8384,0.27656245,1795.4427,-0.10464658
1772,1173,1015.57544,1996.9574,190639.578125,3371124.25,372.6513,585.0904,512.97015,2119.6326,0.6169408,1785.0173,-0.08138462
1773,1169,1020.3353,2057.0085,191240.09375,3371076.75,627.19934,924.49786,1032.6783,2373.5132,0.39673263,1786.2501,-0.13675414
1774,1067,1018.48456,3887.7527,209547.53125,3371095.25,455.14572,664.8336,733.78723,2193.8992,0.5067739,1823.752,-0.08847608
1775,1538,1022.3966,1247.6099,183146.09375,3371056.0,526.84,806.70154,826.4428,2196.5332,0.4612251,1769.6736,-0.09897988
1776,1502,1026.4188,1370.1066,184371.0625,3371015.75,623.50464,896.8096,953.3802,2127.894,0.36683127,1772.1848,-0.05478565
1777,1526,1026.1016,1417.3552,184843.546875,3371019.0,577.9371,848.1206,874.2739,2070.523,0.40394044,1773.1523,-0.042392652
1778,1229,1024.4491,2538.0122,196050.125,3371035.5,725.9829,1003.1058,1186.2164,2116.4873,0.32458413,1796.1051,-0.078041315
1779,1420,1026.3042,3463.7021,205307.03125,3371017.0,428.07147,654.3257,661.5074,2211.0637,0.5440922,1815.0688,-0.09355112
1780,1456,1024.9218,3758.7493,208257.5,3371030.75,188.33241,318.23694,238.77884,1911.5635,0.7773907,1821.1127,-0.011208078
1781,1292,1022.0402,3395.5186,204625.1875,3371059.5,549.07776,802.5151,895.673,2230.203,0.44930464,1813.6697,-0.09922432
1782,1323,1026.0839,463.6402,175306.40625,3371019.25,632.2343,895.6629,913.5026,2205.7695,0.4244953,1753.6206,-0.0806054
1783,1116,1020.85034,612.9758,176799.765625,3371071.5,556.8405,786.7303,740.6819,1717.6326,0.37485194,1756.6757,0.05726708
1784,969,1017.2859,647.7472,177147.46875,3371107.25,702.79877,948.29,913.04126,1632.6388,0.21894024,1757.3855,0.11113397
1785,1538,1025.4525,1044.6925,181116.921875,3371025.5,606.40314,884.76135,957.18854,2143.444,0.3916843,1765.5197,-0.07687857
1786,1035,1021.857,706.7778,177737.78125,3371061.5,601.56134,887.04346,893.01544,2387.9497,0.47539994,1758.5972,-0.14291891
1787,1277,1025.6641,886.9648,179539.640625,3371023.25,497.65076,735.3007,745.1566,2232.8074,0.506322,1762.2896,-0.110230505
1788,1133,1023.21185,2148.421,192154.203125,3371048.0,620.2727,910.2145,1019.925,2415.4775,0.40972,1788.1243,-0.14403003
1789,1538,1029.1691,1549.569,186165.6875,3370988.25,651.5176,896.48376,942.1684,2210.8718,0.3977984,1775.862,-0.09822913
1790,1262,1024.5681,1907.3915,189743.90625,3371034.25,464.0634,692.07764,667.15137,2184.2163,0.53964436,1783.1881,-0.09328614
1791,1210,1027.738,2568.7273,196357.28125,3371002.5,315.5777,520.6645,479.59174,1969.4141,0.65236217,1796.7361,-0.038567904
1792,1097,1024.8651,2600.5342,196675.34375,3371031.25,162.0465,336.3765,243.94257,1862.9681,0.768236,1797.386,-0.013726739
1793,1033,1023.2265,2970.0408,200370.40625,3371047.75,423.5668,662.76526,591.6544,2534.0137,0.6271493,1804.9542,-0.15512334
1794,1556,1030.6813,1194.1079,182611.078125,3370973.25,686.80206,978.0308,1016.66327,2115.2437,0.35662687,1768.5829,-0.08018812
1795,1343,1027.1519,1795.7997,188628.0,3371008.5,583.1727,820.46313,830.75653,2161.5474,0.44413993,1780.904,-0.08564034
1796,1329,1028.2761,3716.1348,207831.34375,3370997.25,185.66139,333.12866,254.5286,1969.0696,0.77137715,1820.2415,-0.03612899
1797,1594,1028.3633,272.53012,173395.296875,3370996.25,1117.6417,1358.1556,1497.8545,1814.4818,0.091655545,1749.7085,0.0097629335
1798,1516,1029.5845,1726.9525,187939.53125,3370984.25,488.5765,756.5864,704.7276,2438.4763,0.55537903,1779.4954,-0.14974394
1799,1279,1027.9406,2273.0898,193400.90625,3371000.5,535.85693,819.803,890.9398,2375.1658,0.45911333,1790.6805,-0.13598822
1800,1312,1028.8834,4028.746,210957.46875,3370991.25,302.68713,479.91196,485.2443,2178.4573,0.63615113,1826.6462,-0.070813775
1801,1481,1029.9014,4117.169,211841.6875,3370981.0,168.45982,312.34335,281.6077,1903.4608,0.74307275,1828.4584,-0.012202968
1802,1511,1029.8365,1116.5612,181835.609375,3370981.75,690.44604,987.8028,1059.5612,2088.7292,0.33440545,1766.9941,-0.05787983
1803,1257,1027.7557,1956.938,190239.375,3371002.5,402.38187,619.6802,555.1424,2145.2625,0.5928211,1784.2048,-0.08400013
1804,1294,1030.4011,2201.6438,192686.4375,3370976.0,549.19086,839.41425,887.6631,2449.632,0.47003463,1789.2185,-0.15098277
1805,968,1027.4741,2738.1768,198051.765625,3371005.25,366.85123,565.6622,623.64154,1836.2769,0.5125772,1800.207,-0.0037512262
1806,1386,1030.2576,3530.43,205974.296875,3370977.5,268.83514,443.63672,351.05304,2221.2056,0.7243296,1816.4381,-0.07517698
1807,1451,1030.59,2436.8843,195038.84375,3370974.0,625.0517,946.42865,1123.8057,2450.703,0.3788973,1794.0371,-0.15212145
1808,945,1028.5005,2631.1968,196981.96875,3370995.0,155.52275,329.67725,235.15874,1996.4603,0.78884995,1798.0162,-0.048863743
1809,995,1028.2101,2850.8955,199178.953125,3370998.0,219.57236,411.4854,339.99396,2072.7065,0.7284984,1802.5164,-0.05954538
1810,1324,1031.2848,3657.3247,207243.25,3370967.25,432.4475,583.716,542.1027,1759.4517,0.5373134,1819.0383,0.030473799
1811,1067,1032.6945,762.3889,178293.890625,3370953.0,569.41705,809.56793,835.9119,2026.7404,0.3940316,1759.7427,-0.038425125
1812,1550,1036.5194,1323.0555,183900.5625,3370914.75,709.99744,1000.6523,1079.3064,2121.8503,0.3209759,1771.2272,-0.06762528
1813,1429,1032.4989,1832.5795,188995.796875,3370955.0,622.5675,852.7383,877.22534,2060.3003,0.4037419,1781.6605,-0.06358896
1814,1176,1032.2279,2317.5603,193845.609375,3370957.75,542.0153,819.1293,914.3452,2392.2524,0.453355,1791.5939,-0.14065973
1815,1305,1033.4506,3319.633,203866.328125,3370945.5,270.84558,415.4705,355.6096,1979.6337,0.7053969,1812.1215,-0.037657198
1816,1346,1032.7393,3358.9539,204259.53125,3370952.5,346.5338,526.6133,501.24664,2050.5876,0.61873406,1812.9266,-0.05439205
1817,1038,1030.7042,2792.9739,198599.734375,3370973.0,280.49326,456.3131,451.66858,1908.9624,0.6357173,1801.3313,-0.023912005
1818,1125,1029.3236,3828.1484,208951.484375,3370986.75,355.0258,559.2778,593.0267,2147.06,0.56948054,1822.5369,-0.07195806
1819,1124,1032.0276,577.9226,176449.21875,3370959.75,324.5089,546.758,424.93683,2139.5417,0.62145776,1755.9646,-0.05617869
1820,1655,1039.388,1507.5752,185745.75,3370886.0,450.19577,678.0375,650.0381,2250.492,0.55840117,1775.008,-0.109446704
1821,1437,1041.0348,1620.7266,186877.265625,3370869.75,477.85733,720.07306,732.7126,2165.1023,0.49636298,1777.3264,-0.09121794
1822,1204,1036.1545,2026.4734,190934.734375,3370918.5,413.18854,666.76746,616.43524,2312.142,0.5851809,1785.6339,-0.12240691
1823,1079,1033.3772,2910.1614,199771.609375,3370946.25,282.75626,483.8165,460.47266,1925.798,0.6382668,1803.7334,-0.02378868
1824,1118,1036.9543,3088.212,201552.125,3370910.5,360.3676,540.11584,520.3153,2104.15,0.6222057,1807.3827,-0.065122925
1825,1264,1036.2477,3246.2817,203132.8125,3370917.5,320.33978,472.4838,365.589,2267.7507,0.71703655,1810.6204,-0.08591796
1826,1242,1037.1361,3283.8647,203508.65625,3370908.75,278.3418,423.35385,345.92392,2095.6155,0.72048527,1811.3909,-0.06706683
1827,1343,1038.9568,3426.158,204931.578125,3370890.5,426.72302,630.2606,671.49554,2052.2402,0.5388101,1814.3068,-0.05698603
1828,1565,1039.3591,4075.736,211427.359375,3370886.5,236.72844,386.10574,406.95816,1907.1632,0.6446318,1827.6147,-0.015659021
1829,1535,1039.2794,432.09055,174990.90625,3370887.25,339.50424,556.14856,467.62344,2322.8254,0.6620549,1752.9827,-0.11194389
1830,966,1033.2008,2682.3674,197493.671875,3370948.0,344.17184,536.5238,575.4089,1889.4182,0.56968254,1799.067,-0.020319218
1831,1435,1042.3394,230.16585,172971.65625,3370856.5,872.646,1089.2279,1158.1039,1397.3185,0.011781362,1748.8496,0.19652428
1832,1455,1036.6172,391.3794,174583.796875,3370913.75,432.6364,658.39246,533.19104,2259.453,0.6040963,1752.1473,-0.09476016
1833,1036,1036.4044,675.1023,177421.015625,3370916.0,463.64673,717.78864,622.77704,2025.7635,0.48367164,1757.9574,-0.024348795
1834,1417,1038.921,1464.2477,185312.46875,3370890.75,568.3154,803.5378,830.15735,1980.3296,0.40248707,1774.1204,-0.031123523
1835,1391,1039.7671,3616.266,206832.65625,3370882.25,224.78828,392.50647,309.1276,2043.2552,0.7385069,1818.2018,-0.050508887
1836,1177,1038.7434,3004.5242,200715.25,3370892.5,383.9091,555.2464,523.73364,2000.3708,0.6116462,1805.6694,-0.045355853
1837,1166,1040.2427,3120.5044,201875.046875,3370877.5,362.2736,532.75,466.1518,2086.72,0.64878625,1808.046,-0.059828565
1838,1313,1042.1218,498.58112,175655.8125,3370858.75,278.15994,485.099,368.25363,2395.4707,0.7333813,1754.346,-0.1406578
1839,1592,1042.9359,3572.514,206395.140625,3370850.75,198.76884,377.35394,269.8304,2214.8596,0.7795704,1817.3073,-0.08327194
1840,1121,1040.2686,3858.3694,209253.6875,3370877.25,388.1561,575.70966,602.1815,2127.7637,0.5698023,1823.162,-0.067281306
1841,1357,1041.6234,4187.43,212544.296875,3370863.75,212.84746,364.61276,350.20044,2033.0077,0.70032674,1829.9043,-0.036951933
1842,1241,1041.6317,536.65674,176036.5625,3370863.75,279.26913,492.80582,379.53424,2384.3867,0.7222019,1755.1254,-0.13560805
1843,1068,1041.8615,732.0571,177990.578125,3370861.5,459.88577,695.7388,629.7968,2112.6133,0.49855772,1759.1271,-0.04232029
1844,1182,1038.6853,1869.9434,189369.4375,3370893.25,525.3646,741.9704,767.01184,1961.2428,0.4469414,1782.4293,-0.038229827
1845,1274,1039.9167,2476.1492,195431.5,3370880.75,753.6436,1058.04,1301.208,2238.1006,0.2782408,1794.8468,-0.10674638
1846,1024,1037.9629,3916.1963,209831.96875,3370900.25,367.5254,570.9287,595.1553,2072.3574,0.5616112,1824.3455,-0.053334128
1847,1180,1040.7339,2088.1187,191551.1875,3370872.75,481.20255,725.08813,727.4398,2294.4102,0.5369347,1786.8993,-0.1185727
1848,1206,1043.951,2354.325,194213.25,3370840.5,603.097,909.3466,1086.6609,2438.6003,0.38942716,1792.3538,-0.14889352
1849,1271,1042.9158,2394.1646,194611.640625,3370850.75,602.5484,912.9583,1086.2478,2436.9458,0.397525,1793.1692,-0.14999598
1850,1085,1041.9437,3156.3208,202233.203125,3370860.5,447.74884,650.9,578.2396,2366.707,0.60354096,1808.7808,-0.11561401
1851,1064,1042.9756,3973.8328,210408.328125,3370850.25,373.867,566.7195,612.4624,2071.0408,0.5498645,1825.5289,-0.05988211
1852,1447,1044.8818,1763.1548,188301.546875,3370831.25,538.43195,810.085,805.23566,2402.1355,0.50543255,1780.2458,-0.1418764
1853,1218,1045.234,3054.5886,201215.890625,3370827.75,468.52585,669.51764,719.6297,2098.8958,0.5224564,1806.6986,-0.063671835
1854,1419,1046.4694,1081.5786,181485.78125,3370815.25,542.0211,817.611,846.8964,2257.5574,0.47141376,1766.2877,-0.10805053
1855,1004,1044.234,2764.7659,198317.65625,3370837.75,354.93326,556.3008,571.68823,1801.7649,0.54039645,1800.7612,0.007819549
1856,1158,1046.4275,2121.335,191883.34375,3370815.75,574.342,822.2392,882.1261,2191.2556,0.43668196,1787.5829,-0.094243385
1857,956,1044.0387,2881.1162,199481.15625,3370839.5,359.92154,559.17676,590.83575,1889.1465,0.55314857,1803.1444,-0.015207196
1858,1021,1044.7493,2941.5847,200085.84375,3370832.5,505.3281,707.47894,758.80066,2002.094,0.48178893,1804.3835,-0.043208096
1859,1045,1042.8134,851.4727,179184.734375,3370851.75,429.11865,674.02203,646.29663,2355.1865,0.5715949,1761.5731,-0.13651116
1860,1187,1051.8508,1926.1315,189931.3125,3370761.5,497.2561,724.28644,705.64954,2183.0024,0.5180883,1783.5879,-0.092266105
1861,1424,1051.7908,3685.5696,207525.6875,3370762.0,247.80338,389.28476,311.33566,1965.6422,0.72552985,1819.6283,-0.027139943
1862,1265,1047.494,3797.6348,208646.34375,3370805.0,369.72568,609.1411,515.9933,2669.1667,0.67376745,1821.9216,-0.15468578
1863,1300,1051.0754,2166.9553,192339.546875,3370769.25,514.1292,792.94464,804.4754,2437.6577,0.5031041,1788.52,-0.14697129
1864,1110,1051.527,3942.182,210091.8125,3370764.75,489.70496,700.4712,809.6261,2091.4946,0.45019084,1824.8853,-0.06528302
1865,1051,1047.7031,640.7859,177077.859375,3370803.0,315.451,542.20074,441.2883,2334.801,0.66255915,1757.2615,-0.118302
1866,1178,1048.455,1990.2827,190572.828125,3370795.5,351.7046,551.10187,465.1044,2092.0754,0.6394154,1784.8999,-0.07252508
1867,1051,1050.6517,2656.33,197233.296875,3370773.5,406.85538,608.8478,640.589,1886.0276,0.5344078,1798.5437,-0.019030204
1868,929,1047.7147,2714.1765,197811.765625,3370802.75,300.88696,502.74274,469.3832,1965.8374,0.61994994,1799.7269,-0.032207962
1869,975,1046.2994,2823.246,198902.46875,3370817.0,286.58255,462.01538,449.82666,1875.6113,0.6326332,1801.9603,-0.014143348
1870,1301,1053.7109,903.77094,179707.703125,3370743.0,326.99002,564.92004,494.13913,2241.2136,0.64188635,1762.6508,-0.11471619
1871,1609,1057.1423,1229.5631,182965.625,3370708.5,551.637,823.60724,812.059,2062.1677,0.42428604,1769.3248,-0.04194303
1872,1319,1053.1887,943.65656,180106.5625,3370748.0,283.88553,524.091,387.05536,2268.3843,0.7120003,1763.4673,-0.11638187
1873,1183,1053.4988,3217.5435,202845.4375,3370745.0,401.47888,581.2836,514.99115,2233.1504,0.630254,1810.0414,-0.09123451
1874,1668,1055.8363,1275.8795,183428.796875,3370721.75,593.51196,888.19666,916.7116,2424.5754,0.4476318,1770.2726,-0.1416358
1875,1188,1052.8358,2229.5757,192965.75,3370751.75,616.2761,902.74243,1049.8174,2367.1196,0.38659018,1789.8037,-0.13407202
1876,1087,1055.2742,2293.552,193605.515625,3370727.25,596.0653,890.40753,1053.8224,2407.871,0.39829454,1791.1155,-0.144383
1877,1448,1055.3605,4147.5986,212145.984375,3370726.5,239.66402,384.1046,392.08633,1866.6312,0.65696883,1829.0957,-0.004623469
1878,1122,1051.3048,789.86633,178568.65625,3370767.0,538.31995,788.9688,850.34937,2259.1533,0.46254498,1760.3167,-0.117475115
1879,1435,1054.9916,1581.7003,186487.0,3370730.0,466.08362,706.25995,722.4641,2232.8906,0.50935787,1776.5354,-0.10311472
1880,1409,1055.6288,1692.318,187593.1875,3370723.75,585.96094,829.91125,886.28815,2192.4556,0.43450752,1778.8013,-0.09675966
1881,1295,1058.122,3183.2017,202502.015625,3370698.75,510.61697,728.89886,674.63477,2438.9248,0.56725997,1809.3405,-0.13660802
1882,1140,1054.6597,604.943,176719.4375,3370733.5,723.73596,1005.2544,1073.5457,2255.8438,0.44963357,1756.5317,-0.114054136
1883,1344,1058.0037,1391.6392,184586.390625,3370700.0,609.22394,887.4286,943.32886,2209.7693,0.40371224,1772.6447,-0.10466526
1884,1293,1055.0719,2515.2598,195822.59375,3370729.25,343.23355,547.6048,510.90875,2120.5576,0.6567529,1795.6566,-0.07745238
1885,1689,1058.2551,3490.4607,205574.609375,3370697.5,260.33688,436.42273,377.77353,2176.9983,0.70364416,1815.6349,-0.07142126
1886,1318,1057.6298,3734.9492,208019.5,3370703.75,192.62025,327.85242,253.21283,1983.6431,0.77289903,1820.6431,-0.035625026
1887,1425,1058.5831,980.3586,180473.59375,3370694.25,377.44913,596.0758,537.3305,2127.6252,0.6087599,1764.222,-0.085005514
1888,1633,1061.2743,1656.4667,187234.671875,3370667.25,521.7618,782.7379,813.40234,2267.646,0.4777266,1778.0704,-0.11392572
1889,971,1053.416,3886.5571,209535.5625,3370745.75,325.42328,498.38464,529.0649,1955.8105,0.57949877,1823.7467,-0.02767697
1890,1539,1062.4562,297.72516,173647.25,3370655.5,940.59454,1195.4724,1230.8473,2033.1871,0.23435651,1750.2455,-0.027883636
1891,1523,1057.3618,1151.8805,182188.8125,3370706.5,575.69073,844.5857,860.7085,2078.1104,0.41649142,1767.734,-0.06148738
1892,1330,1060.794,4004.1248,210711.25,3370672.0,416.93948,641.31805,651.96466,2329.761,0.5589363,1826.1593,-0.10584343
1893,1064,1057.8712,700.8477,177678.484375,3370701.25,294.8045,516.8853,408.5282,2280.253,0.6591354,1758.4977,-0.089117005
1894,1149,1057.8912,822.3107,178893.109375,3370701.0,417.02176,651.3342,634.61096,2180.773,0.55695665,1760.9851,-0.10028036
1895,1459,1061.3578,1015.4969,180824.96875,3370666.5,479.59424,710.82935,710.0425,2136.246,0.50993484,1764.9434,-0.088002205
1896,1038,1057.1619,2616.9124,196839.125,3370708.5,197.26396,373.26782,304.61368,2060.343,0.74788254,1797.74,-0.06262871
1897,1056,1055.7908,2972.2773,200392.78125,3370722.0,541.49713,732.249,804.6179,1947.5824,0.43747368,1805.0184,-0.027589446
1898,1248,1060.8301,4042.9575,211099.578125,3370671.75,285.63742,460.6254,489.02963,1864.2452,0.5853772,1826.9548,-0.0020951026
1899,1721,1066.8448,333.93958,174009.390625,3370611.5,560.04065,778.6525,736.3602,1913.5026,0.42183754,1750.9897,-0.0019544126
1900,1455,1064.4701,1353.8398,184208.40625,3370635.25,534.9416,815.8859,818.01855,2240.7463,0.46330005,1771.8744,-0.11177487
1901,1234,1059.6548,2058.7634,191257.640625,3370683.5,489.13696,743.0843,740.5851,2289.4854,0.5234544,1786.3091,-0.117657386
1902,1138,1063.9675,3026.3235,200933.234375,3370640.25,692.35547,965.30096,1099.4609,2386.2957,0.37954274,1806.1301,-0.13127984
1903,1455,1063.7986,1429.8673,184968.671875,3370642.0,594.0591,866.80414,901.30994,2190.9958,0.43277848,1773.431,-0.09844279
1904,1606,1068.2303,370.10397,174371.046875,3370597.75,378.0168,574.0903,512.023,2039.5791,0.602145,1751.7311,-0.057018943
1905,1213,1063.3306,564.1352,176311.359375,3370646.75,207.93982,394.47568,297.91095,2185.0132,0.758943,1755.7014,-0.095433794
1906,1213,1062.5103,2583.4443,196504.4375,3370655.0,165.11624,341.155,235.36852,2114.2852,0.7994212,1797.0575,-0.076406114
1907,1557,1062.2775,3393.2441,204602.4375,3370657.25,216.07707,358.76428,281.93512,1920.6323,0.7440813,1813.6455,-0.025952056
1908,1413,1066.4586,255.45576,173224.5625,3370615.5,828.03186,1089.5294,1026.6312,2418.3433,0.40533513,1749.3823,-0.12449023
1909,1242,1064.8688,1890.7214,189577.21875,3370631.25,400.0024,588.6723,556.77216,1986.7681,0.57769686,1782.8702,-0.044050347
1910,1240,1066.1903,2260.679,193276.78125,3370618.0,607.4387,871.9379,1036.9436,2128.791,0.34610477,1790.4485,-0.076314025
1911,1436,1067.0927,3638.8564,207058.5625,3370609.0,487.14417,644.805,602.86383,1713.8374,0.46495843,1818.6797,0.06447667
1912,1340,1068.0717,3769.118,208361.1875,3370599.25,307.82724,499.7377,375.19104,2614.6892,0.74514866,1821.3488,-0.14429303
1913,1334,1066.7856,1052.8239,181198.234375,3370612.25,500.00375,762.542,769.44604,2302.0974,0.5094698,1765.711,-0.12570739
1914,1581,1066.7141,1803.4579,188704.578125,3370612.75,587.68945,864.9639,837.09174,2421.5325,0.48725048,1781.0841,-0.14223379
1915,1399,1068.0901,2548.8606,196158.609375,3370599.0,158.62616,331.58542,224.73051,2052.587,0.80181164,1796.3523,-0.06022902
1916,1023,1062.738,2854.3333,199213.328125,3370652.5,659.8739,915.68134,1059.4458,2108.174,0.35861254,1802.6064,-0.07237241
1917,1556,1067.935,3448.178,205151.78125,3370600.75,196.55753,337.17642,270.6115,1842.7156,0.7472795,1814.774,-0.0043903408
1918,1544,1067.0537,469.25842,175362.578125,3370609.5,553.899,803.8219,821.15546,2150.1172,0.5192309,1753.7607,-0.09023184
1919,1158,1064.0829,1956.7056,190237.0625,3370639.25,570.8774,804.19604,842.076,2213.6821,0.4529746,1784.2213,-0.09641942
1920,1270,1066.8102,2448.8298,195158.296875,3370612.0,919.0307,1227.0922,1528.5623,2181.7615,0.18258369,1794.3026,-0.09567258
1921,1438,1066.9479,3350.0696,204170.6875,3370610.5,238.37448,376.42142,295.72845,1966.5754,0.7377307,1812.7637,-0.036930494
1922,1422,1064.3368,3533.495,206004.953125,3370636.75,438.35477,684.3632,595.6526,2702.2124,0.63097453,1816.5198,-0.1788138
1923,1216,1068.5674,865.53864,179325.390625,3370594.25,341.78537,577.8816,504.0691,2271.824,0.6407478,1761.8767,-0.12082168
1924,1372,1068.7311,1848.1771,189151.765625,3370592.75,641.21356,880.3302,928.3258,2119.452,0.3944495,1782.0012,-0.07766069
1925,1238,1069.1648,2411.8408,194788.40625,3370588.25,953.311,1290.8077,1559.2391,2287.7075,0.19669253,1793.5464,-0.11921106
1926,923,1064.3878,2689.4539,197564.53125,3370636.0,286.46695,478.7909,416.49078,1989.8591,0.6560105,1799.23,-0.040575217
1927,1240,1066.5823,3834.4355,209014.359375,3370614.25,250.49838,396.86734,356.01974,1879.9601,0.6849429,1822.686,-0.00029128845
1928,1514,1069.4036,4106.948,211739.484375,3370586.0,232.80945,376.2728,389.46796,1805.1892,0.64388067,1828.2705,0.010627653
1929,1464,1068.9269,1189.711,182567.109375,3370590.75,604.1803,886.66327,916.59015,2217.9495,0.41630536,1768.5157,-0.09547409
1930,1555,1070.8418,1543.5402,186105.40625,3370571.5,574.7871,837.74146,885.0913,2298.7485,0.44779518,1775.7632,-0.12061704
1931,1146,1067.4415,2327.6963,193946.96875,3370605.5,722.616,1046.4005,1296.9878,2419.5,0.30431458,1791.8219,-0.14614019
1932,1020,1067.3823,2736.002,198030.015625,3370606.25,268.75784,494.97253,386.41177,2375.2637,0.7227067,1800.1852,-0.12849909
1933,1369,1069.0051,3309.165,203761.65625,3370590.0,257.68918,389.11652,297.76733,2037.1078,0.74290365,1811.9269,-0.051253553
1934,1573,1076.4749,205.92308,172729.234375,3370515.25,966.48126,1236.6573,1244.3198,2381.702,0.3395363,1748.3743,-0.13280423
1935,1433,1071.4222,413.0328,174800.328125,3370565.75,252.2603,437.82135,385.91837,1955.506,0.67404115,1752.612,-0.038406566
1936,1022,1067.0529,2793.499,198604.984375,3370609.5,455.49316,699.0988,725.499,2069.4119,0.51571345,1801.3628,-0.05700217
1937,1327,1070.3075,3269.208,203362.078125,3370577.0,260.2208,395.7287,296.43973,2127.109,0.7509532,1811.1091,-0.068361
1938,1510,1072.1742,1111.2722,181782.71875,3370558.25,480.46158,733.2563,735.7477,2296.9575,0.5227282,1766.9113,-0.12519339
1939,1440,1070.8027,1726.1973,187931.96875,3370572.0,592.12085,889.1028,914.3368,2567.9111,0.48087588,1779.5042,-0.17707191
1940,1259,1070.9619,2196.6323,192636.328125,3370570.5,682.14935,974.74506,1094.9325,2302.83,0.36991188,1789.1394,-0.12058351
1941,1126,1070.8215,755.5426,178225.421875,3370571.75,243.08437,439.29752,337.93695,2276.9424,0.7391241,1759.6256,-0.11586181
1942,1217,1071.3599,3138.737,202057.375,3370566.5,542.02545,784.4092,748.0859,2506.716,0.54137564,1808.437,-0.15378821
1943,1099,1070.9391,668.5469,177355.46875,3370570.5,223.69699,416.01364,345.01273,2224.929,0.73167074,1757.8441,-0.10410415
1944,1510,1075.2643,1315.1755,183821.75,3370527.25,515.77216,796.34705,736.9086,2432.5994,0.53136957,1771.089,-0.14897697
1945,1004,1070.7589,2896.965,199639.65625,3370572.5,696.29584,1001.6962,1196.2151,2365.4194,0.3420212,1803.4843,-0.12702721
1946,1093,1072.0751,2927.42,199944.203125,3370559.25,661.08234,961.1505,1123.2927,2486.231,0.39103684,1804.1088,-0.15433493
1947,1329,1071.2212,3096.5154,201635.15625,3370567.75,551.9567,842.0794,779.0497,2676.9631,0.5543021,1807.5721,-0.18480602
1948,1588,1076.0221,3593.1504,206601.5,3370519.75,220.52928,394.72952,287.35297,2207.7349,0.76395214,1817.7483,-0.07009399
1949,1440,1074.9667,517.6215,175846.21875,3370530.25,199.12639,373.98056,284.33957,2100.3904,0.7621631,1754.756,-0.080864534
1950,1353,1073.0747,1470.8788,185378.78125,3370549.25,668.45526,968.3156,1011.00885,2238.5483,0.38985428,1774.2765,-0.09187787
1951,1203,1071.6351,2023.7299,190907.296875,3370563.75,482.10724,712.47217,693.43726,2192.7847,0.52765965,1785.5985,-0.09306591
1952,1144,1074.146,2136.097,192030.96875,3370538.5,584.4519,846.89246,923.37585,2328.709,0.4361929,1787.9014,-0.12663327
1953,1436,1074.4686,4195.3545,212623.546875,3370535.25,198.53552,365.81824,320.71274,1968.072,0.7151952,1830.0845,-0.026925396
1954,1285,1075.7588,2368.3042,194353.046875,3370522.5,909.99066,1250.0973,1496.8148,2338.7595,0.23037042,1792.6584,-0.13069497
1955,1148,1074.2125,2484.6865,195516.859375,3370538.0,650.9181,914.37195,1003.3711,2172.3901,0.4138908,1795.0414,-0.08962745
1956,1102,1076.1007,3908.214,209752.140625,3370519.0,312.4637,511.21643,520.9315,2132.701,0.61125785,1824.2028,-0.056105003
1957,1354,1078.3176,2095.6426,191626.421875,3370496.75,529.95715,767.4461,828.6211,2154.6707,0.46307793,1787.0752,-0.084950745
1958,1116,1079.6693,2995.507,200625.0625,3370483.25,702.8468,986.66174,1119.2747,2470.7864,0.38298324,1805.5078,-0.15033029
1959,1345,1083.1085,3705.5278,207725.28125,3370449.0,249.78587,391.0409,306.52863,2052.3096,0.7377352,1820.0544,-0.04644768
1960,1073,1079.5293,726.233,177932.328125,3370484.75,208.67754,396.59552,295.29077,2220.7698,0.7614961,1759.0306,-0.105228975
1961,960,1078.3917,2641.7886,197087.890625,3370496.0,407.98856,621.6344,617.1813,2046.3323,0.5704708,1798.2617,-0.05531163
1962,1097,1078.7676,631.7411,176987.40625,3370492.25,234.3546,429.52325,326.98178,2321.5735,0.7527617,1757.0952,-0.12712096
1963,1335,1078.8651,1507.1003,185741.0,3370491.25,556.40674,850.48016,868.6472,2556.143,0.4971647,1775.0217,-0.17453746
1964,1218,1082.4507,3235.9548,203029.546875,3370455.5,259.01312,393.03036,290.8436,2072.1753,0.74907386,1810.4348,-0.05437308
1965,1127,1077.7676,3969.6787,210366.78125,3370502.25,504.03284,738.5164,802.0816,2280.0667,0.48486406,1825.4629,-0.104051195
1966,1474,1080.5468,1619.2225,186862.21875,3370474.5,507.1628,773.68384,792.01495,2397.3093,0.5064173,1777.319,-0.14236408
1967,925,1077.1178,2765.3264,198323.265625,3370508.75,449.03027,691.933,644.14594,2359.3643,0.5960171,1800.7914,-0.1283242
1968,1403,1083.3357,4070.2695,211372.6875,3370446.75,299.4658,477.82645,533.0574,1886.979,0.56189823,1827.5266,-0.011169686
1969,898,1076.941,2822.217,198892.171875,3370510.5,544.0234,810.07904,906.6559,2342.9866,0.45908636,1801.9567,-0.118414074
1970,1286,1081.9114,3058.2644,201252.640625,3370461.0,621.1042,910.5797,944.1497,2641.712,0.47600892,1806.7946,-0.17825525
1971,1222,1082.3527,3870.7488,209377.484375,3370456.5,281.47217,441.29584,427.26022,1984.6228,0.65913427,1823.4387,-0.031923078
1972,1161,1084.6012,921.21277,179882.125,3370434.0,300.14987,517.708,419.31784,2274.3567,0.6916056,1763.0266,-0.11907306
1973,1333,1081.5424,1763.8965,188308.96875,3370464.5,562.1741,837.95123,822.05927,2355.6572,0.48034504,1780.2826,-0.13309544
1974,1421,1089.62,3668.0269,207350.265625,3370383.75,542.3842,697.79205,682.5359,1723.703,0.42681408,1819.2898,0.057533078
1975,1277,1086.0408,3803.8691,208708.6875,3370419.5,219.07166,379.31754,308.59122,2040.5,0.73697424,1822.0706,-0.049831588
1976,1215,1087.1819,591.6609,176586.609375,3370408.25,328.43457,536.87573,489.72345,2171.9243,0.6601288,1756.2795,-0.085266486
1977,1123,1082.4595,1989.6403,190566.40625,3370455.5,528.6215,802.9296,833.57794,2370.546,0.49386698,1784.9066,-0.13525485
1978,1053,1084.0219,784.87085,178518.703125,3370439.75,229.91168,425.23456,322.77304,2215.1472,0.7394414,1760.2341,-0.10061406
1979,1489,1092.5675,1251.6636,183186.640625,3370354.25,532.7542,811.3459,844.54065,2423.8442,0.4908166,1769.7986,-0.15087967
1980,1157,1088.3483,2962.12,200291.203125,3370396.5,739.6616,1028.4498,1199.8073,2522.6072,0.35961148,1804.8289,-0.1641868
1981,1474,1092.1573,3554.428,206214.28125,3370358.5,407.2517,631.53937,641.1659,2220.9224,0.5625806,1816.964,-0.09335314
1982,1741,1093.931,170.23721,172372.375,3370340.75,816.94775,1079.2625,1103.691,2249.178,0.37152234,1747.6543,-0.11419893
1983,1561,1095.9276,442.1358,175091.359375,3370320.75,267.75336,451.35233,372.01987,2099.7163,0.6945265,1753.2231,-0.07158774
1984,1020,1089.2529,2671.9539,197389.53125,3370387.5,189.0549,364.15,250.03922,2177.5725,0.791994,1798.8857,-0.086856216
1985,920,1088.5304,2872.5608,199395.609375,3370394.75,529.03046,826.0239,895.5,2570.5967,0.49129432,1802.9944,-0.165792
1986,1034,1086.856,3937.9478,210049.46875,3370411.5,384.8293,605.8153,652.64166,2252.072,0.55093676,1824.8177,-0.09153182
1987,1357,1088.8629,4155.9375,212229.375,3370391.25,229.61201,384.31723,345.99078,2045.885,0.7105587,1829.2847,-0.048313804
1988,1312,1089.0792,1916.9451,189839.453125,3370389.25,477.4314,704.5015,706.7942,2118.0571,0.51125747,1783.4215,-0.07626528
1989,1571,1095.699,3417.9248,204849.25,3370323.0,209.94144,354.40515,277.08084,1976.5576,0.7579088,1814.1698,-0.04009821
1990,1296,1090.9205,955.706,180227.0625,3370370.75,231.99614,431.62808,305.82486,2216.5386,0.7621689,1763.7367,-0.10562115
1991,1066,1090.8284,2706.8452,197738.453125,3370371.75,181.58255,356.955,245.54222,2088.5188,0.7883753,1799.6013,-0.068921834
1992,1272,1091.4207,3199.5378,202665.375,3370365.75,281.30936,428.44733,330.42926,2069.5046,0.7254273,1809.6938,-0.05834481
1993,1167,1093.1285,888.8158,179558.15625,3370348.75,295.10883,519.2982,406.12424,2293.3394,0.69753945,1762.3683,-0.11639366
1994,1543,1096.8231,1079.1036,181461.03125,3370311.75,415.4595,653.13806,621.0389,2272.3499,0.5794329,1766.2673,-0.118169084
1995,1244,1092.6672,2165.2324,192322.328125,3370353.25,723.9148,1003.2267,1175.439,2143.0322,0.3133447,1788.5089,-0.08463876
1996,1221,1089.6642,2229.4734,192964.734375,3370383.25,788.9902,1057.2465,1283.2294,2049.2522,0.25074345,1789.8229,-0.064545244
1997,1160,1089.1552,2294.3154,193613.15625,3370388.5,840.5957,1143.4034,1410.4957,2170.8923,0.21905462,1791.1508,-0.09222047
1998,1283,1092.6866,4023.4092,210904.09375,3370353.25,413.51715,626.4139,692.8098,2194.164,0.5395052,1826.5718,-0.08214162
1999,1102,1091.3711,2609.9646,196769.640625,3370366.25,402.8285,614.55444,606.2232,1985.4384,0.5684416,1797.6172,-0.041283283
2000,1341,1097.2617,3163.9216,202309.21875,3370307.5,403.06897,617.46497,532.7707,2297.6216,0.63255155,1808.9675,-0.107635126
2001,1588,1096.5385,3507.502,205745.015625,3370314.5,444.46945,677.1357,617.4298,2437.0283,0.6001997,1816.0052,-0.13280483
2002,1449,1097.4237,279.4355,173464.359375,3370305.75,270.47827,439.5045,367.0621,2005.3761,0.68882775,1749.8925,-0.054305002
2003,1293,1096.1284,551.8175,176188.171875,3370318.75,221.81361,401.7231,317.96985,2245.085,0.752384,1755.4691,-0.11094198
2004,1154,1089.7755,821.3735,178883.734375,3370382.25,260.20538,467.06845,357.93848,2285.513,0.7247534,1760.9851,-0.11615294
2005,1378,1094.931,1143.2932,182102.9375,3370330.75,579.3273,861.25183,870.619,2482.408,0.48065364,1767.5807,-0.16285264
2006,1394,1092.9648,1582.6693,186496.6875,3370350.25,637.3393,901.8551,897.8874,2323.5322,0.44332424,1776.5776,-0.12952012
2007,1357,1098.3501,1286.7141,183537.140625,3370296.5,585.367,860.09283,916.8062,2335.8806,0.43982732,1770.5199,-0.13227808
2008,1383,1097.9241,1827.8647,188948.65625,3370300.75,508.37094,746.96094,687.69055,2369.6616,0.5435533,1781.6023,-0.12739138
2009,1431,1100.5038,236.14256,173031.421875,3370275.0,315.52063,503.08386,401.56815,2286.3389,0.6971958,1749.0078,-0.11844051
2010,1163,1096.0104,694.724,177617.234375,3370320.0,188.4626,372.73688,274.24075,2325.7808,0.78858346,1758.3954,-0.13233985
2011,1500,1094.0206,1394.2413,184612.40625,3370339.75,455.07535,750.30133,628.242,2582.192,0.59561664,1772.7194,-0.17180584
2012,1325,1095.351,2513.84,195808.40625,3370326.5,595.32227,853.28,994.23395,2098.7954,0.37705284,1795.6506,-0.07208144
2013,1368,1097.9188,1033.6725,181006.71875,3370300.75,428.6674,691.1367,661.3246,2245.217,0.5522208,1765.3376,-0.110642925
2014,1483,1101.6864,1215.3534,182823.53125,3370263.25,541.52057,823.1929,841.2717,2415.9082,0.49688533,1769.0604,-0.14858383
2015,1694,1098.1641,1691.6707,187586.703125,3370298.25,656.29755,894.3117,955.3111,2207.7078,0.39779174,1778.8131,-0.09963222
2016,1396,1098.7822,1875.0472,189420.46875,3370292.25,479.8904,706.54224,685.1125,2222.0996,0.5400696,1782.5691,-0.09978894
2017,1243,1094.3854,2055.819,191228.1875,3370336.25,566.3492,855.06354,902.05066,2445.2437,0.47044545,1786.2689,-0.14964868
2018,1503,1100.2948,3379.209,204462.09375,3370277.0,214.1324,351.86993,260.5672,2000.8008,0.7689995,1813.3793,-0.047102056
2019,1372,1097.7836,3738.519,208055.1875,3370302.25,184.90598,331.55286,245.02296,2048.3135,0.7851697,1820.7383,-0.05047452
2020,1514,1101.0271,993.01587,180600.15625,3370269.75,288.25958,492.6222,408.90424,2111.1697,0.6780232,1764.5068,-0.0801183
2021,937,1097.5336,2841.3843,199083.84375,3370304.75,544.9658,855.0288,881.37354,2587.7834,0.49332863,1802.361,-0.16718312
2022,1697,1103.5817,3466.9282,205339.28125,3370244.25,326.10223,542.8132,441.6644,2581.898,0.70146435,1815.178,-0.14821213
2023,1533,1106.2544,135.23679,172022.375,3370217.5,798.83563,1048.1377,1120.2981,2040.3777,0.3196374,1746.9453,-0.064834036
2024,1415,1102.807,485.6657,175526.65625,3370252.0,325.9986,528.535,453.63885,2150.5647,0.664362,1754.1187,-0.087908074
2025,1188,1101.5026,850.9882,179179.875,3370265.0,300.02106,502.03787,429.76767,2206.4663,0.6814409,1761.5988,-0.10169319
2026,1410,1099.7482,1439.939,185069.390625,3370282.5,498.20212,780.3631,739.183,2389.914,0.52351135,1773.6586,-0.13953587
2027,1210,1099.0785,2434.0437,195010.4375,3370289.25,696.85126,986.443,1148.8612,2293.3455,0.34928057,1794.0183,-0.11651962
2028,1140,1097.1299,1955.0027,190220.03125,3370308.75,461.94824,690.5746,678.76666,2216.8315,0.5424042,1784.2057,-0.10032565
2029,1141,1101.0815,2395.6958,194626.953125,3370269.25,852.60297,1172.3602,1445.8186,2245.0552,0.22186904,1793.234,-0.10907762
2030,1228,1100.6246,2577.6604,196446.609375,3370273.75,551.32574,785.01465,888.12866,2006.3632,0.42053637,1796.9608,-0.049778037
2031,1392,1102.2213,3337.474,204044.75,3370257.75,233.80316,369.06033,286.0582,2032.2964,0.75315195,1812.5254,-0.05638847
2032,1330,1102.9083,4121.823,211888.234375,3370251.0,225.25676,381.61768,365.0515,1866.7399,0.671882,1828.5935,-0.0005271549
2033,1274,1102.5204,3124.547,201915.46875,3370254.75,505.83438,745.6158,748.6786,2370.2185,0.53001446,1808.164,-0.12990402
2034,1615,1104.8273,3624.488,206914.875,3370231.75,207.22818,371.17245,262.65512,2059.8853,0.7720405,1818.4062,-0.044210628
2035,1375,1105.8538,1178.2902,182452.90625,3370221.5,585.57526,868.3178,909.4851,2375.8335,0.44888464,1768.304,-0.13972744
2036,1142,1098.8021,2330.7637,193977.640625,3370292.0,991.3704,1314.4878,1605.4606,2252.4526,0.1728389,1791.9028,-0.11257596
2037,1175,1101.291,3022.8672,200898.671875,3370267.0,581.29614,835.36896,820.9464,2435.4612,0.49935326,1806.0804,-0.14051451
2038,1261,1104.2275,3987.6653,210546.65625,3370237.75,275.5896,474.00714,392.52142,2171.1428,0.7019947,1825.8458,-0.06997614
2039,1582,1105.8319,395.77875,174627.78125,3370221.75,287.25537,469.14917,402.0,2129.3071,0.6795467,1752.2799,-0.07784692
2040,1503,1102.6633,1351.9049,184189.046875,3370253.25,477.77777,745.5562,702.4198,2206.7566,0.5124616,1771.8574,-0.10074617
2041,1586,1105.9237,1651.336,187183.359375,3370220.75,513.53534,789.1715,753.08136,2436.6904,0.5292269,1777.9917,-0.15024741
2042,1136,1103.5677,658.4199,177254.203125,3370244.25,194.40228,375.65054,284.0396,2284.0098,0.778747,1757.6566,-0.12455198
2043,1339,1104.5161,3300.486,203674.859375,3370234.75,247.16093,379.65497,292.85287,2011.3282,0.74554104,1811.769,-0.050720938
2044,1237,1103.6257,3839.8303,209068.3125,3370243.75,261.2021,404.64996,364.33063,1937.8286,0.6961828,1822.8169,-0.02207918
2045,1202,1104.7579,2263.9102,193309.09375,3370232.5,741.7587,1030.9542,1249.7854,2197.1714,0.28653628,1790.537,-0.098805524
2046,1305,1105.5532,2473.3074,195403.078125,3370224.5,667.74786,965.4169,1120.295,2336.518,0.36351404,1794.8263,-0.126476
2047,1051,1102.3225,2737.4348,198044.34375,3370256.75,165.80115,333.79257,229.07137,2088.5432,0.80168504,1800.2345,-0.068441406
2048,1135,1104.2476,2802.0327,198690.328125,3370237.5,514.9445,791.54535,800.6837,2433.5576,0.50610495,1801.5587,-0.14101565
2049,1220,1105.4327,3085.7197,201527.203125,3370225.75,446.07294,670.86847,588.90125,2394.6104,0.6108661,1807.3702,-0.12667671
2050,1740,1110.3236,352.36322,174193.625,3370176.75,290.6523,454.2092,370.623,1991.3712,0.67962986,1751.3937,-0.04908246
2051,1490,1109.3296,1785.655,188526.546875,3370186.75,567.06445,796.13153,802.62683,2184.8523,0.46910474,1780.7445,-0.09270996
2052,1041,1105.246,2935.8347,200028.34375,3370227.5,661.8184,959.1652,1074.1768,2500.4583,0.4058576,1804.2999,-0.15828751
2053,1777,1114.655,312.0529,173790.53125,3370133.5,680.3157,921.9285,940.04224,2221.9697,0.46928766,1750.5709,-0.105952024
2054,1264,1106.6638,2127.341,191943.40625,3370213.25,754.3647,1023.3782,1193.1978,2106.739,0.30654952,1787.741,-0.075438485
2055,1138,1106.9666,2903.3472,199703.46875,3370210.25,463.3603,758.29,751.66345,2534.6633,0.5557726,1803.6355,-0.160358
2056,1469,1108.7965,1736.1136,188031.140625,3370192.0,558.98914,796.0075,795.07965,2282.192,0.48956066,1779.7296,-0.114138156
2057,1252,1109.0863,2545.7876,196127.875,3370189.25,634.4609,905.39215,1069.4017,2190.77,0.35105708,1796.3129,-0.09223453
2058,1304,1108.3229,3264.4846,203314.84375,3370196.75,254.7826,385.54065,293.7243,2021.2466,0.74560773,1811.0337,-0.051700875
2059,1358,1109.0221,3773.818,208408.1875,3370189.75,327.44626,536.6241,402.95508,2590.4907,0.73184144,1821.4677,-0.14358734
2060,1130,1108.8425,619.4602,176864.609375,3370191.5,350.10974,574.5301,501.25485,2435.178,0.6703676,1756.862,-0.1411509
2061,1292,1111.6075,1553.0519,186200.515625,3370164.0,681.39087,969.19196,1001.7732,2331.8381,0.40010878,1775.9822,-0.12593734
2062,1178,1107.6359,2018.7198,190857.203125,3370203.75,608.191,916.22833,1028.8031,2372.7913,0.4119502,1785.5168,-0.13653098
2063,1351,1110.3871,1479.3538,185463.53125,3370176.25,684.017,975.2324,1019.85565,2156.0251,0.36366323,1774.4722,-0.07756417
2064,997,1106.8806,2769.7393,198367.390625,3370211.25,332.8295,553.4955,493.52255,2249.0632,0.65128094,1800.8987,-0.10442345
2065,1223,1111.009,758.98444,178259.84375,3370170.0,205.55273,385.39984,291.03354,2316.4375,0.7766804,1759.7205,-0.13180213
2066,1252,1109.885,2197.0696,192640.6875,3370181.25,581.46643,859.3866,1095.9218,2357.4617,0.36953533,1789.1709,-0.13376597
2067,1287,1111.6278,4186.0723,212530.71875,3370163.75,217.15773,386.98212,313.9091,2055.4473,0.7310038,1829.9144,-0.048395146
2068,1333,1113.8035,1518.3735,185853.734375,3370142.0,816.4126,1119.9497,1256.871,2118.9841,0.2594564,1775.2733,-0.07009784
2069,1040,1110.3634,2364.4866,194314.859375,3370176.25,835.23267,1139.4414,1375.7701,2230.1145,0.24767548,1792.6002,-0.106741875
2070,1245,1112.9598,2087.1013,191541.015625,3370150.5,577.5534,847.6161,941.8739,2276.657,0.44379613,1786.9204,-0.115298726
2071,1224,1116.0409,4048.4282,211154.28125,3370119.5,370.16788,592.42566,615.57513,2249.6,0.57760435,1827.097,-0.09626735
2072,1377,1117.3536,4086.9338,211539.34375,3370106.5,284.7008,464.75998,492.8395,1928.6383,0.592267,1827.8866,-0.017176893
2073,1285,1113.9836,518.9642,175859.640625,3370140.25,272.90973,462.57355,394.29727,2201.8552,0.6931111,1754.8074,-0.09090944
2074,1250,1111.6808,3909.2056,209762.0625,3370163.25,276.2868,484.6844,418.5412,2286.0437,0.6929208,1824.2426,-0.09000876
2075,995,1112.8381,795.79,178627.90625,3370151.5,204.31859,396.15378,290.10956,2298.016,0.77471083,1760.4752,-0.12706022
2076,1462,1118.1492,1113.7422,181807.421875,3370098.5,431.0896,674.0267,663.1416,2244.0479,0.55392075,1766.9895,-0.11359149
2077,1082,1111.1294,2641.159,197081.59375,3370168.75,205.80869,381.39465,284.57486,2162.9814,0.77355736,1798.2675,-0.086186744
2078,1534,1118.0496,3583.6558,206506.5625,3370099.5,218.5766,394.81583,296.6747,2069.076,0.7486109,1817.5771,-0.050523598
2079,1165,1114.0643,724.5176,177915.171875,3370139.25,226.93562,421.7691,325.2807,2417.1914,0.7617233,1759.0165,-0.15043455
2080,1200,1117.0433,2989.7292,200567.296875,3370109.5,671.3137,877.9021,897.9817,2124.7312,0.39791968,1805.4105,-0.0627964
2081,1500,1120.9873,1318.822,183858.21875,3370070.25,534.40735,821.924,834.2573,2406.2566,0.4839874,1771.1909,-0.14396687
2082,1029,1115.6414,1985.2896,190522.890625,3370123.5,513.1341,782.45386,803.35376,2322.0476,0.49412507,1784.8368,-0.12275021
2083,1291,1118.5654,3226.2417,202932.421875,3370094.25,268.4299,409.8532,308.3869,2108.827,0.7426029,1810.256,-0.068459734
2084,1140,1116.3193,3873.863,209408.625,3370116.75,252.42325,405.3816,316.0715,2083.5315,0.7392423,1823.5211,-0.04148718
2085,1172,1116.8225,3947.3745,210143.75,3370111.75,319.0704,514.8012,406.32422,2351.8574,0.7045176,1825.0273,-0.102570094
2086,1255,1121.6853,577.10675,176441.0625,3370063.25,334.251,513.0741,495.26294,1932.7219,0.62021106,1756.0026,-0.034035265
2087,1475,1121.5634,1611.9641,186789.640625,3370064.25,582.4671,866.66986,830.5993,2416.303,0.49129784,1777.1946,-0.14823408
2088,1194,1121.2412,3048.5964,201155.96875,3370067.5,516.8128,747.40826,703.75,2376.634,0.54689914,1806.6188,-0.12585664
2089,1758,1124.4238,205.04039,172720.40625,3370035.75,307.69455,500.29068,397.32138,2357.1633,0.7100319,1748.3857,-0.13266976
2090,1080,1120.8037,1931.2195,189982.1875,3370072.0,460.60742,678.0093,658.03705,2081.0103,0.5267269,1783.7324,-0.06679244
2091,1320,1120.8636,923.60986,179906.09375,3370071.25,197.2788,380.5803,276.4697,2253.9463,0.7798699,1763.0975,-0.11371722
2092,977,1118.5906,2869.135,199361.34375,3370094.0,457.4606,765.0921,725.2753,2620.7769,0.5702828,1802.9413,-0.1753279
2093,1562,1124.4572,3701.8137,207688.140625,3370035.5,289.31113,427.282,380.99103,1769.2954,0.65507334,1820.0011,0.02791574
2094,1295,1124.0425,3811.3499,208783.5,3370039.5,227.30232,376.18457,322.52124,1935.6849,0.7160585,1822.2448,-0.023751035
2095,1307,1126.7314,1414.5287,184815.28125,3370012.75,496.63123,775.9426,659.45526,2652.205,0.5869598,1773.1543,-0.18431985
2096,1230,1123.7723,2302.1853,193691.859375,3370042.25,646.7634,954.35364,1121.6471,2413.8455,0.37304997,1791.3319,-0.14546923
2097,1515,1127.5835,3537.9834,206049.84375,3370004.25,405.7429,628.56635,656.90625,2195.2158,0.5496325,1816.6469,-0.087270334
2098,1347,1128.4929,1852.9844,189199.84375,3369995.0,507.43207,756.96436,792.1433,2153.403,0.47178876,1782.1346,-0.085801944
2099,1323,1129.1066,1898.7189,189657.1875,3369989.0,426.65457,631.5147,577.5026,2033.6235,0.5706808,1783.0717,-0.05414958
2100,1116,1121.9203,2674.3198,197413.203125,3370060.75,160.2052,317.83603,214.7034,2067.111,0.8110542,1798.9529,-0.06504676
2101,1438,1128.6627,3434.982,205019.8125,3369993.25,319.887,526.25903,487.98782,2366.6804,0.6578544,1814.5375,-0.11572523
2102,1258,1126.2146,961.5087,180285.09375,3370017.75,243.90381,442.4523,354.4666,2152.4038,0.72103894,1763.8768,-0.09137773
2103,1294,1129.4366,1055.7141,181227.140625,3369985.75,282.2921,506.55795,380.25967,2326.8462,0.7144927,1765.808,-0.11810311
2104,1175,1125.337,2233.5447,193005.453125,3370026.75,522.2366,808.86725,978.1379,2384.7966,0.42215556,1789.927,-0.14077781
2105,1352,1125.574,3664.9172,207319.171875,3370024.25,545.02515,699.2012,690.82025,1577.172,0.4050363,1819.2458,0.08428223
2106,1676,1135.0597,111.71659,171787.171875,3369929.5,555.5095,754.7446,732.55786,2022.9863,0.50929534,1746.4814,-0.0610819
2107,1555,1131.0707,257.8701,173248.703125,3369969.25,256.1524,408.25015,370.47266,1787.1981,0.65869707,1749.4716,0.0018464315
2108,1148,1125.7108,884.135,179511.34375,3370023.0,188.9669,366.8493,272.02264,2188.0105,0.7778796,1762.2921,-0.104031764
2109,1121,1124.8778,2707.3416,197743.421875,3370031.25,160.51651,313.71722,216.48975,2029.2417,0.8065794,1799.6309,-0.05599329
2110,974,1126.0801,2832.4456,198994.453125,3370019.25,437.81622,747.73615,748.2926,2555.153,0.5490903,1802.1941,-0.16327675
2111,1400,1130.2485,3188.0828,202550.828125,3369977.5,277.50644,426.11285,315.9475,2204.0156,0.74413383,1809.481,-0.08611294
2112,1399,1131.9535,463.60043,175306.0,3369960.5,413.10364,624.0579,585.6054,2042.4088,0.600666,1753.6847,-0.062967405
2113,1381,1131.8291,1377.4453,184444.453125,3369961.75,569.45184,827.7893,869.1137,2130.7727,0.42555743,1772.3978,-0.08538087
2114,1190,1128.6605,2045.0967,191120.96875,3369993.5,561.7076,825.75464,913.4378,2191.8235,0.4323749,1786.0693,-0.094475344
2115,1182,1126.9806,2608.757,196757.5625,3370010.25,356.94333,576.29016,533.28345,2213.358,0.62225235,1797.6129,-0.094333075
2116,1246,1131.3909,681.996,177489.953125,3369966.0,194.81621,387.33627,288.5674,2350.329,0.781348,1758.1564,-0.13890933
2117,1263,1132.1362,1018.70544,180857.0625,3369958.75,228.07364,443.65002,311.67856,2281.209,0.7561004,1765.0516,-0.11071354
2118,1098,1130.6794,2412.4854,194794.859375,3369973.25,581.2905,905.04736,968.0638,2550.6301,0.45683175,1793.595,-0.16961184
2119,1202,1131.6906,2961.361,200283.609375,3369963.0,601.1086,887.9505,933.7367,2580.38,0.47011504,1804.8378,-0.17016125
2120,1303,1129.9325,4153.514,212205.140625,3369980.75,346.52838,552.61053,542.9693,2226.0603,0.61514074,1829.2573,-0.084513694
2121,1570,1135.8357,424.9102,174919.109375,3369921.75,267.50702,435.09235,382.6726,1879.7375,0.661,1752.8948,-0.014266061
2122,1304,1132.7914,1814.9026,188819.03125,3369952.0,489.5138,751.7508,713.64343,2321.1433,0.53157204,1781.3573,-0.1247765
2123,1376,1129.8656,2161.572,192285.71875,3369981.25,543.133,809.3627,891.4433,2199.351,0.4376245,1788.4556,-0.09355507
2124,1288,1133.1802,3361.4294,204284.296875,3369948.25,252.08696,398.39093,322.09045,1929.7263,0.7189556,1813.0333,-0.021919163
2125,1348,1132.236,4012.7612,210797.609375,3369957.75,230.42174,389.28003,314.61127,2066.0098,0.73902386,1826.3752,-0.04795343
2126,1180,1132.9856,819.9017,178869.015625,3369950.25,200.2144,390.68475,290.1373,2350.4136,0.7795793,1760.9812,-0.13886908
2127,1565,1135.2402,1237.9022,183049.015625,3369927.5,343.93674,570.13416,491.11694,2199.388,0.6444633,1769.5422,-0.10251822
2128,1028,1131.0787,2342.3901,194093.90625,3369969.25,606.929,864.45624,1054.8599,2210.9631,0.35693556,1792.1595,-0.102804646
2129,1132,1132.2888,2445.97,195129.703125,3369957.0,526.9435,831.2986,831.3304,2604.7747,0.519397,1794.2817,-0.17433704
2130,1464,1135.3032,1276.1953,183431.953125,3369927.0,444.541,698.02527,635.81146,2420.5862,0.59291965,1770.3265,-0.14768964
2131,1366,1134.7833,3149.9436,202169.4375,3369932.25,395.35175,575.9791,549.62335,2111.9326,0.6062408,1808.7023,-0.068323106
2132,1497,1136.3019,1152.8397,182198.390625,3369917.0,378.2906,606.2759,529.22845,2223.7021,0.62234324,1767.801,-0.10614746
2133,1332,1134.2087,2512.0503,195790.5,3369938.0,562.2515,852.5683,922.24927,2411.738,0.45434964,1795.6362,-0.13881268
2134,1219,1134.699,3110.1108,201771.109375,3369933.0,436.68826,643.1259,681.22314,2074.339,0.53085226,1807.8864,-0.063873105
2135,1175,1135.6818,644.5617,177115.625,3369923.25,244.70808,445.78043,360.65363,2386.6614,0.7396927,1757.3925,-0.1329649
2136,1464,1139.1407,1716.685,187836.84375,3369888.5,557.8238,852.42694,837.34973,2520.9426,0.50230336,1779.3496,-0.16632938
2137,1534,1137.4146,3498.545,205655.453125,3369905.75,471.9622,700.646,798.6809,2183.692,0.47590616,1815.8444,-0.08665844
2138,1344,1138.8356,1576.3125,186433.125,3369891.75,743.42706,1035.2084,1133.1324,2191.7754,0.32314512,1776.4746,-0.0898751
2139,1494,1139.5636,1678.7938,187457.9375,3369884.25,610.0241,883.23425,906.30927,2300.2798,0.43447727,1778.5739,-0.12144882
2140,1374,1139.9891,543.064,176100.640625,3369880.0,243.38792,410.1492,364.46506,2040.9636,0.69459075,1755.3167,-0.061136264
2141,1367,1139.1609,1453.5764,185205.765625,3369888.5,552.2414,819.55817,803.95026,2295.4602,0.4755056,1773.9613,-0.11613113
2142,1558,1141.8113,1761.5449,188285.453125,3369862.0,536.25867,811.7407,801.0154,2458.643,0.5033329,1780.2699,-0.15201803
2143,1110,1137.164,1962.1783,190291.78125,3369908.25,488.85587,705.04236,687.1027,1952.5864,0.4919155,1784.3761,-0.037566133
2144,1441,1136.4601,3740.7314,208077.3125,3369915.5,291.12317,480.22726,367.6263,2301.8452,0.72685087,1820.8049,-0.08051063
2145,1198,1138.207,3971.4248,210384.25,3369898.0,256.6369,426.53632,334.9737,2291.2717,0.74399513,1825.5316,-0.098302886
2146,1921,1143.4612,160.9417,172279.421875,3369845.5,378.93753,565.6991,484.37845,2074.924,0.61790305,1747.4946,-0.06573277
2147,1105,1138.7972,606.33215,176733.328125,3369892.0,475.7466,700.8534,705.5448,2248.3357,0.5552381,1756.6115,-0.109235354
2148,1053,1135.3239,852.25073,179192.5,3369926.75,208.82336,393.2488,312.90125,2147.528,0.7435642,1761.645,-0.09377933
2149,1220,1137.7672,2116.3835,191833.84375,3369902.25,667.2508,905.61804,1039.0099,2063.032,0.35347787,1787.5347,-0.06207964
2150,1137,1136.6438,2741.7827,198087.828125,3369913.5,167.21107,327.23923,227.50836,2082.6306,0.80243903,1800.343,-0.069124065
2151,1623,1143.9926,3397.0745,204640.75,3369840.0,371.3555,569.48303,549.8395,2095.6357,0.60622454,1813.7695,-0.061913915
2152,1142,1138.8284,2926.9229,199939.234375,3369891.75,542.13965,883.00397,917.9133,2564.69,0.47116864,1804.1365,-0.16819488
2153,1631,1143.585,380.31882,174473.1875,3369844.25,361.34027,543.8627,509.77927,1892.7977,0.5948862,1751.9866,-0.020407446
2154,1339,1144.1672,1085.4915,181524.90625,3369838.25,233.53174,429.47348,315.0493,2209.9456,0.74961865,1766.4265,-0.10079611
2155,1639,1144.1135,1194.1532,182611.53125,3369838.75,466.52716,713.25195,703.67053,2246.6235,0.5468188,1768.6517,-0.109149605
2156,1120,1140.1893,2480.6956,195476.953125,3369878.0,557.9411,861.39374,918.33124,2412.8582,0.45711383,1794.9976,-0.13298011
2157,1058,1138.1116,2775.3516,198423.515625,3369899.0,179.76276,346.24387,247.04631,2108.5312,0.7901529,1801.0315,-0.07183644
2158,1095,1139.6475,3074.117,201411.171875,3369883.5,266.10184,408.3041,314.1073,2062.6533,0.738579,1807.1519,-0.06342357
2159,1404,1142.8219,3326.02,203930.203125,3369851.75,233.48895,374.4156,284.5438,2011.5509,0.75108355,1812.3135,-0.047219675
2160,1152,1139.7352,2269.1433,193361.4375,3369882.75,723.52954,1063.8134,1203.7795,2603.256,0.3718096,1790.6644,-0.18180552
2161,1193,1142.2456,2381.8508,194488.5,3369857.5,612.2632,896.1752,991.2783,2313.8684,0.40756258,1792.9742,-0.121978454
2162,1237,1140.4956,2577.1885,196441.890625,3369875.0,445.40338,690.9604,701.44055,2196.574,0.5305317,1796.974,-0.0954869
2163,981,1139.6473,2806.9949,198739.953125,3369883.5,225.07135,414.38022,320.8624,2185.3384,0.74799854,1801.6804,-0.08965597
2164,1224,1141.3137,3015.7705,200827.703125,3369866.75,450.98203,661.2561,583.05554,2382.9404,0.6107879,1805.9576,-0.13016394
2165,1292,1141.7036,3291.5974,203585.96875,3369863.0,245.94969,381.93344,292.54916,2023.7798,0.7466284,1811.6077,-0.052491497
2166,1317,1144.9203,3636.5588,207035.59375,3369830.75,680.59985,872.80676,902.5619,1832.355,0.38266912,1818.6757,0.006183526
2167,1345,1143.4996,3850.78,209177.796875,3369845.0,261.1896,402.35428,348.45352,2028.9382,0.71280426,1823.0631,-0.03354577
2168,1246,1140.4727,4120.0796,211870.796875,3369875.25,233.21107,408.56702,341.6244,2043.534,0.71676457,1828.5781,-0.045748957
2169,1118,1142.0841,781.70483,178487.046875,3369859.25,218.42934,420.19946,322.2549,2401.8586,0.7623824,1760.2046,-0.14615388
2170,1094,1142.4615,2892.8804,199598.8125,3369855.5,439.819,738.2733,762.16547,2419.2275,0.5460261,1803.4412,-0.13678259
2171,1268,1144.3564,2003.2279,190702.28125,3369836.5,537.17505,778.6774,798.0623,2161.9495,0.48943672,1785.221,-0.087523475
2172,1093,1146.7869,709.9314,177769.3125,3369812.25,206.88472,397.94418,299.07867,2369.1729,0.77469754,1758.7377,-0.13462646
2173,1165,1145.7177,744.06006,178110.59375,3369822.75,215.62231,409.77597,315.8558,2389.824,0.7663033,1759.4359,-0.144272
2174,1386,1146.3196,1492.8168,185598.171875,3369816.75,484.7922,756.9856,728.5346,2489.176,0.5429416,1774.7692,-0.15821762
2175,1196,1145.6998,2076.1187,191431.1875,3369823.0,721.7851,989.6229,1152.4917,2104.5693,0.33587736,1786.7146,-0.07128157
2176,1202,1144.5599,2203.9043,192709.046875,3369834.5,621.3561,918.40515,1057.5192,2353.747,0.38621,1789.331,-0.13229738
2177,1258,1145.4928,3256.4246,203234.25,3369825.0,244.59023,378.86804,285.281,2018.9607,0.75030226,1810.8894,-0.04716366
2178,1327,1149.309,3604.0935,206710.9375,3369787.0,332.4303,507.78336,428.18048,1979.9254,0.6569086,1818.0131,-0.028644659
2179,1201,1145.4255,3894.0642,209610.640625,3369825.75,287.60367,476.8297,407.27518,2184.6545,0.6969629,1823.9509,-0.076101504
2180,1591,1150.8611,500.48145,175674.8125,3369771.5,261.65744,434.18228,379.22815,2044.0717,0.68300027,1754.4514,-0.05510505
2181,1381,1150.1223,991.4533,180584.53125,3369778.75,262.97684,488.16364,376.86966,2351.0781,0.7277351,1764.5045,-0.13336262
2182,1448,1148.7762,1642.9869,187099.875,3369792.25,617.6685,909.44684,943.7383,2305.9414,0.42251876,1777.846,-0.121203884
2183,1137,1145.4679,2545.4407,196124.40625,3369825.25,523.97626,767.86194,797.854,2146.422,0.4602353,1796.3267,-0.08342077
2184,1382,1147.555,3779.3567,208463.5625,3369804.5,237.6516,405.95694,302.5626,2174.0652,0.7541023,1821.6023,-0.07801888
2185,1266,1148.7275,3929.0332,209960.328125,3369792.75,253.70775,429.75354,332.28278,2294.6782,0.74566895,1824.6691,-0.09574897
2186,1538,1153.0663,1346.0052,184130.046875,3369749.25,599.4896,897.53705,982.94995,2509.0195,0.43786243,1771.7667,-0.16347054
2187,1418,1149.086,1534.1382,186011.375,3369789.25,744.9873,1045.7834,1152.8561,2212.505,0.32362875,1775.6171,-0.09319172
2188,1199,1145.4087,2642.332,197093.3125,3369826.0,184.34029,348.25186,240.72978,2180.457,0.8009317,1798.311,-0.09485554
2189,969,1147.0278,2856.6697,199236.703125,3369809.75,319.33334,527.0031,467.98865,2119.6306,0.6617489,1802.7021,-0.07556907
2190,1731,1155.9792,288.75565,173557.5625,3369720.25,628.32526,849.9203,849.68286,2143.419,0.49725002,1750.1194,-0.0900078
2191,1872,1155.1426,333.8595,174008.59375,3369728.5,380.19766,556.52136,500.89798,1959.1207,0.6021232,1751.0424,-0.04173326
2192,1504,1153.4236,3466.4602,205334.59375,3369745.75,438.83377,656.8783,601.59875,2441.5369,0.60645694,1815.196,-0.120620035
2193,1184,1148.2112,4055.0786,211220.78125,3369798.0,183.04688,346.32178,276.65372,1993.5275,0.7578975,1827.2509,-0.033659294
2194,1128,1151.5044,907.1614,179741.609375,3369765.0,189.88919,368.03723,276.81915,2202.282,0.775343,1762.7792,-0.1071381
2195,1218,1155.2858,1875.7783,189427.78125,3369727.25,481.0583,690.2373,681.0821,2023.8383,0.5112754,1782.6172,-0.054626293
2196,1286,1151.4899,4184.4727,212514.71875,3369765.0,242.3437,427.2496,330.91873,2212.5327,0.7392956,1829.9033,-0.08111984
2197,1543,1159.0842,82.3733,171493.734375,3369689.25,622.7887,841.42126,885.12573,1751.508,0.30300263,1745.8955,0.044037923
2198,1473,1157.1323,3563.6177,206306.171875,3369708.75,259.81976,431.47693,371.01868,2007.9575,0.6924293,1817.1884,-0.040243823
2199,937,1153.3917,2325.6255,193926.25,3369746.0,574.1377,835.20276,1045.0448,2226.887,0.36403283,1791.8291,-0.10530559
2200,1344,1161.2909,1796.4077,188634.078125,3369667.0,571.9167,836.8571,817.3073,2254.2827,0.4685973,1780.9952,-0.110023774
2201,1214,1155.1088,3223.1755,202901.75,3369729.0,241.94357,378.24506,288.46994,2017.5914,0.7492703,1810.2137,-0.052189093
2202,1237,1157.6135,948.8585,180158.578125,3369703.75,216.45999,408.99435,322.99597,2212.0864,0.74765915,1763.6367,-0.109242864
2203,1434,1159.5321,1305.5809,183725.8125,3369684.75,541.977,848.06555,815.79706,2642.5996,0.52659833,1770.9427,-0.19115408
2204,1428,1160.5413,1119.1548,181861.546875,3369674.5,209.35645,397.201,277.2647,2208.0813,0.77290654,1767.1257,-0.10166864
2205,1224,1156.7009,2678.214,197452.140625,3369713.0,170.74428,325.0139,224.93709,2024.6871,0.7995497,1799.0525,-0.055550635
2206,1220,1157.8632,4086.6082,211536.078125,3369701.25,178.79427,342.78647,262.2586,2052.9316,0.77288884,1827.902,-0.0484512
2207,1224,1156.8807,1930.8635,189978.640625,3369711.25,552.1855,795.9314,801.6716,2220.5703,0.480998,1783.7462,-0.099565946
2208,1212,1161.5297,2142.042,192090.421875,3369664.75,726.98517,1056.8499,1165.5239,2534.2146,0.37493104,1788.074,-0.1681255
2209,1143,1158.4313,2713.168,197801.6875,3369695.75,191.1776,363.077,249.86613,2132.6204,0.7894145,1799.7694,-0.07885566
2210,1356,1162.5635,2987.6646,200546.640625,3369654.25,427.33923,645.58813,576.43475,2362.2485,0.61813617,1805.3939,-0.12068118
2211,1228,1159.421,3816.6392,208836.390625,3369685.75,208.57736,373.72964,273.05618,2236.956,0.7768569,1822.3726,-0.08355595
2212,1701,1166.6561,243.67902,173106.796875,3369613.5,273.6937,433.0241,372.23456,2012.0048,0.6841439,1749.203,-0.054617174
2213,1106,1160.1393,2240.632,193076.3125,3369678.5,613.39874,940.31195,1007.3608,2561.1084,0.43960828,1790.0923,-0.17296867
2214,1417,1162.3726,575.5977,176425.984375,3369656.25,363.24136,563.64435,541.40576,2079.5286,0.60202235,1755.9966,-0.07147733
2215,1267,1161.2312,1422.8989,184898.984375,3369667.75,617.59906,878.94714,913.02765,2280.3323,0.4246769,1773.3462,-0.113579445
2216,1327,1162.4001,1606.058,186730.578125,3369656.0,779.431,1089.685,1214.2374,2230.6052,0.3028116,1777.0978,-0.10412432
2217,1193,1161.3605,2036.4971,191034.96875,3369666.5,794.3579,1098.1719,1262.8147,2311.9656,0.31545508,1785.9122,-0.12397606
2218,1167,1164.5219,2179.3093,192463.09375,3369634.75,611.976,907.20135,965.96655,2292.138,0.4117848,1788.8389,-0.119333304
2219,1074,1161.4664,2296.379,193633.78125,3369665.25,647.75977,933.42084,1141.2216,2213.3948,0.3252573,1791.2347,-0.10209127
2220,1310,1163.3939,3040.939,201079.390625,3369646.0,265.4977,406.10153,308.48282,2033.3618,0.7368468,1806.4856,-0.054141816
2221,1548,1162.2261,203.46448,172704.640625,3369657.75,234.71188,404.9509,325.292,2104.974,0.7298147,1748.3768,-0.08340427
2222,1559,1165.7948,3711.8306,207788.3125,3369622.0,517.9195,745.2765,712.70685,2656.101,0.5736057,1820.2291,-0.16384982
2223,1187,1165.2375,3990.652,210576.515625,3369627.5,257.59393,402.63394,290.95282,2347.3867,0.77737933,1825.9403,-0.10805706
2224,1182,1163.9434,874.0736,179410.734375,3369640.5,200.62521,380.65482,299.9873,2218.477,0.76088315,1762.1093,-0.11007084
2225,1472,1165.2378,1039.9178,181069.171875,3369627.5,195.36073,388.9735,263.7833,2337.994,0.7967208,1765.506,-0.13079071
2226,1547,1166.3245,3671.889,207388.890625,3369616.75,641.31256,878.23145,954.85974,2480.374,0.44241762,1819.4113,-0.13119836
2227,1484,1168.2797,1837.1132,189041.125,3369597.25,492.9279,734.20013,696.20685,2283.568,0.53804004,1781.833,-0.111984454
2228,1114,1166.4893,2357.6123,194246.125,3369615.0,582.763,853.0198,921.8573,2336.5872,0.43998018,1792.4918,-0.12522402
2229,1240,1165.3734,2421.1604,194881.609375,3369626.25,470.21854,724.6774,762.5524,2300.3242,0.5056708,1793.7926,-0.11875934
2230,1280,1165.8883,3123.1008,201901.0,3369621.0,252.60625,385.90704,287.84845,2026.1605,0.75064176,1808.1699,-0.055222485
2231,1214,1167.7603,4027.3286,210943.28125,3369602.5,190.99629,344.58115,256.14374,2040.304,0.7756355,1826.693,-0.0381224
2232,1228,1167.0448,657.443,177244.4375,3369609.5,266.41367,473.3233,405.58142,2351.149,0.7143499,1757.6753,-0.12292166
2233,1095,1165.3132,2456.0713,195230.71875,3369626.75,557.06116,816.99634,856.8237,2327.7524,0.46964717,1794.5076,-0.120963685
2234,1284,1163.9767,2608.3987,196753.984375,3369640.25,186.52725,358.97507,242.743,2260.754,0.805035,1797.6267,-0.11078541
2235,1515,1168.5201,3524.7993,205918.0,3369594.75,302.72147,495.72012,462.03796,2078.829,0.65065783,1816.3994,-0.053237773
2236,1148,1166.9713,836.5688,179035.6875,3369610.25,205.77264,395.62717,307.09494,2295.007,0.76197404,1761.343,-0.12380482
2237,1376,1169.2645,1387.359,184543.59375,3369587.25,608.149,914.8067,1019.173,2406.9846,0.40685812,1772.6232,-0.14584957
2238,1186,1167.7808,2831.7893,198987.890625,3369602.25,188.84317,367.13068,266.72427,2093.436,0.77521455,1802.2042,-0.07054135
2239,1366,1167.5168,3429.5725,204965.71875,3369604.75,331.6153,540.8455,459.19473,2658.8228,0.689367,1814.4484,-0.15485321
2240,1204,1167.6454,619.1179,176861.171875,3369603.5,357.8613,583.77655,536.6395,2416.0432,0.6559659,1756.8909,-0.13773039
2241,1284,1168.6246,2951.0125,200180.125,3369593.75,291.18808,436.02686,342.67874,2053.9365,0.7154839,1804.6467,-0.059766836
2242,1272,1170.6093,3162.2493,202292.5,3369574.0,293.83176,450.30148,331.84198,2351.5884,0.7467774,1808.9745,-0.11268185
2243,1166,1168.2573,3193.6338,202606.34375,3369597.5,243.53044,377.26672,282.60892,1997.5956,0.7515034,1809.616,-0.04731886
2244,1167,1170.0729,803.0994,178701.0,3369579.25,214.48758,419.593,314.46786,2463.6975,0.7731747,1760.6595,-0.1586694
2245,1510,1174.9675,45.343708,171123.4375,3369530.25,900.7755,1152.3801,1310.263,1743.4126,0.11512283,1745.1472,0.04616881
2246,1827,1176.242,130.13957,171971.390625,3369517.5,426.9398,628.2622,567.16364,1952.5868,0.5295644,1746.8842,-0.029414933
2247,1410,1172.5815,1222.2107,182892.109375,3369554.25,323.05176,517.8078,458.08722,2094.5723,0.66122895,1769.2433,-0.07659687
2248,1194,1170.9916,2102.469,191694.6875,3369570.0,833.17004,1063.4564,1100.072,2285.871,0.36749753,1787.2689,-0.10453095
2249,1242,1170.3542,2756.3044,198233.046875,3369576.5,165.78342,319.8277,218.66827,2095.9082,0.81068265,1800.6597,-0.07238771
2250,1086,1169.0156,2794.292,198612.921875,3369589.75,171.60313,324.58746,231.88306,2059.8535,0.7975242,1801.437,-0.06416841
2251,1621,1173.3547,415.49167,174824.921875,3369546.5,300.59656,476.0543,431.99506,1940.3665,0.63838226,1752.725,-0.028434547
2252,1561,1169.5452,461.67648,175286.765625,3369584.5,386.6419,595.34656,560.0794,2082.7021,0.60589683,1753.6683,-0.06466311
2253,1570,1174.942,1261.342,183283.421875,3369530.5,322.4032,518.1459,441.99298,2070.1797,0.6487594,1770.046,-0.06980661
2254,1391,1174.5435,1737.8965,188048.96875,3369534.5,569.8368,853.7534,915.20056,2357.1309,0.44050583,1779.8048,-0.13044314
2255,1189,1169.0867,3081.893,201488.9375,3369589.25,262.04962,405.2645,308.164,2079.2795,0.74152935,1807.3276,-0.06888653
2256,1236,1172.8624,3953.8237,210208.234375,3369551.5,252.96481,395.45953,301.27954,2199.9512,0.75899804,1825.1901,-0.07945979
2257,1359,1171.1862,4152.2686,212192.6875,3369568.25,246.773,426.95108,328.9816,2216.0967,0.7426325,1829.2543,-0.07793126
2258,1102,1172.1461,766.39386,178333.9375,3369558.5,182.73956,360.9029,266.83667,2263.1233,0.789184,1759.9093,-0.11756955
2259,1180,1169.0813,1966.0677,190330.671875,3369589.25,699.2831,1011.8508,1046.2737,2472.7373,0.40956756,1784.4744,-0.15059587
2260,1220,1172.5483,2912.7917,199797.921875,3369554.5,193.9586,367.42294,284.83936,2028.3373,0.76215106,1803.8661,-0.05498483
2261,1489,1170.2982,3360.3794,204273.796875,3369577.0,501.01678,725.1585,754.53156,2169.6245,0.50053835,1813.0326,-0.07980705
2262,1163,1174.2133,688.9278,177559.28125,3369537.75,209.99484,404.24335,309.1711,2335.9836,0.7658259,1758.3243,-0.13258004
2263,1183,1175.9408,1905.5012,189725.015625,3369520.5,673.3449,913.9214,956.39813,2216.2815,0.3853126,1783.238,-0.08808375
2264,1278,1174.0782,2530.989,195979.890625,3369539.25,506.21204,744.6948,787.36774,2191.4954,0.4799833,1796.047,-0.093708895
2265,1481,1175.9149,3752.3525,208193.53125,3369520.75,365.87845,568.3332,504.56955,2405.9668,0.6629886,1821.0647,-0.121384956
2266,1198,1174.1068,3877.7537,209447.53125,3369539.0,216.3606,359.83307,267.74582,2023.1503,0.7660655,1823.6324,-0.043517105
2267,1241,1174.2216,1566.9275,186339.28125,3369537.75,635.93475,926.9662,965.3481,2268.643,0.40997562,1776.3033,-0.11090231
2268,1406,1177.4318,1701.6045,187686.046875,3369505.75,500.05405,788.36487,752.23895,2436.0022,0.5265816,1779.0632,-0.14795487
2269,1325,1175.3562,2491.2188,195582.1875,3369526.5,468.50266,698.6883,730.8053,2200.9177,0.51229453,1795.2333,-0.0940248
2270,1149,1173.9652,2873.886,199408.859375,3369540.25,160.75108,323.0992,229.56223,2039.7894,0.7975344,1803.07,-0.059703488
2271,1445,1177.1509,532.53564,175995.359375,3369508.5,259.22562,428.53287,396.20416,1952.9017,0.6631054,1755.1238,-0.030937672
2272,1508,1176.5543,1154.7705,182217.703125,3369514.5,208.9821,399.18567,283.5524,2279.7979,0.7760195,1767.8646,-0.11790951
2273,987,1177.6595,923.78827,179907.875,3369503.5,184.73354,369.87943,266.44073,2312.933,0.7927976,1763.1355,-0.13136558
2274,1455,1177.9031,1460.6804,185276.8125,3369501.0,607.41583,856.3292,909.2268,2260.5361,0.42089888,1774.1298,-0.108703524
2275,1324,1177.7719,3281.3784,203483.78125,3369502.25,239.73753,381.00113,294.92902,1962.9169,0.73763305,1811.4186,-0.03522928
2276,1098,1174.5719,4115.767,211827.671875,3369534.25,171.82468,312.02914,237.73724,1929.4873,0.779226,1828.5084,-0.01339936
2277,1609,1180.4736,369.6414,174366.40625,3369475.25,309.89185,476.83405,435.55066,1884.977,0.62572664,1751.7905,-0.012848271
2278,1221,1179.8026,726.18835,177931.890625,3369482.0,197.97379,385.19656,290.92712,2252.3252,0.7703957,1759.0907,-0.10763855
2279,1173,1179.2975,2389.4236,194564.234375,3369487.0,498.37256,751.1253,780.5149,2251.8064,0.4860409,1793.1506,-0.10444053
2280,1510,1181.5371,1079.1781,181461.78125,3369464.75,172.73112,365.86887,238.28079,2320.0046,0.8130724,1766.3197,-0.12964544
2281,1164,1179.811,2066.842,191338.421875,3369482.0,612.7062,913.54724,966.4167,2448.0955,0.43824136,1786.5444,-0.14857042
2282,1084,1179.2445,2267.9382,193349.375,3369487.5,502.2795,766.93176,798.51105,2370.5063,0.501278,1790.6626,-0.1339611
2283,1445,1180.3868,2571.8484,196388.484375,3369476.25,257.25882,444.409,349.81937,2218.2153,0.73178816,1796.8875,-0.09875226
2284,1208,1182.5431,974.1805,180411.8125,3369454.5,342.25333,572.77734,510.71524,2385.3047,0.6751451,1764.1703,-0.14156781
2285,1297,1181.0763,1499.9114,185669.109375,3369469.25,632.4264,862.9614,948.3662,2094.9814,0.37448016,1774.935,-0.072901204
2286,1401,1184.0564,1667.7737,187347.734375,3369439.5,649.0464,948.47107,1000.48895,2317.1257,0.40089026,1778.3744,-0.12366889
2287,1174,1182.0852,2218.925,192859.25,3369459.25,532.9617,779.7547,841.793,2208.6643,0.4542903,1789.6604,-0.100082844
2288,1285,1180.3136,2647.0125,197140.125,3369476.75,171.66693,327.49338,221.94319,2106.9377,0.8084695,1798.4269,-0.07516819
2289,1554,1183.1525,3318.8918,203858.921875,3369448.5,466.62967,668.6847,688.0656,2103.5994,0.53763515,1812.19,-0.06392395
2290,1159,1179.1027,2001.8973,190688.96875,3369489.0,678.3563,956.9526,1036.648,2287.2693,0.39691424,1785.214,-0.115196355
2291,1261,1182.5314,3843.333,209103.328125,3369454.75,234.70778,394.52972,278.07257,2350.8118,0.7820151,1822.932,-0.09830271
2292,1261,1182.621,3593.7153,206607.15625,3369453.75,691.63995,891.3628,892.78546,1857.9448,0.3789302,1817.819,-0.0018547795
2293,1361,1185.0323,3912.2673,209792.671875,3369429.75,200.16312,355.73438,272.87692,2141.9868,0.7735782,1824.3455,-0.07241598
2294,1618,1189.1947,179.61743,172466.171875,3369388.0,358.41284,555.1434,463.55438,2360.987,0.6682398,1747.9053,-0.12909187
2295,1327,1187.7046,1773.5554,188405.5625,3369403.0,544.45966,812.58777,811.9646,2257.62,0.47489038,1780.5427,-0.11252842
2296,1305,1185.6168,3246.5396,203135.390625,3369423.75,259.81494,414.11304,300.73218,2052.5813,0.7415518,1810.7094,-0.050858147
2297,1603,1188.9095,3486.645,205536.453125,3369391.0,233.83406,406.28323,315.98502,2053.9614,0.7321435,1815.6293,-0.043419003
2298,1390,1189.6511,1009.2921,180762.921875,3369383.5,191.50647,378.0187,266.48563,2275.1367,0.7901624,1764.8936,-0.122779384
2299,1429,1188.3765,1187.4912,182544.90625,3369396.25,198.65851,380.88943,265.3233,2210.9336,0.78472155,1768.5417,-0.10683561
2300,1453,1187.0482,3794.3318,208613.3125,3369409.5,210.7894,364.84482,277.33826,2091.7456,0.766,1821.9308,-0.064747296
2301,1119,1186.6461,2725.1304,197921.3125,3369413.5,173.99374,330.53174,223.59607,2143.1492,0.8098566,1800.0305,-0.08232357
2302,1533,1186.032,3636.5642,207035.640625,3369419.75,664.40314,904.38324,945.41455,2391.2515,0.4433599,1818.6985,-0.12085243
2303,1314,1188.4528,1631.5685,186985.6875,3369395.5,727.9338,1029.7063,1149.7793,2158.891,0.31014848,1777.6355,-0.07883446
2304,1479,1192.5612,3011.9316,200789.3125,3369354.5,253.88066,390.56458,294.05307,2022.6498,0.74561816,1805.908,-0.055274196
2305,1235,1187.2429,4060.0713,211270.71875,3369407.5,202.52388,367.583,280.28906,2117.3943,0.7635299,1827.3744,-0.041755944
2306,1183,1185.8453,1534.4633,186014.625,3369421.5,531.32294,785.95435,820.2671,2348.951,0.49192926,1775.6454,-0.12931578
2307,1671,1192.1388,3399.5278,204665.28125,3369358.5,439.20706,647.5036,684.59937,2188.469,0.5552178,1813.8467,-0.08282249
2308,1544,1193.0402,302.25778,173692.578125,3369349.5,403.18524,566.432,517.4294,1871.8588,0.5825621,1750.4186,-0.021552248
2309,1352,1192.7404,1329.5955,183965.953125,3369352.5,473.68564,736.53326,717.1028,2355.7405,0.54093456,1771.4542,-0.12985064
2310,1075,1185.9861,2326.2976,193932.96875,3369420.25,483.31442,749.3646,787.7739,2328.2168,0.4984974,1791.8617,-0.123989895
2311,1208,1189.933,4188.5073,212555.078125,3369380.75,210.34148,379.99295,277.0857,2074.4084,0.7611557,1830.0068,-0.040361967
2312,1253,1193.6057,1364.2985,184312.984375,3369344.0,515.9186,799.57385,850.8555,2337.9888,0.4763052,1772.1654,-0.13009527
2313,1240,1190.954,1870.9766,189379.765625,3369370.5,616.01855,845.646,892.3105,2185.1863,0.42775765,1782.5398,-0.090334296
2314,1225,1194.3281,896.87103,179638.703125,3369336.75,207.08244,397.66937,306.1159,2321.9756,0.7662798,1762.5944,-0.1324248
2315,1600,1195.4769,497.1975,175641.96875,3369325.25,312.96375,505.64374,465.38812,1978.5387,0.62287503,1754.4115,-0.036426477
2316,1074,1193.7477,2160.7737,192277.734375,3369342.5,585.8631,881.6294,931.77094,2392.785,0.44255206,1788.4762,-0.13881068
2317,1387,1193.253,2684.9763,197519.765625,3369347.5,180.86012,329.20837,228.99567,2067.516,0.7993223,1799.2118,-0.06436208
2318,1417,1203.0345,16.738886,170837.390625,3369249.75,618.86804,844.9767,979.33453,2078.2336,0.36795765,1744.579,-0.08369235
2319,1552,1196.1147,90.766754,171577.671875,3369318.75,596.4549,842.19525,980.7558,2177.1616,0.3743562,1746.0903,-0.0998553
2320,1296,1197.5209,597.5494,176645.5,3369304.75,239.30864,428.4267,360.12964,2150.7322,0.7143872,1756.4674,-0.09080486
2321,1274,1195.7982,1294.5863,183615.859375,3369322.0,431.80927,658.4278,634.3438,2207.6506,0.56817144,1770.7393,-0.100934945
2322,1127,1195.1135,2126.2405,191932.40625,3369328.75,701.6433,906.2121,985.14905,1978.8146,0.3385208,1787.7698,-0.0392585
2323,1172,1195.9667,857.6391,179246.390625,3369320.25,203.92577,389.42322,299.86945,2292.6204,0.7677594,1761.792,-0.12430529
2324,1304,1196.257,3054.1594,201211.59375,3369317.5,259.42062,397.4674,296.91333,2065.1128,0.74782664,1806.7749,-0.06411887
2325,1220,1196.4565,3098.936,201659.359375,3369315.5,254.47336,387.65042,292.62213,2034.4807,0.7483178,1807.6921,-0.057391126
2326,1451,1198.5066,3447.171,205141.71875,3369295.0,272.68988,448.22812,328.60028,2218.5107,0.7375921,1814.826,-0.07663869
2327,1270,1198.5299,562.1142,176291.140625,3369294.75,381.91812,579.95514,579.3937,1953.2811,0.5728589,1755.7426,-0.0408675
2328,1101,1196.7275,4006.1636,210731.640625,3369312.75,244.04814,421.84695,321.82062,2477.8438,0.76712626,1826.2753,-0.12876062
2329,1422,1200.4353,1811.0619,188780.625,3369275.75,580.1322,850.3052,899.20184,2292.273,0.4469558,1781.3184,-0.11941355
2330,1323,1198.3597,1937.1603,190041.609375,3369296.5,777.3983,1071.5125,1204.1746,2367.6433,0.33776858,1783.8994,-0.13286185
2331,1257,1198.7025,3139.3794,202063.796875,3369293.0,263.105,412.33255,294.40573,2198.3552,0.7592027,1808.5219,-0.08518525
2332,1262,1198.7156,3212.091,202790.90625,3369292.75,371.9596,541.70447,471.62164,2024.2115,0.6338603,1810.0111,-0.04851345
2333,1735,1205.6213,266.3614,173333.609375,3369223.75,365.65878,537.25476,474.67667,2015.4294,0.6178789,1749.6914,-0.04802187
2334,1228,1199.421,635.10913,177021.09375,3369285.75,361.59445,583.03094,579.26385,2375.0593,0.6205544,1757.2377,-0.13049297
2335,1336,1196.7065,1419.527,184865.265625,3369313.0,514.4222,785.5786,810.6362,2248.604,0.4699947,1773.2982,-0.109889716
2336,1210,1198.9314,1590.4182,186574.1875,3369290.75,541.2686,810.6074,801.9074,2145.8281,0.45760065,1776.7991,-0.084686264
2337,1152,1197.2856,2029.882,190968.8125,3369307.25,518.62585,770.684,783.0347,2181.837,0.48398712,1785.7977,-0.09458485
2338,1046,1198.8336,2193.1243,192601.25,3369291.75,485.5497,749.15967,758.0679,2272.026,0.5032239,1789.1417,-0.11368437
2339,1492,1199.9028,3560.9263,206279.265625,3369281.0,486.86127,669.97284,656.91754,1903.2926,0.51898557,1817.1569,-0.014529991
2340,1075,1198.4977,2780.7964,198477.96875,3369295.0,169.3628,324.6093,218.29767,2121.7302,0.8130125,1801.1774,-0.079809375
2341,1189,1200.4147,2815.323,198823.234375,3369275.75,166.05971,320.50043,220.2826,2076.4583,0.8076202,1801.8855,-0.06796317
2342,1239,1201.1558,2851.4053,199184.046875,3369268.5,157.8305,310.91284,217.87975,2044.0928,0.8069585,1802.625,-0.060637757
2343,1392,1201.4677,2972.1006,200391.0,3369265.25,267.45474,399.18283,308.00684,2028.3488,0.7358645,1805.0972,-0.056962717
2344,1439,1202.1876,3690.12,207571.203125,3369258.0,611.30334,839.7283,963.44025,2269.5146,0.4207093,1819.8044,-0.10087853
2345,1517,1199.8445,1117.702,181847.015625,3369281.5,176.19183,358.63086,248.13579,2236.9683,0.7998259,1767.1195,-0.11202923
2346,1132,1199.265,2294.7412,193617.40625,3369287.25,457.63516,736.3065,704.39667,2457.7703,0.55659866,1791.223,-0.15015697
2347,1302,1198.7427,2612.0122,196790.125,3369292.5,178.73502,347.53534,224.45622,2259.1436,0.818365,1797.7206,-0.110200636
2348,1233,1201.4039,4090.4072,211574.0625,3369266.0,248.56001,446.95416,350.67398,2511.7705,0.745463,1828.0034,-0.11394926
2349,1752,1205.6877,223.9572,172909.578125,3369223.0,261.31277,415.7106,356.32535,2010.2523,0.6969182,1748.8232,-0.0606074
2350,1571,1206.3323,332.8065,173998.0625,3369216.75,343.97073,508.92615,462.2317,1861.5837,0.60062736,1751.0522,-0.013423622
2351,1510,1204.145,447.54437,175145.4375,3369238.5,287.71988,466.43643,430.1404,1953.4464,0.6420186,1753.4001,-0.0345231
2352,1233,1197.3853,2454.021,195210.21875,3369306.25,294.23682,497.5069,423.09003,2199.133,0.68824595,1794.484,-0.08896677
2353,1023,1201.0225,754.5572,178215.578125,3369269.75,178.09677,358.08798,267.1486,2189.2493,0.78270763,1759.6844,-0.1022116
2354,1188,1203.309,822.5143,178895.140625,3369247.0,214.18013,417.734,320.64478,2385.0454,0.7617404,1761.0773,-0.14041264
2355,1266,1203.7172,941.50867,180085.09375,3369242.75,192.40364,381.29227,280.0632,2316.5845,0.7839161,1763.514,-0.13266705
2356,1049,1200.244,1974.7255,190417.25,3369277.5,623.99524,893.39374,890.76263,2392.023,0.4607531,1784.6699,-0.13483895
2357,1113,1201.8401,2510.83,195778.296875,3369261.5,300.84366,488.80502,462.39172,2097.2454,0.65402204,1795.6501,-0.0686363
2358,1331,1203.6844,2933.4937,200004.9375,3369243.25,234.7115,378.6728,284.33096,2051.0586,0.75639313,1804.3077,-0.062103387
2359,1159,1204.1251,3974.9268,210419.265625,3369238.75,216.33563,356.456,277.60568,2063.4658,0.7629607,1825.6394,-0.05259352
2360,1155,1204.3645,789.1463,178561.46875,3369236.25,198.66234,399.46408,303.3801,2335.631,0.7677358,1760.3947,-0.12593965
2361,1259,1204.0739,2892.5974,199595.96875,3369239.25,156.85782,310.0294,215.71883,2049.0452,0.8090391,1803.4703,-0.06048482
2362,1365,1204.3802,1043.7333,181107.328125,3369236.25,171.92894,354.5077,246.0381,2256.814,0.80302155,1765.6077,-0.11813672
2363,1253,1206.7949,2250.1428,193171.421875,3369212.0,522.48047,775.0096,793.3519,2293.755,0.4924184,1790.3141,-0.11544027
2364,1241,1203.8606,2418.7349,194857.34375,3369241.5,383.7341,584.66235,559.1741,2139.4648,0.59445524,1793.7651,-0.0771393
2365,1461,1208.7351,3725.564,207925.640625,3369192.75,537.2115,752.5743,841.93427,2237.0571,0.47152916,1820.534,-0.09652241
2366,1147,1203.4202,2355.1482,194221.484375,3369245.75,545.17175,811.9154,883.0619,2273.4185,0.4538227,1792.4626,-0.10534623
2367,1170,1204.5735,4128.6367,211956.375,3369234.25,242.33675,409.45514,321.37308,2209.4375,0.74278855,1828.7883,-0.06891874
2368,1429,1211.0189,153.64381,172206.4375,3369169.75,331.2925,516.7831,415.28622,2107.5312,0.66996247,1747.387,-0.08232902
2369,1194,1207.3677,669.2513,177362.515625,3369206.25,297.16165,516.22363,478.87772,2349.3525,0.66527563,1757.9415,-0.108461864
2370,1117,1206.9445,3942.0493,210090.5,3369210.5,284.09042,443.8778,341.0425,2339.321,0.74344623,1824.9675,-0.10231489
2371,1377,1210.2201,3178.3884,202453.890625,3369177.75,315.29666,477.0737,378.0759,2031.3472,0.6890398,1809.3273,-0.050826613
2372,1300,1205.1892,3521.8555,205888.5625,3369228.0,222.87808,383.26038,308.03308,1893.2493,0.72162735,1816.3595,-0.01590634
2373,1095,1208.3124,701.55707,177685.578125,3369197.0,218.80365,408.66483,334.36438,2168.1953,0.730897,1758.6036,-0.074697725
2374,1201,1209.3698,2091.2656,191582.65625,3369186.25,573.87427,846.70526,830.76355,2383.716,0.47817856,1787.0618,-0.13165624
2375,1412,1205.6168,3358.8308,204258.3125,3369223.75,375.92422,557.8913,511.65723,1999.9225,0.6014763,1813.0205,-0.041638147
2376,1202,1210.5441,4035.287,211022.875,3369174.5,246.75499,432.5624,329.29825,2497.9343,0.7639648,1826.8794,-0.13347232
2377,1523,1211.5581,406.59225,174735.921875,3369164.5,281.79382,461.07224,418.87985,2009.2705,0.65856737,1752.5662,-0.04539475
2378,1488,1209.9268,1230.6405,182976.40625,3369180.75,259.3945,439.18146,363.29773,2022.3608,0.7009059,1769.4382,-0.05946697
2379,1142,1210.3275,4164.4536,212314.53125,3369176.75,238.81042,417.59415,329.27103,2192.528,0.7369517,1829.5251,-0.06725801
2380,1340,1212.6671,1845.5963,189125.96875,3369153.25,859.3358,1163.0209,1347.694,2333.8716,0.27687287,1782.0327,-0.13148606
2381,1331,1212.293,2546.7407,196137.40625,3369157.0,223.86101,403.0646,290.97897,2265.8083,0.77163714,1796.3916,-0.108872056
2382,1376,1212.8524,52.177326,171191.765625,3369151.5,735.5458,950.1672,1005.56323,1374.4906,0.07810976,1745.3107,0.20200112
2383,1247,1213.0618,2751.025,198180.25,3369149.5,168.7955,325.8316,217.1307,2150.6655,0.81557614,1800.5758,-0.08482284
2384,1237,1211.9814,1745.8893,188128.890625,3369160.25,648.6734,942.08246,997.7017,2307.7107,0.40338987,1779.9905,-0.125411
2385,1286,1212.71,3608.6672,206756.671875,3369153.0,553.2177,760.59644,747.5311,2274.5867,0.50676143,1818.1418,-0.09375551
2386,1356,1213.871,3832.4395,208994.390625,3369141.25,320.9233,488.34033,412.9141,2191.3625,0.6863105,1822.7261,-0.071127
2387,1419,1210.8005,3875.1296,209421.296875,3369172.0,241.47005,403.28717,298.38724,2283.0479,0.76783806,1823.5989,-0.10240193
2388,1241,1214.7921,1449.2273,185162.28125,3369132.0,501.2651,750.4915,753.6656,2239.6172,0.49661118,1773.9171,-0.106267914
2389,1283,1214.9026,1485.3048,185523.046875,3369131.0,516.7366,767.053,823.2611,2210.0593,0.46326858,1774.656,-0.10195066
2390,1175,1211.4656,1900.9524,189679.53125,3369165.25,874.3438,1153.9677,1367.4196,2237.4834,0.25038362,1783.1656,-0.10688977
2391,1374,1214.7983,3761.7454,208287.453125,3369132.0,186.67322,339.9225,248.98581,2063.0388,0.78441125,1821.2786,-0.060579613
2392,1360,1218.7279,1391.4742,184584.75,3369092.75,463.8184,723.97644,760.66693,2142.2222,0.48875472,1772.7368,-0.087326095
2393,1423,1217.6044,1712.1925,187791.921875,3369104.0,715.8096,1013.01825,1059.8483,2097.5623,0.33231488,1779.3037,-0.06189978
2394,1034,1213.2572,2059.0154,191260.15625,3369147.5,529.74756,809.911,830.49805,2312.2205,0.48045677,1786.4037,-0.12211938
2395,1547,1220.2391,3658.3413,207253.40625,3369077.5,485.87073,715.0527,742.9434,2327.3875,0.51895124,1819.1635,-0.11374466
2396,1283,1216.4559,1557.2869,186242.875,3369115.5,411.212,646.7763,590.6469,2322.957,0.5907495,1776.131,-0.122408256
2397,1365,1218.4271,1267.6066,183346.0625,3369095.75,192.36337,367.99854,263.23077,2100.3574,0.7756534,1770.2002,-0.07912114
2398,1095,1214.7754,2385.157,194521.5625,3369132.25,445.01917,677.4,694.4137,2212.882,0.5434838,1793.0837,-0.0947131
2399,1339,1222.0403,2478.2778,195452.78125,3369059.5,183.35251,334.90964,241.33682,1984.1919,0.78085494,1794.995,-0.045845885
2400,1482,1216.2443,3281.4812,203484.8125,3369117.5,518.415,730.1515,759.52026,2146.6821,0.48783156,1811.4421,-0.079294
2401,1239,1219.2534,1520.8313,185878.3125,3369087.5,517.01935,758.0363,810.6239,2186.3923,0.46849993,1775.3861,-0.0935767
2402,1288,1219.4635,2581.188,196481.875,3369085.25,180.10248,340.75076,224.85947,2202.2422,0.8135688,1797.1012,-0.09749073
2403,1294,1216.1469,2648.329,197153.296875,3369118.5,176.62674,327.97296,223.45981,2083.6306,0.8049145,1798.4744,-0.067669444
2404,1223,1218.7628,2714.7393,197817.390625,3369092.25,173.61406,329.1766,218.66966,2128.88,0.8125837,1799.8359,-0.07937549
2405,1627,1222.984,1151.2416,182182.421875,3369050.25,183.44438,365.62015,262.39767,2208.8542,0.78694296,1767.8202,-0.10648695
2406,1520,1225.7395,115.775,171827.75,3369022.5,412.5625,625.93616,503.9033,2116.1067,0.5845781,1746.6207,-0.06196634
2407,1354,1218.7252,368.3929,174353.921875,3369092.75,293.7112,454.8988,414.24225,1789.774,0.6257019,1751.7885,0.006188756
2408,1578,1222.3656,531.1578,175981.578125,3369056.25,268.07034,447.55576,428.154,1893.7756,0.63519895,1755.1233,-0.010939774
2409,1080,1220.7399,729.6556,177966.5625,3369072.5,190.84445,374.2648,287.77686,2151.9824,0.7645407,1759.1865,-0.08130664
2410,1275,1218.3741,977.7051,180447.046875,3369096.25,299.4988,509.8549,452.41727,2246.619,0.6940538,1764.264,-0.11419689
2411,1272,1222.1895,1677.783,187447.828125,3369058.0,799.17377,1105.636,1203.3066,2164.871,0.29272225,1778.6018,-0.08197669
2412,1132,1222.4506,1610.4161,186774.15625,3369055.5,495.5318,767.659,750.14136,2278.8003,0.5079586,1777.2224,-0.12032808
2413,1236,1222.3374,2000.7192,190677.1875,3369056.75,679.2856,971.06793,1110.7946,2256.313,0.34931612,1785.2151,-0.1128225
2414,1413,1221.092,1078.9009,181459.015625,3369069.0,171.1649,355.94904,247.97736,2273.4133,0.80281895,1766.3378,-0.12245549
2415,1217,1223.6549,1644.9465,187119.46875,3369043.5,663.28265,951.7921,1024.7633,2186.701,0.36841056,1777.9303,-0.093988985
2416,1459,1227.6168,477.59903,175445.984375,3369003.75,286.42017,472.7608,443.2159,1995.7683,0.64014095,1754.0299,-0.040136408
2417,1129,1224.0302,877.9486,179449.484375,3369039.75,198.1364,386.29053,296.35608,2294.4038,0.770956,1762.2249,-0.124689996
2418,1179,1224.0077,2220.7556,192877.5625,3369040.0,578.9381,857.754,932.4105,2299.671,0.42909282,1789.7222,-0.12042138
2419,1274,1225.427,3075.073,201420.734375,3369025.75,330.41052,485.80887,404.16916,1971.0227,0.66068214,1807.2197,-0.03478245
2420,1245,1221.9614,3243.1262,203101.265625,3369060.5,499.547,722.0285,715.8787,2251.9316,0.5303157,1810.6598,-0.10479994
2421,1453,1222.83,3318.9539,203859.53125,3369051.75,441.0055,626.86066,643.99554,1987.6022,0.5354056,1812.2134,-0.038073763
2422,1482,1238.5142,4887.8545,219548.546875,3368894.75,360.63696,554.4052,471.61404,2551.6372,0.6783477,1844.3591,-0.1264274
2423,1223,1222.6345,2322.9885,193899.890625,3369053.75,545.89453,842.5241,884.6705,2470.8037,0.47387442,1791.8151,-0.15295152
2424,1387,1226.9653,3031.5286,200985.28125,3369010.25,332.06815,491.99603,404.24298,2022.4423,0.6668427,1806.3287,-0.048787337
2425,1347,1223.6837,1190.0104,182570.109375,3369043.25,192.51894,371.96957,267.72903,2194.7053,0.78150505,1768.6145,-0.10293039
2426,1239,1223.7756,3796.7861,208637.859375,3369042.25,477.0904,667.44635,654.27924,2133.7354,0.57847273,1822.0012,-0.067907736
2427,1221,1223.7273,3914.8289,209818.28125,3369042.75,222.89067,380.3784,291.88126,2220.315,0.7673859,1824.4191,-0.093473285
2428,1092,1224.7518,2151.7886,192187.890625,3369032.5,609.1062,929.4643,1032.9606,2420.3562,0.4106832,1788.3102,-0.14406414
2429,1217,1227.5226,3114.4849,201814.84375,3369004.75,304.35538,468.3788,348.1701,2086.7979,0.710404,1808.0281,-0.060738184
2430,1496,1231.1525,3426.7666,204937.65625,3368968.5,328.23697,526.883,412.7664,2304.2102,0.6931728,1814.4263,-0.099704884
2431,1391,1228.1769,1348.647,184156.46875,3368998.25,310.26025,516.04456,445.52985,2142.7002,0.66126275,1771.8655,-0.08568977
2432,1358,1228.0522,1780.553,188475.53125,3368999.5,554.8527,832.3152,823.1384,2227.2512,0.46562815,1780.7097,-0.10079596
2433,1440,1230.5034,3469.43,205364.296875,3368975.0,280.93994,461.17258,385.90695,2116.334,0.69560647,1815.2998,-0.06320318
2434,1299,1230.8876,912.1201,179791.203125,3368971.0,210.43341,400.1486,304.5304,2371.7236,0.77221936,1762.9287,-0.14240274
2435,1153,1229.124,1960.3617,190273.625,3368988.75,622.2827,919.09717,965.1136,2433.319,0.44157308,1784.3926,-0.14730226
2436,1314,1230.764,2280.9094,193479.09375,3368972.25,455.99542,707.812,672.9026,2346.6294,0.5544887,1790.958,-0.123990655
2437,1326,1231.7096,4194.9844,212619.84375,3368963.0,213.63802,361.94797,302.71796,1817.689,0.71002,1830.1621,0.028837616
2438,1854,1235.6403,197.322,172643.21875,3368923.5,296.89322,448.99408,445.6246,1697.7723,0.59351593,1748.2964,0.021440262
2439,1048,1229.1765,2118.5286,191855.28125,3368988.25,649.73663,867.312,929.0325,2016.9666,0.37815392,1787.6317,-0.04545987
2440,1425,1232.8779,2991.729,200587.28125,3368951.25,303.04492,454.16,376.3379,1914.0691,0.68038017,1805.517,-0.025131764
2441,1370,1233.0211,4068.2656,211352.65625,3368949.75,251.35948,433.41058,363.70364,2348.8218,0.7302957,1827.5671,-0.10203231
2442,1345,1233.1732,611.10034,176781.0,3368948.25,285.52118,479.9301,435.29144,2205.8691,0.67991567,1756.7666,-0.0963583
2443,1325,1232.1472,1010.76904,180777.6875,3368958.5,182.31471,364.91547,263.24527,2233.702,0.78879595,1764.9493,-0.11419274
2444,1516,1233.2678,1307.6643,183746.640625,3368947.25,197.06795,374.05872,260.31992,2140.998,0.78156614,1771.0293,-0.08828842
2445,1330,1232.9955,2869.2021,199362.015625,3368950.0,167.12482,323.20978,218.9188,2145.6497,0.8141711,1803.0076,-0.08414271
2446,1451,1233.8987,3389.9277,204569.28125,3368941.0,342.28635,547.04,497.74637,2201.197,0.64697737,1813.6732,-0.08820521
2447,1231,1232.9724,841.96265,179089.625,3368950.25,177.61575,361.32657,270.8538,2220.0625,0.78259486,1761.4934,-0.10518007
2448,1291,1233.3308,2678.921,197459.203125,3368946.75,179.09605,331.53445,222.70256,2126.6375,0.80873877,1799.1107,-0.078498535
2449,1393,1234.313,573.00073,176400.0,3368936.75,376.74014,587.5262,561.44507,2156.3093,0.6083113,1755.9873,-0.08569038
2450,1069,1230.6595,2188.1477,192551.46875,3368973.5,548.7643,850.54816,909.9523,2383.288,0.4528316,1789.0582,-0.1375571
2451,1325,1234.6943,2439.92,195069.203125,3368933.0,176.23245,327.29962,231.52075,1955.3735,0.78657734,1794.2167,-0.03973384
2452,1340,1234.1216,2827.5664,198945.65625,3368938.75,171.48955,330.98956,217.31642,2199.7769,0.81981516,1802.1554,-0.09762029
2453,1365,1236.0059,2912.6484,199796.484375,3368920.0,178.3967,335.88205,244.24469,2042.3729,0.7863027,1803.899,-0.060274765
2454,1212,1234.0948,3152.3357,202193.359375,3368939.0,287.0561,448.3189,328.54044,2050.6455,0.7200789,1808.807,-0.054850094
2455,1331,1236.1089,3504.7664,205717.65625,3368919.0,386.62283,578.3926,586.3422,1952.9948,0.55433977,1816.0266,-0.032360826
2456,1149,1233.2306,768.15405,178351.546875,3368947.75,202.66057,404.01913,312.83377,2329.5205,0.762681,1759.9823,-0.121098176
2457,1315,1232.5468,2787.515,198545.15625,3368954.5,169.22966,328.00684,212.88745,2167.7483,0.82048017,1801.3342,-0.0896449
2458,1296,1235.6566,3545.2725,206122.71875,3368923.5,826.74347,1045.701,1100.745,1876.6852,0.28136185,1816.8561,-0.011549056
2459,1355,1238.0126,3583.532,206505.3125,3368899.75,639.7624,850.22327,788.2125,2243.3523,0.46705863,1817.641,-0.075901225
2460,1330,1235.303,3996.9114,210639.109375,3368927.0,189.547,320.65375,251.31503,1910.641,0.7664985,1826.1068,-0.018214874
2461,1245,1235.3092,4106.4194,211734.1875,3368927.0,204.27028,367.15784,284.68915,2178.708,0.76840776,1828.3499,-0.07226911
2462,1368,1237.0328,76.236115,171432.359375,3368909.75,437.73172,640.01245,577.1798,2077.0103,0.548561,1745.8182,-0.057568848
2463,1218,1234.9154,648.0402,177150.40625,3368930.75,312.62726,528.3432,507.3604,2402.7676,0.6489426,1757.524,-0.13770266
2464,1327,1238.3429,1880.1862,189471.859375,3368896.5,699.8161,981.1243,1101.7076,2323.5977,0.3694884,1782.7561,-0.12664264
2465,1208,1237.2194,1924.0405,189910.40625,3368907.75,665.5323,1003.6805,1022.5083,2651.0713,0.45470676,1783.6536,-0.19020383
2466,1121,1235.4156,2032.7788,190997.78125,3368925.75,639.57184,940.29706,1050.7413,2421.7324,0.3985311,1785.8793,-0.14612995
2467,1105,1235.5756,4145.2905,212122.90625,3368924.25,233.8371,392.06018,330.21402,2007.6683,0.7157106,1829.1462,-0.024076179
2468,1271,1236.5051,2616.4028,196834.03125,3368915.0,173.44217,326.08026,216.68372,2120.2534,0.81340146,1797.8322,-0.078072205
2469,1470,1240.0531,2951.4592,200184.59375,3368879.5,256.71292,389.44727,299.48163,1978.1204,0.7366441,1804.6962,-0.044659678
2470,2007,1244.0912,294.0284,173610.28125,3368839.0,308.26508,479.7065,441.75287,1885.6422,0.622202,1750.2815,-0.015186457
2471,1445,1239.7031,1111.2816,181782.8125,3368883.0,183.16194,364.07544,262.88098,2265.9219,0.79187256,1767.012,-0.120505214
2472,1146,1233.9102,2512.9834,195799.828125,3368941.0,193.54538,349.76614,243.19284,2171.0688,0.7971112,1795.7125,-0.0916764
2473,1344,1241.1123,804.4695,178714.6875,3368869.0,179.58557,370.67633,279.07367,2237.8997,0.77800643,1760.7307,-0.102777556
2474,1324,1238.1654,3210.9902,202779.90625,3368898.25,617.14844,859.855,917.2885,2227.1528,0.41870666,1810.0106,-0.09705791
2475,1384,1243.396,3625.3071,206923.0625,3368846.0,470.59753,684.80634,686.48376,2336.9158,0.5571182,1818.4996,-0.110805556
2476,1480,1243.4622,1423.2642,184902.640625,3368845.5,446.88174,678.4635,689.3642,2048.8784,0.5074825,1773.4025,-0.0632085
2477,1293,1239.9242,3959.225,210262.25,3368880.75,188.28345,328.3774,259.29156,1918.7363,0.76176536,1825.3374,-0.023175275
2478,1636,1244.3289,431.86493,174988.65625,3368836.75,260.47678,430.3099,395.35086,1936.0703,0.66657716,1753.1038,-0.032098137
2479,1249,1240.0992,946.3963,180133.96875,3368879.0,224.59648,407.57645,335.241,2206.201,0.74684083,1763.6361,-0.105566815
2480,1212,1240.1444,3350.976,204179.765625,3368878.5,287.224,461.8593,393.5924,2090.6423,0.69559205,1812.8789,-0.06380254
2481,1958,1247.9581,248.81665,173158.171875,3368800.5,282.19662,436.53625,427.5812,1693.5587,0.6000787,1749.3583,0.033562697
2482,1326,1244.6998,1579.4865,186464.859375,3368833.0,402.4329,626.4261,594.38837,2143.3545,0.5677935,1776.6022,-0.0827287
2483,1364,1242.8013,1813.1393,188801.390625,3368852.0,719.37244,1025.1158,1090.0286,2260.5557,0.36172128,1781.3857,-0.1105567
2484,1284,1243.3606,2401.3271,194683.265625,3368846.5,186.70717,343.69937,235.91434,2066.5505,0.7945253,1793.4314,-0.06644059
2485,1683,1244.65,22.5407,170895.40625,3368833.5,444.0012,635.7837,609.85266,1769.5413,0.47064173,1744.7236,0.024983652
2486,1396,1242.351,2357.813,194248.125,3368856.5,335.93338,531.2321,488.61102,2089.3574,0.6424689,1792.5397,-0.06319194
2487,1637,1245.9902,3697.0208,207640.203125,3368820.0,535.64355,739.321,810.0253,2101.4307,0.45193294,1819.97,-0.06370785
2488,1433,1244.3671,690.73206,177577.3125,3368836.25,290.28473,516.17096,461.45358,2361.3462,0.6745235,1758.4039,-0.10445629
2489,1240,1242.4476,1043.3734,181103.734375,3368855.5,183.06532,367.44678,265.8266,2279.6394,0.79090375,1765.6232,-0.12393669
2490,1331,1246.8895,3855.8423,209228.421875,3368811.0,319.574,510.28476,437.29565,2449.016,0.69482654,1823.2235,-0.13098124
2491,1157,1245.9862,3891.0579,209580.578125,3368820.25,198.61409,346.605,263.24893,1997.6875,0.76673394,1823.9443,-0.040182207
2492,1336,1245.8496,1219.1594,182861.59375,3368821.5,249.8009,425.1759,349.11304,2039.9589,0.7044263,1769.2246,-0.062907904
2493,1397,1245.3479,149.35504,172163.546875,3368826.5,302.02792,485.1811,407.13242,1895.4281,0.6557875,1747.3203,-0.030978158
2494,1654,1248.3143,338.18985,174051.90625,3368796.75,304.09433,476.67776,438.8549,1878.3126,0.6215141,1751.1882,-0.017670935
2495,1517,1253.8319,508.0468,175750.46875,3368741.75,297.2281,482.92947,475.38168,1896.2762,0.6060589,1754.6693,0.0029794127
2496,1281,1247.3224,1466.1108,185331.109375,3368806.75,345.68228,547.0991,505.0445,2117.124,0.6155446,1774.2822,-0.07389158
2497,1114,1246.5646,2066.894,191338.9375,3368814.25,605.9596,868.98566,905.9309,2246.9578,0.42589474,1786.5844,-0.10264012
2498,1294,1248.2388,2247.1956,193141.953125,3368797.5,514.85547,773.73413,771.7983,2361.0107,0.51347965,1790.2777,-0.12926874
2499,1486,1250.0188,3735.7502,208027.5,3368779.75,224.92497,384.50708,302.24966,2080.1426,0.7495689,1820.7655,-0.062484022
2500,1174,1244.621,4032.2683,210992.6875,3368833.75,187.17717,326.63416,252.64352,1920.7871,0.7669566,1826.836,-0.020077398
2501,1500,1250.2606,385.914,174529.140625,3368777.5,328.02667,510.64932,484.11,1964.55,0.60262346,1752.1665,-0.032000806
2502,1270,1251.4448,3819.593,208865.9375,3368765.5,695.24097,916.9232,961.1063,2174.1072,0.38496813,1822.4835,-0.07180949
2503,1279,1252.6138,1505.8046,185728.046875,3368753.75,459.5606,694.7295,738.8288,2197.42,0.5181163,1775.0981,-0.09680299
2504,1353,1248.3008,1744.8611,188118.609375,3368797.0,741.76794,1043.0864,1104.7798,2091.8308,0.30969664,1779.9907,-0.05949898
2505,1227,1249.8916,1847.2877,189142.875,3368781.0,649.27545,968.18335,1022.4776,2557.9014,0.4316759,1782.0892,-0.1737845
2506,1076,1251.6571,2095.8586,191628.59375,3368763.5,639.88477,933.7333,1019.55853,2363.6748,0.4035447,1787.1804,-0.13246244
2507,1389,1250.3801,2747.273,198142.734375,3368776.25,170.84377,329.36932,214.04823,2152.069,0.8183388,1800.5203,-0.08627076
2508,1462,1252.7052,1260.8776,183278.78125,3368753.0,181.90765,359.86935,262.72913,2177.312,0.7837427,1770.0829,-0.098459736
2509,1399,1254.1115,1380.188,184471.875,3368739.0,190.5118,360.46463,255.5504,2124.6663,0.78258336,1772.5269,-0.08247284
2510,1333,1254.5679,1541.0975,186080.96875,3368734.25,441.34808,675.37585,658.1553,2243.6099,0.5502716,1775.822,-0.105690464
2511,1377,1252.292,2545.8577,196128.578125,3368757.0,189.84023,342.49094,233.81264,2089.4473,0.7965197,1796.3964,-0.07009291
2512,1310,1253.432,3257.4824,203244.828125,3368745.75,329.04465,491.71985,420.52557,1959.9706,0.65099955,1810.9714,-0.033001557
2513,1318,1256.0288,3182.0417,202490.421875,3368719.75,437.66653,630.10583,620.99243,2202.2207,0.56689954,1809.4277,-0.09356105
2514,1363,1253.9252,3772.8496,208398.5,3368740.75,343.42847,532.05505,463.81842,2234.4233,0.67693734,1821.5275,-0.094288364
2515,1336,1255.348,1694.4484,187614.484375,3368726.5,722.2837,1007.5606,1044.586,2199.4138,0.37736672,1778.9626,-0.10041047
2516,1190,1252.5294,2709.775,197767.75,3368754.75,165.27396,318.5874,208.27899,2094.163,0.8177636,1799.7535,-0.07148678
2517,1296,1256.5548,3056.6807,201236.8125,3368714.5,291.94098,436.0737,344.407,2029.6061,0.7115782,1806.8606,-0.055210255
2518,1435,1257.0759,3293.7024,203607.03125,3368709.25,270.2826,425.80557,311.59616,1969.3341,0.7253634,1811.7153,-0.034954123
2519,1138,1251.4008,733.5457,178005.453125,3368766.0,197.18893,379.69067,297.92444,2177.906,0.7605452,1759.2848,-0.084680445
2520,1140,1256.8342,1983.9254,190509.25,3368711.75,665.40265,910.2395,1013.1246,2129.8806,0.35960376,1784.8912,-0.0814042
2521,998,1254.4209,2169.8596,192368.59375,3368735.75,616.8086,909.16833,988.57513,2294.6572,0.39873877,1788.6975,-0.11001576
2522,1308,1254.8876,2313.9304,193809.3125,3368731.0,503.1277,743.0772,759.4679,2231.3472,0.4979648,1791.6482,-0.09853021
2523,1315,1259.6897,4173.8687,212408.6875,3368683.0,236.19696,372.71484,307.7772,1816.4209,0.70286745,1829.7448,0.032218523
2524,1216,1255.4976,1620.5394,186875.390625,3368725.0,528.76154,781.5559,785.47943,2167.666,0.46670204,1777.4492,-0.09085996
2525,1354,1257.7703,983.15656,180501.5625,3368702.25,228.37297,424.39807,324.483,2309.6846,0.75936025,1764.3994,-0.12796533
2526,1308,1257.4541,2648.211,197152.109375,3368705.5,177.01376,326.95184,220.44649,2085.0383,0.8073818,1798.4955,-0.06957568
2527,1328,1259.7139,3928.0286,209950.28125,3368682.75,206.55873,354.02032,276.17395,1925.4006,0.7489397,1824.7092,-0.023161815
2528,1214,1254.949,2581.7744,196487.75,3368730.5,179.5519,333.5659,222.85503,2040.6046,0.8014371,1797.1334,-0.0594185
2529,1278,1259.7817,3094.4124,201614.125,3368682.25,426.8392,625.50037,571.40533,2169.732,0.5894368,1807.6351,-0.08342554
2530,1244,1257.6536,871.11896,179381.1875,3368703.5,172.09969,355.55386,264.42365,2219.4165,0.787124,1762.1053,-0.10491426
2531,1494,1260.6787,1178.7021,182457.015625,3368673.25,211.50468,396.43173,301.51538,2263.4485,0.76396924,1768.405,-0.11934542
2532,1122,1259.3289,2137.2798,192042.796875,3368686.75,649.4715,909.6266,985.18805,2180.3262,0.39273664,1788.0332,-0.08927733
2533,1409,1261.3145,2466.5862,195335.859375,3368666.75,185.99077,344.11993,233.64656,2066.5444,0.79559404,1794.7781,-0.06695573
2534,1365,1262.134,1070.6212,181376.21875,3368658.75,177.49231,353.9619,254.8469,2236.2322,0.7948816,1766.1929,-0.11385657
2535,1313,1260.8484,1656.1973,187231.96875,3368671.5,540.54834,804.0228,781.5301,2132.543,0.46136767,1778.1826,-0.08351396
2536,1162,1260.4054,3131.124,201981.234375,3368676.0,433.52322,626.0413,576.55505,2092.8516,0.5761486,1808.3875,-0.062241368
2537,1457,1264.6116,548.32806,176153.28125,3368634.0,282.10913,452.71722,417.8147,1907.1091,0.63975203,1755.5006,-0.017086806
2538,1383,1263.2357,3013.9624,200809.625,3368647.75,287.8995,430.53183,324.3326,2102.3757,0.73147064,1805.9894,-0.07229009
2539,1277,1260.4847,4966.838,220338.375,3368675.25,199.85199,350.4436,317.98395,1989.7834,0.72592664,1845.9888,-0.032636132
2540,1076,1263.1738,2013.369,190803.6875,3368648.25,676.30206,946.89404,1076.7444,2252.213,0.35731962,1785.4979,-0.10980675
2541,1356,1263.4757,2210.8445,192778.4375,3368645.25,564.01404,861.9263,921.6025,2385.6453,0.45231202,1789.5421,-0.13618071
2542,1401,1265.3397,3448.6501,205156.5,3368626.5,488.30872,707.9857,727.8933,2129.0586,0.50780493,1814.8936,-0.074679814
2543,1439,1262.679,3660.1904,207271.90625,3368653.25,621.89124,855.5719,1003.04553,2194.583,0.37658,1819.2247,-0.090395406
2544,1330,1259.4338,4930.9287,219979.28125,3368685.75,303.4906,482.48685,475.90262,2245.0771,0.65113133,1845.2526,-0.08777153
2545,1369,1263.8005,469.22498,175362.25,3368642.0,301.1293,484.17166,460.2082,1998.3601,0.63028336,1753.8805,-0.034056913
2546,1479,1266.449,1140.4597,182074.59375,3368615.5,201.09668,381.97836,278.0169,2227.5342,0.77743167,1767.6255,-0.11168076
2547,1404,1263.901,1339.1752,184061.75,3368641.0,167.35043,352.26282,233.82692,2167.3362,0.8039687,1771.6929,-0.092711814
2548,1123,1262.3446,1949.9073,190169.078125,3368656.5,501.59485,739.94745,766.7427,2236.1755,0.50363517,1784.1979,-0.106379084
2549,1362,1266.6094,2892.0764,199590.765625,3368614.0,173.36784,331.69458,232.29222,2084.4382,0.79898155,1803.4951,-0.07044314
2550,1452,1268.4896,4865.177,219321.765625,3368595.0,358.1815,547.58124,484.71075,2428.3992,0.66446394,1843.9104,-0.113564424
2551,1399,1268.3124,59.188705,171261.890625,3368597.0,819.8871,1051.3481,1039.5111,1879.4918,0.27797344,1745.4885,0.026183711
2552,1557,1266.6577,102.29544,171692.953125,3368613.5,372.3571,564.1606,436.79642,1988.975,0.6155897,1746.37,-0.036519326
2553,1202,1263.7828,2503.4883,195704.875,3368642.25,192.32779,348.72546,237.66556,2081.8494,0.79324466,1795.5353,-0.06965075
2554,1313,1266.3663,2853.5095,199205.09375,3368616.25,178.71591,339.1546,229.15384,2160.876,0.80753356,1802.7051,-0.087903224
2555,1208,1266.8146,1906.8658,189738.65625,3368611.75,655.65063,986.23346,1042.5703,2679.544,0.44364876,1783.3191,-0.1961245
2556,1188,1264.7811,4133.8677,212008.671875,3368632.25,244.55472,418.4074,331.83292,2317.1448,0.75141233,1828.9282,-0.10715509
2557,1615,1269.2161,4804.0723,218710.71875,3368587.75,286.08112,471.9294,427.43097,2246.0696,0.68034106,1842.659,-0.086972035
2558,1503,1265.7572,5082.616,221496.15625,3368622.5,300.4744,510.47238,459.87027,2531.004,0.69694954,1848.3633,-0.1242532
2559,1200,1272.2141,1722.2491,187892.5,3368557.75,595.3375,877.81586,907.9017,2182.1409,0.4177093,1779.5419,-0.09493768
2560,1368,1269.0475,3328.0103,203950.09375,3368589.5,231.71455,379.9565,282.53876,1935.3615,0.74334675,1812.4247,-0.023720322
2561,1430,1266.1776,5001.9014,220689.015625,3368618.25,214.07169,374.4965,342.3598,2095.1567,0.72189355,1846.7101,-0.051164664
2562,1143,1265.5845,655.2152,177222.15625,3368624.25,321.00436,520.3228,525.979,2146.043,0.61455935,1757.6896,-0.0788784
2563,1381,1267.9479,904.77844,179717.78125,3368600.5,180.03331,352.22302,267.7321,2093.1558,0.7727876,1762.8008,-0.07398146
2564,1176,1265.6139,2781.6965,198486.96875,3368623.75,173.30357,337.01614,216.86905,2230.0085,0.8223507,1801.2339,-0.10467665
2565,1268,1269.4669,3524.7659,205917.65625,3368585.25,859.0958,1092.7725,1066.6936,2115.2314,0.32129675,1816.4547,-0.05234767
2566,1318,1268.1852,4093.328,211603.28125,3368598.25,183.75911,337.8494,263.49356,2006.8641,0.7666717,1828.0996,-0.03912001
2567,1393,1264.7867,5041.313,221083.125,3368632.25,260.1608,419.59476,377.41458,2128.494,0.6974114,1847.5167,-0.058151677
2568,1422,1269.5275,1298.4037,183654.03125,3368584.75,167.23067,352.83755,242.20183,2193.626,0.80022407,1770.8613,-0.10136112
2569,1395,1268.8545,1777.2673,188442.671875,3368591.5,678.2609,980.95917,1004.1018,2221.1304,0.3839555,1780.6665,-0.101006575
2570,1285,1269.1277,2816.7595,198837.59375,3368588.75,169.78911,324.79144,212.32918,2170.6116,0.820943,1801.954,-0.08995219
2571,1329,1271.3281,587.158,176541.578125,3368566.75,321.46652,515.89465,491.51993,2106.7532,0.63241947,1756.2997,-0.0709991
2572,1294,1271.0225,619.25037,176862.5,3368569.75,317.9142,520.39874,498.05255,2224.0107,0.6393142,1756.9565,-0.09760333
2573,1131,1265.2821,766.70825,178337.078125,3368627.25,188.7153,378.8258,287.36075,2283.3005,0.776063,1759.9722,-0.10956167
2574,1300,1269.5007,832.43463,178994.34375,3368585.0,176.40077,367.48306,270.78925,2273.8777,0.7876171,1761.3204,-0.11548706
2575,1528,1272.7847,2973.3286,200403.28125,3368552.25,356.08377,515.31805,426.87894,2074.6155,0.66714185,1805.1626,-0.062561974
2576,1295,1270.1105,3368.1135,204351.140625,3368579.0,307.41623,491.28262,446.9247,2018.6617,0.66032076,1813.2466,-0.048958797
2577,1485,1271.7825,3408.2915,204752.90625,3368562.25,531.3047,782.1125,843.1889,2295.7493,0.47731084,1814.0704,-0.1117231
2578,1366,1270.8419,3485.7627,205527.625,3368571.5,717.0282,949.1585,920.3477,2169.0405,0.40382636,1815.6567,-0.07727099
2579,1155,1269.3152,3560.1975,206271.96875,3368586.75,483.24243,680.88916,581.06146,2368.7576,0.5979853,1817.1804,-0.10832515
2580,1352,1270.1975,2279.4119,193464.125,3368578.0,545.0155,785.409,819.3898,2229.9822,0.46622962,1790.9501,-0.10109545
2581,1374,1271.5538,2425.519,194925.1875,3368564.5,183.19069,343.46652,234.34789,2037.3376,0.7920597,1793.943,-0.058525514
2582,1385,1273.6628,3226.1956,202931.953125,3368543.25,324.23285,487.39746,411.0563,2035.0964,0.67823917,1810.342,-0.052059628
2583,1283,1271.2455,4054.4956,211214.953125,3368567.5,239.02066,429.4992,332.48285,2270.7249,0.74328953,1827.3059,-0.09136153
2584,1291,1271.4694,4007.374,210743.75,3368565.25,211.23663,360.53137,266.69443,2028.7324,0.76688147,1826.3408,-0.048928842
2585,1153,1273.0399,2045.3417,191123.421875,3368549.5,629.8673,937.8274,998.2081,2547.4285,0.43178126,1786.1584,-0.16714469
2586,1496,1274.8583,1022.9806,180899.8125,3368531.5,199.85294,380.68384,282.17914,2301.0742,0.7806009,1765.2251,-0.12655352
2587,1402,1276.5371,2383.2695,194502.6875,3368514.75,181.88374,331.13196,232.26462,1889.7938,0.7798851,1793.0807,-0.023286538
2588,1554,1276.8564,2928.65,199956.5,3368511.5,222.2738,375.30502,298.99326,1960.1882,0.742412,1804.2499,-0.03961292
2589,1391,1274.5349,3969.627,210366.265625,3368534.75,220.15852,373.11322,287.09814,1999.4357,0.74860924,1825.5693,-0.041519526
2590,1153,1274.8682,714.63055,177816.3125,3368531.25,259.1236,451.20816,426.74673,2045.4528,0.6726771,1758.9117,-0.04392311
2591,1264,1275.4446,3592.936,206599.359375,3368525.5,336.53165,521.2259,447.02768,2153.7314,0.665243,1817.8544,-0.07260553
2592,1281,1277.2959,2346.328,194133.28125,3368507.0,175.879,320.40826,229.50273,1783.1982,0.7711329,1792.3246,0.0066788006
2593,1231,1273.5045,2613.0723,196800.71875,3368545.0,180.88383,338.8692,226.35744,2047.9073,0.79887384,1797.785,-0.059862364
2594,1360,1276.0309,2680.025,197470.25,3368519.75,171.19926,322.1816,216.25735,2036.3456,0.80639803,1799.1576,-0.057725884
2595,1312,1277.6295,1102.4185,181694.1875,3368503.75,184.8933,362.2279,268.45047,2198.5168,0.78220326,1766.8533,-0.105771065
2596,1327,1278.4355,1448.0814,185150.8125,3368495.75,203.92691,392.46344,277.79352,2156.1523,0.76999855,1773.9314,-0.08988947
2597,1345,1274.3531,946.2164,180132.15625,3368536.5,308.38364,509.7078,482.08847,2126.7957,0.663408,1763.6531,-0.08123646
2598,1167,1277.5244,1594.7103,186617.109375,3368504.75,522.401,787.33936,792.55096,2320.9092,0.4897409,1776.9333,-0.12385402
2599,1206,1278.762,3799.884,208668.84375,3368492.5,616.1998,863.3976,1009.43115,2212.6638,0.3945989,1822.0948,-0.09084362
2600,1411,1280.9164,403.37137,174703.71875,3368470.75,324.0893,515.9001,493.7399,2104.8723,0.6228882,1752.5427,-0.06914594
2601,1232,1277.2971,1228.052,182950.515625,3368507.0,208.34334,391.56332,311.61444,2225.7354,0.75597507,1769.4254,-0.11015659
2602,1377,1280.4895,1408.7545,184757.546875,3368475.0,206.8809,406.68192,295.88815,2117.626,0.75634384,1773.1274,-0.08072796
2603,1432,1281.8966,4909.1787,219761.78125,3368461.0,210.18471,381.88373,333.64664,2346.1143,0.74997133,1844.819,-0.11102163
2604,1302,1280.3994,798.16895,178651.6875,3368476.0,192.39632,393.98386,294.92703,2336.801,0.7761805,1760.6255,-0.12089818
2605,1187,1280.0758,1486.0548,185530.546875,3368479.25,215.2005,417.14322,293.3909,2121.5527,0.75474495,1774.71,-0.082235925
2606,1248,1280.6241,1874.3678,189413.671875,3368473.75,746.6795,1057.1226,1129.1041,2289.447,0.33459008,1782.6617,-0.10160095
2607,1023,1279.827,2111.2708,191782.703125,3368481.75,569.36755,831.53076,897.53076,2139.0576,0.41777524,1787.5125,-0.08219401
2608,1236,1283.0267,3159.0413,202260.40625,3368449.75,287.88672,436.64362,347.03235,2006.7811,0.7039113,1808.9719,-0.045712244
2609,1720,1285.6506,316.4843,173834.84375,3368423.5,339.67267,516.7465,486.25464,1953.4581,0.60441256,1750.7668,-0.039867435
2610,1622,1285.0697,358.1862,174251.859375,3368429.25,308.3175,485.37915,471.7682,1858.5592,0.60036373,1751.6202,-0.005251019
2611,1350,1278.846,3886.1497,209531.5,3368491.5,316.19705,502.3348,381.07483,2543.633,0.735087,1823.8618,-0.14621824
2612,1302,1284.616,1559.2627,186262.625,3368433.75,397.58832,623.89325,631.28955,2118.7234,0.55218476,1776.2117,-0.08029522
2613,1220,1281.586,1811.2754,188782.75,3368464.25,599.90985,899.25653,895.28033,2078.1624,0.39906344,1781.3704,-0.0582356
2614,1258,1281.1376,3626.8052,206938.046875,3368468.5,500.18005,684.74365,751.94794,2020.0918,0.47840843,1818.5511,-0.047184363
2615,1194,1284.9146,677.85846,177448.578125,3368430.75,284.78058,474.70016,456.17252,2179.732,0.6527267,1758.1649,-0.07878255
2616,1430,1284.1112,3844.4456,209114.453125,3368439.0,651.46576,884.01154,979.41187,2294.656,0.40726593,1823.0105,-0.104888186
2617,1396,1285.9283,439.36963,175063.703125,3368420.75,287.8904,477.23996,435.2099,2196.336,0.6705698,1753.2828,-0.0874757
2618,1322,1285.0076,2723.2473,197902.46875,3368430.0,167.11497,320.63086,209.21028,2119.559,0.8188846,1800.048,-0.0772559
2619,1351,1290.5847,5119.7227,221867.21875,3368374.25,228.62398,424.38528,332.88638,2543.664,0.7641397,1849.1365,-0.13150832
2620,1406,1286.7162,29.195591,170961.953125,3368412.75,735.655,943.2013,935.60596,1461.2461,0.15520251,1744.8859,0.17942165
2621,1094,1282.4369,2177.959,192449.59375,3368455.75,583.60693,858.9342,926.10144,2351.734,0.43799505,1788.8796,-0.12717468
2622,1297,1287.485,2529.357,195963.5625,3368405.25,189.37163,350.04163,235.79028,2096.329,0.79594684,1796.0786,-0.072474875
2623,1531,1287.8021,3723.8218,207908.21875,3368402.0,244.97975,417.36023,294.27008,2271.2498,0.7697758,1820.5419,-0.097579636
2624,1762,1294.6044,274.99432,173419.9375,3368334.0,313.9404,485.86435,455.7486,1855.3575,0.60491085,1749.9229,0.0036940167
2625,1140,1285.7833,1843.0947,189100.953125,3368422.25,684.7114,995.0535,998.7342,2185.979,0.36155558,1782.0243,-0.07605251
2626,1227,1286.9911,3041.7065,201087.0625,3368410.0,285.4882,429.47678,374.03464,1918.1968,0.680257,1806.571,-0.027622523
2627,1488,1289.5262,3685.9417,207529.421875,3368384.75,331.0719,491.76715,438.37936,2064.2517,0.66127616,1819.767,-0.054753423
2628,1261,1289.3894,2078.9922,191459.921875,3368386.0,619.2514,951.79065,1005.55115,2757.2515,0.46419132,1786.857,-0.20626393
2629,1376,1286.9142,2244.4128,193114.125,3368410.75,518.1141,803.3125,814.6003,2419.8342,0.5035839,1790.243,-0.14328198
2630,1343,1288.6233,2570.7715,196377.71875,3368393.75,183.82874,350.33954,233.72078,2139.14,0.80208683,1796.9274,-0.08387068
2631,1398,1291.9642,524.01,175910.09375,3368360.25,296.60086,477.206,465.3448,1993.814,0.626349,1755.0194,-0.04128023
2632,1255,1294.8909,1198.3275,182653.28125,3368331.0,248.20877,439.8215,358.4733,2197.177,0.72182965,1768.8274,-0.100065716
2633,1392,1291.6954,1370.1472,184371.46875,3368363.0,179.95474,362.35632,256.49426,2104.6423,0.78164417,1772.3435,-0.08052729
2634,1346,1291.9933,1674.85,187418.5,3368360.0,476.6486,716.3447,676.77936,2133.1946,0.52007806,1778.5829,-0.081370935
2635,1138,1291.0571,1936.1511,190031.515625,3368369.5,533.4833,814.7891,829.84186,2371.1396,0.48473087,1783.933,-0.13062763
2636,1271,1292.066,2759.9111,198269.109375,3368359.25,163.14635,317.50275,204.83084,2160.5137,0.825682,1800.8027,-0.08754646
2637,1345,1293.783,3196.458,202634.578125,3368342.25,287.54648,441.10968,374.3918,1984.7576,0.69267493,1809.7443,-0.04119671
2638,1400,1291.0457,3265.1265,203321.265625,3368369.5,250.5718,400.22107,308.20822,1989.7511,0.7342867,1811.149,-0.04288378
2639,1461,1292.0452,3763.5552,208305.546875,3368359.5,275.95038,445.29672,365.73923,2234.4773,0.73011315,1821.358,-0.09617461
2640,1364,1291.1796,4630.3374,216973.375,3368368.25,279.2764,473.97177,395.35336,2249.033,0.701164,1839.1119,-0.08788801
2641,1270,1292.4133,860.1835,179271.828125,3368355.75,177.8693,365.4244,273.68347,2204.718,0.7795587,1761.9025,-0.09716043
2642,1330,1291.9978,1263.3654,183303.65625,3368360.0,176.03233,352.3346,262.81653,2251.555,0.790345,1770.1573,-0.11577036
2643,1483,1295.2292,1520.4774,185874.78125,3368327.75,348.85367,568.35535,534.4983,2188.474,0.6346691,1775.4238,-0.09666486
2644,1418,1294.1241,1630.8342,186978.34375,3368338.75,499.2433,755.4464,820.9316,2183.079,0.46836916,1777.6829,-0.09464145
2645,1433,1297.0377,1749.8633,188168.625,3368309.5,525.1933,814.4159,852.7376,2319.8674,0.4652593,1780.1218,-0.12747392
2646,1291,1293.6421,1973.7087,190407.09375,3368343.5,532.82184,762.7227,760.395,2222.3572,0.49463806,1784.7036,-0.09335123
2647,1402,1294.1227,3083.3167,201503.171875,3368338.75,380.75998,583.2896,554.0139,2110.751,0.5934311,1807.4272,-0.068534434
2648,1469,1298.115,4666.912,217339.125,3368298.75,268.743,446.23962,365.22736,2195.9973,0.71163344,1839.8649,-0.07854305
2649,1666,1300.44,4837.776,219047.75,3368275.5,316.7458,485.7446,451.9337,2190.509,0.6531154,1843.3661,-0.073452
2650,1280,1294.1882,753.92346,178209.234375,3368338.0,201.84297,383.1922,323.61484,2126.2358,0.7356494,1759.7279,-0.06623956
2651,1331,1293.4966,2315.8962,193828.96875,3368345.0,251.25319,436.284,368.4305,1957.2622,0.7037924,1791.7107,-0.033633858
2652,1250,1293.56,3122.4863,201894.859375,3368344.5,299.6284,450.8036,367.0924,1966.2496,0.6847683,1808.2291,-0.03469906
2653,1477,1298.13,1057.1909,181241.90625,3368298.75,182.76575,359.22003,264.0264,2273.6804,0.79114884,1765.9396,-0.12207173
2654,1338,1296.5553,2487.5664,195545.65625,3368314.5,188.32437,348.47983,239.28177,2047.7288,0.78874415,1795.228,-0.06090808
2655,1345,1296.3837,4165.131,212321.3125,3368316.25,264.17435,430.774,344.09515,2135.5176,0.714093,1829.5857,-0.05040832
2656,1372,1293.6144,983.8411,180508.40625,3368343.75,214.6742,405.84622,306.71573,2366.8943,0.7704113,1764.435,-0.13980585
2657,1137,1295.1038,2142.7415,192097.40625,3368329.0,594.6535,873.0018,971.31134,2254.8118,0.40533903,1788.1658,-0.10293834
2658,1204,1298.1528,4032.4202,210994.203125,3368298.5,226.8397,408.41818,299.39536,2133.3562,0.7530151,1826.8684,-0.071815446
2659,1192,1294.443,4126.0337,211930.34375,3368335.5,255.00125,447.50882,352.06796,2326.986,0.7389961,1828.7838,-0.10564945
2660,1672,1296.0922,4959.936,220269.359375,3368319.0,208.40251,377.70035,312.9934,2385.04,0.7673933,1845.8662,-0.11862989
2661,1427,1300.1906,2449.1956,195161.953125,3368278.0,190.83182,351.97266,240.75122,2094.5347,0.7929563,1794.4443,-0.074690044
2662,1325,1296.4589,2643.975,197109.75,3368315.5,177.76,336.35547,230.05283,1989.0792,0.78978103,1798.431,-0.040650934
2663,1255,1292.6876,3928.691,209956.90625,3368353.0,256.14423,417.24142,335.24142,2073.7144,0.7221196,1824.7407,-0.054891054
2664,1320,1298.156,5052.463,221194.625,3368298.5,255.97462,415.77274,392.20227,2112.6904,0.69001114,1847.7627,-0.057805985
2665,1308,1301.097,1165.3318,182323.3125,3368269.0,197.25764,378.11163,286.67813,2191.9053,0.76814675,1768.1555,-0.10362739
2666,1413,1299.9838,3301.9053,203689.0625,3368280.25,420.43985,621.2222,627.65466,2067.5093,0.56850106,1811.9073,-0.059032578
2667,1146,1299.8386,919.8028,179868.03125,3368281.5,182.51134,345.73297,271.7033,2028.7076,0.7628025,1763.1276,-0.056789003
2668,1329,1300.1641,1330.4109,183974.109375,3368278.25,162.6012,342.23325,225.17456,2218.438,0.8147636,1771.5349,-0.1070383
2669,1263,1297.3943,2010.4838,190774.84375,3368306.0,707.2225,961.7387,1084.3516,2212.8662,0.33846307,1785.4587,-0.09748289
2670,1386,1301.2395,2876.4387,199434.390625,3368267.5,175.76767,339.26117,236.25542,2072.3203,0.7945507,1803.1945,-0.06706797
2671,1243,1299.732,3434.0862,205010.859375,3368282.75,779.8592,1013.38257,999.2168,2113.7297,0.35873726,1814.6144,-0.065872446
2672,1551,1302.2662,3002.4023,200694.03125,3368257.25,342.25885,521.49805,465.25305,2062.2053,0.6479691,1805.7747,-0.057950106
2673,1271,1300.2502,4079.3784,211463.78125,3368277.5,203.32416,361.6381,287.41974,1915.6782,0.73828614,1827.8313,-0.019511815
2674,1473,1300.7909,5010.7656,220777.65625,3368272.0,226.45349,391.37238,339.4725,2232.3748,0.73642695,1846.9099,-0.08661401
2675,1530,1304.6333,75.37778,171423.78125,3368233.75,460.10654,650.7268,567.2196,2013.802,0.5924597,1745.8424,-0.057630062
2676,1490,1302.7906,571.8651,176388.65625,3368252.0,299.7557,485.26443,454.04294,2047.8389,0.6393237,1756.0057,-0.051078845
2677,1415,1302.0035,635.50745,177025.078125,3368260.0,317.56677,510.14062,493.3993,2233.755,0.6443466,1757.3082,-0.09767901
2678,1316,1304.8647,1707.4446,187744.4375,3368231.25,575.0874,832.0669,861.54785,2214.633,0.44332892,1779.2579,-0.104982495
2679,1344,1302.2255,2796.238,198632.375,3368257.75,168.14583,323.25372,212.80432,2112.3416,0.8158111,1801.5525,-0.07564168
2680,1356,1302.4949,2838.5686,199055.6875,3368255.0,167.31784,318.5199,219.35103,2041.1312,0.8049072,1802.4196,-0.058540512
2681,1289,1301.7983,3511.038,205780.375,3368262.0,523.775,749.2452,723.96545,2395.6384,0.5308616,1816.1915,-0.12517995
2682,1306,1303.0115,4878.268,219452.6875,3368250.0,307.52222,475.10873,452.44333,2171.8835,0.65184295,1844.1969,-0.068489425
2683,1204,1300.9934,3377.5647,204445.65625,3368270.0,656.81354,950.6703,1055.9991,2340.3674,0.3834771,1813.4574,-0.12396294
2684,1220,1303.3008,5088.023,221550.234375,3368247.0,370.15656,599.5115,518.4336,2854.2073,0.6953322,1848.4938,-0.17608872
2685,1380,1304.0812,2209.9282,192769.28125,3368239.25,509.80725,784.7326,837.5638,2341.313,0.4932751,1789.5469,-0.12505178
2686,1485,1307.5603,2406.2068,194732.0625,3368204.5,185.63098,348.83838,239.82964,2037.5582,0.7879143,1793.5682,-0.060305417
2687,1543,1307.7648,2953.1672,200201.671875,3368202.25,333.6387,493.67758,418.02527,2004.2158,0.663589,1804.7695,-0.045138355
2688,1380,1306.7,3469.4492,205364.5,3368213.0,586.22974,823.20435,739.89856,2520.9602,0.5380785,1815.3425,-0.1464989
2689,1358,1302.7695,3553.022,206200.21875,3368252.25,407.852,597.479,589.19257,2056.2124,0.56295633,1817.052,-0.054730147
2690,1221,1309.0704,887.4734,179544.734375,3368189.25,194.32104,368.44635,294.4439,2120.2473,0.7582001,1762.4713,-0.07193289
2691,1175,1303.2273,1903.4034,189704.03125,3368247.75,634.3379,945.49023,906.1575,2149.669,0.39306903,1783.2695,-0.07030769
2692,1409,1306.9496,3338.9985,204059.984375,3368210.5,665.41943,965.5358,1074.3158,2406.4666,0.39314204,1812.6709,-0.13740459
2693,1599,1311.3314,4597.437,216644.375,3368166.75,219.78549,390.51688,305.95996,2153.61,0.7513979,1838.4487,-0.06903029
2694,1580,1305.9734,4797.2715,218642.71875,3368220.25,389.275,583.75757,602.6924,2095.632,0.5707177,1842.5393,-0.058264386
2695,1303,1308.0944,1132.3085,181993.078125,3368199.0,195.3016,376.0683,280.10052,2187.8374,0.77266055,1767.4835,-0.10353624
2696,1461,1309.9226,3644.4326,207114.328125,3368180.75,592.3645,773.44934,875.19714,1960.1243,0.39784032,1818.9281,-0.030904194
2697,1183,1305.869,2604.9417,196719.421875,3368221.25,210.9459,390.27386,278.02112,2174.956,0.7720723,1797.6371,-0.0855442
2698,1295,1308.861,2695.6501,197626.5,3368191.5,167.65173,319.26178,213.82008,2100.3306,0.8134137,1799.4963,-0.0717178
2699,1277,1308.2819,3996.2249,210632.25,3368197.25,414.3939,601.4992,617.01605,2129.751,0.5750539,1826.1326,-0.0699587
2700,1681,1315.3855,4755.152,218221.515625,3368126.25,461.74002,674.6041,682.8528,2238.4165,0.53981906,1841.6815,-0.08794421
2701,1215,1307.2839,1296.0864,183630.859375,3368207.25,164.41563,344.8749,237.40082,2280.2297,0.8109664,1770.8364,-0.12311134
2702,1314,1309.2169,1790.5913,188575.90625,3368187.75,526.77014,789.8242,765.1659,2236.8425,0.48900834,1780.963,-0.10788916
2703,1178,1307.994,3810.1875,208771.875,3368200.0,698.10187,959.0964,1124.3115,2208.8918,0.33887014,1822.322,-0.09056099
2704,1158,1306.7435,2049.5068,191165.0625,3368212.5,658.44385,977.7677,1037.1779,2748.26,0.44923034,1786.2633,-0.20538312
2705,1394,1309.2411,2282.7898,193497.90625,3368187.5,289.58823,490.63342,425.4139,2092.85,0.6715713,1791.0419,-0.0689801
2706,1224,1309.8162,3959.648,210266.484375,3368181.75,325.85416,510.38766,435.17035,2237.6724,0.67375034,1825.3842,-0.091482185
2707,1472,1312.2365,826.3519,178933.515625,3368157.75,182.4144,372.06522,283.93478,2226.6284,0.77415144,1761.2218,-0.09641826
2708,1283,1310.8145,1434.0944,185010.9375,3368171.75,219.5152,402.3102,315.55182,2052.261,0.7401221,1773.6643,-0.06394955
2709,1549,1315.6824,2908.1912,199751.90625,3368123.25,253.3896,455.85507,401.41833,1952.7792,0.6784762,1803.8529,-0.035339665
2710,1051,1310.6089,3897.7563,209647.5625,3368174.0,324.13605,496.2426,375.65128,2400.5142,0.725447,1824.117,-0.11850764
2711,1619,1314.3533,2362.1216,194291.21875,3368136.5,173.37553,327.3984,230.35083,1885.194,0.7808252,1792.6693,-0.0198206
2712,1142,1310.3065,1097.7557,181647.5625,3368177.0,185.00175,363.86252,267.47723,2169.5054,0.78004223,1766.7773,-0.09736245
2713,1376,1313.6171,3235.311,203023.109375,3368143.75,475.41315,692.3939,708.22675,2142.3394,0.53277415,1810.551,-0.07710911
2714,1357,1312.9728,1016.58734,180835.875,3368150.25,197.958,376.14517,287.06412,2283.4023,0.77623826,1765.1171,-0.12375628
2715,1393,1312.5814,1478.4042,185454.046875,3368154.25,192.59871,383.52045,261.9038,2169.6785,0.7831456,1774.5726,-0.09559492
2716,1391,1311.3372,3597.3342,206643.34375,3368166.75,223.04457,369.88174,287.8713,2004.4608,0.7517356,1817.9642,-0.045583025
2717,1162,1315.642,3866.8855,209338.859375,3368123.5,342.67514,520.0357,455.36832,2175.5989,0.66824025,1823.4874,-0.08084398
2718,1344,1317.3512,5152.7246,222197.25,3368106.5,223.75632,394.3456,313.93973,2246.942,0.75795054,1849.8265,-0.0768085
2719,1351,1315.2058,787.6595,178546.59375,3368128.0,189.1547,378.66544,300.56552,2282.4226,0.7666528,1760.4314,-0.10975979
2720,1304,1315.0782,949.3259,180163.265625,3368129.25,293.717,513.6917,450.42792,2341.1426,0.6883623,1763.7412,-0.12807378
2721,1285,1311.2311,1591.6218,186586.21875,3368167.75,377.92374,600.8179,582.4895,2071.2576,0.576972,1776.89,-0.06883107
2722,1275,1314.2258,1232.8314,182998.3125,3368137.75,191.30745,370.40393,285.6204,2249.6243,0.7743311,1769.5454,-0.117932975
2723,1139,1316.1133,2546.8586,196138.59375,3368118.75,192.71555,363.18875,260.53293,2121.7322,0.7833759,1796.4535,-0.07776846
2724,1599,1324.9988,604.9506,176719.5,3368030.0,269.56223,461.52844,423.03064,2222.823,0.681987,1756.6967,-0.09224551
2725,1044,1312.9253,2171.6055,192386.0625,3368150.75,303.84482,499.65326,477.68103,2036.3917,0.65388393,1788.7672,-0.05705713
2726,1255,1319.6311,3403.886,204708.859375,3368083.75,679.6693,923.8211,884.7626,2324.72,0.4425317,1814.0068,-0.10651189
2727,1100,1313.3473,2111.799,191787.984375,3368146.5,564.35547,825.40454,876.7955,2272.4373,0.4523264,1787.5427,-0.10811512
2728,1401,1320.2648,1397.818,184648.1875,3368077.25,178.67166,358.1813,250.08208,2105.8545,0.7860095,1772.9271,-0.07913545
2729,1125,1319.9769,4110.906,211779.0625,3368080.25,197.22089,369.28488,292.1378,1933.3938,0.73726577,1828.4878,-0.025773749
2730,1470,1318.7734,4915.3916,219823.90625,3368092.25,286.28604,448.5874,408.90137,2236.7092,0.6882792,1844.9657,-0.08372832
2731,1196,1322.7776,2662.3118,197293.125,3368052.25,167.28847,324.48914,218.73077,2106.276,0.81066674,1798.8215,-0.07507235
2732,1246,1316.9438,3049.4792,201164.796875,3368110.5,342.64206,505.5028,464.67096,1985.1456,0.6297541,1806.7471,-0.034721293
2733,1350,1318.1985,3163.8875,202308.875,3368098.0,391.95926,591.27405,548.9085,2153.49,0.60730165,1809.0908,-0.07519182
2734,1234,1322.6807,4561.168,216281.6875,3368053.25,249.98987,403.7589,328.65155,2053.203,0.72529405,1837.7119,-0.043384667
2735,1264,1322.61,1655.7634,187227.640625,3368054.0,326.08783,524.8457,456.95175,2003.9185,0.64312476,1778.2101,-0.05332911
2736,1295,1319.5698,1832.8154,188998.15625,3368084.25,584.2919,882.1166,901.2394,2233.9907,0.42355704,1781.8336,-0.10676804
2737,1280,1320.7336,2742.347,198093.46875,3368072.75,174.55234,329.92343,218.74374,2188.3977,0.81688565,1800.4594,-0.09323386
2738,1450,1324.0406,41.98414,171089.84375,3368039.5,1105.18,1338.7166,1415.8662,1644.6655,0.048842665,1745.1709,0.097624555
2739,1348,1321.0786,1552.5697,186195.703125,3368069.25,224.85905,405.70328,303.89984,2082.2686,0.7440322,1776.0962,-0.074971326
2740,1407,1322.966,1868.1727,189351.71875,3368050.25,605.791,890.65314,921.4044,2253.309,0.4181774,1782.5597,-0.10645808
2741,1376,1324.9222,536.5436,176035.4375,3368030.75,280.6112,461.17877,455.6039,2022.7515,0.63809884,1755.2961,-0.051097915
2742,1092,1324.5293,4055.5723,211225.71875,3368034.75,216.44139,389.36676,285.5302,2042.4789,0.75441027,1827.3569,-0.05214763
2743,1312,1325.657,2510.292,195772.921875,3368023.5,190.75534,353.60748,250.27667,2035.747,0.7807886,1795.7101,-0.057140034
2744,1313,1326.0898,3745.5576,208125.578125,3368019.0,215.40213,354.64166,262.5198,2079.3035,0.7756274,1821.0082,-0.06388384
2745,1048,1324.6355,3837.267,209042.671875,3368033.75,537.63214,775.07965,842.75287,2249.8845,0.46578163,1822.8857,-0.10000168
2746,1355,1325.2103,1943.0487,190100.484375,3368028.0,673.0841,972.63983,1013.0974,2028.7572,0.32422408,1784.0941,-0.0340938
2747,1371,1325.1108,2249.5193,193165.1875,3368029.0,209.69511,392.84244,311.79868,1926.0897,0.73659146,1790.3698,-0.027967537
2748,1261,1326.0404,3676.7803,207437.8125,3368019.5,241.36916,387.76685,279.4754,2123.0178,0.7669848,1819.5995,-0.07285021
2749,1322,1329.6022,3782.9575,208499.578125,3367984.0,476.3139,687.61383,792.74963,2105.0098,0.49611837,1821.7761,-0.06597956
2750,1469,1329.5698,4990.8174,220578.171875,3367984.25,253.3693,429.26038,379.8625,2298.5261,0.7162508,1846.5164,-0.096328676
2751,1355,1327.5963,1354.5292,184215.296875,3368004.0,158.38524,331.4015,224.44872,2116.9453,0.8073325,1772.0452,-0.08516345
2752,1400,1329.4935,3712.095,207790.953125,3367985.0,272.83643,435.23035,301.88358,2307.1274,0.76849866,1820.3247,-0.10724389
2753,1436,1328.3914,4640.59,217075.90625,3367996.0,295.49512,482.58878,423.77856,2043.39,0.65564203,1839.3418,-0.040847138
2754,1339,1329.4929,4150.9224,212179.21875,3367985.0,192.81853,354.64563,285.00186,1876.2013,0.73385084,1829.3126,-0.008496284
2755,1542,1333.4994,4189.799,212567.984375,3367945.0,290.1349,459.0561,409.94586,2027.3859,0.66365755,1830.1111,-0.029693117
2756,1298,1328.7689,1982.5486,190495.484375,3367992.25,631.443,897.22034,949.12634,2292.4385,0.4117212,1784.905,-0.1012141
2757,1532,1330.4249,2322.504,193895.03125,3367975.75,159.69191,311.82507,212.89099,1876.0914,0.79462767,1791.8673,-0.016576886
2758,1252,1330.5367,2578.9233,196459.234375,3367974.75,202.29074,375.09186,270.94888,2197.7507,0.77605534,1797.1183,-0.089062385
2759,1415,1330.5809,3277.3726,203443.71875,3367974.25,725.4558,998.4003,1101.5739,2254.2363,0.34717947,1811.422,-0.105617106
2760,1062,1331.2457,1077.4105,181444.109375,3367967.5,184.33522,367.89737,274.62335,2263.0527,0.7829437,1766.3734,-0.11817599
2761,1167,1330.5065,2021.8826,190888.828125,3367975.0,644.5553,956.33673,1020.67523,2664.365,0.4485912,1785.7115,-0.19490457
2762,1199,1331.6372,2088.5454,191555.453125,3367963.75,612.24603,931.2894,995.7423,2626.3445,0.46169418,1787.0773,-0.18392956
2763,1192,1325.2391,3122.4648,201894.65625,3368027.5,475.56796,685.94214,680.7672,2208.6694,0.5401715,1808.2465,-0.090460874
2764,1363,1331.9618,4950.4688,220174.6875,3367960.5,348.13647,529.398,518.4934,2188.1118,0.6191472,1845.6912,-0.07374419
2765,1390,1331.3553,5039.9395,221069.390625,3367966.5,382.01367,571.01044,588.7306,2285.2715,0.5885285,1847.5236,-0.08691196
2766,1336,1333.982,1728.1168,187951.171875,3367940.25,606.8608,889.85254,962.9888,2361.869,0.43260047,1779.6982,-0.13478012
2767,1241,1332.7228,1765.6447,188326.453125,3367952.75,527.3473,805.8098,833.6124,2246.6157,0.46115077,1780.466,-0.11065789
2768,1302,1332.7858,2818.1582,198851.578125,3367952.25,204.91475,374.1183,282.79724,1982.5054,0.75320506,1802.0188,-0.040078927
2769,1448,1335.8225,2979.2002,200462.0,3367921.75,529.1927,826.75555,762.5725,2673.659,0.5522723,1805.3185,-0.18711238
2770,1320,1331.0295,3202.919,202699.1875,3367969.75,579.63336,828.8288,886.5341,2204.77,0.43249166,1809.8975,-0.09432596
2771,1094,1330.8538,3921.1526,209881.53125,3367971.5,343.19928,512.89215,444.5224,2208.92,0.65872186,1824.6073,-0.07976682
2772,1344,1331.4241,5119.0327,221860.328125,3367965.75,307.71057,455.07886,392.2485,2107.8198,0.6902839,1849.1438,-0.04566206
2773,1295,1332.7753,978.3398,180453.390625,3367952.25,188.73436,362.5606,273.30115,2165.03,0.77515185,1764.346,-0.0895931
2774,1391,1333.7728,1270.8641,183378.640625,3367942.25,173.78217,348.46082,261.4177,2207.6082,0.78794473,1770.3358,-0.10850566
2775,1420,1334.8817,2472.738,195397.375,3367931.25,200.51831,362.50986,269.88028,2026.6704,0.7664124,1794.9463,-0.056617063
2776,1312,1331.9406,3087.746,201547.46875,3367960.5,430.96112,657.0686,590.593,2349.6604,0.6071749,1807.5392,-0.113866396
2777,1163,1333.565,3493.4832,205604.828125,3367944.25,525.42175,737.4596,800.1453,2083.0496,0.44794616,1815.8496,-0.06500424
2778,1329,1335.1453,1620.4342,186874.34375,3367928.5,249.86832,443.51166,330.9022,2043.7089,0.7190212,1777.4941,-0.06343175
2779,1244,1335.0547,3528.59,205955.90625,3367929.5,486.71664,698.52655,726.2689,2047.205,0.48288792,1816.5695,-0.056269415
2780,1233,1334.3844,3567.7122,206347.125,3367936.25,218.7567,357.97406,269.4319,1907.6727,0.7538848,1817.3704,-0.018140234
2781,1444,1335.971,860.5166,179275.171875,3367920.25,203.25832,376.95154,332.03046,2061.1814,0.7288747,1761.9355,-0.06232395
2782,1447,1337.5999,2434.4492,195014.5,3367904.0,186.16447,349.43607,242.13684,2063.0125,0.7898294,1794.1638,-0.066323645
2783,1312,1335.2058,2621.199,196881.984375,3367928.0,158.65167,313.41617,213.21722,2063.148,0.8122894,1797.9867,-0.06650793
2784,1492,1337.9645,2778.5142,198455.140625,3367900.25,180.55295,333.21112,234.17091,2011.6019,0.7915547,1801.2098,-0.048792858
2785,1254,1337.8118,1044.035,181110.34375,3367902.0,201.87639,379.14435,293.95615,2330.638,0.77540255,1765.694,-0.13345154
2786,1358,1333.1731,1197.2385,182642.390625,3367948.25,225.80339,414.70914,332.34464,2240.6067,0.7435726,1768.828,-0.11200932
2787,1400,1335.7628,1515.7329,185827.328125,3367922.25,236.49142,433.66214,340.99713,2173.4844,0.73297304,1775.3507,-0.09533329
2788,1222,1334.0212,2140.7815,192077.8125,3367939.75,533.4885,771.2267,798.8985,2134.5696,0.46023563,1788.1482,-0.074876346
2789,1384,1335.9451,3363.6511,204306.515625,3367920.5,871.09503,1138.0264,1209.2164,2235.0693,0.29866877,1813.1919,-0.092570014
2790,1107,1333.8618,4023.7397,210907.40625,3367941.5,330.0831,499.5718,459.29404,1932.3993,0.6230073,1826.7101,-0.016218524
2791,1431,1340.3599,1687.4326,187544.328125,3367876.5,516.4025,742.4836,801.7456,2086.0679,0.47119835,1778.869,-0.07079434
2792,1137,1339.0184,2716.4019,197834.015625,3367889.75,163.8197,323.76782,210.97537,2202.5674,0.8240128,1799.9385,-0.096625365
2793,1578,1339.1362,2858.9626,199259.625,3367888.75,266.5678,459.04498,396.15906,2053.0032,0.68759495,1802.858,-0.05603318
2794,1424,1339.8561,3017.3428,200843.421875,3367881.5,480.47263,701.3107,662.92523,2259.171,0.5548103,1806.1018,-0.09934715
2795,1353,1337.9076,910.0237,179770.234375,3367901.0,266.61346,460.67627,414.19733,2123.5005,0.6758162,1762.9503,-0.06765033
2796,1281,1336.5698,3440.1436,205071.4375,3367914.25,524.41766,724.44226,805.70807,2158.1733,0.45460352,1814.7589,-0.07576827
2797,1491,1336.6841,4870.75,219377.5,3367913.25,382.65292,582.1509,584.85547,2453.6797,0.60556024,1844.0607,-0.12160705
2798,1287,1336.5214,5080.4233,221474.234375,3367914.75,315.4627,507.0,435.8419,2558.7856,0.7099614,1848.3556,-0.14571542
2799,1326,1341.4298,3616.5278,206835.28125,3367865.75,399.78244,570.1844,585.7349,2078.4592,0.5991465,1818.374,-0.056614652
2800,1300,1344.9246,5174.237,222412.375,3367830.75,177.77193,316.15576,258.2,1918.77,0.76473,1850.2817,-0.009696327
2801,1476,1340.9126,1313.0643,183800.640625,3367870.75,157.74323,336.57724,225.62534,2274.5977,0.8192534,1771.2041,-0.12262389
2802,1192,1339.9261,1448.0897,185150.890625,3367880.75,181.02684,361.9396,247.8968,2137.1226,0.7888001,1773.9681,-0.08627938
2803,1116,1334.4283,1904.3961,189713.96875,3367935.75,544.55194,845.39874,836.681,2383.493,0.47558716,1783.3081,-0.1343381
2804,1071,1338.8226,2057.2642,191242.640625,3367891.75,493.141,784.4706,764.4967,2637.9653,0.5650713,1786.4408,-0.18504873
2805,1533,1342.0509,3315.2114,203822.109375,3367859.5,816.63275,1084.423,1237.1128,2215.5417,0.28413615,1812.2032,-0.095849656
2806,1322,1339.6172,4785.776,218527.75,3367883.75,507.71823,710.0208,766.81995,2096.0854,0.4657073,1842.3217,-0.051883083
2807,1384,1340.3619,1159.9609,182269.609375,3367876.5,199.63583,376.5253,286.16907,2139.1582,0.7628077,1768.0691,-0.09011075
2808,1296,1341.6257,2217.4714,192844.71875,3367863.75,162.32098,330.58795,228.83643,1875.3241,0.7833535,1789.723,-0.018059477
2809,1244,1343.8376,1809.9775,188769.78125,3367841.5,507.42282,764.99036,710.79987,2107.5715,0.49103248,1781.3802,-0.078288995
2810,1128,1340.3768,2181.6118,192486.125,3367876.25,212.06738,381.7562,304.76862,1915.1978,0.7373873,1788.988,-0.027147241
2811,1467,1344.7164,2932.2515,199992.515625,3367832.75,333.54498,532.9424,511.8105,2002.8224,0.6177902,1804.362,-0.04153682
2812,1180,1342.2593,4084.4,211514.0,3367857.5,208.3377,377.41272,271.43982,2039.6509,0.76297426,1827.957,-0.04691511
2813,1715,1344.4811,4829.774,218967.734375,3367835.25,635.2557,867.5382,944.77466,2237.7798,0.44116634,1843.2255,-0.07741874
2814,1391,1342.4486,566.6686,176336.6875,3367855.5,275.60028,459.04672,442.88928,2067.7878,0.6493928,1755.9236,-0.055418313
2815,1533,1345.5029,2393.775,194607.75,3367825.0,291.18396,491.85715,471.33984,1998.6641,0.6507748,1793.3354,-0.048572097
2816,1209,1342.5591,3980.8115,210478.125,3367854.5,345.76428,530.81885,470.14557,2268.9236,0.656824,1825.8356,-0.09569027
2817,1031,1343.4927,3946.933,210139.328125,3367845.0,287.01746,451.18332,329.36905,2264.5703,0.7424844,1825.1422,-0.0943116
2818,1382,1344.8654,1119.3307,181863.3125,3367831.25,190.07309,376.37265,277.42114,2196.895,0.77485764,1767.2399,-0.1038186
2819,1311,1347.077,1583.4233,186504.234375,3367809.25,208.24791,396.36307,281.6575,2037.495,0.7550321,1776.7433,-0.062858135
2820,1081,1348.9565,3146.0852,202130.84375,3367790.5,661.8256,942.1351,1079.6906,2385.2007,0.3816295,1808.7435,-0.13519637
2821,1323,1349.3204,3245.8586,203128.59375,3367786.75,838.6504,1126.9127,1292.0245,2258.8372,0.2793421,1810.787,-0.10657868
2822,1175,1348.4213,1482.6783,185496.78125,3367795.75,184.50809,356.2298,252.34128,2067.1753,0.78310126,1774.6814,-0.07130288
2823,1546,1350.1967,2284.731,193517.3125,3367778.0,274.60284,492.67657,424.98642,2165.2788,0.692376,1791.1052,-0.083367035
2824,1132,1350.0203,2685.6582,197526.578125,3367779.75,157.13869,315.71112,210.14577,2150.8455,0.82111895,1799.3152,-0.0857254
2825,1148,1349.69,3815.8572,208828.5625,3367783.0,574.8807,800.00305,921.9665,2166.6921,0.4131257,1822.4609,-0.08054349
2826,1194,1348.7236,3888.9507,209559.5,3367792.75,219.88023,371.06448,279.77136,2110.897,0.7653839,1823.9575,-0.07032695
2827,1452,1353.2975,4614.0015,216810.015625,3367747.0,256.86053,441.38876,381.42526,2136.6685,0.7075669,1838.8104,-0.058052007
2828,1229,1350.8145,1009.5273,180765.265625,3367771.75,191.68349,373.19284,289.05206,2280.9854,0.77516663,1764.9954,-0.12144582
2829,1252,1351.3298,4575.742,216427.421875,3367766.75,253.19089,419.42972,335.73602,2075.6577,0.7201074,1838.0258,-0.04755796
2830,1267,1348.3236,1235.0363,183020.359375,3367796.75,182.19179,355.5012,276.0584,2189.6023,0.7757716,1769.611,-0.10480495
2831,1274,1350.1547,2540.8586,196078.59375,3367778.5,185.22998,349.60596,238.76923,2122.9316,0.7950019,1796.3501,-0.0733097
2832,1211,1355.6829,3468.7126,205357.125,3367723.25,556.2886,759.57184,882.8898,1984.4843,0.3853216,1815.3546,-0.04069545
2833,1339,1353.2524,3649.3682,207163.6875,3367747.5,276.1333,426.07803,312.08963,2230.7283,0.75229055,1819.0531,-0.093868874
2834,1242,1354.0813,1381.7262,184487.265625,3367739.25,171.33173,344.64252,245.36151,2091.889,0.7883637,1772.6178,-0.07778941
2835,1575,1357.5391,2893.1162,199601.15625,3367704.5,294.8508,503.27936,463.66095,2068.301,0.65300184,1803.5679,-0.059269406
2836,1146,1349.8115,3055.0095,201220.09375,3367782.0,531.53406,804.661,816.5349,2477.0664,0.50775135,1806.8789,-0.15013085
2837,1296,1353.6273,826.23535,178932.359375,3367743.75,215.00694,381.79706,358.95755,1977.7253,0.69786453,1761.2444,-0.046528276
2838,1397,1356.0193,939.2563,180062.5625,3367719.75,249.22263,493.22476,373.7738,2727.9062,0.75868034,1763.5598,-0.1874554
2839,1375,1357.8531,1416.8021,184838.015625,3367701.5,195.97163,383.22327,278.72437,2150.7302,0.76903373,1773.3381,-0.08409357
2840,1202,1353.3718,4119.8843,211868.84375,3367746.25,211.8852,368.18677,287.16888,1934.0411,0.7375695,1828.6898,-0.0144785615
2841,1538,1357.1587,2355.3596,194223.59375,3367708.5,280.42,472.51627,446.70157,1954.0533,0.6595584,1792.5555,-0.038256373
2842,1159,1354.9362,3855.2527,209222.53125,3367730.75,309.07852,472.61044,386.2157,2250.662,0.71537143,1823.2708,-0.10127424
2843,1126,1356.0133,2650.913,197179.125,3367719.75,165.135,331.54175,225.26643,2133.9006,0.8087367,1798.607,-0.08183453
2844,1216,1358.3323,3177.7812,202447.8125,3367696.75,606.35486,872.52014,946.3125,2288.6978,0.41631037,1809.398,-0.11374215
2845,1232,1353.9164,3407.1501,204741.5,3367740.75,529.1587,748.2987,804.6059,2231.6428,0.4739362,1814.0928,-0.09765646
2846,1316,1360.2401,2117.9612,191849.609375,3367677.5,614.098,982.3731,1019.5562,2905.8564,0.48472708,1787.6962,-0.2337949
2847,1569,1360.9401,4751.6055,218186.0625,3367670.5,456.3802,645.56055,653.7253,2114.591,0.5401947,1841.633,-0.058575097
2848,1511,1357.139,4911.404,219784.03125,3367708.5,358.6959,549.54266,481.26605,2554.503,0.67029476,1844.9043,-0.13840486
2849,1368,1360.9868,5022.9326,220899.328125,3367670.25,325.5318,507.7193,500.5391,2218.831,0.6344932,1847.1908,-0.08222832
2850,1341,1358.874,1544.8002,186118.0,3367691.25,191.28635,369.4847,261.84937,2153.633,0.78144187,1775.9595,-0.09224107
2851,1326,1359.4186,1958.9834,190259.828125,3367685.75,611.6146,901.4178,950.89746,2426.8499,0.4403362,1784.4404,-0.14852403
2852,1162,1358.6472,2003.5164,190705.15625,3367693.5,597.1429,891.8821,943.08606,2322.6619,0.42167795,1785.3518,-0.12159451
2853,1463,1362.527,1843.4662,189104.65625,3367654.75,457.37866,728.25085,678.73,2321.87,0.5465837,1782.0769,-0.12139066
2854,1236,1362.8617,3585.7224,206527.21875,3367651.5,219.29167,366.03195,275.0801,1990.7463,0.76026475,1817.7549,-0.04044202
2855,1009,1359.5679,4010.219,210772.1875,3367684.25,327.5317,501.6804,484.4777,2028.622,0.62258804,1826.4471,-0.044694316
2856,1435,1364.8989,4217.667,212846.671875,3367631.0,372.16968,557.66376,480.26724,2434.552,0.66338253,1830.6989,-0.12188406
2857,1394,1364.7152,884.26544,179512.65625,3367632.75,225.93185,409.71664,362.83716,2124.1348,0.71085846,1762.4392,-0.08015234
2858,1335,1360.5311,1649.7161,187167.15625,3367674.75,218.0397,394.29813,293.9678,2024.6449,0.74497825,1778.1086,-0.061518922
2859,1184,1361.1621,1919.728,189867.28125,3367668.5,563.72296,849.5397,827.5253,2372.2036,0.47852278,1783.6377,-0.13432246
2860,1203,1360.1929,3758.6775,208256.78125,3367678.0,307.93765,474.93268,424.2469,2064.5515,0.68099564,1821.2957,-0.054545827
2861,1167,1362.9426,4539.1807,216061.8125,3367650.5,282.69623,434.72964,331.40018,2184.7288,0.7353972,1837.2831,-0.06255211
2862,1357,1363.2594,5142.3574,222093.578125,3367647.5,265.25055,436.0759,351.0969,2383.7808,0.74060565,1849.6383,-0.11000165
2863,1106,1363.3517,1783.9963,188509.96875,3367646.5,564.5154,821.6736,843.7902,2200.029,0.4502181,1780.8597,-0.100860685
2864,1326,1362.4781,1879.7014,189467.015625,3367655.25,654.9751,927.0098,958.5249,2080.4246,0.3659467,1782.8188,-0.06969752
2865,1337,1362.5415,2748.6462,198156.46875,3367654.5,178.30142,338.04114,238.89903,1993.6515,0.78777254,1800.6122,-0.04730586
2866,1348,1362.5757,3688.2017,207552.015625,3367654.25,214.283,361.74628,246.62834,2074.062,0.7850872,1819.8536,-0.056404654
2867,1393,1363.8457,2503.2498,195702.5,3367641.5,216.44939,394.7064,299.82626,2116.3352,0.75348365,1795.5878,-0.071530506
2868,1221,1363.2941,3113.4348,201804.34375,3367647.0,656.5782,947.5471,1032.0917,2569.0044,0.42988163,1808.0829,-0.17022337
2869,1197,1366.2582,3343.1252,204101.25,3367617.5,603.27985,852.91187,888.0472,2454.761,0.47359765,1812.7885,-0.13935627
2870,1270,1362.0543,4051.7952,211187.953125,3367659.5,285.20276,460.6181,351.937,2255.3015,0.726867,1827.3,-0.087622836
2871,1302,1364.4977,1347.0721,184140.71875,3367635.0,151.7404,324.83255,213.37634,2132.4055,0.817381,1771.9144,-0.0894866
2872,1166,1361.8225,2585.9604,196529.609375,3367661.75,154.44855,312.13895,203.71355,2081.1184,0.82095975,1797.2803,-0.07043355
2873,1289,1367.0388,2959.6384,200266.390625,3367609.5,565.44257,879.8541,866.5043,2628.1172,0.501554,1804.9355,-0.1794803
2874,1222,1365.342,3544.3716,206113.71875,3367626.5,259.81833,413.40997,331.3085,1951.0769,0.7161561,1816.9094,-0.030355353
2875,1145,1360.8436,1080.1362,181471.359375,3367671.5,198.52925,393.00348,300.14148,2375.4043,0.77570057,1766.447,-0.14297177
2876,1241,1366.8597,1748.3142,188153.140625,3367611.5,570.6205,828.4851,897.3691,2211.3958,0.42349404,1780.1312,-0.10073732
2877,1198,1367.0476,2040.3147,191073.140625,3367609.5,573.9616,909.72034,932.0943,2558.2087,0.46982977,1786.1102,-0.17218672
2878,1191,1366.7062,2158.2493,192252.5,3367613.0,589.9874,865.66583,901.89923,2358.053,0.45347777,1788.5249,-0.118811816
2879,1526,1366.612,2248.274,193152.734375,3367614.0,457.35452,760.9567,776.55634,2532.095,0.5489217,1790.3682,-0.16298439
2880,1279,1368.1282,3211.6763,202786.765625,3367598.75,833.5411,1092.3339,1237.0188,2096.3271,0.273184,1810.0975,-0.06885161
2881,1320,1367.1864,5064.2734,221312.734375,3367608.25,394.85303,594.6629,598.5735,2401.6897,0.6021999,1848.0409,-0.12178284
2882,1412,1371.2947,3726.6926,207936.921875,3367567.0,226.10623,363.4692,260.07187,2042.2319,0.77064764,1820.6467,-0.047824863
2883,1260,1365.9254,4986.285,220532.84375,3367620.75,259.35754,438.00595,394.90872,2277.2944,0.70435244,1846.4427,-0.094810285
2884,1343,1368.583,5105.099,221721.0,3367594.25,257.56256,416.82092,366.57782,2138.7935,0.7066083,1848.8778,-0.059616502
2885,1334,1370.6559,1710.9797,187779.796875,3367573.5,499.67242,763.2144,757.9513,2264.6753,0.5358848,1779.369,-0.11205423
2886,1166,1370.8645,3377.6594,204446.59375,3367571.25,596.5536,824.89795,906.6587,2235.9712,0.4289466,1813.4983,-0.10025683
2887,1280,1366.9867,4154.078,212210.78125,3367610.25,258.35822,421.77383,366.13983,1971.2375,0.6885378,1829.3976,-0.023298379
2888,1286,1368.5948,2080.536,191475.359375,3367594.0,620.0638,991.28925,1009.11584,2920.779,0.49278522,1786.9347,-0.23725249
2889,1400,1366.4879,2815.4915,198824.90625,3367615.0,177.33214,364.16928,232.29643,2124.7393,0.80185944,1801.9833,-0.07536335
2890,1263,1366.4102,4951.367,220183.671875,3367616.0,387.8254,550.2423,560.5713,1983.6211,0.5640768,1845.7278,-0.02099638
2891,1241,1369.6818,972.8614,180398.609375,3367583.25,207.02014,403.02902,297.4279,2287.681,0.7693478,1764.256,-0.112334564
2892,1353,1370.9564,3503.479,205704.78125,3367570.5,510.6334,736.04987,807.02844,2129.2373,0.45050427,1816.0751,-0.0734056
2893,1155,1370.9498,3791.3342,208583.34375,3367570.5,531.87836,754.22076,878.9325,2132.4307,0.4279716,1821.9703,-0.07446603
2894,1444,1371.2327,1275.7749,183427.75,3367567.75,167.87743,342.8788,243.14682,2254.2437,0.80472076,1770.4586,-0.11842369
2895,1480,1372.4108,2319.7979,193867.984375,3367556.0,413.34256,655.6034,714.05133,2188.3184,0.5542028,1791.8362,-0.09250802
2896,1520,1372.0355,3282.7124,203497.125,3367559.75,800.38983,1036.4161,1095.9026,2205.8086,0.3444746,1811.5544,-0.08772441
2897,1273,1370.7368,3916.256,209832.5625,3367572.75,238.97644,395.6901,296.38412,2198.3127,0.7619977,1824.5288,-0.08981709
2898,1412,1369.4512,1195.842,182628.421875,3367585.5,184.1381,355.08145,273.9391,2144.9377,0.77300614,1768.821,-0.09335488
2899,1282,1373.1887,2195.4165,192624.15625,3367548.0,475.43683,746.7933,780.17865,2307.5383,0.52295667,1789.2897,-0.113771886
2900,1503,1374.3853,2463.803,195308.03125,3367536.25,224.69727,400.98203,323.04922,2068.921,0.736734,1794.786,-0.06328668
2901,1232,1373.0925,3080.6177,201476.171875,3367549.0,611.6039,916.9136,928.0272,2578.476,0.47194892,1807.4164,-0.17252629
2902,1386,1371.8103,4794.9517,218619.515625,3367562.0,539.6158,752.64465,796.51263,2270.4744,0.50627935,1842.5267,-0.094154075
2903,1362,1375.1681,1612.9589,186799.59375,3367528.25,202.0815,379.64465,265.70264,2118.4707,0.7750799,1777.3646,-0.083754614
2904,1465,1375.0901,2425.5337,194925.34375,3367529.0,243.80682,429.0512,362.82526,2030.2928,0.7098945,1794.0028,-0.05419317
2905,1127,1372.1854,2619.1145,196861.140625,3367558.25,162.65483,336.9858,220.56345,2157.205,0.8137259,1797.9652,-0.08705304
2906,1513,1377.7753,2998.413,200654.125,3367502.25,552.3619,817.0076,846.928,2427.8281,0.48625636,1805.7356,-0.13861103
2907,1276,1375.6403,4185.3237,212523.234375,3367523.5,418.88834,632.2994,672.453,2283.9897,0.55281425,1830.0422,-0.10414661
2908,1358,1372.5891,4872.6504,219396.5,3367554.0,341.01584,526.662,470.9816,2476.2175,0.677299,1844.1187,-0.13152836
2909,1312,1374.6235,1152.8483,182198.484375,3367533.75,257.29346,448.1166,372.0846,2131.939,0.7077919,1767.944,-0.08483118
2910,1315,1375.6708,1455.8267,185228.265625,3367523.25,159.5711,332.55057,232.04639,2122.3057,0.80195475,1774.1477,-0.08640112
2911,1285,1377.8856,3035.772,201027.71875,3367501.25,578.2089,857.9984,854.57196,2580.042,0.50020945,1806.5007,-0.16819046
2912,1135,1374.2458,3955.6282,210226.28125,3367537.5,236.72775,410.6282,297.7696,2155.1868,0.7561647,1825.337,-0.0758082
2913,1288,1374.9945,1042.6102,181096.109375,3367530.0,189.87656,368.868,289.77795,2220.9915,0.7684354,1765.6871,-0.105147436
2914,1426,1378.244,1500.312,185673.125,3367497.5,207.37938,390.53787,303.09677,2072.4854,0.7475603,1775.06,-0.0707979
2915,1115,1378.8547,2556.9346,196239.34375,3367491.5,161.5435,324.18835,207.98744,2144.7578,0.82189244,1796.6957,-0.083666205
2916,1159,1375.1847,2715.1562,197821.5625,3367528.25,304.82397,501.44952,470.2502,2030.6403,0.66053945,1799.9336,-0.057069883
2917,1524,1379.8629,2851.3071,199183.0625,3367481.25,315.16272,531.1489,536.6798,2112.4783,0.63354295,1802.7244,-0.073032394
2918,1404,1380.4038,844.5812,179115.8125,3367476.0,200.35612,380.1104,333.33405,2054.824,0.7244391,1761.6362,-0.060913578
2919,1265,1377.8363,3440.0908,205070.90625,3367501.75,529.9968,745.9423,811.2929,2029.5253,0.43209538,1814.7808,-0.052091423
2920,1293,1378.799,1311.5043,183785.046875,3367492.0,160.7819,335.64578,225.76025,2219.4849,0.81512845,1771.1947,-0.11034847
2921,1426,1381.479,2780.218,198472.1875,3367465.25,321.04138,544.95795,483.91025,2081.7686,0.6460104,1801.2695,-0.065733805
2922,1272,1378.945,4088.6565,211556.5625,3367490.5,277.60614,444.02634,338.807,2159.6992,0.72500753,1828.0642,-0.06334563
2923,1199,1379.3654,1115.5038,181825.03125,3367486.25,197.67307,386.52795,298.87073,2169.2144,0.7584663,1767.1821,-0.097222395
2924,1346,1384.0453,1675.8967,187428.96875,3367439.5,487.49554,717.30536,775.6531,2073.6062,0.5197432,1778.6586,-0.06662844
2925,1169,1381.3148,3832.5159,208995.15625,3367466.75,385.44653,564.96063,521.14844,2268.8943,0.6387297,1822.8195,-0.10339152
2926,1367,1385.659,4508.4644,215754.640625,3367423.5,246.6646,408.16678,302.72568,2162.4602,0.75309134,1836.6661,-0.06539126
2927,1432,1382.9448,3615.1125,206821.125,3367450.5,371.75104,573.6505,521.59845,2232.3928,0.6299507,1818.3679,-0.0916426
2928,1199,1379.5247,1237.1467,183041.46875,3367484.75,175.67056,345.27023,261.92078,2166.6548,0.7839908,1769.6727,-0.099339575
2929,1297,1383.2906,1576.3639,186433.640625,3367447.0,193.0077,365.43176,254.67232,2169.9075,0.7880596,1776.6201,-0.09538981
2930,1075,1384.6354,1985.2233,190522.234375,3367433.75,703.74695,1013.134,1081.1796,2164.869,0.33811983,1784.9924,-0.08222216
2931,1084,1382.6707,3989.1218,210561.21875,3367453.25,343.86624,520.6559,444.1047,2202.344,0.65814835,1826.0276,-0.076475635
2932,1240,1382.5065,4586.7905,216537.90625,3367455.0,210.01492,372.4891,288.55807,2021.2145,0.75060904,1838.2687,-0.038190838
2933,1426,1385.6663,4839.9,219069.0,3367423.25,379.55997,568.703,529.39026,2321.6775,0.63102084,1843.4547,-0.10123084
2934,1391,1389.624,913.8059,179808.0625,3367383.75,236.24371,475.97125,360.32278,2709.516,0.76251614,1763.059,-0.17727469
2935,1583,1386.9059,2383.101,194501.015625,3367411.0,434.46872,692.6753,747.079,2213.4062,0.5457745,1793.1407,-0.09335279
2936,1277,1386.325,1811.1942,188781.9375,3367416.75,563.1864,839.45105,900.52386,2373.4746,0.45327753,1781.43,-0.13669528
2937,1272,1384.9497,3875.192,209421.921875,3367430.5,253.66116,404.8467,310.25748,2146.535,0.74721026,1823.6956,-0.078475006
2938,1161,1383.0233,4403.665,214706.65625,3367449.75,340.35486,524.10034,408.97717,2440.5164,0.7109446,1834.5182,-0.11655877
2939,1087,1384.1288,1004.76447,180717.640625,3367438.75,186.90433,376.3036,284.51334,2234.9182,0.7737156,1764.9178,-0.10834354
2940,1083,1384.2604,2679.242,197462.421875,3367437.5,300.675,503.6445,473.30746,2019.7941,0.6475538,1799.2032,-0.051531725
2941,1563,1389.4722,2924.657,199916.5625,3367385.25,473.24792,785.5643,761.3461,2475.7493,0.5302644,1804.2318,-0.15084217
2942,1172,1384.1613,3243.1143,203101.140625,3367438.5,946.15356,1181.6741,1251.244,2124.1238,0.2635736,1810.7504,-0.071639754
2943,1292,1387.8762,3319.449,203864.484375,3367401.25,563.52246,788.97565,855.8077,2288.0657,0.4629735,1812.3157,-0.109561756
2944,1444,1387.1052,5171.5806,222385.8125,3367409.0,249.01628,415.5114,345.527,2213.41,0.7280558,1850.2494,-0.07681413
2945,1211,1383.7366,3145.6375,202126.375,3367442.75,657.76013,873.7779,975.2312,2074.4546,0.37490067,1808.7539,-0.065036565
2946,1149,1389.8398,4025.6013,210926.015625,3367381.5,351.6175,528.943,495.3207,2095.0588,0.61873454,1826.7787,-0.05930569
2947,1391,1388.9784,3656.547,207235.46875,3367390.25,234.04025,376.9547,287.3609,1979.3789,0.7441201,1819.2198,-0.03274851
2948,1527,1391.9286,4719.9487,217869.484375,3367360.75,493.7983,690.7544,693.8304,2299.045,0.5375954,1841.0011,-0.0916521
2949,1063,1389.1195,1933.6482,190006.484375,3367388.75,697.6595,979.8457,1028.8335,2203.399,0.3595996,1783.939,-0.09684854
2950,1280,1395.2766,2218.6055,192856.0625,3367327.25,626.91565,920.13904,929.1188,2533.0383,0.45234197,1789.7773,-0.1539531
2951,1219,1393.3438,2526.2214,195932.21875,3367346.5,166.0525,332.6415,222.12961,2121.8557,0.8107171,1796.0751,-0.0790174
2952,1323,1392.879,1535.0106,186020.109375,3367351.25,181.52155,359.59183,248.81482,2209.6545,0.79670984,1775.7792,-0.10622453
2953,1222,1389.072,4123.4663,211904.65625,3367389.25,265.7553,434.39444,337.53314,2161.96,0.7230058,1828.7826,-0.062199593
2954,1623,1394.4812,2288.9507,193559.5,3367335.25,605.19965,926.95685,1059.541,2546.361,0.42157635,1791.2173,-0.16684367
2955,1259,1393.4854,3566.6648,206336.65625,3367345.25,316.54807,484.4551,448.46188,1986.0592,0.64039236,1817.3816,-0.036415152
2956,1466,1391.6998,1383.12,184501.203125,3367363.0,154.98158,333.0423,222.4543,2186.7266,0.8138239,1772.6686,-0.10002742
2957,1011,1390.6212,2649.1663,197161.65625,3367373.75,346.26608,580.50146,563.3808,2262.5303,0.6278674,1798.5911,-0.10676312
2958,1178,1391.0288,3407.7139,204747.140625,3367369.75,458.68292,651.1647,718.10443,2042.4167,0.48459855,1814.125,-0.056928307
2959,1224,1393.2646,4547.7583,216147.578125,3367347.25,242.14256,395.19363,304.19647,2041.1854,0.7378627,1837.475,-0.039984263
2960,1243,1395.7338,4901.297,219682.96875,3367322.75,489.0378,666.609,681.94366,2062.2063,0.51451445,1844.7177,-0.041077018
2961,1234,1396.2764,4934.7275,220017.28125,3367317.25,339.44733,495.52026,491.47,1839.6997,0.5912065,1845.4027,0.014803202
2962,1315,1396.7118,5045.574,221125.75,3367313.0,415.2175,595.2669,644.6365,1996.7472,0.51383007,1847.6733,-0.027842894
2963,1264,1396.8148,947.6582,180146.578125,3367311.75,218.5269,436.69778,318.52454,2482.288,0.7714439,1763.7563,-0.14242062
2964,1360,1395.4662,1423.1824,184901.828125,3367325.25,165.55368,346.68307,243.35368,2118.7346,0.79137117,1773.4911,-0.080436416
2965,1258,1397.5771,1899.7957,189667.953125,3367304.25,661.062,940.00793,1028.1804,1948.3737,0.30512294,1783.2509,-0.036260165
2966,1166,1395.9417,2017.5497,190845.5,3367320.5,669.8285,974.4194,1024.2821,2207.1973,0.36793673,1785.6609,-0.09373009
2967,1336,1395.9558,3471.9902,205389.90625,3367320.5,571.38586,791.0262,864.1145,2118.338,0.42602888,1815.4441,-0.07302176
2968,1037,1390.8428,1078.2198,181452.203125,3367371.5,184.1215,367.5082,279.77917,2220.9663,0.77673936,1766.4258,-0.10874501
2969,1373,1396.96,2887.014,199540.140625,3367310.5,509.70648,814.3554,922.9585,2339.2798,0.43435112,1803.4652,-0.12414375
2970,1198,1397.1812,3528.0242,205950.25,3367308.25,407.60892,606.8819,592.0709,2131.6235,0.5720798,1816.5923,-0.07507903
2971,1267,1397.5272,5007.4595,220744.59375,3367304.75,398.80112,574.7277,562.66064,2049.413,0.5820647,1846.8931,-0.03981698
2972,1294,1399.2937,1866.0657,189330.65625,3367287.0,532.50775,805.89026,844.1298,2236.7117,0.45338145,1782.5612,-0.10396626
2973,1323,1396.7423,3180.6545,202476.546875,3367312.5,961.65643,1205.5938,1288.2845,2069.7664,0.24565208,1809.4783,-0.058696307
2974,1282,1397.4977,3699.816,207668.15625,3367305.0,316.96802,486.06982,378.38962,2254.8748,0.7074348,1820.1107,-0.07310256
2975,1217,1397.0748,1774.7946,188417.9375,3367309.25,587.6623,846.97784,921.0123,2284.304,0.42765623,1780.6912,-0.11598196
2976,1224,1395.6372,2117.446,191844.46875,3367323.75,632.40607,994.89215,1000.6323,2858.2107,0.48878363,1787.7062,-0.22847225
2977,1166,1396.4159,2152.259,192192.59375,3367315.75,699.2401,1043.8619,1088.5369,2746.271,0.42702976,1788.4194,-0.20033835
2978,1159,1396.8007,2594.0422,196610.421875,3367312.0,194.81277,388.81192,276.8542,2197.6782,0.78081983,1797.4658,-0.09714221
2979,1258,1397.5088,3764.3926,208313.921875,3367305.0,517.93085,735.8883,811.1177,2118.6582,0.47279826,1821.4332,-0.067945786
2980,1625,1401.7397,4762.579,218295.78125,3367262.5,541.6311,742.04956,787.68,2083.731,0.4810336,1841.8795,-0.051634803
2981,1359,1401.3569,1639.3054,187063.0625,3367266.5,345.58865,554.9485,528.1626,2105.5798,0.6458067,1777.9196,-0.07799759
2982,1118,1398.1655,4057.6414,211246.40625,3367298.25,356.15518,530.80457,445.98212,2296.871,0.6667278,1827.4395,-0.09578634
2983,1039,1404.4908,4383.466,214504.65625,3367235.0,455.40616,676.59045,525.5813,2896.4568,0.6920597,1834.1161,-0.20265779
2984,1374,1401.6266,5086.9023,221539.03125,3367263.75,421.2591,628.00366,636.54224,2341.4639,0.5733109,1848.5225,-0.106370576
2985,1211,1401.0364,1180.2428,182472.421875,3367269.75,172.52519,339.27414,260.0421,2095.4807,0.7789333,1768.5206,-0.08112136
2986,1178,1400.8362,2051.735,191187.34375,3367271.75,610.8217,917.84973,988.0178,2207.276,0.37996897,1786.3638,-0.09763639
2987,1715,1405.1283,2344.007,194110.0625,3367228.75,624.5108,957.9994,1109.1976,2523.073,0.4091444,1792.3507,-0.16347934
2988,1194,1401.3785,4808.055,218750.546875,3367266.25,513.8388,692.14154,695.5582,2151.966,0.5250615,1842.8108,-0.06976039
2989,1452,1402.2837,5127.4937,221944.9375,3367257.25,352.84744,553.47797,484.91632,2478.501,0.67030114,1849.3542,-0.11192196
2990,1258,1401.4094,1736.0079,188030.078125,3367266.0,341.74802,569.14624,503.84183,2127.505,0.63390356,1779.8995,-0.08474568
2991,1361,1403.3329,2491.3674,195583.671875,3367246.75,244.55107,446.1602,364.70905,2163.9492,0.7321007,1795.3671,-0.0869079
2992,1083,1401.8125,3935.3167,210023.171875,3367262.0,248.78024,404.13852,306.12143,2203.7908,0.75575334,1824.9362,-0.09225542
2993,1446,1405.9855,4236.3867,213033.875,3367220.25,482.53943,682.0149,655.2061,2300.52,0.54304993,1831.1045,-0.089450546
2994,1293,1400.0881,1343.3953,184103.953125,3367279.0,143.30936,317.29468,208.41917,2110.2188,0.8193981,1771.8604,-0.084305525
2995,1095,1403.7653,1961.9352,190289.34375,3367242.25,751.3543,1043.6073,1135.0146,2123.136,0.30748183,1784.5267,-0.0784733
2996,1338,1404.068,2738.796,198057.953125,3367239.25,370.97757,583.4828,573.1345,2054.0,0.5999598,1800.4341,-0.058273662
2997,1262,1403.5515,3064.5317,201315.3125,3367244.5,604.88153,846.79517,886.38513,2339.0425,0.4511834,1807.1041,-0.11940063
2998,1340,1401.6881,3108.8066,201758.0625,3367263.0,857.3798,1088.8761,1220.9321,2062.9617,0.2766444,1808.0098,-0.06290236
2999,1297,1402.9823,3361.9575,204289.578125,3367250.25,550.8605,760.20776,836.4642,2055.0159,0.43032348,1813.1946,-0.059470218
3000,1311,1403.5522,4972.3394,220393.390625,3367244.5,424.29062,588.97485,584.04083,1918.1309,0.5390929,1846.1769,-0.008116939
3001,1321,1403.3823,880.592,179475.921875,3367246.25,210.2445,401.84103,334.2801,2149.8955,0.73015726,1762.3873,-0.08283264
3002,1265,1401.3763,2964.9993,200320.0,3367266.25,551.3166,849.2024,875.5411,2540.1162,0.48846194,1805.0647,-0.16355342
3003,1164,1403.1245,3802.4236,208694.234375,3367248.75,578.59534,800.36127,894.58417,2094.8032,0.41700315,1822.2152,-0.062259886
3004,1337,1406.0486,4433.4404,215004.40625,3367219.5,340.17615,536.0744,419.81375,2595.6624,0.7192832,1835.1404,-0.15640461
3005,1247,1406.053,1218.4996,182855.0,3367219.5,175.05614,338.4186,254.24619,2102.449,0.78337204,1769.3068,-0.08230141
3006,1114,1403.1338,2084.6274,191516.28125,3367248.75,548.1733,873.7406,840.06824,2590.5513,0.51161593,1787.0386,-0.17487521
3007,1436,1407.1476,2252.3203,193193.203125,3367208.5,681.0237,1014.819,1128.5299,2607.0132,0.39951846,1790.4745,-0.17737062
3008,1240,1409.2742,1833.9088,189009.09375,3367187.25,585.2565,872.3226,956.51776,2354.1855,0.431604,1781.9086,-0.13223645
3009,1132,1407.2323,3903.5405,209705.40625,3367207.75,235.77296,385.68463,269.98764,2238.6724,0.78353965,1824.2883,-0.09619173
3010,1361,1408.9993,1261.3563,183283.5625,3367190.0,152.98016,324.651,226.13078,2194.1108,0.81258535,1770.186,-0.10471847
3011,1324,1408.074,1468.6133,185356.125,3367199.25,173.42296,337.29532,252.8716,1924.0114,0.7703733,1774.4287,-0.03481344
3012,1535,1406.2657,2814.3623,198813.625,3367217.25,456.56546,710.9498,801.75635,2104.9688,0.46974266,1801.9828,-0.07292419
3013,1218,1404.6034,4466.858,215338.578125,3367234.0,225.77011,370.91913,273.07553,2004.8514,0.75822884,1835.8241,-0.03248431
3014,1055,1408.0057,1025.5498,180925.5,3367200.0,179.40948,359.9365,272.38766,2139.3223,0.77403754,1765.3578,-0.084191844
3015,1040,1407.2423,2701.7932,197687.9375,3367207.5,450.83557,679.925,717.36346,2121.9048,0.51776683,1799.6782,-0.07037188
3016,1464,1409.4768,4159.925,212269.25,3367185.25,242.65846,409.13525,332.77118,2161.7644,0.73335433,1829.5404,-0.07850603
3017,1418,1410.5706,4199.292,212662.921875,3367174.25,333.59415,522.89703,502.0021,2126.7578,0.63810533,1830.3473,-0.065876536
3018,1187,1409.9823,982.2814,180492.8125,3367180.25,180.36479,364.6032,268.49115,2172.8054,0.78022194,1764.4731,-0.09191895
3019,1313,1409.0106,3213.8713,202808.71875,3367190.0,712.8469,921.31757,971.4459,2280.6824,0.40978175,1810.1654,-0.1073172
3020,1204,1410.4734,3259.5042,203265.046875,3367175.25,613.2251,831.34845,932.87665,2193.5208,0.4139238,1811.1007,-0.09136996
3021,1239,1410.1727,1141.4722,182084.71875,3367178.25,230.73688,429.8733,341.49716,2290.0896,0.73963314,1767.7323,-0.121406406
3022,1308,1411.7332,1701.1682,187681.6875,3367162.75,214.11162,409.7179,304.56573,2009.6001,0.7362881,1779.1923,-0.056128535
3023,1457,1414.9788,2184.2664,192512.65625,3367130.25,666.871,954.7927,1000.49963,2420.5586,0.40547153,1789.0856,-0.13331102
3024,1377,1410.1024,2417.3682,194843.6875,3367179.0,302.687,511.14597,478.2658,2063.5447,0.64647955,1793.8557,-0.05714379
3025,1249,1411.5653,3295.6526,203626.53125,3367164.25,614.0132,823.59485,915.3479,2081.6384,0.39691126,1811.8416,-0.066006295
3026,1068,1409.1349,3971.778,210387.78125,3367188.75,231.31836,382.73175,276.01965,2018.5018,0.7590003,1825.6869,-0.043227036
3027,1413,1413.2292,1297.7615,183647.609375,3367147.75,154.18188,331.80115,219.64543,2193.8267,0.8170227,1770.9338,-0.10361559
3028,1321,1413.8804,3735.3354,208023.359375,3367141.25,327.4701,492.86978,425.23734,2150.517,0.67614895,1820.8472,-0.070270374
3029,1053,1413.4435,1057.3561,181243.5625,3367145.5,178.85185,359.41595,272.49097,2165.8367,0.7766207,1766.0122,-0.092233464
3030,998,1410.3888,1104.6593,181716.59375,3367176.0,268.42285,463.85672,404.08618,2100.463,0.7074577,1766.9788,-0.07855373
3031,1094,1411.4908,2627.544,196945.4375,3367165.0,412.41226,658.70386,668.4159,2286.6746,0.5698704,1798.1602,-0.11170019
3032,1118,1411.0126,3843.3577,209103.578125,3367169.75,267.85242,420.32648,312.55276,2138.988,0.7442764,1823.0579,-0.07642538
3033,1332,1414.1163,3026.6997,200937.0,3367138.75,708.29016,1006.8153,1044.9655,2441.757,0.4014226,1806.3353,-0.14064895
3034,1395,1416.6659,1602.6509,186696.515625,3367113.25,183.36272,362.62292,259.65805,2143.7786,0.7834292,1777.1781,-0.091176145
3035,1578,1418.0298,2455.0747,195220.75,3367099.75,354.64005,597.45184,572.6489,2283.979,0.6379399,1794.6324,-0.108088434
3036,1202,1413.4792,2560.995,196279.953125,3367145.25,327.25458,553.06323,526.59235,2254.649,0.6474211,1796.7987,-0.106757514
3037,1339,1419.1367,5192.575,222595.75,3367088.75,251.58887,424.4522,372.05527,2209.6885,0.71134055,1850.6962,-0.082130216
3038,1243,1417.893,3499.7322,205667.3125,3367101.0,481.42197,670.79407,720.88416,2033.7571,0.49460858,1816.0244,-0.050905824
3039,1329,1422.8096,4693.0864,217600.859375,3367052.0,477.99133,662.94995,632.576,2258.3901,0.5577917,1840.4674,-0.08431296
3040,1404,1416.3269,4870.3276,219373.28125,3367116.75,498.15207,665.8864,637.03845,2272.8022,0.5405013,1844.0941,-0.06765431
3041,1241,1417.1362,1566.9259,186339.265625,3367108.75,177.74617,342.6962,241.00806,2091.5383,0.79242617,1776.4469,-0.07803777
3042,1249,1417.1553,2768.9182,198359.1875,3367108.5,411.44516,646.23456,676.79266,2212.771,0.552423,1801.0583,-0.09277248
3043,1210,1416.9818,4573.056,216400.5625,3367110.25,243.38264,410.35373,319.95,2052.5303,0.7313133,1838.0059,-0.047095284
3044,1044,1413.7117,847.0862,179140.859375,3367143.0,204.34674,403.92816,329.34674,2229.9817,0.7432533,1761.7076,-0.09496226
3045,1294,1417.8956,1504.0471,185710.46875,3367101.0,177.04637,356.38022,254.96213,2114.4026,0.78349686,1775.16,-0.08265716
3046,1132,1419.5645,3392.9849,204599.84375,3367084.25,397.96378,568.4461,548.485,1938.2686,0.5660598,1813.8392,-0.027594123
3047,1387,1418.3756,3435.6848,205026.84375,3367096.25,509.1406,710.18854,728.6806,2081.8372,0.49361023,1814.713,-0.06131192
3048,1239,1420.4956,3579.4004,206464.0,3367075.0,509.24374,741.50684,800.0904,2185.6978,0.48032618,1817.6573,-0.087824374
3049,1211,1418.654,4006.616,210736.15625,3367093.5,338.15854,502.5516,432.21884,1985.2456,0.6324063,1826.4055,-0.0232056
3050,1294,1418.2048,4085.6274,211526.28125,3367098.0,272.63794,455.33463,355.29327,2217.7793,0.7208439,1828.0234,-0.08334787
3051,1188,1418.4276,4497.5776,215645.78125,3367095.75,303.58167,487.58417,373.6494,2349.682,0.7218272,1836.4607,-0.10225654
3052,1480,1419.8912,4610.2725,216772.71875,3367081.0,393.86115,580.4003,559.9551,2141.2542,0.5988065,1838.7697,-0.06991874
3053,1416,1419.7952,2857.2336,199242.34375,3367082.0,533.3792,850.4668,930.13416,2572.9329,0.4704022,1802.8683,-0.16977318
3054,1346,1422.1338,2992.9902,200599.90625,3367058.75,659.66974,959.3837,1054.8395,2490.037,0.4115707,1805.6495,-0.1564063
3055,1213,1418.0791,3143.1162,202101.15625,3367099.25,841.46783,1099.0264,1177.1934,2211.6875,0.319052,1808.7216,-0.092163324
3056,1246,1417.1597,3615.3428,206823.4375,3367108.5,277.4687,433.4972,348.36395,2003.1998,0.70673937,1818.3916,-0.043092992
3057,1280,1423.9226,5154.785,222217.84375,3367040.75,219.2832,375.3156,316.68555,2144.1099,0.74087626,1849.9246,-0.06485114
3058,1294,1424.7682,3336.527,204035.265625,3367032.25,584.37213,802.80023,864.6522,2161.8933,0.43476722,1812.686,-0.08210417
3059,1091,1423.7231,3680.6536,207476.53125,3367042.75,340.522,507.71494,386.33044,2336.2795,0.71098185,1819.7327,-0.108511984
3060,1283,1423.1458,2668.181,197351.8125,3367048.5,635.0039,920.72253,1068.9438,2248.0398,0.36282814,1798.999,-0.103898846
3061,1129,1423.2081,3649.1072,207161.0625,3367048.0,273.92426,440.15015,336.00974,2068.7148,0.71490747,1819.0864,-0.04811036
3062,1328,1426.3584,1667.1906,187341.90625,3367016.5,251.36974,445.9571,360.3283,2125.207,0.7166973,1778.5052,-0.08283546
3063,1237,1425.0582,1995.7034,190627.03125,3367029.5,613.3314,895.12286,919.10834,2024.9022,0.3696652,1785.2306,-0.05327927
3064,1590,1430.571,2312.0706,193790.703125,3366974.25,651.07043,929.6723,1022.0421,2305.373,0.38465437,1791.7114,-0.1119958
3065,1068,1422.102,3874.5796,209415.796875,3367059.0,242.47847,390.03372,294.94803,2165.4578,0.75970906,1823.7034,-0.08402114
3066,1289,1427.8053,1401.5283,184685.28125,3367002.0,161.391,343.11636,231.24283,2218.0334,0.80911005,1773.067,-0.10495547
3067,1167,1421.0942,4121.856,211888.5625,3367069.0,233.83633,416.1581,326.39288,2207.6436,0.74192727,1828.767,-0.09150828
3068,1377,1427.2738,4534.2744,216012.75,3367007.25,310.77487,493.2146,392.451,2326.868,0.709069,1837.217,-0.099777974
3069,1328,1429.0881,1796.5339,188635.34375,3366989.0,539.99097,786.5828,818.0429,2214.689,0.46592623,1781.155,-0.10268873
3070,1188,1424.0884,1929.8628,189968.625,3367039.0,570.2685,830.05133,850.57153,1895.8502,0.37711656,1783.882,-0.02237906
3071,1363,1428.2898,2943.2942,200102.9375,3366997.0,540.1933,834.6075,883.66693,2486.1987,0.47764105,1804.6354,-0.1529429
3072,1154,1429.6074,4405.941,214729.40625,3366984.0,328.0572,520.2461,428.52774,2368.2405,0.6914746,1834.5898,-0.10733336
3073,1293,1429.6682,1439.471,185064.703125,3366983.25,147.03325,307.6736,214.06573,1935.3079,0.79903954,1773.8448,-0.038667463
3074,1366,1428.8558,4835.8354,219028.359375,3366991.5,558.8774,758.746,794.9425,2124.64,0.47544,1843.3943,-0.05725495
3075,1306,1431.4679,1367.0858,184340.859375,3366965.25,146.85681,326.9173,212.634,2278.8997,0.8291692,1772.364,-0.12383202
3076,1598,1430.02,2381.5625,194485.625,3366979.75,515.3492,841.32916,869.5156,2708.306,0.521227,1793.134,-0.19580723
3077,1167,1430.4739,3087.4387,201544.390625,3366975.25,984.8239,1245.9288,1411.4083,2033.6453,0.1911276,1807.5884,-0.057388086
3078,1231,1428.3469,5023.086,220900.859375,3366996.5,425.71445,601.9277,575.51825,2212.645,0.5835532,1847.2294,-0.07509035
3079,1309,1431.3759,925.50037,179925.0,3366966.25,226.96333,433.20932,349.1696,2354.149,0.74351186,1763.3236,-0.11222296
3080,1146,1429.0759,1761.5358,188285.359375,3366989.25,394.97992,630.30975,626.8028,2186.9922,0.59866554,1780.4385,-0.09508181
3081,1500,1431.2013,2903.8794,199708.796875,3366968.0,438.386,722.06335,711.13135,2380.126,0.5460915,1803.83,-0.1314055
3082,1289,1430.3251,4043.8767,211108.765625,3366976.75,354.13965,529.37665,447.29132,2215.6772,0.6648092,1827.175,-0.07981634
3083,1371,1430.1459,4728.359,217953.59375,3366978.5,481.51825,696.5966,753.9012,2262.6492,0.5119991,1841.1937,-0.09213795
3084,1283,1430.3594,4794.4287,218614.28125,3366976.5,446.90802,624.0413,622.205,2082.4294,0.5531446,1842.547,-0.05211824
3085,1342,1431.7906,5062.258,221292.578125,3366962.0,403.78577,564.924,549.5026,1989.6182,0.56791437,1848.0336,-0.024280196
3086,1361,1431.3997,3537.094,206040.9375,3366966.0,455.08633,645.3883,676.26636,2084.7998,0.52305305,1816.797,-0.060855184
3087,1171,1431.9667,1331.4868,183984.875,3366960.25,135.89667,309.6738,200.72502,2190.6995,0.8312498,1771.6355,-0.1023894
3088,1281,1430.1632,2145.815,192128.15625,3366978.25,577.79,920.16315,878.03125,2955.957,0.5389904,1788.3071,-0.23922837
3089,1300,1431.2054,4946.0337,220130.34375,3366968.0,536.6885,706.6708,736.5085,1902.5247,0.4529416,1845.6527,-0.00014083668
3090,1243,1433.1504,2030.2494,190972.5,3366948.5,645.7514,936.77234,975.88495,2148.7932,0.37118483,1785.9426,-0.07139251
3091,1260,1431.9365,2108.1301,191751.296875,3366960.75,609.7159,938.0944,909.42224,2630.242,0.49106142,1787.5365,-0.18334806
3092,1266,1429.2709,2527.2993,195943.0,3366987.25,513.3539,834.43604,831.2765,2722.9993,0.5355033,1796.1177,-0.20067759
3093,1317,1433.3933,3777.277,208442.765625,3366946.0,592.5338,852.04895,973.0687,2215.189,0.41680625,1821.7168,-0.092309356
3094,969,1431.3334,3949.5107,210165.109375,3366966.75,241.13623,387.7518,290.26212,2036.3751,0.74814117,1825.2429,-0.04772255
3095,965,1433.2177,1083.6362,181506.359375,3366947.75,189.99689,359.97305,282.4228,2113.0508,0.7720256,1766.562,-0.08205071
3096,1189,1432.5189,1535.947,186029.46875,3366954.75,168.72414,334.9588,234.99832,2064.164,0.794657,1775.8218,-0.07186204
3097,1078,1432.7858,3814.5398,208815.40625,3366952.25,473.11038,652.8558,664.3558,1992.0459,0.5331094,1822.4796,-0.03852961
3098,1274,1438.6577,4278.817,213458.171875,3366893.5,554.9969,774.99335,747.6103,2460.7146,0.5121033,1831.9912,-0.11779783
3099,1341,1432.5071,4907.9536,219749.53125,3366955.0,569.5645,748.1745,880.0884,1996.4757,0.4218107,1844.8734,-0.023124928
3100,1112,1434.3112,957.57104,180245.71875,3366937.0,197.92357,389.46854,290.32285,2201.7517,0.7685469,1763.9819,-0.09079725
3101,1033,1435.0658,1005.8616,180728.609375,3366929.25,185.18877,380.06003,280.67862,2195.4878,0.7721525,1764.971,-0.08785679
3102,1020,1432.0353,1171.8441,182388.4375,3366959.75,180.60588,353.25882,275.90295,2187.8608,0.7758098,1768.3672,-0.10238428
3103,1153,1431.2272,2592.837,196598.375,3366967.75,484.97745,735.2116,757.3105,2180.3616,0.49542037,1797.4608,-0.08956123
3104,1241,1434.6704,3171.1555,202381.5625,3366933.25,603.18695,855.9029,870.4146,2381.8247,0.46562737,1809.305,-0.12940192
3105,1293,1439.1748,895.0472,179620.46875,3366888.25,186.34494,370.9683,291.0379,2269.8909,0.773421,1762.7048,-0.115113966
3106,1567,1435.432,2219.7441,192867.4375,3366925.75,669.4346,940.59155,1019.7422,2305.229,0.39313674,1789.8239,-0.11495096
3107,1607,1440.0828,2274.7927,193417.921875,3366879.25,677.83325,902.7486,966.3267,2018.9652,0.34697533,1790.9536,-0.044689454
3108,1417,1437.6245,5101.52,221685.203125,3366903.75,331.91177,505.6482,522.2555,1971.3115,0.58339244,1848.8408,-0.020315206
3109,1136,1436.7448,1204.9824,182719.828125,3366912.5,162.04578,327.89084,247.90492,2112.0757,0.78916717,1769.0485,-0.08431855
3110,1334,1436.6064,1895.1635,189621.640625,3366914.0,597.4678,893.7616,928.3703,2278.869,0.41720513,1783.1788,-0.112668805
3111,1265,1436.1699,2067.698,191346.984375,3366918.25,728.2901,1037.5636,1134.2395,2188.9336,0.31386197,1786.711,-0.08293209
3112,1183,1438.2908,3237.208,203042.078125,3366897.0,638.1158,856.24176,963.0093,2136.633,0.38671932,1810.6597,-0.07988768
3113,1288,1436.7687,3467.1802,205341.796875,3366912.25,478.5621,671.3556,711.363,2078.2651,0.4988879,1815.3683,-0.061992563
3114,1233,1439.5433,1241.2012,183082.015625,3366884.5,163.03973,331.83292,243.29927,2147.983,0.7961159,1769.7916,-0.094091475
3115,1219,1439.8679,2789.7866,198567.875,3366881.25,528.31335,852.4044,923.14026,2641.078,0.4817441,1801.4985,-0.18203454
3116,1287,1438.9799,1860.2152,189272.15625,3366890.25,641.9293,950.1243,1068.62,2674.0708,0.43321118,1782.4646,-0.19520739
3117,1129,1435.791,2708.7014,197757.015625,3366922.0,467.73428,759.1479,695.1364,2757.9893,0.59628844,1799.8359,-0.20295456
3118,1194,1439.8525,3709.9773,207769.78125,3366881.5,242.7299,380.92587,279.62396,2132.7407,0.7682546,1820.3422,-0.07784307
3119,1237,1440.81,4248.095,213150.953125,3366872.0,560.2199,787.1524,837.65155,2433.4802,0.47761294,1831.3632,-0.12271997
3120,1199,1439.6046,4373.147,214401.46875,3366884.0,343.78564,507.04504,418.0563,2084.764,0.6691059,1833.9236,-0.043971404
3121,1432,1440.2836,4987.0767,220540.765625,3366877.25,492.34708,663.3324,689.4773,2028.9606,0.5041577,1846.498,-0.03738997
3122,1275,1440.229,1727.4282,187944.28125,3366877.75,190.36078,392.01334,281.25568,2018.8228,0.7543694,1779.7467,-0.057353582
3123,1018,1439.0944,1119.6592,181866.59375,3366889.0,344.87918,578.24854,516.5403,2415.8044,0.6686562,1767.3031,-0.14350398
3124,1161,1438.3661,1964.484,190314.84375,3366896.25,642.15674,922.15936,966.8975,1968.8208,0.33600068,1784.5991,-0.0399399
3125,1266,1440.8878,3052.2568,201192.5625,3366871.0,1107.4171,1379.643,1557.6604,2026.838,0.1346024,1806.8738,-0.056198776
3126,1154,1441.3553,3918.3413,209853.40625,3366866.5,251.85095,409.98917,285.04895,2324.2773,0.779544,1824.6101,-0.11337461
3127,1417,1444.0564,4644.5757,217115.75,3366839.5,399.72018,594.0889,590.048,2248.623,0.59086156,1839.4851,-0.09495844
3128,1328,1442.2319,1633.5715,187005.71875,3366857.75,318.00452,523.02106,468.4887,2171.9216,0.66765696,1777.8263,-0.08974667
3129,1310,1442.7588,2828.2527,198952.53125,3366852.5,500.0298,818.629,880.1572,2511.4207,0.48037142,1802.2878,-0.15623833
3130,1173,1441.3171,859.0878,179260.875,3366866.75,191.24722,379.83377,304.1705,2235.5107,0.76071364,1761.97,-0.104975164
3131,1273,1445.0416,3119.4917,201864.921875,3366829.5,626.49097,884.5558,937.62726,2388.4182,0.44411755,1808.2529,-0.13188173
3132,1123,1442.6198,3276.9102,203439.09375,3366853.75,657.8838,867.8842,984.8495,2078.261,0.37088576,1811.4751,-0.06396061
3133,1038,1442.2765,1036.6908,181036.90625,3366857.25,165.10501,337.4846,251.2129,2049.8188,0.78188837,1765.6064,-0.06013646
3134,1405,1442.0619,2490.7559,195577.5625,3366859.5,552.01996,879.4918,877.5651,2679.1865,0.51121765,1795.3768,-0.19291359
3135,1135,1444.1718,3202.9382,202699.375,3366838.25,633.1511,853.126,927.0969,2102.4268,0.3901287,1809.9612,-0.06983337
3136,1301,1446.9,4213.8354,212808.359375,3366811.0,410.92468,634.9393,685.4866,2148.1619,0.5612624,1830.6648,-0.07399611
3137,1357,1443.6433,4464.47,215314.703125,3366843.5,269.74466,420.36884,323.0435,2029.7996,0.72166175,1835.7961,-0.030113598
3138,1380,1445.9232,4759.829,218268.28125,3366820.75,408.6587,590.1239,609.5942,2122.872,0.56854314,1841.8467,-0.062499195
3139,1182,1445.972,1824.6345,188916.34375,3366820.25,551.05164,799.6988,880.5313,2248.7014,0.44702336,1781.7402,-0.10935912
3140,1338,1448.1024,4178.5747,212455.75,3366799.0,255.08707,435.2612,355.8808,2178.2979,0.7164726,1829.9432,-0.07552669
3141,1364,1447.0748,1480.1327,185471.328125,3366809.25,166.54106,334.1415,242.81305,1984.1261,0.7791721,1774.6876,-0.048465617
3142,1322,1447.6346,2739.9841,198069.84375,3366803.75,467.4599,772.70575,774.4985,2574.3162,0.5408101,1800.4832,-0.17178704
3143,1144,1447.32,3310.131,203771.3125,3366806.75,664.6246,847.17786,913.83435,1926.5651,0.36261705,1812.1581,-0.02389546
3144,1348,1449.1395,3370.778,204377.78125,3366788.5,528.3943,725.30414,778.382,2051.414,0.45804027,1813.401,-0.05582114
3145,1175,1446.4315,3980.216,210472.15625,3366815.75,359.31616,525.00214,431.5417,2097.4165,0.64950764,1825.88,-0.04675084
3146,1285,1448.828,4144.152,212111.515625,3366791.75,228.407,405.09262,324.4179,2175.6245,0.74011016,1829.2386,-0.08381503
3147,1255,1450.5522,5211.1953,222781.953125,3366774.5,377.94342,587.65497,502.76135,2668.7466,0.6988343,1851.094,-0.15308984
3148,1106,1441.5117,2628.292,196952.921875,3366865.0,543.5515,791.38153,891.67993,2131.6238,0.4212753,1798.1926,-0.08085319
3149,1111,1447.468,3408.3015,204753.015625,3366805.25,280.41583,426.4343,335.62915,1942.4226,0.70890456,1814.1685,-0.029018998
3150,1318,1450.8566,1274.5637,183415.640625,3366771.5,142.89606,315.2648,220.66919,2158.735,0.8141141,1770.4813,-0.09555289
3151,1646,1452.4386,2348.8093,194158.09375,3366755.5,456.4842,754.60876,727.5644,2642.724,0.57228404,1792.4763,-0.18190227
3152,1491,1447.7384,2420.1328,194871.328125,3366802.5,497.82764,825.9222,838.20123,2758.882,0.5386382,1793.934,-0.20223144
3153,1111,1446.3583,3847.9604,209149.609375,3366816.5,295.9739,449.86725,333.5639,2245.054,0.7417286,1823.1715,-0.1009358
3154,1243,1449.1898,4431.909,214989.09375,3366788.0,269.30612,423.89178,355.45093,1998.8475,0.6980024,1835.1322,-0.036929395
3155,1269,1452.5154,5132.5747,221995.75,3366754.75,273.19504,442.5138,390.50708,2189.6868,0.6936996,1849.4846,-0.06624118
3156,985,1450.4467,1149.868,182168.6875,3366775.5,189.19899,365.84772,288.97867,2194.4397,0.7671172,1767.9283,-0.101673044
3157,1253,1451.7925,3744.4988,208114.984375,3366762.0,281.56384,448.83878,353.17877,2096.664,0.71945167,1821.0557,-0.06425685
3158,1120,1451.7482,3888.991,209559.90625,3366762.5,257.76785,404.74063,295.6116,2202.4602,0.76240724,1824.0146,-0.09056976
3159,1404,1455.2706,2973.77,200407.703125,3366727.25,929.87714,1202.9508,1383.7625,2113.3044,0.21059373,1805.2747,-0.07617163
3160,1159,1453.3442,1305.5461,183725.46875,3366746.5,132.06644,304.0673,208.17688,2091.2087,0.8183274,1771.1171,-0.0797389
3161,1333,1453.6099,1693.0015,187600.015625,3366744.0,196.17554,384.92725,290.7262,1981.0233,0.74312073,1779.0497,-0.05022755
3162,1180,1454.6967,3562.3213,206293.21875,3366733.0,372.99533,567.3013,536.9551,2188.087,0.6239654,1817.3265,-0.08743569
3163,1194,1452.4464,3596.5193,206635.1875,3366755.5,377.5959,559.1692,539.9627,2040.2412,0.5964373,1818.0256,-0.05034328
3164,1201,1453.2506,4105.744,211727.4375,3366747.5,234.6736,409.17487,323.2756,2175.1523,0.74026185,1828.4545,-0.08190952
3165,1005,1455.3533,982.66766,180496.671875,3366726.5,200.0776,400.6826,305.54428,2237.582,0.7589583,1764.5083,-0.09056631
3166,1528,1456.0569,2174.8738,192418.734375,3366719.5,678.4771,1009.1296,1095.1112,2645.2715,0.4145281,1788.9171,-0.18472879
3167,1275,1451.8314,2560.5466,196275.46875,3366761.75,643.26904,896.3106,1032.4957,2144.1812,0.36058933,1796.8114,-0.08174353
3168,1350,1455.683,2869.2622,199362.625,3366723.25,486.96445,759.4296,791.7844,2446.9512,0.5119586,1803.1349,-0.14297569
3169,1185,1452.6582,3632.0354,206990.359375,3366753.5,388.5536,589.1789,540.5498,2213.2393,0.6114854,1818.753,-0.08188222
3170,1185,1453.8236,4017.265,210842.65625,3366741.75,396.94852,582.20294,510.88608,2247.8315,0.63531125,1826.6428,-0.08586144
3171,1181,1454.1075,4072.7334,211397.34375,3366739.0,273.19348,450.85266,338.97333,2302.7383,0.7416118,1827.7789,-0.10748945
3172,1327,1450.2351,4575.06,216420.59375,3366777.75,429.3444,649.8802,698.49927,2235.837,0.55319244,1838.0647,-0.09063113
3173,1453,1456.8562,3014.364,200813.640625,3366711.5,1039.2034,1286.9249,1446.914,1978.4529,0.16402684,1806.1068,-0.043810714
3174,1316,1456.6671,4313.7627,213807.625,3366713.25,593.26294,800.94415,788.3921,2312.1858,0.46788472,1832.7166,-0.08850407
3175,1264,1452.4272,4501.4697,215684.6875,3366755.75,282.17682,451.8825,380.84927,2161.693,0.70110303,1836.5586,-0.067420475
3176,1444,1456.7404,4682.141,217491.40625,3366712.5,424.8144,624.5644,581.5838,2290.2756,0.60088724,1840.2612,-0.099902265
3177,886,1455.0553,1065.1252,181321.25,3366729.5,200.57224,381.35666,304.30023,2137.262,0.75742126,1766.1962,-0.074516304
3178,1296,1456.5927,5172.8433,222398.4375,3366714.0,260.71683,449.70178,360.44675,2467.1848,0.7444197,1850.3115,-0.118251316
3179,1354,1455.3877,1564.579,186315.796875,3366726.0,161.45569,331.78287,233.58493,2120.593,0.8014647,1776.4215,-0.08649377
3180,1298,1455.9553,1600.5577,186675.578125,3366720.5,256.6903,446.57782,395.6094,2097.1147,0.71756285,1777.1584,-0.07787859
3181,1304,1454.6542,3502.6165,205696.15625,3366733.5,550.3075,771.75385,843.0786,2122.6396,0.44111753,1816.1039,-0.074223325
3182,1478,1456.7104,4873.6987,219406.984375,3366713.0,648.2341,838.87683,904.7304,1947.0328,0.38141474,1844.1846,-0.0038278745
3183,1452,1463.7961,2246.5166,193135.171875,3366642.0,630.7831,852.2851,909.6646,2020.8616,0.3724201,1790.3884,-0.041859057
3184,1170,1455.2975,2663.8462,197308.46875,3366727.0,507.12393,803.48804,813.71454,2617.3657,0.52840436,1798.9286,-0.17725427
3185,1382,1461.2156,1516.2452,185832.453125,3366667.75,151.43849,318.3343,221.5767,2081.2517,0.80711454,1775.4354,-0.07681269
3186,1302,1458.6036,3672.4578,207394.578125,3366694.0,287.3049,441.03378,321.12903,2288.4517,0.75355834,1819.5841,-0.104393706
3187,1454,1462.4395,2457.6147,195246.15625,3366655.5,611.9725,928.5612,956.03235,2603.143,0.45972106,1794.7098,-0.17582448
3188,1211,1461.455,3436.8457,205038.453125,3366665.5,395.89264,578.09,550.3505,2091.978,0.5892325,1814.7607,-0.063453294
3189,1282,1458.7706,1928.2153,189952.15625,3366692.25,570.45166,855.4376,902.13654,2125.5515,0.40313327,1783.8684,-0.08021894
3190,1301,1460.7802,5031.593,220985.9375,3366672.25,543.7264,706.48926,752.2637,2066.213,0.46416524,1847.4207,-0.041377496
3191,1445,1462.9259,4610.8677,216778.671875,3366650.75,371.07196,553.67645,513.0806,2212.3796,0.6292491,1838.8048,-0.08514446
3192,1259,1462.9174,1410.3391,184773.390625,3366650.75,151.3066,320.15646,217.09691,2080.0698,0.8075879,1773.2682,-0.06991371
3193,1408,1464.7117,2005.2059,190722.0625,3366633.0,603.78265,879.12213,911.2074,2005.3302,0.37276003,1785.4482,-0.05140371
3194,1267,1463.7845,2091.0269,191580.265625,3366642.25,733.6732,1045.4719,1098.6235,2312.1318,0.35732654,1787.2048,-0.1146899
3195,1357,1464.2513,2132.1453,191991.453125,3366637.5,652.0693,994.57477,1085.0634,2693.989,0.43023872,1788.047,-0.19925135
3196,1315,1466.7026,3146.086,202130.859375,3366613.0,559.1156,801.227,822.8882,2368.3887,0.4895334,1808.8097,-0.12770559
3197,1250,1465.524,4352.717,214197.171875,3366624.75,616.8812,820.3432,861.5048,2072.926,0.40915138,1833.5192,-0.045652855
3198,1168,1463.452,1446.5051,185135.046875,3366645.5,141.59418,294.80566,200.52055,1934.7971,0.8112883,1774.0089,-0.039945167
3199,1221,1465.3563,2698.3293,197653.296875,3366626.5,417.18427,710.8026,655.7134,2583.1924,0.6049318,1799.6404,-0.17240787
3200,1281,1463.5831,2935.5676,200025.671875,3366644.25,786.9625,1086.1327,1279.3529,2220.4304,0.27441126,1804.4971,-0.10181521
3201,1208,1464.5554,3340.2583,204072.578125,3366634.5,604.1296,805.24005,870.94244,2098.589,0.42377698,1812.7845,-0.065425426
3202,1332,1464.6013,4540.4053,216074.0625,3366634.0,363.83597,538.8596,522.9448,2072.0955,0.6101636,1837.3625,-0.05274232
3203,950,1464.1,1098.7632,181657.625,3366639.0,306.4621,544.9316,472.01474,2367.8474,0.6792917,1766.8903,-0.12672216
3204,1154,1468.0052,2765.3145,198323.140625,3366600.0,426.5858,721.2374,722.2296,2560.162,0.5716363,1801.0134,-0.16748177
3205,1348,1464.9882,4953.3384,220203.375,3366630.0,510.7107,698.878,716.1814,2203.8315,0.52300704,1845.8201,-0.0694888
3206,1279,1462.3057,1762.8092,188298.09375,3366657.0,259.38232,466.93433,400.0133,2062.7515,0.68539196,1780.484,-0.06378384
3207,1287,1466.7024,2044.2277,191112.28125,3366613.0,638.0567,922.82904,989.1383,2074.9316,0.36055255,1786.2483,-0.06781438
3208,1261,1464.6042,2524.3228,195913.21875,3366634.0,594.87946,871.91595,950.6963,2328.735,0.42482522,1796.077,-0.12099244
3209,1286,1462.9915,4834.336,219013.359375,3366650.0,581.70605,762.0587,776.1252,2135.3079,0.48612314,1843.3817,-0.049240407
3210,1110,1466.4099,1186.5072,182535.078125,3366616.0,220.07477,384.42163,298.33875,2248.6604,0.7655618,1768.6879,-0.1170132
3211,1250,1468.112,1341.4624,184084.625,3366599.0,136.896,310.5904,210.7112,2148.8496,0.8210918,1771.8612,-0.09353392
3212,1285,1468.7277,1375.8241,184428.234375,3366592.75,141.9751,314.2794,216.51363,2172.5417,0.8183079,1772.5651,-0.098295525
3213,1049,1466.8036,3258.1868,203251.875,3366612.0,662.8422,880.55383,992.39703,2073.45,0.35859263,1811.1052,-0.064736284
3214,1054,1463.2742,3946.2021,210132.03125,3366647.25,274.1755,431.35815,326.3183,2176.4114,0.73837644,1825.1926,-0.08124975
3215,1511,1469.0265,4721.6987,217886.984375,3366589.75,343.1115,528.2677,459.6393,2239.6453,0.66338074,1841.078,-0.0860818
3216,1306,1464.7695,4795.1777,218621.78125,3366632.25,302.9353,477.49884,396.60376,2327.489,0.7026705,1842.5806,-0.10228331
3217,1383,1467.9023,5070.402,221374.015625,3366601.0,374.76318,555.43494,517.49023,2229.157,0.62245345,1848.2192,-0.082561225
3218,1364,1470.4054,1658.3093,187253.09375,3366576.0,177.95088,362.33725,262.7786,2035.3461,0.77034664,1778.3492,-0.06443152
3219,1198,1465.596,2595.49,196624.90625,3366624.0,503.38147,756.00836,786.7571,2245.4724,0.4873537,1797.5348,-0.10470929
3220,1171,1463.9052,3814.561,208815.609375,3366641.0,561.8143,760.8693,783.00085,2147.3364,0.47895762,1822.4971,-0.070882596
3221,1307,1466.9808,4914.1406,219811.40625,3366610.25,426.49158,633.90094,639.86993,2160.1416,0.55187327,1845.0183,-0.0708543
3222,1271,1466.5752,3086.2903,201532.90625,3366614.25,630.38434,891.68335,917.00824,2401.2593,0.44914848,1807.5851,-0.12876485
3223,1161,1470.4143,1222.7864,182897.859375,3366575.75,183.09906,347.58054,267.63565,2141.7744,0.777014,1769.433,-0.09199651
3224,1441,1471.8938,4397.3076,214643.078125,3366561.0,445.9684,640.2259,589.94104,2090.3262,0.56563896,1834.4358,-0.0541596
3225,1491,1474.9705,2205.9658,192729.65625,3366530.25,511.5533,824.0785,800.4232,2759.59,0.5531375,1789.5646,-0.20034066
3226,1218,1470.0846,2900.8875,199678.875,3366579.25,717.97455,1057.4926,1239.0247,2403.1265,0.33264247,1803.7906,-0.13943048
3227,1469,1474.354,1797.4227,188644.21875,3366536.5,255.46835,467.82166,380.42682,2225.8953,0.71172494,1781.1997,-0.099447094
3228,1354,1473.1455,1879.6566,189466.5625,3366548.5,551.0458,824.7696,883.4963,2478.0266,0.4845224,1782.8827,-0.15558821
3229,1175,1469.4613,1968.2128,190352.125,3366585.5,498.9864,772.4911,730.5677,2204.193,0.49636096,1784.6936,-0.09538939
3230,1190,1472.005,2803.1514,198701.515625,3366560.0,427.76974,716.9487,724.9916,2518.331,0.5624323,1801.7905,-0.15978077
3231,1181,1471.7714,3181.757,202487.5625,3366562.25,594.04785,840.6918,864.7176,2291.1511,0.454843,1809.543,-0.11131585
3232,1221,1469.6364,3776.3726,208433.71875,3366583.75,511.98322,729.84314,768.77435,2146.9233,0.49270147,1821.7181,-0.075197205
3233,1229,1474.3279,4048.1538,211151.53125,3366536.75,292.52197,462.7681,338.18103,2356.4653,0.74761003,1827.2865,-0.119825795
3234,1632,1473.6532,2312.2195,193792.1875,3366543.5,596.05084,890.6783,942.3395,2502.3413,0.45547438,1791.7394,-0.15609397
3235,1721,1476.1046,2384.9448,194519.453125,3366519.0,427.74374,745.2103,631.7083,2971.053,0.6494747,1793.2299,-0.2360476
3236,1296,1475.9052,3532.7725,205997.71875,3366521.0,365.59027,536.446,503.63196,2022.3716,0.60688084,1816.7332,-0.0471266
3237,1127,1473.1659,1009.36914,180763.6875,3366548.25,197.93611,377.79416,316.23248,2038.8225,0.7380468,1765.0657,-0.05582232
3238,1207,1474.5535,3223.1848,202901.84375,3366534.5,671.0911,898.5514,990.913,2118.1582,0.3635453,1810.3928,-0.07394996
3239,1303,1476.1274,1841.6937,189086.9375,3366518.75,626.08673,867.08826,985.42596,2170.0093,0.38071707,1782.1072,-0.089665994
3240,1035,1471.9835,2632.1663,196991.65625,3366560.25,299.20773,519.4686,432.09372,2217.2715,0.68271506,1798.2894,-0.0924776
3241,1045,1474.1866,3859.798,209267.984375,3366538.25,248.82393,390.99762,289.8689,2136.685,0.76108277,1823.4291,-0.07736993
3242,1377,1476.6355,4996.074,220630.75,3366513.75,323.30936,490.42447,437.66196,2152.924,0.6672906,1846.7015,-0.059514232
3243,929,1474.3584,1129.5791,181965.796875,3366536.5,190.25404,373.042,300.02368,2198.2712,0.7596944,1767.5272,-0.10135557
3244,1216,1474.528,3468.4556,205354.5625,3366534.75,456.9001,646.64557,619.84827,2092.235,0.5600153,1815.4153,-0.06288276
3245,1257,1478.2029,2840.9077,199079.078125,3366498.0,517.07556,804.93555,842.6961,2476.1304,0.49248704,1802.5671,-0.15006799
3246,1178,1474.6945,3049.2395,201162.390625,3366533.0,668.5433,943.6927,1013.2211,2354.5776,0.40469596,1806.831,-0.12191419
3247,1385,1477.2671,4240.247,213072.46875,3366507.25,442.4758,641.0321,693.487,2125.4827,0.5157486,1831.222,-0.06995834
3248,918,1475.3682,1043.0828,181100.828125,3366526.25,230.88889,417.69717,369.79303,2065.269,0.7099892,1765.7572,-0.06497222
3249,1181,1474.2074,3710.2573,207772.578125,3366538.0,237.70872,383.78958,275.43777,2125.1614,0.77009404,1820.3668,-0.07540949
3250,1451,1477.9794,4282.226,213492.265625,3366500.25,510.8856,728.7467,847.25916,2168.0906,0.44577146,1832.0822,-0.08085578
3251,1342,1477.8383,1725.0715,187920.71875,3366501.5,250.61476,460.5462,383.1349,2080.31,0.69725734,1779.7205,-0.066628434
3252,1064,1478.0856,3993.3909,210603.90625,3366499.25,453.22226,643.5446,618.047,2131.336,0.55331016,1826.1671,-0.06523816
3253,1168,1482.786,5231.759,222987.59375,3366452.25,295.74274,456.36172,409.76712,2103.0227,0.6686403,1851.532,-0.045630846
3254,1242,1481.8043,1254.5322,183215.328125,3366462.0,159.81079,332.4565,254.56683,2157.9758,0.7884601,1770.0897,-0.095676705
3255,1313,1480.7212,3297.4753,203644.75,3366472.75,628.79553,859.8271,1001.4912,2062.093,0.35386357,1811.9175,-0.062064126
3256,1439,1481.7463,5106.0654,221730.65625,3366462.5,316.92426,501.3718,411.20605,2367.4746,0.6968623,1848.957,-0.104683235
3257,1260,1481.25,3398.7324,204657.328125,3366467.5,416.89127,594.18134,585.6139,2002.973,0.55740803,1813.9913,-0.03990109
3258,1239,1483.7079,4124.2744,211912.75,3366443.0,230.2962,396.49396,315.85876,2061.811,0.73277605,1828.8506,-0.054248717
3259,1394,1483.8336,4198.93,212659.296875,3366441.75,259.94296,431.60474,378.89633,2068.597,0.7006152,1830.3795,-0.055820633
3260,1437,1483.906,4471.856,215388.5625,3366441.0,273.26584,435.37543,353.65762,2163.3381,0.71710986,1835.969,-0.07197312
3261,1367,1483.4572,2488.106,195551.0625,3366445.5,735.7608,1031.0139,1150.6292,2453.133,0.37158194,1795.3463,-0.14655359
3262,1468,1483.812,4649.29,217162.90625,3366442.0,341.4656,514.0579,457.45367,2218.8882,0.6597308,1839.6029,-0.086719275
3263,958,1483.2255,1160.0094,182270.09375,3366447.75,211.40918,392.31003,317.72128,2262.404,0.7536254,1768.1555,-0.11808919
3264,1369,1487.0519,1624.6932,186916.9375,3366409.5,206.50328,397.61798,296.8656,2209.501,0.76757437,1777.6709,-0.103773244
3265,1664,1490.2307,2278.2114,193452.109375,3366377.75,626.0084,856.47955,920.81067,2107.6172,0.39469403,1791.0526,-0.06715545
3266,1176,1483.5366,3643.46,207104.59375,3366444.75,367.24576,539.3036,505.8193,2181.5452,0.63983405,1819.004,-0.08193039
3267,1191,1485.414,3921.2192,209882.1875,3366425.75,246.18094,400.54953,291.4941,2139.14,0.75757873,1824.6931,-0.0706921
3268,1349,1486.0282,4159.5967,212265.96875,3366419.75,238.9522,415.65308,325.42847,2189.5789,0.7399569,1829.5752,-0.08451364
3269,1259,1484.8396,5147.6924,222146.921875,3366431.5,340.35742,548.11475,456.39197,2645.4392,0.70064104,1849.8112,-0.1462989
3270,1193,1484.3126,5195.1753,222621.75,3366436.75,372.9631,590.56244,493.8592,2845.655,0.69869065,1850.7834,-0.182206
3271,1329,1485.6395,1472.8307,185398.3125,3366423.5,140.49812,297.8104,208.17833,1908.1023,0.80169636,1774.561,-0.030859414
3272,1402,1488.7582,1547.311,186143.109375,3366392.5,150.04208,312.7682,219.75107,2099.2383,0.81013346,1776.0876,-0.08060981
3273,1140,1487.1027,1912.1438,189791.4375,3366409.0,567.0842,872.7167,917.56226,2491.256,0.45874897,1783.5559,-0.1581631
3274,1400,1485.3672,2426.0623,194930.625,3366426.25,531.5943,831.27856,791.0679,2719.9236,0.54407614,1794.077,-0.1949294
3275,1258,1485.5032,3604.7075,206717.078125,3366425.0,315.10532,481.6117,394.60254,2125.5544,0.6852525,1818.2115,-0.06752637
3276,1387,1484.4758,4759.812,218268.125,3366435.25,623.102,812.0397,834.3057,2160.9902,0.47061688,1841.8667,-0.068231255
3277,918,1485.2004,1076.1503,181431.5,3366428.0,307.4608,556.2157,487.561,2431.9053,0.6725976,1766.44,-0.12637554
3278,1353,1488.4656,2732.638,197996.375,3366395.25,488.96527,801.0111,838.96747,2564.8418,0.5117645,1800.356,-0.16979559
3279,1274,1488.7362,3111.8948,201788.953125,3366392.75,553.84186,802.2551,801.4411,2381.1924,0.49627393,1808.1218,-0.13028415
3280,1011,1485.2156,3892.36,209593.59375,3366427.75,242.34966,387.15726,283.17804,2140.685,0.76592505,1824.102,-0.07802113
3281,1057,1488.9763,3963.2725,210302.71875,3366390.25,424.92715,623.0473,600.114,2285.8376,0.58200145,1825.5563,-0.10332839
3282,1337,1485.2745,4433.6177,215006.171875,3366427.25,377.44165,558.51685,447.8321,2401.7073,0.6840354,1835.1866,-0.11788472
3283,1168,1485.4846,4508.6704,215756.703125,3366425.25,315.29666,485.7089,462.94608,2102.8704,0.6427615,1836.7238,-0.059582062
3284,1346,1490.2905,2989.1985,200561.984375,3366377.0,822.93945,1052.256,1155.1727,2037.7467,0.29441926,1805.6104,-0.056007903
3285,1213,1487.676,1311.5779,183785.78125,3366403.25,136.38911,306.40643,217.9019,2105.8318,0.8120784,1771.2611,-0.08307174
3286,1260,1491.738,2068.8745,191358.75,3366362.5,679.46747,973.57855,1059.6024,2125.6587,0.34448522,1786.7675,-0.07903889
3287,1376,1488.1511,4576.103,216431.03125,3366398.5,338.36627,514.0396,488.47964,2115.2354,0.6413994,1838.1063,-0.06350147
3288,1342,1491.5842,1586.8584,186538.578125,3366364.25,275.8547,469.7541,424.845,2092.7876,0.69638175,1776.8989,-0.07379501
3289,1301,1489.5334,2557.06,196240.59375,3366384.75,525.4212,833.8762,829.15216,2564.555,0.51153684,1796.7616,-0.16781229
3290,1173,1489.4757,3741.0613,208080.609375,3366385.25,356.19012,538.66284,510.47528,2103.804,0.63151336,1821.006,-0.06568806
3291,1420,1492.0641,4088.914,211559.140625,3366359.25,278.98346,451.2102,391.35,2125.631,0.6924238,1828.131,-0.071290016
3292,1539,1494.7186,2154.4036,192214.03125,3366332.75,661.5263,1006.1189,1040.0831,2722.0747,0.4541753,1788.5204,-0.20351304
3293,1320,1491.0007,3566.559,206335.59375,3366370.0,398.0644,601.8977,574.7557,2214.305,0.6036762,1817.4333,-0.09127326
3294,1341,1491.8792,4327.051,213940.5,3366361.25,406.91275,616.2491,561.20544,2484.3284,0.629615,1833.0077,-0.1328182
3295,1309,1493.9702,3367.194,204341.9375,3366340.25,425.80252,614.5523,582.5443,2204.4775,0.6103076,1813.3525,-0.08890183
3296,1291,1493.8691,4852.839,219198.390625,3366341.25,460.40164,648.4779,661.0306,2126.3572,0.5340978,1843.777,-0.05280304
3297,1354,1493.2327,1687.6743,187546.75,3366347.75,204.5325,392.67725,306.10635,1995.6462,0.73960483,1778.9639,-0.047085498
3298,1253,1494.4302,2951.5571,200185.5625,3366335.75,1018.9984,1261.1405,1427.1564,1948.322,0.16681375,1804.8419,-0.036666714
3299,1132,1495.56,3836.4019,209034.015625,3366324.5,268.08746,413.5265,310.74072,2140.7117,0.7464012,1822.9617,-0.07808639
3300,1326,1495.4653,4889.6646,219566.640625,3366325.25,330.3846,546.6723,478.6301,2505.9653,0.6801591,1844.5321,-0.13133518
3301,1195,1495.0779,1948.4795,190154.796875,3366329.25,530.8167,809.6226,815.4519,2249.456,0.46386322,1784.3046,-0.10344051
3302,1391,1496.6218,2110.163,191771.625,3366313.75,704.48096,1011.376,1093.5758,2189.2502,0.34075925,1787.6157,-0.09221774
3303,1251,1492.2526,2663.8801,197308.796875,3366357.5,435.91687,704.5052,678.1375,2497.6921,0.57550067,1798.9503,-0.15386443
3304,1219,1493.2273,3500.4824,205674.828125,3366347.75,608.9053,839.84534,909.55945,2198.0044,0.42134964,1816.0815,-0.09006211
3305,1152,1494.0443,3682.678,207496.78125,3366339.5,254.0829,400.9171,287.6554,2221.1094,0.76991457,1819.8129,-0.095507964
3306,1455,1494.9911,4689.309,217563.09375,3366330.0,377.21167,550.9911,506.4024,2200.1511,0.6286593,1840.4285,-0.082089484
3307,1221,1494.5315,4812.3022,218793.03125,3366334.75,364.93408,523.00366,454.224,2249.4385,0.6659322,1842.9471,-0.0800281
3308,1185,1499.4514,1282.735,183497.34375,3366285.5,150.49704,320.01602,242.06245,2110.817,0.79403096,1770.6776,-0.084481336
3309,1229,1495.1847,1427.6917,184946.921875,3366328.25,137.12042,298.4638,200.33685,2014.6941,0.817713,1773.6426,-0.05924019
3310,1266,1495.8041,1508.5142,185755.140625,3366322.0,139.19589,299.29227,204.0474,2094.5325,0.8217049,1775.2976,-0.07900709
3311,1655,1498.797,2343.8013,194108.015625,3366292.0,485.14804,776.4743,749.2254,2609.1807,0.5577484,1792.4005,-0.17687708
3312,1061,1494.5231,3802.5457,208695.453125,3366334.75,557.6103,784.959,831.7776,2268.0542,0.47029597,1822.2678,-0.09914422
3313,1172,1496.2517,4021.669,210886.6875,3366317.5,326.39633,485.99615,351.71118,2376.0852,0.7369544,1826.7561,-0.11738924
3314,1346,1497.6263,4369.4478,214364.46875,3366303.75,405.68423,586.6189,517.06464,2156.703,0.6138822,1833.879,-0.06385572
3315,1304,1498.7792,3024.7102,200917.09375,3366292.25,701.1971,940.8992,1024.166,2255.5193,0.3809501,1806.3423,-0.10320709
3316,1162,1496.908,3330.8735,203978.734375,3366311.0,433.1403,613.4725,571.1239,2221.837,0.60702354,1812.6105,-0.09359184
3317,1271,1498.8812,4966.252,220332.515625,3366291.25,222.38985,382.85995,300.13217,2214.1372,0.76184744,1846.1024,-0.08031558
3318,1369,1499.9694,2875.6743,199426.75,3366280.25,774.81445,1111.7692,1307.7875,2361.8123,0.29394582,1803.2913,-0.12889324
3319,1304,1496.217,5032.8306,220998.3125,3366317.75,479.32898,642.8965,668.2366,2009.579,0.5069695,1847.4646,-0.03076585
3320,930,1497.0376,1110.7699,181777.703125,3366309.5,193.93979,387.95914,305.52365,2206.014,0.7575013,1767.1558,-0.09678924
3321,1011,1498.0791,1202.086,182690.859375,3366299.25,211.37686,393.46588,307.29672,2292.9802,0.762748,1769.0258,-0.124992624
3322,1313,1497.8073,1758.6802,188256.796875,3366302.0,171.11577,356.5575,242.25894,2062.9148,0.78849405,1780.4203,-0.07021358
3323,1254,1498.1747,3431.0989,204980.984375,3366298.25,429.86243,613.9402,585.19775,2099.1907,0.57514703,1814.6635,-0.063220575
3324,1301,1500.4973,4929.4683,219964.6875,3366275.0,294.49884,495.2986,380.49002,2699.733,0.75051725,1845.35,-0.17742454
3325,1360,1501.2493,1990.9868,190579.875,3366267.5,558.5875,837.6802,850.26324,2077.4646,0.4138387,1785.1783,-0.06893789
3326,1444,1502.6115,2029.4772,190964.765625,3366254.0,581.6745,864.14886,873.16064,2083.6184,0.40542185,1785.9672,-0.06906717
3327,1108,1497.7761,2590.5867,196575.875,3366302.25,355.352,609.38354,526.35016,2486.5967,0.66431886,1797.4528,-0.14379123
3328,993,1495.7614,3262.0825,203290.828125,3366322.5,649.7397,888.5161,1008.2709,2139.2559,0.36268136,1811.2012,-0.08090184
3329,1325,1502.5494,1391.9691,184589.6875,3366254.5,140.26944,313.07623,211.76,2146.224,0.8189447,1772.9156,-0.08723018
3330,1560,1502.9474,2236.925,193039.25,3366250.5,665.73206,963.96216,1018.6404,2511.7263,0.42658013,1790.2146,-0.1601818
3331,1133,1498.9673,2521.9912,195889.90625,3366290.25,559.0168,836.80054,899.79877,2294.992,0.44454202,1796.049,-0.11295473
3332,1129,1499.3684,2773.2454,198402.453125,3366286.25,443.8131,714.6262,706.72986,2430.628,0.55295026,1801.1937,-0.13882954
3333,1234,1502.2545,2914.6055,199816.0625,3366257.5,916.03284,1212.5065,1394.1378,1998.7054,0.18144709,1804.0897,-0.046829697
3334,1105,1498.2217,2698.2705,197652.703125,3366297.75,448.89322,735.7964,727.41266,2607.4614,0.5733671,1799.6578,-0.17791633
3335,1356,1503.2566,3069.526,201365.25,3366247.5,585.4355,827.1202,817.6523,2347.2087,0.48443377,1807.2625,-0.12203747
3336,1048,1503.0916,3204.016,202710.15625,3366249.0,572.5086,818.2171,844.44226,2308.255,0.46081048,1810.0162,-0.11406166
3337,1434,1502.3278,4613.0273,216800.28125,3366256.75,424.25348,615.5432,600.42993,2253.0364,0.5865437,1838.87,-0.09239208
3338,807,1500.259,1029.8848,180968.84375,3366277.5,290.65674,507.25278,467.40768,2161.803,0.6609345,1765.502,-0.08014072
3339,1286,1506.3475,1819.8018,188868.015625,3366216.5,333.93857,550.4689,508.93314,2150.542,0.6406078,1781.6766,-0.08147781
3340,1067,1500.6007,2625.42,196924.203125,3366274.0,293.15933,503.3852,451.95032,2204.3853,0.68060553,1798.1676,-0.08658477
3341,1413,1505.3276,1352.3177,184193.171875,3366226.75,138.707,305.70062,221.79405,2115.8953,0.80958366,1772.1056,-0.084757596
3342,1294,1503.2264,4541.862,216088.625,3366247.75,286.6731,426.62094,344.49344,2067.2568,0.7182828,1837.4131,-0.0530349
3343,1002,1503.1188,3173.3962,202403.96875,3366248.75,532.36676,759.40967,773.31635,2270.3403,0.49630913,1809.3893,-0.109093
3344,1512,1510.863,2189.82,192568.203125,3366171.25,684.1402,984.63226,1086.674,2410.0344,0.39034894,1789.2548,-0.13916887
3345,1194,1505.536,3141.7512,202087.515625,3366224.75,570.3978,803.9271,811.1152,2279.3933,0.47542077,1808.7427,-0.10750978
3346,1088,1506.3833,3768.6672,208356.671875,3366216.25,376.3093,566.3667,525.2987,2095.6777,0.6144121,1821.5806,-0.060986478
3347,1318,1504.956,5067.412,221344.125,3366230.5,394.7022,603.36304,558.52734,2518.4434,0.62887996,1848.1775,-0.13214165
3348,1560,1511.2916,2457.129,195241.28125,3366167.0,605.0622,890.9237,947.09296,2396.4622,0.44422343,1794.728,-0.13318084
3349,1123,1505.2708,2808.3704,198753.703125,3366227.25,506.7569,781.00446,837.89404,2430.9885,0.48879197,1801.9163,-0.14016032
3350,1306,1509.3989,4257.6323,213246.328125,3366186.0,433.39856,622.71173,665.781,2052.1367,0.5241338,1831.5955,-0.049988076
3351,1213,1510.5895,5174.375,222413.75,3366174.0,278.8916,477.3417,411.2337,2428.949,0.7072357,1850.3712,-0.113012895
3352,1525,1510.0807,4729.224,217962.25,3366179.25,489.10034,698.78625,636.3472,2403.4084,0.5875946,1841.2539,-0.110819794
3353,1313,1512.3541,4781.5215,218485.21875,3366156.5,331.7144,481.254,430.95087,2033.3016,0.6463362,1842.3262,-0.031575043
3354,1249,1511.3442,1857.4515,189244.515625,3366166.5,369.80545,597.95435,540.64453,2225.522,0.6253111,1782.4504,-0.100148655
3355,1017,1509.9037,3236.0305,203030.3125,3366181.0,613.7345,841.3997,918.3648,2182.9626,0.41071025,1810.6757,-0.090240106
3356,1012,1508.0178,3871.7559,209387.5625,3366199.75,247.24358,390.6492,287.8078,2163.459,0.76431376,1823.6925,-0.0828251
3357,962,1510.6237,1175.4772,182424.765625,3366173.75,193.89813,385.91373,309.14136,2266.1143,0.75860053,1768.4885,-0.113923855
3358,870,1509.8574,1056.6288,181236.28125,3366181.5,261.0747,506.47012,415.35632,2478.3013,0.70846,1766.0552,-0.10425977
3359,997,1510.8124,1141.663,182086.625,3366172.0,176.08926,357.49448,281.74524,2163.7283,0.7696804,1767.7965,-0.090172015
3360,1107,1511.7949,1227.8654,182948.65625,3366162.0,186.25836,362.54922,282.09937,2159.9548,0.7685599,1769.5616,-0.09573574
3361,1337,1512.3104,4056.398,211233.984375,3366157.0,236.30217,396.84818,292.138,2159.5217,0.76147884,1827.4761,-0.080473095
3362,1187,1514.4667,5250.566,223175.65625,3366135.25,247.19334,421.639,352.99493,2291.2102,0.734291,1851.9337,-0.10064357
3363,1421,1514.4686,1650.9937,187179.9375,3366135.25,158.99156,332.55948,231.09782,1996.1929,0.7919153,1778.2255,-0.052836653
3364,1121,1512.2802,1888.3746,189553.75,3366157.25,423.8992,650.30597,629.2712,2161.767,0.56271183,1783.084,-0.0903137
3365,1118,1508.9607,3466.713,205337.125,3366190.5,578.30817,788.398,812.2719,2121.7102,0.4514564,1815.3987,-0.07013037
3366,1363,1514.3984,4219.8887,212868.890625,3366136.0,414.47653,601.5022,617.4828,2092.2512,0.55857253,1830.8252,-0.058618188
3367,1334,1514.958,4296.9775,213639.78125,3366130.5,358.47113,571.6533,556.4333,2338.9663,0.6221684,1832.4043,-0.11483978
3368,850,1512.9106,1007.4565,180744.5625,3366151.0,204.08824,398.21765,334.47766,2086.9905,0.72371703,1765.0504,-0.0740778
3369,1197,1513.9541,3942.9124,210099.125,3366140.5,427.42023,617.66455,634.8797,2130.5547,0.54873145,1825.153,-0.06753671
3370,1537,1516.2141,4407.6216,214746.21875,3366117.75,234.39688,414.96942,297.01236,2261.0657,0.7669791,1834.6708,-0.09741155
3371,1026,1514.2622,3658.0215,207250.21875,3366137.5,253.07115,395.64474,283.6462,2157.1895,0.7673736,1819.3191,-0.08344012
3372,1197,1514.2222,3713.2522,207802.53125,3366137.75,277.23853,435.4712,352.0163,2090.0715,0.71704346,1820.4501,-0.06127349
3373,1295,1518.0726,1786.6494,188536.5,3366099.25,177.84943,370.27182,250.68494,2071.634,0.7829232,1781.0048,-0.071613915
3374,1461,1518.0657,2376.6816,194436.8125,3366099.25,474.53113,793.4894,682.0151,2926.5017,0.6166207,1793.0847,-0.23087643
3375,1155,1515.4633,5216.5586,222835.59375,3366125.25,239.7528,409.40518,361.51602,2190.7659,0.7149521,1851.2377,-0.07878176
3376,870,1514.4966,1087.2678,181542.671875,3366135.0,241.96782,469.34482,395.0069,2438.8242,0.72666955,1766.6852,-0.11542874
3377,1331,1515.3005,1720.0767,187870.765625,3366127.0,170.00601,356.17355,243.4538,2120.5273,0.79254305,1779.6403,-0.08262916
3378,1060,1512.0774,2840.5962,199075.96875,3366159.25,619.55756,903.2368,1018.2783,2358.2886,0.404045,1802.58,-0.12849583
3379,1085,1515.5475,3284.0266,203510.265625,3366124.5,553.11383,764.9051,789.2152,2178.4646,0.48331386,1811.6616,-0.085095495
3380,1343,1517.6173,3528.024,205950.234375,3366103.75,420.8321,604.82056,562.3898,2133.0283,0.60128707,1816.659,-0.06923657
3381,1141,1516.8239,3624.8115,206918.125,3366111.75,271.30893,425.09814,312.77957,2158.7559,0.7460924,1818.6405,-0.0829644
3382,1202,1514.9784,3987.351,210543.515625,3366130.25,418.76248,609.0325,568.40015,2345.22,0.6048798,1826.0635,-0.11148947
3383,1435,1518.3951,4451.5044,215185.046875,3366096.0,308.7244,489.10175,380.7491,2451.223,0.72977984,1835.5707,-0.13485654
3384,1303,1516.8013,5002.777,220697.765625,3366112.0,429.94974,592.1961,596.2252,1945.4229,0.55511487,1846.86,-0.013499651
3385,1216,1517.2023,5136.865,222038.65625,3366108.0,310.18463,500.65994,454.5411,2363.4194,0.6803302,1849.6064,-0.10918551
3386,1176,1519.4592,1447.7296,185147.296875,3366085.5,128.81802,286.90817,189.93367,2049.9082,0.82895875,1774.0673,-0.068095766
3387,1441,1519.4358,2413.6807,194806.8125,3366085.75,547.5517,841.508,824.32336,2630.9119,0.5192978,1793.8431,-0.17620423
3388,1374,1517.7963,4175.758,212427.578125,3366102.0,248.47162,419.80933,346.20343,2058.1653,0.7110365,1829.9233,-0.051668804
3389,1778,1524.1204,2306.712,193737.125,3366038.75,600.37964,835.4505,896.5917,2111.2852,0.4125507,1791.6556,-0.0706676
3390,1349,1518.3054,4501.625,215686.25,3366097.0,324.7891,499.4192,393.23166,2396.2605,0.71606535,1836.597,-0.12191448
3391,1177,1521.4707,3591.5361,206585.359375,3366065.25,458.5034,644.4133,657.7774,2018.3582,0.5244426,1817.9617,-0.045080654
3392,1523,1520.4065,4129.9756,211969.75,3366076.0,239.36572,406.38477,318.456,2114.6946,0.73674953,1828.9872,-0.066500306
3393,1250,1519.2816,5102.674,221696.734375,3366087.25,269.5916,448.8528,365.7908,2242.6511,0.7175917,1848.9072,-0.089221224
3394,1214,1521.472,1482.5396,185495.390625,3366065.25,125.8196,277.0066,185.5206,2024.654,0.8317475,1774.781,-0.063097194
3395,1347,1523.9762,1571.7268,186387.265625,3366040.25,270.55902,460.9072,421.1626,2058.582,0.7046738,1776.6083,-0.06670531
3396,1192,1522.1031,1923.25,189902.5,3366059.0,529.8876,785.9354,785.6015,2220.7576,0.48306888,1783.8037,-0.09983637
3397,1313,1522.8446,2495.9924,195629.921875,3366051.5,518.9246,825.96344,792.58875,2629.811,0.5358572,1795.5303,-0.17686236
3398,1138,1523.6863,2750.8428,198178.421875,3366043.25,512.3304,822.9095,784.7056,2794.2021,0.55838645,1800.7488,-0.20678267
3399,1396,1520.8682,3399.2915,204662.90625,3366071.25,381.42264,575.9287,530.41156,2180.5823,0.6228102,1814.0248,-0.07940677
3400,1097,1523.4868,1256.0437,183230.4375,3366045.25,174.69371,347.39746,268.19415,2138.6873,0.77671045,1770.1455,-0.09118108
3401,1259,1523.7355,1320.1923,183871.921875,3366042.75,142.1803,313.00873,225.7927,2155.0889,0.80932003,1771.4589,-0.09367693
3402,1408,1525.1832,1530.7379,185977.375,3366028.25,139.06818,293.26706,207.44957,2097.581,0.8197813,1775.7699,-0.08027813
3403,1251,1523.8297,3102.4302,201694.296875,3366041.75,598.43085,854.1123,858.38727,2473.5227,0.48004633,1807.9478,-0.14698409
3404,1123,1524.7605,3316.5762,203835.765625,3366032.5,252.07837,397.51736,283.9065,2130.2534,0.76401883,1812.3333,-0.07794465
3405,1404,1521.6068,4652.4224,217194.21875,3366064.0,439.9576,616.3269,612.7803,2169.1062,0.56889975,1839.6871,-0.07602149
3406,1453,1526.6793,1611.9525,186789.53125,3366013.25,154.78596,328.44254,224.88438,2147.0854,0.8098024,1777.4335,-0.09122315
3407,1116,1524.466,2969.4148,200364.15625,3366035.25,717.2258,991.7491,1119.2792,2141.7515,0.31891227,1805.2246,-0.08302999
3408,1386,1525.8867,3901.5007,209685.0,3366021.25,263.4412,412.9145,306.04294,2204.725,0.75578594,1824.3114,-0.09181031
3409,1262,1525.019,4828.2593,218952.59375,3366029.75,400.30032,551.6727,567.7449,1916.9017,0.5548961,1843.29,-0.0060783457
3410,1240,1526.9298,1963.0032,190300.03125,3366010.75,512.6798,817.2718,780.57983,2405.0984,0.5065936,1784.6205,-0.14007267
3411,1380,1524.5891,2075.0232,191420.234375,3366034.0,662.8507,949.3442,1029.5739,2118.0754,0.3511431,1786.9125,-0.07473021
3412,1190,1526.9135,2648.6042,197156.046875,3366010.75,457.5336,744.72437,755.89246,2452.311,0.5373051,1798.6573,-0.14927909
3413,1214,1527.8435,2539.3838,196063.84375,3366001.5,474.95303,761.8097,742.4423,2564.0493,0.55370176,1796.4216,-0.16619344
3414,1209,1528.5632,2573.4482,196404.484375,3365994.25,503.91562,829.21173,807.3623,2782.78,0.55033076,1797.1195,-0.20859765
3415,1148,1528.1559,2717.0532,197840.53125,3365998.5,561.70905,862.2021,918.2047,2593.7727,0.48221382,1800.0594,-0.17456594
3416,1118,1527.1521,3559.1797,206261.796875,3366008.5,520.04114,710.4902,736.0926,2105.0413,0.49732423,1817.3022,-0.0669843
3417,1374,1529.158,2121.2744,191882.75,3365988.5,752.8741,1055.2023,1137.1499,2171.716,0.31592247,1787.862,-0.083846785
3418,952,1526.0746,3794.4348,208614.34375,3366019.25,620.7264,856.9407,947.3214,2173.478,0.40053076,1822.119,-0.08257334
3419,1297,1527.5952,4333.007,214000.0625,3366004.0,213.56554,381.64996,289.23825,2119.1992,0.7586601,1833.1489,-0.06462561
3420,1483,1528.0344,4578.623,216456.234375,3365999.75,357.37695,517.2414,462.355,2104.9636,0.65064704,1838.1792,-0.059124123
3421,1275,1528.5035,4867.312,219343.125,3365995.0,435.6702,641.49567,569.97644,2488.6797,0.6259268,1844.0917,-0.13166443
3422,1151,1529.5178,2683.3137,197503.140625,3365984.75,359.35883,602.69855,543.86707,2442.4275,0.64754117,1799.3695,-0.14337152
3423,1253,1531.4877,3000.7686,200677.6875,3365965.0,644.52716,867.6189,953.9505,2273.2734,0.42257988,1805.8705,-0.09960028
3424,1378,1530.3447,3355.2664,204222.65625,3365976.5,265.10196,413.00073,298.96118,2135.565,0.7540654,1813.1285,-0.07707441
3425,1084,1529.1854,3824.5461,208915.46875,3365988.25,309.5761,463.66882,366.92252,2150.073,0.71089005,1822.7374,-0.07609937
3426,1274,1531.3885,4905.283,219722.828125,3365966.0,280.25824,466.83987,348.47723,2571.5671,0.7608345,1844.871,-0.15985839
3427,1805,1535.6776,2265.0083,193320.078125,3365923.25,586.5047,877.6759,912.86096,2497.0952,0.46767974,1790.8086,-0.15538186
3428,1136,1530.213,2609.4912,196764.90625,3365977.75,483.0396,793.9648,761.5942,2768.2544,0.5779859,1797.8584,-0.2053305
3429,1182,1530.873,3743.3164,208103.15625,3365971.25,312.45642,479.38324,419.61758,2190.4492,0.68508106,1821.075,-0.07982389
3430,1305,1531.0161,1683.5901,187505.90625,3365969.75,177.1065,363.87817,260.33026,1975.7961,0.7634426,1778.9026,-0.041681867
3431,1178,1531.7632,2936.2131,200032.125,3365962.25,759.5658,1018.7105,1100.6027,2172.43,0.33730263,1804.5488,-0.08501094
3432,1233,1532.6375,3035.511,201025.109375,3365953.5,598.15857,807.0012,814.21454,2225.1526,0.4842787,1806.5825,-0.09476451
3433,1192,1530.922,3491.9604,205589.609375,3365970.75,481.3578,656.3792,632.2215,2133.518,0.56277555,1815.9279,-0.07213322
3434,1151,1531.583,3443.0981,205100.984375,3365964.25,554.23413,794.4844,827.42834,2299.4001,0.47771713,1814.9277,-0.109459125
3435,1061,1532.4279,3856.4185,209234.1875,3365955.75,251.16777,399.2719,289.15598,2194.8972,0.7666387,1823.3918,-0.08867377
3436,1441,1531.6086,4090.945,211579.453125,3365964.0,237.1093,412.89835,325.04614,2128.739,0.73489827,1828.194,-0.07488613
3437,964,1531.0809,1118.5249,181855.25,3365969.25,165.13382,341.0384,256.9751,2103.8113,0.78179187,1767.335,-0.07515394
3438,1475,1536.5328,2216.9138,192839.140625,3365914.75,427.01764,676.6488,665.7153,2265.3877,0.5721302,1789.8243,-0.107393704
3439,1364,1536.8541,1413.1649,184801.65625,3365911.5,140.22433,310.2456,209.07845,2124.1526,0.8184467,1773.3699,-0.08201039
3440,1133,1533.8085,2785.7742,198527.75,3365942.0,570.70874,852.7158,888.39984,2480.7512,0.4886436,1801.4697,-0.15026228
3441,1248,1534.8373,2898.5,199655.0,3365931.75,1002.512,1294.6426,1450.2332,2079.657,0.18195723,1803.7784,-0.06595407
3442,1253,1531.5994,4019.9553,210869.5625,3365964.0,270.76935,423.18436,307.8871,2266.5156,0.7598659,1826.7402,-0.10244206
3443,1228,1531.294,4369.3174,214363.171875,3365967.0,407.5391,596.941,549.2146,2096.0994,0.59119076,1833.8945,-0.053971086
3444,1391,1532.0244,4689.807,217568.0625,3365959.75,477.656,676.3314,663.32135,2282.261,0.5451137,1840.4584,-0.09118918
3445,1336,1539.0524,4757.7266,218247.265625,3365889.5,395.3604,570.75934,522.5,2230.0486,0.6175836,1841.853,-0.08410513
3446,1293,1537.3759,1376.6063,184436.0625,3365906.25,140.81747,313.3264,213.89714,2222.492,0.82378554,1772.6218,-0.10680047
3447,1288,1536.0055,1749.9014,188169.015625,3365920.0,168.56212,350.7663,247.64906,1969.1569,0.7740628,1780.2631,-0.046099
3448,1422,1535.4916,2157.9832,192249.828125,3365925.0,724.25665,1034.5823,1144.0232,2224.7913,0.3275237,1788.6173,-0.093958676
3449,1192,1535.844,3686.3557,207533.5625,3365921.5,273.5495,426.7202,324.57507,2111.6758,0.7344997,1819.9113,-0.068532266
3450,1191,1536.2494,4940.8667,220078.671875,3365917.5,173.21495,311.75104,239.03778,2042.6029,0.7910943,1845.6022,-0.048004594
3451,1147,1534.843,4972.049,220390.484375,3365931.5,212.50218,366.84262,289.67392,2001.3086,0.746133,1846.2401,-0.032638382
3452,1435,1536.9916,5035.749,221027.5,3365910.0,452.1453,628.32825,658.58154,2097.58,0.51605016,1847.5459,-0.048466887
3453,1098,1535.765,1288.3907,183553.90625,3365922.25,144.14845,310.35974,232.02823,2100.4854,0.8001722,1770.8151,-0.08210941
3454,1391,1539.2451,2003.1359,190701.359375,3365887.5,520.34937,790.51117,777.583,2170.911,0.46980214,1785.4492,-0.08993674
3455,1287,1538.1367,2039.6705,191066.703125,3365898.75,563.6294,855.8205,875.2323,2217.5005,0.43535322,1786.1965,-0.100472756
3456,1177,1537.26,2860.3042,199273.046875,3365907.5,986.3611,1290.147,1420.9099,2159.5122,0.21579541,1802.9977,-0.08358685
3457,1150,1541.093,4479.5845,215465.84375,3365869.0,370.47653,567.59827,487.60217,2453.9392,0.6746256,1836.158,-0.13037892
3458,930,1534.6473,1032.1914,180991.90625,3365933.5,305.17633,521.6086,509.22043,2183.9087,0.63106424,1765.5698,-0.08798968
3459,1126,1536.0125,3213.1562,202801.5625,3365920.0,516.516,731.02045,765.3148,2215.8206,0.49399883,1810.2218,-0.09550954
3460,1079,1539.7544,5196.5757,222635.75,3365882.5,373.53986,570.71643,588.9324,2198.8813,0.58835965,1850.8411,-0.07938491
3461,1164,1538.9098,1194.3436,182613.4375,3365891.0,189.91322,374.311,302.31702,2136.7551,0.7511451,1768.8917,-0.088013835
3462,1231,1540.0829,1839.3647,189063.65625,3365879.25,224.59138,420.14865,314.749,2027.3119,0.7290843,1782.0969,-0.05892177
3463,1131,1534.2874,3172.1362,202391.359375,3365937.25,522.7042,718.85767,713.33246,2169.2166,0.51692504,1809.381,-0.08270245
3464,1191,1539.9312,3250.377,203173.765625,3365880.75,472.73047,657.4186,648.0474,2137.7625,0.5509964,1810.9862,-0.07545859
3465,1244,1536.7838,4539.0347,216060.34375,3365912.25,290.24115,429.3963,339.0056,2147.9526,0.7298782,1837.373,-0.07517384
3466,1386,1540.3672,4618.1997,216852.0,3365876.25,378.73773,558.96643,543.08514,2148.5432,0.60019284,1838.9962,-0.06960227
3467,1060,1540.2642,1160.0557,182270.5625,3365877.25,170.16887,348.6066,272.18112,2131.4688,0.77224874,1768.1906,-0.083095685
3468,1211,1539.7094,3069.2478,201362.484375,3365883.0,496.1536,726.0648,694.0157,2341.7886,0.5481209,1807.2772,-0.12288251
3469,1222,1540.8438,3135.5024,202025.03125,3365871.5,616.8478,863.2631,913.5516,2259.072,0.42746776,1808.6345,-0.10729709
3470,1200,1540.2992,5074.699,221417.0,3365877.0,375.62457,566.95044,518.92834,2293.0134,0.6276253,1848.3453,-0.09427628
3471,1241,1543.6656,5267.01,223340.09375,3365843.25,245.02135,420.4166,354.21475,2240.3767,0.7241139,1852.2858,-0.08684439
3472,1172,1541.6305,2819.7534,198867.53125,3365863.75,552.849,852.9164,891.9104,2522.6365,0.47875592,1802.1699,-0.16068247
3473,1300,1543.8276,3972.284,210392.84375,3365841.75,448.01694,647.2431,603.2996,2361.225,0.5805061,1825.7708,-0.10619579
3474,1252,1542.3898,4271.1924,213381.921875,3365856.0,302.89258,468.64856,439.47684,2060.1055,0.65057534,1831.891,-0.05085387
3475,836,1539.2991,1063.1508,181301.5,3365887.0,246.50957,461.31818,424.88995,2180.1233,0.68274575,1766.2063,-0.061202716
3476,1652,1545.0448,2344.0981,194110.984375,3365829.5,610.26697,906.7863,967.546,2441.8552,0.43665108,1792.4332,-0.14469545
3477,1336,1546.1669,4798.639,218656.390625,3365818.25,429.34207,580.5344,574.40497,1908.8469,0.5481651,1842.6947,-0.004788304
3478,1139,1543.6234,3932.4539,209994.53125,3365843.75,304.05576,466.43634,383.36832,2117.8684,0.6874527,1824.955,-0.059864063
3479,1269,1546.9701,4198.903,212659.03125,3365810.25,306.39282,483.816,440.8085,2105.8157,0.6619019,1830.4131,-0.06235271
3480,1206,1546.2098,5162.4487,222294.484375,3365818.0,345.43655,555.0195,550.04724,2333.5542,0.6217383,1850.1455,-0.10506047
3481,1454,1549.315,2436.187,195031.875,3365786.75,521.9037,833.1685,797.51855,2743.905,0.5478227,1794.321,-0.2020572
3482,1208,1548.8593,1805.5083,188725.078125,3365791.5,272.02814,475.9462,403.87167,2103.9304,0.68690264,1781.4089,-0.07437097
3483,1370,1550.3679,4157.195,212241.953125,3365776.25,273.61606,443.87115,384.92154,2003.3898,0.6941128,1829.5609,-0.037329186
3484,1305,1549.8873,4234.3984,213013.984375,3365781.25,477.9249,676.7828,759.61914,2081.994,0.47071138,1831.1416,-0.058792803
3485,888,1545.1881,1092.0338,181590.34375,3365828.0,206.71284,409.88065,335.84683,2153.0405,0.73574495,1766.8011,-0.069071345
3486,1308,1550.4067,1343.4648,184104.65625,3365776.0,142.06728,312.00153,223.29129,2271.0718,0.8205917,1771.9512,-0.121126994
3487,1232,1549.8109,1495.6697,185626.703125,3365782.0,123.78003,274.0625,187.37662,1977.9229,0.8261444,1775.0665,-0.051164746
3488,1078,1548.9397,3774.5566,208415.5625,3365790.5,661.75696,967.9972,1131.1484,2312.4226,0.35630885,1821.7246,-0.11614817
3489,1428,1551.5315,4427.1094,214941.09375,3365764.75,255.67752,425.94153,313.34595,2331.7122,0.76104796,1835.0889,-0.1113438
3490,1324,1546.4358,1890.204,189572.03125,3365815.75,493.6488,725.6488,749.1526,2115.5574,0.5008146,1783.1415,-0.07763968
3491,1380,1551.8616,2474.7231,195417.234375,3365761.5,470.23334,771.5174,722.01306,2655.8774,0.5788399,1795.1115,-0.18529908
3492,1151,1547.0426,3651.642,207186.421875,3365809.5,255.07559,405.1325,291.16202,2111.776,0.756597,1819.2065,-0.07092043
3493,1321,1549.919,4723.206,217902.0625,3365780.75,440.43378,629.82855,596.6207,2323.4482,0.5931348,1841.1519,-0.10828061
3494,913,1547.7886,1005.08435,180720.84375,3365802.0,254.54326,457.51587,421.02957,2101.7405,0.67485523,1765.0228,-0.067036
3495,1138,1548.3217,1225.3945,182923.9375,3365796.75,199.50703,389.99384,311.5334,2225.1643,0.75273186,1769.533,-0.10777807
3496,1254,1554.0614,2096.0933,191630.9375,3365739.5,642.15393,950.4394,1007.9123,2280.366,0.39232078,1787.361,-0.11401976
3497,1378,1551.2809,4052.3796,211193.796875,3365767.25,241.22786,398.53555,293.5305,2157.4036,0.76036525,1827.4149,-0.08077094
3498,1341,1553.777,5230.504,222975.03125,3365742.25,395.368,593.5619,538.7703,2531.357,0.6509888,1851.5433,-0.13492711
3499,1465,1554.5099,1640.5931,187075.9375,3365735.0,164.64505,338.1536,239.56519,2114.2021,0.7960962,1778.0361,-0.07945336
3500,1065,1547.399,3285.0403,203520.40625,3365806.0,241.32066,372.64694,270.53708,2010.7427,0.761498,1811.7001,-0.047281165
3501,1238,1552.8942,3385.3943,204523.9375,3365751.0,395.81946,582.0731,533.89294,2125.1272,0.6178979,1813.758,-0.06859489
3502,1261,1552.4766,5125.1973,221921.96875,3365755.25,382.57376,579.9738,599.77875,2116.8127,0.5666251,1849.3859,-0.057716563
3503,1316,1556.266,2517.396,195843.96875,3365717.25,548.40955,847.519,885.1877,2619.6033,0.50132173,1795.9877,-0.17881176
3504,1199,1552.4453,3616.361,206833.609375,3365755.5,276.87616,433.41202,312.83987,2150.408,0.74435014,1818.4872,-0.077392675
3505,1646,1556.6761,2389.2441,194562.4375,3365713.25,557.9119,851.37787,939.2102,2363.3306,0.43475837,1793.3641,-0.12935911
3506,1230,1556.0049,3424.7659,204917.65625,3365720.0,460.02115,698.7049,676.6382,2241.9448,0.5492623,1814.5659,-0.0962996
3507,1379,1556.438,4306.5483,213735.484375,3365715.5,370.781,545.70123,507.60223,1923.8647,0.58947706,1832.6227,-0.015085149
3508,1377,1555.379,1715.7422,187827.421875,3365726.25,171.60785,351.41104,244.59332,2161.1074,0.7960618,1779.5751,-0.0948256
3509,1235,1553.8785,1932.1141,189991.140625,3365741.25,526.19354,799.39026,812.27045,2353.566,0.49311695,1784.0038,-0.12930071
3510,1314,1559.1407,3467.5662,205345.65625,3365688.5,300.20776,454.4863,353.35123,2019.4752,0.7059011,1815.4441,-0.048609123
3511,1289,1556.997,3717.2808,207842.8125,3365710.0,327.4418,491.20132,421.4108,2094.8894,0.67672485,1820.5562,-0.062081065
3512,1340,1553.8,1451.0477,185180.484375,3365742.0,121.755226,267.2642,180.68358,1994.094,0.83335775,1774.1555,-0.053860534
3513,1212,1557.2616,1560.1279,186271.28125,3365707.5,229.15924,410.83334,353.97195,1977.1659,0.7299146,1776.3905,-0.04664633
3514,1363,1558.7007,4389.1733,214561.734375,3365693.0,369.74396,567.8613,440.97873,2609.3684,0.708019,1834.3159,-0.15439467
3515,1184,1558.337,2629.3118,196963.125,3365696.75,555.37836,862.34796,887.0287,2564.168,0.4899322,1798.2803,-0.16871493
3516,1081,1555.3247,2738.3542,198053.546875,3365726.75,514.28674,793.78076,892.4829,2380.444,0.45833763,1800.5111,-0.13312784
3517,1248,1558.1819,3510.927,205779.265625,3365698.25,266.5697,403.29086,302.33374,2046.6338,0.74586385,1816.3314,-0.053031087
3518,1195,1560.3799,3874.7966,209417.96875,3365676.25,243.54561,387.3682,288.236,2136.541,0.76170224,1823.7834,-0.07753285
3519,1342,1558.3234,4843.142,219101.421875,3365696.75,359.86325,522.50854,425.8141,2138.7966,0.661509,1843.6125,-0.055902403
3520,1290,1557.6031,4997.466,220644.65625,3365704.0,548.0252,697.2167,737.10736,1835.8531,0.43374205,1846.7726,0.013562061
3521,997,1558.9047,1132.5436,181995.4375,3365691.0,188.97191,386.3992,307.2588,2184.67,0.7553897,1767.6385,-0.08036109
3522,1202,1560.1156,1773.5774,188405.78125,3365678.75,223.16139,414.5208,332.10233,2004.8461,0.7193554,1780.7618,-0.049651593
3523,1592,1563.1815,2182.9685,192499.6875,3365648.25,563.35425,855.5823,860.103,2287.797,0.4580718,1789.1448,-0.11170475
3524,1208,1558.9818,3545.64,206126.40625,3365690.25,493.44165,648.2893,625.89154,1950.1027,0.52844554,1817.0426,-0.026585462
3525,1351,1560.6033,4512.5205,215795.203125,3365674.0,290.9489,444.44708,378.2935,2142.1343,0.70549935,1836.8429,-0.07165707
3526,1374,1562.0095,1593.9899,186609.90625,3365660.0,158.51091,325.7147,228.43668,2094.666,0.8020166,1777.0865,-0.07807258
3527,1157,1558.7848,1972.7693,190397.6875,3365692.25,575.62665,863.7727,869.27655,2229.2827,0.4404209,1784.839,-0.106049165
3528,1210,1559.0165,3581.4182,206484.1875,3365689.75,419.34836,585.06903,548.45703,1934.126,0.56749964,1817.7753,-0.020834342
3529,1439,1561.8248,4119.833,211868.328125,3365661.75,250.31306,420.8871,332.8485,2089.5068,0.7234038,1828.802,-0.057960324
3530,1145,1558.1625,1260.6245,183276.25,3365698.5,144.81398,308.4987,233.68996,2106.1023,0.79992926,1770.26,-0.08373397
3531,1188,1560.5067,2668.3738,197353.734375,3365675.0,634.2769,944.2365,1014.5455,2595.9275,0.44408086,1799.0812,-0.17455491
3532,975,1560.1097,3194.1262,202611.265625,3365679.0,276.2605,421.91077,318.12308,2073.8,0.7323258,1809.8457,-0.063477725
3533,1105,1557.1312,3320.0417,203870.421875,3365708.75,243.39864,390.27374,276.56787,2086.4321,0.762352,1812.4222,-0.061910782
3534,1283,1566.3235,1861.4388,189284.390625,3365616.75,305.34918,529.27435,459.34683,2165.904,0.6669925,1782.5642,-0.090545915
3535,1363,1560.047,4655.038,217220.375,3365679.5,326.39508,496.50183,421.33932,2138.997,0.677647,1839.7612,-0.068776116
3536,1302,1561.9454,4884.794,219517.9375,3365660.5,240.86598,406.46622,305.79532,2236.1667,0.7594918,1844.4674,-0.08652039
3537,1393,1564.7545,5291.3574,223583.578125,3365632.5,247.79433,403.39664,374.05637,1952.3339,0.67872864,1852.7954,-0.02148603
3538,1291,1563.7405,2555.368,196223.6875,3365642.5,479.4152,762.4074,757.8071,2595.478,0.55926716,1796.7694,-0.1739169
3539,1248,1563.0544,2591.1675,196581.671875,3365649.5,491.52084,763.7372,808.2091,2326.697,0.49315384,1797.502,-0.1219019
3540,1199,1560.8132,3105.6355,201726.359375,3365671.75,679.6877,910.57587,926.6989,2311.4834,0.42202863,1808.0342,-0.111273006
3541,1167,1562.3933,3806.8337,208738.34375,3365656.0,595.392,810.88306,858.24036,2130.3752,0.44152874,1822.393,-0.070995115
3542,1352,1563.4045,4346.154,214131.53125,3365646.0,663.2529,894.6516,905.5329,2299.4282,0.44156227,1833.4374,-0.086327635
3543,1148,1564.5261,4460.3423,215273.421875,3365634.75,284.20123,451.8088,371.32883,2310.9534,0.72488856,1835.7765,-0.10632488
3544,1163,1562.4076,1527.0636,185940.640625,3365656.0,131.14703,292.1539,197.42047,2016.8564,0.8207014,1775.7167,-0.060799118
3545,1141,1563.1323,2772.7117,198397.125,3365648.75,619.12445,907.1315,1011.163,2471.5093,0.41547334,1801.219,-0.1474016
3546,1319,1560.3093,2967.9204,200349.203125,3365677.0,528.66833,727.1744,761.934,2287.1123,0.5129887,1805.2142,-0.110331826
3547,1300,1564.9154,1303.8838,183708.84375,3365630.75,146.69539,320.89307,237.58846,2235.8062,0.80738515,1771.1495,-0.11276014
3548,1152,1564.3429,2882.816,199498.15625,3365636.5,724.5964,1037.322,1225.4565,2336.4966,0.31420234,1803.474,-0.12581487
3549,1320,1564.2576,4011.2651,210782.65625,3365637.5,275.64923,418.139,306.80264,2202.91,0.7561788,1826.5801,-0.086793445
3550,1271,1566.1,4558.0015,216250.015625,3365619.0,316.49057,464.46222,394.08615,2015.395,0.6822778,1837.7772,-0.041936196
3551,1163,1567.5382,5095.381,221623.8125,3365604.5,343.24463,532.32544,518.99396,2089.721,0.61098903,1848.7832,-0.05482747
3552,1254,1564.721,1676.5199,187435.203125,3365632.75,182.48564,358.5303,262.6268,2011.4138,0.7679103,1778.7776,-0.051987536
3553,1286,1567.3593,2061.203,191282.03125,3365606.5,502.24417,794.3305,820.9977,2317.9673,0.47726026,1786.6544,-0.122730255
3554,1287,1566.2004,2703.906,197709.0625,3365618.0,565.6465,853.3784,925.202,2409.5945,0.4446414,1799.812,-0.13799779
3555,1209,1563.5947,2928.1208,199951.203125,3365644.0,526.55084,752.37305,804.2767,2115.9304,0.45095217,1804.4011,-0.0686539
3556,1163,1565.2158,3841.5125,209085.125,3365627.75,301.93335,459.7558,364.3031,2108.632,0.7041225,1823.1045,-0.065749116
3557,1272,1567.8435,4591.97,216589.703125,3365601.5,648.60376,906.74176,1011.41,2281.5193,0.43030885,1838.4738,-0.098040655
3558,1552,1567.0953,5489.3604,225563.59375,3365609.0,287.7413,511.46777,504.77448,2559.5637,0.6616047,1856.8518,-0.07705397
3559,757,1563.5588,1049.3447,181163.453125,3365644.5,253.46631,462.85336,422.2774,2210.0093,0.68478256,1765.9382,-0.078669466
3560,1563,1570.0659,2135.544,192025.4375,3365579.25,819.485,1145.6238,1273.6923,2238.913,0.28352514,1788.1779,-0.108199276
3561,1484,1570.1152,2229.5579,192965.578125,3365578.75,435.75876,692.7008,653.2278,2318.2568,0.56873715,1790.1027,-0.12301121
3562,1825,1570.04,2305.303,193723.03125,3365579.5,605.6455,900.023,878.9622,2641.302,0.4935024,1791.6533,-0.1789861
3563,1257,1569.2124,3904.771,209717.71875,3365588.0,253.87033,400.40494,306.282,2072.7498,0.7422268,1824.4021,-0.061311755
3564,1258,1567.7408,4926.168,219931.6875,3365602.5,165.17766,304.442,228.94952,2008.0724,0.794751,1845.3179,-0.04042884
3565,1195,1569.5281,2843.4192,199104.1875,3365584.75,957.4326,1244.5281,1431.1322,2032.1866,0.18108952,1802.6703,-0.057374906
3566,1319,1569.1304,3007.932,200749.3125,3365588.75,471.533,680.30023,658.03296,2336.0173,0.5703177,1806.0383,-0.12299515
3567,1082,1567.889,3162.0776,202290.78125,3365601.0,329.47412,482.7403,402.03745,2042.0181,0.68294203,1809.1938,-0.054540664
3568,1156,1569.2561,3348.802,204158.015625,3365587.5,261.10684,406.08652,291.50735,2089.6506,0.7528179,1813.0178,-0.062571235
3569,1166,1569.3739,3752.0823,208190.828125,3365586.25,477.38766,716.89624,780.13763,2182.5466,0.5113716,1821.2756,-0.08375178
3570,1140,1568.4816,3040.8008,201078.0,3365595.25,497.6658,709.55835,701.50085,2175.6575,0.5289053,1806.711,-0.0847706
3571,1327,1570.6248,4083.9963,211509.96875,3365573.75,247.12773,414.2811,321.95517,2119.299,0.7352396,1828.0729,-0.06987008
3572,1241,1571.3529,5055.4785,221224.78125,3365566.5,428.13174,634.7297,665.0677,2274.0432,0.5630213,1847.968,-0.09819061
3573,1480,1569.7007,5451.938,225189.375,3365583.0,204.62906,378.87332,326.46082,2113.853,0.7339455,1856.0867,-0.046800524
3574,1192,1572.7727,3226.407,202934.0625,3365552.25,283.69043,427.93332,335.5625,2027.1737,0.7194417,1810.5137,-0.050446104
3575,1451,1568.3901,5411.339,224783.390625,3365596.0,274.39868,489.41214,416.39423,2351.34,0.7064387,1855.2545,-0.095214754
3576,1277,1570.2068,4689.756,217567.5625,3365578.0,352.20752,546.1347,476.57596,2143.282,0.63768697,1840.4775,-0.057257663
3577,805,1572.2124,1026.4819,180934.8125,3365558.0,212.4149,408.9528,346.2062,2212.01,0.7298318,1765.4755,-0.09248785
3578,1364,1575.1093,2023.7024,190907.03125,3365529.0,490.1569,775.54913,755.7133,2421.9978,0.5240981,1785.8911,-0.1407956
3579,1200,1574.3567,2806.8857,198738.859375,3365536.5,943.86584,1252.8975,1351.005,2318.7375,0.26209086,1801.925,-0.11194217
3580,1390,1575.059,4962.469,220294.6875,3365529.5,364.7288,527.49677,492.75504,1984.8158,0.6306385,1846.0651,-0.026600402
3581,1023,1575.5591,1105.8397,181728.390625,3365524.5,207.16324,398.2258,351.86804,2014.2952,0.70707524,1767.1019,-0.043080926
3582,1307,1573.5554,3682.4912,207494.90625,3365544.5,360.7154,553.8359,502.09335,2205.049,0.64790857,1819.8529,-0.087491676
3583,1368,1575.1375,4768.309,218353.09375,3365528.5,438.49524,622.9525,575.5044,2220.5947,0.58837676,1842.0889,-0.08061939
3584,1406,1576.2091,5330.215,223972.15625,3365518.0,255.24431,420.1042,391.17142,2095.3108,0.68153864,1853.5972,-0.050108682
3585,861,1573.3043,1075.2776,181422.78125,3365547.0,216.1475,412.12195,367.11383,1919.9872,0.6867115,1766.475,0.0034719175
3586,1164,1575.0421,3074.7002,201417.0,3365529.5,546.3587,775.84924,760.0868,2309.0334,0.505112,1807.4088,-0.11223692
3587,1078,1574.1373,3259.629,203266.28125,3365538.75,238.34416,379.0946,264.16373,2088.5366,0.7737587,1811.1947,-0.0662105
3588,1192,1575.2719,3941.3901,210083.90625,3365527.25,396.73993,574.62415,575.2869,1970.5516,0.56208634,1825.1553,-0.026465258
3589,1215,1577.8322,5021.5605,220885.609375,3365501.75,510.12756,703.2803,740.6049,2201.177,0.5018663,1847.2767,-0.07714934
3590,1243,1572.646,5193.2954,222602.953125,3365553.5,336.7864,518.99396,546.1947,2060.0725,0.58355427,1850.7911,-0.04893348
3591,1307,1573.2861,1412.2961,184792.96875,3365547.25,137.4759,299.3045,206.76205,2102.701,0.81986463,1773.3738,-0.080489635
3592,1083,1574.0212,1160.8033,182278.03125,3365539.75,170.25761,351.42935,261.42474,2177.844,0.7854505,1768.2261,-0.09245405
3593,1415,1576.2643,1375.8607,184428.609375,3365517.25,144.22191,323.22614,217.5265,2267.4297,0.8235553,1772.6296,-0.11224403
3594,1194,1579.3065,1477.5084,185445.078125,3365487.0,117.14489,275.48828,184.13818,1999.0084,0.83084375,1774.7123,-0.055893995
3595,1533,1577.8995,2265.2087,193322.09375,3365501.0,575.5877,891.03784,893.8402,2716.204,0.50854987,1790.837,-0.19889963
3596,1233,1576.7007,4260.0137,213270.140625,3365513.0,380.53488,561.83417,584.2794,1972.94,0.5649563,1831.6807,-0.028039085
3597,1255,1578.0406,5372.9043,224399.046875,3365499.5,356.43466,565.14264,537.65656,2295.237,0.613824,1854.4724,-0.08599443
3598,1283,1583.9797,5518.928,225859.28125,3365440.25,290.00467,499.70264,595.12006,2180.2678,0.5748235,1857.4661,-0.07571807
3599,1200,1575.3541,1194.69,182616.90625,3365526.5,176.3375,361.82,282.74084,2148.6243,0.76777446,1768.9205,-0.08351578
3600,1398,1581.0107,1744.4385,188114.390625,3365470.0,201.2146,381.28613,302.62662,1983.5293,0.742424,1780.1776,-0.04932142
3601,1221,1578.3906,1824.4857,188914.859375,3365496.0,187.32433,374.23096,264.36118,2067.285,0.7716167,1781.8147,-0.06980713
3602,1236,1578.1837,4186.7085,212537.09375,3365498.25,416.16708,614.7977,666.1667,2017.9114,0.5382556,1830.1803,-0.039100777
3603,1289,1580.5276,1905.7455,189727.453125,3365474.75,562.5958,875.6835,963.1614,2395.7122,0.44047445,1783.4795,-0.13910028
3604,1134,1577.0891,3976.903,210439.03125,3365509.0,363.25043,539.12476,417.5582,2465.6543,0.7072807,1825.8834,-0.13512523
3605,1312,1581.8292,4623.037,216900.375,3365461.75,415.25687,589.4832,551.3952,2169.409,0.60359746,1839.1174,-0.077212736
3606,1269,1580.1521,4806.978,218739.78125,3365478.5,374.54413,508.23523,467.64304,1797.6044,0.5905936,1842.8834,0.031661052
3607,1255,1579.5187,5152.12,222191.203125,3365484.75,359.2235,553.1072,619.241,2029.6753,0.5339528,1849.9514,-0.03952352
3608,995,1579.1196,3292.187,203591.875,3365488.75,244.45377,385.55127,272.38943,2084.5361,0.7668717,1811.8641,-0.06446912
3609,1219,1584.6866,1619.493,186864.9375,3365433.25,144.15012,303.17966,206.33305,2112.6406,0.8214463,1777.622,-0.083395585
3610,1319,1583.7695,2423.31,194903.09375,3365442.25,567.7202,844.3798,911.1198,2316.398,0.44154993,1794.0771,-0.11907861
3611,1129,1582.7263,3134.9504,202019.5,3365452.75,530.7055,741.22943,745.7617,2205.673,0.50937283,1808.6467,-0.09102013
3612,1210,1580.3479,3646.0503,207130.5,3365476.5,308.1256,484.13678,390.77148,2162.3157,0.70408016,1819.1105,-0.0795453
3613,1395,1583.6387,5250.1025,223171.03125,3365443.5,280.50717,435.46954,404.46558,2054.2964,0.6694722,1851.9603,-0.042239074
3614,1574,1583.143,2349.801,194168.015625,3365448.5,633.83673,913.0438,988.64233,2336.0452,0.41109404,1792.5719,-0.120164685
3615,1286,1585.0117,2497.532,195645.3125,3365430.0,486.9891,797.59955,730.59564,2746.8755,0.5742788,1795.5974,-0.19842494
3616,1323,1585.0635,4732.9155,217999.15625,3365429.25,459.02835,651.6576,646.96674,2201.723,0.5540145,1841.3694,-0.07344703
3617,776,1581.2087,1003.27576,180702.75,3365468.0,245.54124,449.1675,407.97937,2093.107,0.67841256,1765.0059,-0.064504884
3618,1147,1581.9991,1230.4717,182974.71875,3365460.0,184.37315,366.60593,292.29642,2178.511,0.76252544,1769.657,-0.09778822
3619,1174,1584.2938,1949.0,190160.0,3365437.0,574.90204,868.4591,932.18994,2410.4846,0.446077,1784.3672,-0.14209244
3620,1281,1587.8611,1990.0922,190570.921875,3365401.5,548.51447,833.16003,857.8626,2303.6924,0.4563233,1785.2106,-0.11983285
3621,1147,1584.388,3409.293,204762.9375,3365436.0,618.06885,836.4616,841.53577,2332.8801,0.46764737,1814.2649,-0.111781895
3622,1283,1585.6484,1334.5393,184015.390625,3365423.5,143.52455,308.60718,225.63602,2231.6914,0.8159559,1771.7894,-0.11243044
3623,1352,1587.7684,2459.5933,195265.9375,3365402.25,395.2256,642.6287,592.1457,2308.085,0.5976761,1794.8223,-0.11569838
3624,1352,1588.6176,4488.5938,215555.9375,3365393.75,237.31029,380.08246,321.75406,1979.1294,0.719699,1836.3679,-0.034695733
3625,1413,1588.8188,4223.3228,212903.21875,3365391.75,489.58917,695.9689,752.86237,2139.6392,0.49657214,1830.9358,-0.071471155
3626,1183,1588.241,4291.318,213583.1875,3365397.5,378.75656,539.4941,520.4311,1840.4272,0.5594138,1832.3279,0.009991897
3627,1094,1587.3931,2647.1409,197141.40625,3365406.0,659.5905,981.36743,1035.1436,2750.1152,0.456361,1798.6619,-0.20429519
3628,1165,1589.4669,2908.3674,199753.671875,3365385.25,526.1785,785.60345,946.061,2167.8704,0.39299628,1804.0114,-0.0887401
3629,1061,1586.657,3373.7888,204407.890625,3365413.5,263.53674,422.00848,302.75684,2181.5579,0.7526795,1813.5392,-0.080076754
3630,1260,1588.592,3489.5984,205565.984375,3365394.0,261.94208,404.29443,289.3381,2061.3496,0.75035655,1815.9115,-0.055593036
3631,1426,1588.993,4041.2566,211082.5625,3365390.0,239.10204,389.10062,278.93442,2144.3435,0.76929927,1827.2076,-0.0778103
3632,1254,1587.5327,3607.476,206744.765625,3365404.75,383.25558,558.89514,490.76834,2088.9622,0.634417,1818.3246,-0.059128314
3633,1354,1588.7407,4149.5615,212165.625,3365392.5,495.27954,690.8959,769.3235,2055.4482,0.4769947,1829.4253,-0.041213244
3634,1380,1590.1833,4409.461,214764.609375,3365378.25,320.3808,494.76486,378.4442,2435.994,0.7257364,1834.7483,-0.12001973
3635,1340,1591.2874,3448.0918,205150.921875,3365367.25,529.6757,746.619,704.21716,2219.3015,0.5396358,1815.0631,-0.08686186
3636,1141,1589.0789,1268.6486,183356.484375,3365389.25,148.65294,317.95178,241.0894,2151.8352,0.7977845,1770.4426,-0.093951754
3637,1224,1590.7909,1442.6348,185096.34375,3365372.0,117.95343,270.03757,182.23122,1998.9183,0.832561,1774.0052,-0.05460742
3638,1356,1592.4248,1790.9388,188579.390625,3365355.75,176.85767,353.6475,243.61873,2100.4712,0.79093075,1781.1362,-0.07739136
3639,1080,1587.0612,2743.8057,198108.0625,3365409.5,605.72314,910.0787,1031.7787,2478.4768,0.41354594,1800.6407,-0.15295713
3640,1362,1591.9963,3790.755,208577.546875,3365360.0,636.051,876.03485,976.03375,2101.8562,0.38195574,1822.0798,-0.057155427
3641,1352,1592.8306,4534.818,216018.1875,3365351.75,311.48706,462.71265,391.4264,2133.3699,0.70028555,1837.3168,-0.070753604
3642,1354,1592.7223,1700.9475,187679.46875,3365352.75,159.86707,336.60858,233.63072,2083.927,0.7977409,1779.2942,-0.07619256
3643,1238,1591.2286,3530.2544,205972.546875,3365367.75,501.88208,666.41113,668.4148,1954.475,0.5021178,1816.7455,-0.02598428
3644,1372,1594.0393,4368.192,214351.921875,3365339.5,315.43512,491.47778,374.789,2349.344,0.7235875,1833.9052,-0.10823714
3645,1283,1594.0421,1511.3453,185783.453125,3365339.5,134.91817,302.58145,204.742,2072.9392,0.8194687,1775.4137,-0.0744274
3646,1299,1588.9523,2094.4873,191614.875,3365390.5,559.18396,867.99384,909.7213,2367.5674,0.44584528,1787.3484,-0.13208383
3647,1244,1593.541,2610.3706,196773.703125,3365344.5,524.15436,841.9703,774.49036,2823.631,0.5660741,1797.9125,-0.21410757
3648,1349,1595.9844,2537.0735,196040.734375,3365320.25,592.7198,846.1164,890.58636,2500.1868,0.47512358,1796.4133,-0.15250516
3649,1136,1593.3416,2982.845,200498.453125,3365346.5,396.06998,582.4401,540.89655,2266.3389,0.62238157,1805.5385,-0.10681664
3650,1302,1593.811,3569.1965,206361.96875,3365342.0,338.60907,498.8057,400.79147,2180.5364,0.6904425,1817.5442,-0.08009441
3651,1281,1594.2069,4446.085,215130.84375,3365338.0,272.2783,433.3626,340.22757,2256.056,0.7369607,1835.5004,-0.09724818
3652,1338,1593.6398,1552.2123,186192.125,3365343.5,141.41554,301.37817,206.6151,1884.2197,0.80056685,1776.25,-0.0259202
3653,1380,1597.6348,2203.3862,192703.859375,3365303.75,605.0094,903.99274,889.73334,2209.6768,0.43025762,1789.5828,-0.09415579
3654,1241,1595.4843,2948.0266,200150.265625,3365325.25,398.46817,590.3126,512.56445,2221.4246,0.63276637,1804.8267,-0.09551133
3655,1365,1596.8579,4327.8467,213948.46875,3365311.5,450.03076,632.08276,576.14984,2267.7666,0.5911206,1833.0806,-0.08455056
3656,1121,1591.917,4840.7583,219077.578125,3365360.75,324.56378,478.77475,408.62668,2009.9402,0.6688777,1843.5814,-0.03536279
3657,1178,1594.7946,4874.422,219414.21875,3365332.0,215.9376,377.29074,267.12732,2151.1667,0.7782084,1844.2723,-0.06974537
3658,1175,1594.7268,4909.6543,219766.546875,3365332.75,179.25064,327.31702,240.4583,2081.0613,0.792103,1844.9939,-0.05606606
3659,1253,1595.419,5116.181,221831.8125,3365325.75,488.004,671.8304,730.1058,1938.6324,0.4674764,1849.2238,-0.018876266
3660,1406,1597.3556,1660.133,187271.328125,3365306.5,165.33997,339.27737,240.79659,1993.3848,0.7840027,1778.4614,-0.049041472
3661,1112,1595.8795,2870.1287,199371.28125,3365321.25,548.8615,844.5557,960.7365,2274.9397,0.40591997,1803.232,-0.11063145
3662,1054,1592.3918,3193.1907,202601.90625,3365356.0,245.20589,380.8074,288.4929,1929.4431,0.73922795,1809.8446,-0.029261818
3663,1393,1596.1587,3714.2642,207812.640625,3365318.5,319.69202,479.26993,418.42712,2049.468,0.6743734,1820.5159,-0.053452376
3664,1229,1598.6664,5214.625,222816.25,3365293.25,441.90033,616.56226,655.17615,1964.9601,0.5017465,1851.2416,-0.019517269
3665,1234,1598.7682,1874.4238,189414.234375,3365292.25,252.08914,482.23987,369.0,2331.5398,0.7235583,1782.849,-0.12016191
3666,1475,1600.756,2163.3533,192303.53125,3365272.5,657.5376,956.01697,962.36475,2257.762,0.4082299,1788.765,-0.10102701
3667,1406,1596.9474,2391.005,194580.046875,3365310.5,434.4566,676.3869,672.8741,2212.8728,0.5469002,1793.4233,-0.09550924
3668,1152,1595.4722,3321.3308,203883.3125,3365325.25,239.8967,376.6506,268.4518,2032.5013,0.76557595,1812.47,-0.053934436
3669,1332,1596.9752,3831.7793,208987.796875,3365310.25,475.18695,684.8078,713.0927,2098.2556,0.5378875,1822.9226,-0.061160866
3670,1231,1598.0187,1130.459,181974.59375,3365299.75,203.2892,397.18927,343.2559,2166.4087,0.73393995,1767.6193,-0.076506555
3671,1390,1601.2942,2573.4512,196404.515625,3365267.0,527.73956,757.05396,726.1115,2413.1138,0.5360311,1797.1611,-0.13235646
3672,1288,1599.4277,2679.611,197466.109375,3365285.75,586.87964,914.3323,889.11255,2830.4114,0.52744,1799.3335,-0.21905725
3673,1208,1598.5786,5075.649,221426.484375,3365294.25,657.2074,885.45404,1028.4148,2025.8679,0.35338378,1848.3954,-0.03967307
3674,1198,1598.6744,5299.5234,223665.234375,3365293.25,248.64066,402.93948,379.3961,1964.8502,0.67337143,1852.9802,-0.022860557
3675,956,1596.2479,1050.2406,181172.40625,3365317.5,240.6161,432.8201,433.9435,2012.6694,0.65507185,1765.9762,-0.03954579
3676,1113,1601.0583,2716.0,197830.0,3365269.5,522.1294,837.4933,823.1644,2692.4636,0.53658944,1800.0793,-0.19256514
3677,1518,1603.3848,4988.1465,220551.46875,3365246.25,625.5135,761.724,822.13275,1796.3881,0.38047323,1846.6058,0.02466481
3678,1412,1604.6813,1585.6558,186526.5625,3365233.25,168.69334,328.6013,240.93414,2060.7175,0.79069334,1776.9412,-0.06741042
3679,1130,1599.031,2775.5557,198425.5625,3365289.75,893.95667,1180.3284,1314.5052,2149.3381,0.24702537,1801.2976,-0.07915068
3680,1129,1599.7644,3106.7512,201737.515625,3365282.25,595.7741,849.9641,907.1745,2320.4553,0.44022858,1808.0789,-0.118903786
3681,1517,1600.5287,3874.7305,209417.3125,3365274.75,266.5392,414.64667,308.65393,2170.626,0.750712,1823.8041,-0.08498487
3682,1274,1601.7904,4000.8235,210678.234375,3365262.0,255.99097,390.2873,283.25745,2162.1272,0.7668486,1826.3867,-0.0792203
3683,1399,1599.8864,4655.237,217222.375,3365281.25,327.28986,503.04254,467.2827,2007.9703,0.63330173,1839.7865,-0.030193634
3684,1171,1600.4757,4699.1675,217661.671875,3365275.25,464.89197,667.2139,620.9441,2194.1404,0.55825776,1840.6864,-0.071819395
3685,1305,1603.6951,5430.3335,224973.34375,3365243.0,373.32452,625.07587,510.2912,2442.5256,0.6570066,1855.6619,-0.093662255
3686,1145,1601.6462,1297.4009,183644.015625,3365263.5,157.44106,318.9904,245.33188,2197.4663,0.7984263,1771.0387,-0.10476588
3687,1465,1606.0342,4115.3984,211823.984375,3365219.75,349.1372,535.1785,462.40717,2211.7727,0.6497455,1828.7351,-0.07122565
3688,1438,1604.1565,4575.7905,216427.90625,3365238.5,535.4054,766.9715,804.57025,2215.286,0.5022138,1838.1619,-0.082695365
3689,1151,1599.7316,3750.7002,208177.0,3365282.75,322.13205,505.41312,430.07602,2201.7354,0.680488,1821.2639,-0.08684064
3690,1379,1605.4851,3916.0667,209830.671875,3365225.25,464.22372,657.11926,666.59174,2093.3506,0.5319908,1824.6532,-0.060578622
3691,1265,1603.6909,2056.0798,191230.796875,3365243.0,476.39368,778.73755,766.3423,2498.3826,0.53279656,1786.5707,-0.15682505
3692,1215,1602.2477,3043.3704,201103.703125,3365257.5,320.82263,474.20206,382.686,2071.5242,0.69399464,1806.7826,-0.061242774
3693,1206,1606.8798,5177.702,222447.03125,3365211.25,344.7305,540.9229,523.9813,2234.0996,0.6179167,1850.4896,-0.08186135
3694,1266,1607.5553,1838.2938,189052.9375,3365204.5,227.18326,428.15323,326.19748,2107.0474,0.73422724,1782.1145,-0.075484246
3695,1115,1605.1094,2838.1768,199051.765625,3365229.0,608.64215,913.44574,1028.0072,2292.0369,0.38705227,1802.5831,-0.11419813
3696,1094,1605.1079,3165.4517,202324.515625,3365229.0,247.8222,388.3574,284.4913,1982.9259,0.74768084,1809.2838,-0.04156767
3697,1194,1603.6399,4080.0076,211470.078125,3365243.5,266.85428,430.67252,329.1499,2174.4443,0.73623115,1828.0092,-0.0829397
3698,1234,1607.9878,5354.658,224216.578125,3365200.0,448.59888,624.40845,663.82904,1906.6099,0.47706202,1854.1143,0.0011091086
3699,1319,1608.207,5395.277,224622.765625,3365198.0,412.7441,677.4841,580.8673,2869.0598,0.661073,1854.9462,-0.17784405
3700,1184,1605.8455,1170.348,182373.484375,3365221.5,170.41554,345.7728,263.5743,2067.4897,0.77409774,1768.4404,-0.058342654
3701,1306,1608.5842,2123.7917,191907.921875,3365194.25,525.98926,825.121,739.2588,2526.951,0.54102963,1787.9596,-0.16178307
3702,1229,1612.4899,5271.245,223382.453125,3365155.0,251.96745,398.749,370.38446,2059.3164,0.68914646,1852.4083,-0.04271546
3703,1428,1610.9082,5463.647,225306.46875,3365171.0,322.20834,524.57666,411.2129,2326.366,0.6929558,1856.3479,-0.083548635
3704,1118,1610.0903,1925.3944,189923.9375,3365179.0,641.4678,978.79785,1126.4088,2588.8918,0.39632905,1783.899,-0.17550567
3705,1578,1612.9937,2322.1736,193891.734375,3365150.0,518.0114,816.2231,757.6255,2795.91,0.55933046,1792.0234,-0.20299903
3706,1115,1606.7902,3250.836,203178.359375,3365212.0,263.20538,404.4121,289.21255,2073.483,0.75186074,1811.033,-0.060159698
3707,1248,1607.5881,3957.5608,210245.609375,3365204.0,465.78204,644.3217,601.0705,2243.6013,0.57948107,1825.504,-0.084930055
3708,1522,1611.9619,4944.645,220116.453125,3365160.5,342.30652,494.9169,457.66196,1995.6117,0.64815575,1845.7195,-0.029557941
3709,1345,1611.5844,1359.3524,184263.53125,3365164.25,162.44089,334.429,254.2104,2166.942,0.7904513,1772.3127,-0.093264125
3710,1549,1612.7611,2281.2712,193482.71875,3365152.5,464.5339,775.8089,704.9316,2820.1833,0.5976126,1791.186,-0.2149263
3711,1261,1611.4338,4785.448,218524.484375,3365165.75,466.8299,634.0476,620.1979,2111.3787,0.5446896,1842.4591,-0.055532344
3712,1005,1607.7363,1020.22784,180872.28125,3365202.75,255.1582,455.53632,453.1552,2008.5343,0.63909715,1765.3688,-0.036695912
3713,1216,1611.19,1207.7936,182747.9375,3365168.0,190.90707,381.48767,297.9408,2210.8257,0.7615772,1769.2102,-0.099974655
3714,1475,1611.3844,1401.383,184683.828125,3365166.25,163.62035,326.75864,245.20746,2146.964,0.797306,1773.173,-0.08835357
3715,1040,1609.8663,3219.225,202862.25,3365181.25,252.98701,398.81683,276.07596,2027.0505,0.7567429,1810.3875,-0.047552355
3716,1333,1610.2378,5031.792,220987.921875,3365177.5,602.9801,813.1178,866.00977,2232.8777,0.44665703,1847.5033,-0.08458141
3717,1289,1613.9729,3009.0994,200761.0,3365140.25,276.673,426.7056,324.04965,2048.4458,0.7251504,1806.0875,-0.054031104
3718,1079,1609.5625,3284.6248,203516.25,3365184.5,248.81975,383.43375,275.1483,2038.0232,0.7597956,1811.7263,-0.052738834
3719,1223,1614.1693,1728.3818,187953.8125,3365138.25,169.94603,338.1006,241.12183,2036.112,0.78868043,1779.8684,-0.06347142
3720,1643,1616.6105,2237.1418,193041.421875,3365114.0,557.45953,850.66284,844.06573,2346.476,0.46965232,1790.2848,-0.12537548
3721,1024,1608.5986,2807.207,198742.0625,3365194.0,663.52734,950.2988,1144.0146,2122.5889,0.31043,1801.951,-0.076213665
3722,1094,1610.1562,3077.565,201445.65625,3365178.5,575.09094,806.4168,779.4497,2301.8196,0.49362406,1807.4872,-0.111539654
3723,1383,1613.1229,3677.0847,207440.84375,3365148.75,495.48663,719.7581,760.3496,2213.6765,0.5088338,1819.764,-0.09003959
3724,1416,1615.3461,5497.0874,225640.875,3365126.5,327.41138,533.7885,607.4714,2150.3157,0.5703316,1857.035,-0.052103218
3725,1417,1616.5435,5537.547,226045.46875,3365114.5,199.84297,355.76535,339.01624,2124.2312,0.7314174,1857.8643,-0.061404523
3726,1336,1616.961,1765.6183,188326.1875,3365110.5,197.32559,376.29715,277.74924,2089.0508,0.76782614,1780.6323,-0.07436662
3727,1240,1615.1064,3348.5308,204155.3125,3365129.0,255.96492,392.64395,286.43872,2017.8109,0.7501167,1813.0378,-0.0502502
3728,1142,1614.3065,1244.0587,183110.59375,3365137.0,192.26707,384.20667,294.45007,2329.437,0.77524173,1769.9543,-0.13245445
3729,1407,1618.037,4609.875,216768.75,3365099.75,323.03198,499.63467,425.48685,2178.264,0.6746094,1838.8672,-0.07499353
3730,1226,1616.7039,4752.697,218196.96875,3365113.0,385.4319,570.3744,489.08484,2412.2769,0.6659908,1841.7913,-0.120857015
3731,1246,1614.5947,2023.2609,190902.609375,3365134.0,568.8772,867.4101,947.9703,2441.147,0.44515482,1785.9052,-0.14888304
3732,1099,1612.2493,3642.0254,207090.25,3365157.5,522.1956,781.32166,850.1724,2322.9832,0.47885913,1819.0457,-0.11607024
3733,1260,1612.2484,4184.742,212517.421875,3365157.5,409.07184,582.5698,592.6044,1942.7301,0.5512957,1830.1584,-0.015735269
3734,1401,1614.7295,4256.7314,213237.3125,3365132.75,343.3205,505.46573,465.4654,1938.6991,0.630062,1831.6339,-0.022260614
3735,1104,1614.6232,1629.0055,186960.0625,3365133.75,142.69746,305.20743,203.70018,2098.4167,0.8217858,1777.8344,-0.079456955
3736,1089,1615.9799,3386.8145,204538.140625,3365120.25,351.0427,522.3214,450.7732,2131.965,0.66563284,1813.8221,-0.073978536
3737,1280,1618.6414,4508.608,215756.078125,3365093.5,270.05234,411.7586,351.20938,2013.7574,0.7112336,1836.7938,-0.042916622
3738,1093,1615.2278,5144.0137,222110.140625,3365127.75,412.03247,586.75116,627.65094,1925.7343,0.51395804,1849.8041,-0.012391987
3739,1284,1615.1597,1480.3286,185473.28125,3365128.5,244.09035,463.14798,382.51712,2080.338,0.6946121,1774.7913,-0.07290928
3740,1153,1617.6635,1958.8959,190258.953125,3365103.25,654.46576,947.50305,1056.6487,2463.02,0.39693496,1784.5892,-0.14937355
3741,1102,1616.6842,3420.4502,204874.5,3365113.25,503.39157,755.65656,718.27313,2339.887,0.53516895,1814.5112,-0.11449752
3742,1199,1619.0442,4821.047,218880.46875,3365089.5,467.49707,620.6443,609.7181,1940.1731,0.5341521,1843.1921,-0.011768696
3743,1203,1620.9825,5325.2944,223922.9375,3365070.25,334.13675,500.0989,506.11182,1858.1168,0.5682377,1853.5197,0.011505273
3744,1308,1620.6261,2363.7178,194307.171875,3365073.75,596.6208,848.12384,867.18884,2247.1536,0.43542892,1792.8784,-0.09582141
3745,1173,1618.5737,2507.8474,195748.46875,3365094.25,722.2413,917.1756,960.1884,2067.6394,0.38789693,1795.8279,-0.060930748
3746,1165,1620.1528,3471.8076,205388.078125,3365078.5,266.403,410.997,294.52747,2051.5664,0.74512094,1815.5647,-0.052620076
3747,1168,1620.0693,3509.655,205766.546875,3365079.25,473.1939,668.85486,734.0317,2217.0864,0.5355584,1816.3396,-0.09209714
3748,1182,1619.1769,2637.6929,197046.9375,3365088.25,551.8054,876.90015,827.10236,2809.764,0.5504388,1798.4866,-0.21629865
3749,1496,1622.3269,2432.195,194991.953125,3365056.75,508.8008,774.11096,766.09625,2425.9165,0.5226919,1794.2812,-0.13703483
3750,1316,1622.2432,2473.1118,195401.125,3365057.5,503.11017,722.5775,740.0707,2115.7856,0.49258655,1795.1189,-0.07297751
3751,1081,1620.5809,2893.9824,199609.828125,3365074.25,547.33026,789.10913,969.8742,2061.531,0.3698024,1803.7344,-0.06397471
3752,1243,1623.1987,1319.6428,183866.421875,3365048.0,183.59453,353.20193,285.4288,2143.2285,0.7651266,1771.5068,-0.08681558
3753,1223,1623.8324,2928.0908,199950.90625,3365041.75,334.9759,541.7641,470.5875,2218.5344,0.666328,1804.4346,-0.09673415
3754,1342,1623.9851,4389.902,214569.015625,3365040.25,347.14642,508.03055,390.2567,2425.952,0.72126126,1834.3658,-0.12733188
3755,1366,1624.8243,4469.6143,215366.140625,3365031.75,232.66435,383.78476,314.1065,2040.6888,0.73302495,1835.9987,-0.052018303
3756,1288,1624.3269,1531.8525,185988.53125,3365036.75,152.88898,315.23526,225.13121,2015.2089,0.80058146,1775.8513,-0.060550086
3757,1191,1625.5962,1896.2561,189632.5625,3365024.0,487.2435,789.0823,872.9026,2385.3828,0.4941005,1783.3115,-0.1375096
3758,1144,1621.9458,3134.3794,202013.796875,3365060.5,394.06644,566.191,515.26355,2041.5979,0.61773235,1808.657,-0.054023243
3759,1122,1623.9207,4053.9045,211209.046875,3365040.75,253.49554,406.2371,293.6172,2179.7798,0.7621292,1827.4857,-0.08471287
3760,1200,1620.7426,4296.725,213637.25,3365072.5,596.85126,798.0292,806.8004,1985.4558,0.42018026,1832.4562,-0.021521924
3761,1196,1625.5452,3545.9907,206129.90625,3365024.5,336.98914,492.49457,414.38168,2064.0676,0.67819524,1817.0867,-0.05975475
3762,1106,1621.0886,3611.0037,206780.03125,3365069.0,314.58817,469.37793,371.6614,2109.975,0.70334184,1818.4153,-0.06780193
3763,1191,1625.3124,3775.0999,208421.0,3365027.0,346.51132,523.25903,456.3774,2138.3093,0.6576172,1821.7776,-0.071874276
3764,1217,1625.6959,5237.8184,223048.1875,3365023.0,343.77405,505.80157,623.40137,1792.1023,0.48559356,1851.7306,0.021445693
3765,1546,1630.0284,1806.6617,188736.625,3364979.75,169.77878,343.6617,233.87904,2036.108,0.79251635,1781.4801,-0.06252637
3766,1246,1625.711,2083.2874,191502.875,3365023.0,547.5281,840.9149,871.99115,2526.3845,0.48968303,1787.1404,-0.16478087
3767,1278,1624.5931,2748.6963,198156.96875,3365034.0,953.91156,1257.9155,1420.205,2185.597,0.21835952,1800.7622,-0.09332113
3768,1074,1623.2133,1990.4004,190574.0,3365047.75,571.5717,864.1136,888.9656,2418.458,0.4610179,1785.2374,-0.14442712
3769,1232,1629.073,4020.568,210875.6875,3364989.25,233.61932,368.26013,267.50162,2090.5452,0.7725035,1826.8059,-0.06459208
3770,1281,1626.7275,4217.601,212846.015625,3365012.75,443.77597,627.5191,649.32434,2008.062,0.53107244,1830.8391,-0.036904898
3771,1336,1627.2754,4430.447,214974.46875,3365007.25,248.63173,395.16766,312.2062,2079.9714,0.73887265,1835.1979,-0.0590498
3772,1233,1628.142,4678.085,217450.84375,3364998.5,323.54178,487.26035,394.8151,2183.894,0.69129115,1840.2694,-0.07021448
3773,1222,1627.7112,4720.4893,217874.890625,3365003.0,394.84534,552.83307,515.31793,2024.1783,0.6070534,1841.1375,-0.039414268
3774,1240,1625.8846,4860.4297,219274.296875,3365021.25,264.50888,436.8101,303.22217,2372.537,0.7718103,1844.0023,-0.11896718
3775,1197,1622.4043,1442.0919,185090.921875,3365056.0,143.23058,300.0092,214.7736,1970.3392,0.8036718,1774.0128,-0.048404537
3776,1504,1630.2806,1685.266,187522.65625,3364977.25,145.51396,310.93152,211.1536,1944.5106,0.8019671,1778.9952,-0.038646
3777,1136,1628.7404,3579.631,206466.3125,3364992.5,452.01453,646.9265,662.2355,2048.317,0.54566056,1817.7772,-0.056401618
3778,1383,1630.9689,3809.616,208766.15625,3364970.25,471.02493,668.2003,717.1175,2078.6648,0.5120402,1822.4874,-0.05693766
3779,1399,1629.5532,4347.268,214142.6875,3364984.5,355.30307,514.8846,387.42102,2480.4146,0.7267896,1833.4958,-0.13220994
3780,1125,1628.8356,5059.359,221263.59375,3364991.75,587.7031,806.8569,915.3609,2067.454,0.40568385,1848.0776,-0.049579896
3781,1185,1628.3671,5096.781,221637.8125,3364996.25,613.0181,809.78314,882.6308,1969.6721,0.4066388,1848.8438,-0.021944769
3782,1378,1628.8635,2971.4333,200384.328125,3364991.25,259.81314,419.8973,296.05588,2064.0264,0.74725616,1805.3248,-0.057759564
3783,1316,1629.0137,3847.9604,209149.609375,3364989.75,286.90387,440.52316,347.46732,2114.8464,0.7165728,1823.2715,-0.06757787
3784,1314,1627.5555,4151.7734,212187.734375,3365004.5,564.8474,815.01294,920.44025,2230.2603,0.42837995,1829.4917,-0.091542065
3785,1373,1631.008,4546.7617,216137.625,3364970.0,358.48907,519.58154,466.45593,2035.6522,0.64866865,1837.5817,-0.046825197
3786,1312,1627.3978,4903.5635,219705.625,3365006.0,203.83537,359.37653,262.2336,2209.2527,0.7892273,1844.8864,-0.08201263
3787,1228,1631.6799,1147.1768,182141.765625,3364963.25,217.34772,412.42426,381.58957,2058.5056,0.6939747,1767.9817,-0.04944327
3788,1252,1631.4576,2601.5007,196685.0,3364965.5,563.1286,870.1925,847.135,2743.7188,0.5277733,1797.7526,-0.20347586
3789,1363,1632.7645,1273.3008,183403.0,3364952.25,240.2333,424.9545,381.022,2096.452,0.70405805,1770.564,-0.07433435
3790,1168,1630.4213,2703.8794,197708.796875,3364975.75,422.4041,744.4512,584.7012,2868.2405,0.6627445,1799.8479,-0.2241478
3791,1189,1631.2448,3312.4844,203794.84375,3364967.5,249.35786,387.54163,273.2641,2078.3435,0.76646674,1812.3088,-0.06532257
3792,1453,1633.0352,2191.0103,192580.09375,3364949.75,664.17206,975.9332,1012.6786,2286.9656,0.38905883,1789.3499,-0.113918304
3793,1278,1633.9084,3740.0986,208070.984375,3364941.0,469.13303,694.106,735.0438,2178.628,0.515251,1821.0657,-0.08421372
3794,1300,1635.6915,3980.33,210473.296875,3364923.0,306.27884,458.07462,362.7227,2256.5977,0.72623205,1825.9856,-0.10005164
3795,1228,1635.7509,4639.133,217061.328125,3364922.5,327.78378,518.06354,426.49918,2371.5378,0.6851991,1839.4758,-0.11248112
3796,1260,1636.5262,2666.5525,197335.53125,3364914.75,555.3341,897.1643,836.71747,2957.2532,0.56684,1799.0873,-0.24005787
3797,1177,1634.0178,2861.6975,199286.96875,3364939.75,482.6831,746.2523,866.407,2263.0374,0.4485265,1803.081,-0.10626219
3798,1171,1634.3048,3197.9155,202649.15625,3364937.0,264.6486,411.55893,286.50684,2055.9087,0.7518149,1809.9648,-0.05554038
3799,1325,1636.1366,3705.4438,207724.4375,3364918.75,400.83395,588.0551,579.834,2067.2234,0.59209603,1820.3573,-0.055878732
3800,1301,1636.6587,1857.08,189240.796875,3364913.5,190.09378,387.99924,275.7917,2162.8708,0.7791125,1782.5161,-0.09179479
3801,1166,1635.2444,2787.2546,198542.546875,3364927.5,645.43396,875.87134,1005.1321,2118.374,0.36449572,1801.5576,-0.071454175
3802,1145,1637.5118,3444.373,205113.734375,3364905.0,261.40305,409.78778,292.2026,2097.542,0.75165063,1815.0127,-0.06319682
3803,1535,1637.9199,3894.579,209615.78125,3364900.75,414.04724,595.4909,564.0156,2062.7249,0.587445,1824.231,-0.056031406
3804,1336,1638.0277,5004.469,220714.6875,3364899.75,550.7002,721.40497,794.0748,1993.0419,0.4406639,1846.9584,-0.030131523
3805,1191,1634.8682,5203.266,222702.65625,3364931.25,460.69226,653.56085,638.53064,2155.1863,0.5423047,1851.0278,-0.06203709
3806,1410,1640.1482,1566.6873,186336.875,3364878.5,160.94965,324.00638,235.75107,1979.3291,0.7883373,1776.5737,-0.04772919
3807,1287,1639.39,1606.4717,186734.71875,3364886.0,148.9627,302.12122,208.73582,2085.3257,0.8173631,1777.3877,-0.07663197
3808,1277,1637.0642,2147.6992,192147.0,3364909.25,482.27722,771.1409,753.8661,2472.3186,0.53254753,1788.4656,-0.15389672
3809,1297,1636.9584,2539.1804,196061.8125,3364910.5,812.3886,1063.9329,1126.5682,2433.4849,0.36996025,1796.4799,-0.13854332
3810,1338,1638.0807,3938.603,210056.03125,3364899.25,554.27954,764.7025,826.2907,2231.6956,0.47103912,1825.1324,-0.096127726
3811,1401,1638.7109,2396.5303,194635.296875,3364893.0,489.73163,740.3926,718.99146,2319.4133,0.5297175,1793.5605,-0.1128772
3812,1298,1638.3167,5375.2217,224422.21875,3364896.75,544.765,815.47,690.67834,2859.3132,0.60505736,1854.5511,-0.1854212
3813,1111,1636.5328,3035.9873,201029.875,3364914.75,355.35373,519.9888,440.63593,2039.6705,0.6574264,1806.6508,-0.052026007
3814,1256,1639.3169,1187.4236,182544.234375,3364886.75,198.76512,369.61307,320.59872,1943.3241,0.71843547,1768.81,-0.03132553
3815,1250,1643.7072,1500.912,185679.125,3364843.0,323.4728,550.54,530.764,2054.1511,0.6002379,1775.2295,-0.06569285
3816,1447,1643.6357,4966.8354,220338.359375,3364843.75,583.08014,729.22906,770.91364,1887.7592,0.43586054,1846.1907,-0.00024979463
3817,1030,1640.7787,5125.5776,221925.78125,3364872.25,556.0301,726.73883,764.383,1954.5961,0.45085943,1849.44,-0.019214954
3818,1293,1642.0619,1647.2073,187142.078125,3364859.5,147.17401,309.69992,209.355,1809.0425,0.79072523,1778.2231,-0.0043619396
3819,1242,1641.7327,2570.9355,196379.359375,3364862.75,502.03864,799.86633,734.0217,2742.8044,0.57761925,1797.1327,-0.20302196
3820,1335,1642.9985,1374.6599,184416.59375,3364850.0,164.73782,333.5618,260.18503,2059.7063,0.77446383,1772.6448,-0.062004726
3821,1204,1640.7957,2825.0522,198920.53125,3364872.0,536.21014,805.6246,902.34467,2243.6802,0.44847593,1802.3346,-0.10480066
3822,1294,1641.9034,3106.3423,201733.421875,3364861.0,463.95596,650.0823,622.90106,2114.33,0.5685614,1808.0942,-0.07212163
3823,1163,1641.2657,3238.748,203057.484375,3364867.25,245.84608,385.67413,271.37274,2063.0645,0.7662925,1810.8047,-0.061587777
3824,1152,1640.5703,3273.3828,203403.828125,3364874.25,240.97179,375.11023,263.09375,2021.8186,0.76871264,1811.5134,-0.051856793
3825,1350,1642.0563,4086.1592,211531.59375,3364859.5,301.36407,465.92075,376.7515,2133.8052,0.6988514,1828.156,-0.06671325
3826,1565,1642.3738,5420.367,224873.671875,3364856.25,451.42365,672.11566,548.24347,2730.1187,0.657653,1855.4778,-0.15480407
3827,1139,1641.3512,3070.2449,201372.453125,3364866.5,570.94073,801.00397,799.6453,2313.194,0.48772907,1807.3549,-0.11462745
3828,1000,1637.545,3165.239,202322.390625,3364904.5,277.019,426.5435,305.7715,2086.461,0.7414859,1809.2976,-0.06327892
3829,1370,1645.7577,5300.133,223671.328125,3364822.5,503.48138,733.9733,704.32446,2389.176,0.53121984,1853.0172,-0.09596793
3830,1102,1643.893,2111.5554,191785.5625,3364841.0,502.0018,785.75684,784.108,2464.381,0.51857734,1787.7296,-0.15332502
3831,1377,1644.9796,2048.5164,191155.15625,3364830.25,510.55847,788.3675,801.4735,2417.6565,0.50211453,1786.4398,-0.14239761
3832,1154,1646.9662,4314.064,213810.640625,3364810.25,440.77252,604.61957,538.39343,2244.3457,0.6126748,1832.8253,-0.086779766
3833,1213,1643.8722,5167.2456,222342.453125,3364841.25,522.6546,712.85736,773.1311,2095.8796,0.4686155,1850.2949,-0.051561885
3834,1414,1646.8989,1228.7935,182957.9375,3364811.0,257.0481,440.29843,415.54242,2006.2864,0.68216234,1769.6614,-0.054072615
3835,1309,1647.288,1418.1008,184851.0,3364807.0,369.67914,557.22687,551.4553,1879.249,0.56607187,1773.5365,-0.021215254
3836,1446,1648.3679,2260.8818,193278.8125,3364796.25,604.9772,900.46747,925.4115,2461.328,0.44732675,1790.7891,-0.14599073
3837,1065,1644.4225,3370.6245,204376.25,3364835.75,246.81409,388.28732,276.57043,2035.8347,0.7601202,1813.5065,-0.05578531
3838,1475,1648.497,5550.4595,226174.59375,3364795.0,228.54,376.79187,356.45966,2274.0103,0.7312038,1858.1451,-0.0905613
3839,1478,1647.9993,2303.6685,193706.6875,3364800.0,524.21716,818.9263,826.9066,2525.327,0.50555944,1791.6648,-0.16099255
3840,1286,1647.2317,4123.159,211901.59375,3364807.75,323.8266,505.1322,458.68195,2134.8242,0.6597496,1828.9164,-0.06987932
3841,1468,1648.2521,4580.181,216471.8125,3364797.5,476.01056,674.57086,652.611,2211.1052,0.55209625,1838.2753,-0.0860241
3842,1321,1645.455,3649.1907,207161.90625,3364825.5,353.06244,515.58594,462.9648,2095.013,0.6595906,1819.2107,-0.0640171
3843,1235,1648.0898,4802.127,218691.265625,3364799.0,504.07004,663.48785,654.98785,1964.1655,0.5107466,1842.8201,-0.021032875
3844,1253,1645.2714,1724.589,187915.890625,3364827.25,211.0375,387.14444,304.9569,2042.6672,0.75738585,1779.809,-0.061904777
3845,1310,1647.1405,1930.2405,189972.40625,3364808.5,705.5145,1044.3923,1272.9259,2709.4,0.36468187,1784.0199,-0.20305079
3846,1278,1651.0603,1335.8654,184028.65625,3364769.5,153.65884,317.55634,237.28952,2214.73,0.80500793,1771.8555,-0.10749379
3847,1493,1651.3463,2347.8499,194148.5,3364766.5,619.4736,930.2378,967.1092,2603.2546,0.46010098,1792.5712,-0.18001361
3848,1092,1648.8956,3491.7556,205587.5625,3364791.0,363.0435,533.63007,461.2848,2161.8635,0.6533911,1815.9891,-0.081397265
3849,1260,1651.0469,4273.9443,213409.4375,3364769.5,640.427,855.3595,892.1877,2129.7,0.41625747,1832.006,-0.06788957
3850,1294,1651.116,1463.4042,185304.046875,3364768.75,300.60898,518.908,478.3091,2062.9126,0.6310804,1774.4661,-0.06951482
3851,1208,1651.1143,3404.0356,204710.359375,3364768.75,259.84604,404.02982,290.69122,2043.8958,0.75029844,1814.1943,-0.05746835
3852,1166,1651.6672,4240.037,213070.375,3364763.25,585.04803,815.6634,878.8842,1981.8615,0.39883894,1831.312,-0.034221683
3853,1237,1651.2627,4766.485,218334.84375,3364767.25,580.05054,749.6233,768.1087,2059.0623,0.46822765,1842.0919,-0.046063494
3854,1139,1648.8586,5266.3354,223333.359375,3364791.5,424.4719,603.51843,701.633,1887.8595,0.47153902,1852.3267,-0.00292177
3855,1199,1651.0875,2008.0283,190750.28125,3364769.0,687.1176,1000.236,1127.6072,2495.503,0.38537803,1785.6145,-0.15941523
3856,1187,1653.9031,2729.4902,197964.90625,3364741.0,942.9537,1241.6538,1378.7035,2237.605,0.25068477,1800.3856,-0.10216131
3857,1448,1654.632,4929.6797,219966.796875,3364733.75,357.30698,515.52106,487.2355,2018.5676,0.62666774,1845.4355,-0.034670558
3858,1569,1650.8433,5461.4565,225284.5625,3364771.5,244.84512,400.63895,412.6606,1973.0997,0.6630659,1856.3236,-0.021302858
3859,1524,1651.8746,5505.374,225723.75,3364761.25,220.93274,372.05872,394.64075,2025.3661,0.68298763,1857.2236,-0.040561717
3860,1318,1650.6381,4186.541,212535.40625,3364773.5,386.41843,564.56903,556.8452,2013.7561,0.5844076,1830.2161,-0.035683773
3861,1430,1655.8853,5341.259,224082.59375,3364721.25,386.3535,651.3703,558.6462,2986.0186,0.6819592,1853.8647,-0.21068285
3862,1192,1654.5453,3338.7332,204057.328125,3364734.5,245.97693,385.04572,276.1682,2026.641,0.75970346,1812.8593,-0.054120824
3863,1262,1654.019,4840.3066,219073.0625,3364739.75,386.77258,552.00275,493.28445,2138.3225,0.6304103,1843.6051,-0.06352195
3864,1211,1653.2369,1966.9967,190339.96875,3364747.75,710.90173,1005.0264,1145.6648,2440.3196,0.36442897,1784.7759,-0.14469276
3865,1559,1658.7024,2218.3118,192853.125,3364693.0,694.05835,984.025,1047.5132,2106.3105,0.33815596,1789.9236,-0.0693793
3866,1261,1654.6312,2626.6123,196936.125,3364733.75,634.0389,954.2038,972.7058,2657.1697,0.46787444,1798.2799,-0.18845281
3867,1188,1655.0194,3528.0808,205950.8125,3364729.75,422.2176,600.08966,572.17676,2103.008,0.5913028,1816.7362,-0.05915381
3868,1295,1655.651,4883.521,219505.21875,3364723.5,197.67645,342.54672,260.183,2120.2312,0.7805355,1844.4908,-0.06456938
3869,1337,1656.8616,5034.433,221014.328125,3364711.5,514.7423,718.14435,794.48096,2186.2258,0.47296762,1847.5819,-0.07602052
3870,1363,1659.0426,1297.4314,183644.3125,3364689.5,169.9868,341.61407,266.37564,2218.1658,0.7846991,1771.0735,-0.10766307
3871,1413,1652.1741,1766.2031,188332.03125,3364758.25,157.87402,325.1366,215.27106,2085.8535,0.8116532,1780.6649,-0.07497711
3872,1324,1654.9199,2463.355,195303.546875,3364730.75,697.00073,900.25226,918.2621,2015.559,0.39520615,1794.9379,-0.045318417
3873,1260,1654.7119,2937.493,200044.9375,3364733.0,285.04205,473.65,366.58017,2085.2437,0.7125134,1804.6445,-0.06531609
3874,1371,1656.6929,3006.2283,200732.28125,3364713.0,330.1382,490.5766,426.7294,1943.2969,0.65415907,1806.0529,-0.031009832
3875,1235,1653.5643,4513.314,215803.140625,3364744.25,246.0081,385.40973,294.2826,1983.0963,0.74110526,1836.9088,-0.03714159
3876,1275,1657.8997,4372.007,214390.0625,3364701.0,262.4047,402.1588,306.61374,2226.291,0.7583748,1834.0177,-0.09264535
3877,1193,1657.2599,4408.6167,214756.171875,3364707.5,240.69824,378.8818,295.12784,2114.9263,0.75500673,1834.767,-0.06842271
3878,1203,1657.3774,4698.2163,217652.15625,3364706.25,378.87366,534.5503,504.19785,2046.3313,0.6126335,1840.6971,-0.043954104
3879,1328,1661.8727,1833.8396,189008.390625,3364661.25,172.30121,353.93375,233.58508,2139.9473,0.80114686,1782.055,-0.083572805
3880,1370,1655.1562,2507.6365,195746.359375,3364728.5,727.39197,973.8993,1024.27,2229.1555,0.37704322,1795.8445,-0.091618
3881,1220,1658.0574,4480.2847,215472.84375,3364699.5,218.83812,367.73975,286.05368,1996.9512,0.7492004,1836.235,-0.041159987
3882,1195,1657.8318,1886.9607,189539.609375,3364701.75,282.29288,521.3933,473.27783,2262.0627,0.677847,1783.1401,-0.10996365
3883,1318,1655.1024,2893.2761,199602.765625,3364729.0,383.69196,600.40894,582.02277,2208.2322,0.5957026,1803.7395,-0.089529224
3884,1250,1654.7697,3609.196,206761.96875,3364732.25,306.632,449.3132,359.6072,2062.6448,0.7050711,1818.3969,-0.05690775
3885,1452,1662.9938,3682.376,207493.75,3364650.0,273.88257,415.80545,320.51895,2041.5372,0.731071,1819.8998,-0.05356662
3886,1312,1659.5228,3855.9368,209229.375,3364684.75,354.68863,520.5739,483.52972,1941.4036,0.616661,1823.4515,-0.025340676
3887,1196,1661.1329,4735.184,218021.84375,3364668.75,451.94104,604.06854,551.7283,2093.96,0.59058803,1841.4562,-0.053353902
3888,1119,1658.5505,5074.082,221410.8125,3364694.5,668.23236,868.85077,936.6667,2114.8848,0.40207505,1848.3947,-0.058663804
3889,1191,1660.8875,2767.7507,198347.5,3364671.0,1042.853,1246.5222,1364.3048,1963.6876,0.1920086,1801.1729,-0.028453689
3890,1285,1658.4685,4048.0989,211150.984375,3364695.25,266.8292,417.15604,312.78482,2112.4277,0.73985696,1827.3856,-0.06525139
3891,1193,1661.3228,3142.249,202092.484375,3364666.75,270.5587,421.27075,298.9669,2066.86,0.7435447,1808.8402,-0.058507875
3892,1263,1662.4545,4006.2534,210732.53125,3364655.5,235.42993,369.78067,266.33728,2031.8207,0.7659662,1826.5309,-0.044713344
3893,1428,1664.2661,4613.789,216807.890625,3364637.25,290.67752,468.2227,380.7031,2233.168,0.7050368,1838.972,-0.0878647
3894,1219,1662.1559,4658.7646,217257.65625,3364658.5,371.39703,562.813,488.2379,2394.4102,0.6576524,1839.8918,-0.11659017
3895,1258,1663.694,2168.1248,192351.25,3364643.0,530.66534,798.6685,808.2313,2125.9292,0.44562995,1788.8992,-0.078828335
3896,1346,1663.1813,2427.535,194945.34375,3364648.25,565.19763,757.4413,756.5698,2089.0208,0.45590112,1794.2092,-0.052297145
3897,1306,1661.9418,3568.5405,206355.40625,3364660.5,412.81738,591.876,557.8932,2041.8215,0.5943909,1817.5685,-0.050009996
3898,1328,1664.2711,4442.7056,215097.0625,3364637.25,232.15286,373.71387,281.71085,2052.5283,0.75844246,1835.4688,-0.05393556
3899,1265,1662.7012,1536.0325,186030.328125,3364653.0,195.98894,387.92252,281.8253,2017.955,0.75769365,1775.9596,-0.05677513
3900,1184,1663.9384,2691.3286,197583.28125,3364640.5,523.1444,861.4282,777.94257,2954.0337,0.58229095,1799.6101,-0.23648062
3901,1131,1665.1565,3218.1997,202852.0,3364628.5,244.4757,380.12866,265.01416,2047.0425,0.7697292,1810.3973,-0.05855998
3902,1490,1662.49,3774.851,208418.515625,3364655.0,314.89832,468.2369,394.94833,2051.1936,0.6818913,1821.793,-0.05407794
3903,1283,1666.4202,1158.5713,182255.71875,3364615.75,229.44115,412.08887,399.30243,1915.8473,0.6626252,1768.2356,-0.0054511963
3904,1195,1665.3138,3300.1882,203671.875,3364626.75,254.92259,390.2025,276.80127,2036.8251,0.7596962,1812.076,-0.0551764
3905,1156,1668.4628,3465.4119,205324.125,3364595.25,436.27466,631.0558,639.3988,2130.6172,0.56534475,1815.4606,-0.06905741
3906,1231,1663.94,5234.803,223018.03125,3364640.5,681.44965,880.3522,984.89966,1928.6283,0.33322322,1851.6888,-0.013725416
3907,1182,1664.1937,2083.874,191508.734375,3364638.0,560.5085,851.9941,892.21576,2453.3079,0.46996117,1787.1747,-0.14990123
3908,1261,1669.6796,1698.3593,187653.59375,3364583.25,143.67645,296.62332,198.01744,2041.3806,0.82203174,1779.2864,-0.064917386
3909,1181,1664.5098,2972.4954,200394.953125,3364635.0,298.0741,463.5542,363.2642,1921.6744,0.6877138,1805.3666,-0.01931034
3910,1392,1671.3276,1259.949,183269.484375,3364566.75,335.5431,562.1566,536.05963,2321.1401,0.66374934,1770.3136,-0.117827035
3911,1258,1667.0763,2851.3267,199183.265625,3364609.25,538.116,743.85535,861.8275,1883.8577,0.38237837,1802.8875,-0.00864791
3912,1134,1667.7188,3180.0996,202471.0,3364602.75,259.4365,397.5022,281.96252,2078.4436,0.7601895,1809.6188,-0.06621368
3913,1509,1668.945,3814.141,208811.40625,3364590.5,277.44797,418.391,329.98907,2009.5338,0.7169503,1822.601,-0.04483275
3914,1290,1668.645,4155.5713,212225.71875,3364593.5,358.08875,536.01434,492.48022,2066.1345,0.6188101,1829.5917,-0.043409206
3915,944,1666.7944,5139.1396,222061.40625,3364612.0,713.40784,925.42957,1041.2108,2016.3268,0.31494468,1849.7313,-0.01470074
3916,1241,1671.2095,1664.9025,187319.03125,3364568.0,144.74457,304.61484,202.4859,1913.759,0.80684423,1778.6024,-0.029877909
3917,1378,1671.2728,1799.7402,188667.40625,3364567.25,175.20174,359.79318,237.4492,2133.0442,0.79763806,1781.3625,-0.082130894
3918,1033,1669.3534,3431.9119,204989.125,3364586.5,260.6578,408.25412,294.27832,2084.59,0.75145346,1814.7751,-0.06113574
3919,1301,1669.7671,3927.0837,209940.84375,3364582.25,560.098,761.1714,788.9485,2176.0273,0.4779879,1824.914,-0.079711005
3920,1352,1670.605,3966.0044,210330.046875,3364574.0,311.90793,468.4708,382.94232,2143.6628,0.70034784,1825.7113,-0.074419156
3921,1398,1669.9413,5387.0522,224540.53125,3364580.5,471.86194,684.29004,544.53253,2786.5737,0.66369206,1854.8098,-0.16071181
3922,1243,1672.3041,1392.14,184591.40625,3364557.0,434.36847,639.60175,660.4811,2076.2446,0.53681475,1773.0199,-0.06551972
3923,1240,1670.6113,1592.3,186593.0,3364574.0,145.79112,299.29114,200.94275,1997.2677,0.8158876,1777.116,-0.0549775
3924,1339,1671.4204,2805.484,198724.84375,3364565.75,782.2965,1033.295,1146.4675,2260.9949,0.328258,1801.9514,-0.09871196
3925,1182,1669.2775,3045.1177,201121.171875,3364587.25,513.1442,718.51776,677.4408,2328.2344,0.55091685,1806.8561,-0.11583009
3926,1492,1670.6628,3733.1433,208001.4375,3364573.25,471.53485,684.0335,717.3093,2126.2258,0.5197794,1820.9435,-0.070293345
3927,1247,1671.9935,4335.955,214029.546875,3364560.0,350.79712,492.996,379.19968,2438.5344,0.72983605,1833.287,-0.13680136
3928,1155,1670.9532,5103.8174,221708.171875,3364570.5,624.25195,824.23206,912.1359,2078.293,0.41224244,1849.0101,-0.05212904
3929,1118,1667.6842,5198.803,222658.03125,3364603.25,400.839,618.90204,667.39264,2488.7974,0.5860031,1850.9536,-0.13658819
3930,1248,1674.3037,4214.511,212815.109375,3364537.0,429.76443,620.64746,636.9928,2004.9591,0.5473734,1830.8016,-0.039175224
3931,1349,1672.0022,4542.808,216098.078125,3364560.0,478.3877,667.37805,642.7643,2206.5186,0.5608088,1837.5227,-0.0823473
3932,1196,1672.9716,2126.3645,191933.640625,3364550.25,517.306,788.04517,804.75836,2380.382,0.49609232,1788.0497,-0.134036
3933,1378,1674.5254,2387.8838,194548.84375,3364534.75,448.82874,690.87445,650.46155,2286.1277,0.5592111,1793.404,-0.1117802
3934,1222,1674.3363,2656.703,197237.03125,3364536.75,573.311,904.1072,868.7496,2787.414,0.5364196,1798.9071,-0.21205902
3935,1454,1678.7579,5568.8516,226358.515625,3364492.5,242.96527,382.4632,395.75,1984.3246,0.6677457,1858.5374,-0.020951184
3936,1238,1673.5541,1193.6534,182606.53125,3364544.5,188.07188,360.17853,312.03717,1962.3562,0.72812957,1768.958,-0.030791184
3937,1503,1678.5769,2589.515,196565.15625,3364494.25,655.92017,952.50635,994.5003,2490.2322,0.42505676,1797.534,-0.15158695
3938,1222,1674.5875,3083.6858,201506.859375,3364534.0,315.7324,472.9239,366.65506,2062.5818,0.69732684,1807.6487,-0.05419643
3939,1399,1676.1259,4990.4746,220574.75,3364518.75,721.1544,912.1129,996.6762,1920.1215,0.33972362,1846.6918,-0.008030257
3940,1418,1678.9972,1628.4993,186955.0,3364490.0,157.71861,320.68475,215.3258,1966.306,0.8011583,1777.8619,-0.04639187
3941,1229,1674.4613,3263.6965,203306.96875,3364535.5,252.98251,389.64688,265.88773,2077.6372,0.7717327,1811.334,-0.06480979
3942,1324,1675.9282,3887.1594,209541.59375,3364520.75,598.00793,786.90216,843.2115,2004.3319,0.4203074,1824.0999,-0.040926907
3943,1171,1674.8899,4101.8677,211688.671875,3364531.0,244.31682,410.8147,299.94662,2055.3066,0.7418848,1828.4955,-0.04778562
3944,1189,1677.8368,2027.7712,190947.71875,3364501.75,556.32635,810.18585,896.6468,2176.6946,0.4207379,1786.0342,-0.08715961
3945,1429,1677.5752,2553.1638,196201.640625,3364504.25,570.0721,907.84534,849.7264,2927.6997,0.5504569,1796.7893,-0.23592706
3946,1238,1679.1115,1437.5516,185045.515625,3364489.0,436.99677,640.8417,650.11957,2056.1736,0.5349249,1773.9535,-0.062569685
3947,1264,1678.2413,1737.5902,188045.90625,3364497.5,173.46202,344.2334,242.1527,2117.5435,0.79810643,1780.0945,-0.0809451
3948,1197,1679.1019,1913.8496,189808.5,3364489.0,530.0994,818.1721,929.36926,2320.2708,0.44492,1783.703,-0.12598813
3949,1214,1678.8237,4296.2026,213632.03125,3364491.75,474.3711,641.4856,626.8089,2079.0354,0.55589545,1832.4768,-0.049129788
3950,1320,1680.525,1350.6212,184176.21875,3364474.75,158.83485,321.39774,243.02197,2165.2825,0.79698503,1772.1749,-0.09546778
3951,1541,1681.3875,5431.225,224982.25,3364466.0,316.44388,484.11194,516.17523,2113.9639,0.6218411,1855.7203,-0.03903033
3952,1282,1683.4883,2322.628,193896.28125,3364445.0,450.85568,724.9173,721.9649,2364.9321,0.5326452,1792.0734,-0.12891406
3953,1162,1681.8597,2912.667,199796.671875,3364461.5,589.96216,871.23065,953.3077,2301.4995,0.44034272,1804.1516,-0.11415896
3954,1154,1681.0537,3117.8025,201848.03125,3364469.5,279.55026,427.1213,308.96622,2053.2053,0.73437214,1808.3508,-0.05560861
3955,1289,1680.2072,3640.0674,207070.671875,3364478.0,265.85687,403.6245,306.91504,2022.3824,0.7364256,1819.043,-0.049844526
3956,1233,1680.2117,4787.223,218542.234375,3364478.0,326.25262,463.8013,351.2506,2045.2417,0.70666754,1842.5319,-0.041731212
3957,1169,1678.5962,1503.3893,185703.890625,3364494.0,207.31822,397.56372,298.4089,2114.1086,0.75322104,1775.3008,-0.07563653
3958,1346,1685.0402,1865.9807,189329.8125,3364429.5,160.20209,360.9376,242.47102,2182.2073,0.79977655,1782.7266,-0.09474371
3959,1176,1681.9651,1986.2118,190532.125,3364460.25,595.2534,850.3971,937.8478,2221.9668,0.41807365,1785.1859,-0.10115171
3960,1306,1683.268,2286.8247,193538.25,3364447.25,690.63324,981.8024,1111.8943,2289.3745,0.35155168,1791.3403,-0.11460758
3961,1175,1682.8519,2487.3499,195543.5,3364451.5,557.8834,792.3983,789.85535,2140.4792,0.46929395,1795.4451,-0.07718744
3962,1499,1684.3735,5525.2314,225922.3125,3364436.25,210.73215,351.02936,339.11508,2004.0667,0.7155351,1857.647,-0.02792935
3963,1245,1678.665,3370.2234,204372.234375,3364493.25,236.90602,374.79517,257.18954,2071.8875,0.778494,1813.5173,-0.06372543
3964,1446,1683.9419,5311.892,223788.921875,3364440.5,414.05118,650.5201,526.84546,2644.8462,0.65803313,1853.278,-0.14302982
3965,1466,1684.8492,5479.2046,225462.046875,3364431.5,343.1262,533.0191,541.60095,2365.1248,0.6365542,1856.7047,-0.0942085
3966,1184,1682.4215,2251.332,193183.3125,3364455.75,749.6056,1060.4332,1159.5912,2113.021,0.29621118,1790.6133,-0.073756844
3967,1147,1682.0402,3501.944,205689.4375,3364459.5,395.20312,589.2528,528.94855,2158.9666,0.61692184,1816.2161,-0.07442253
3968,1280,1687.1656,4070.0461,211370.46875,3364408.25,256.26212,402.64493,307.29767,1918.448,0.7186758,1827.8506,-0.011602482
3969,1455,1686.7739,4909.025,219760.25,3364412.25,281.45016,428.51065,356.8316,2021.5161,0.71369696,1845.0295,-0.03610582
3970,1030,1681.1768,5165.763,222327.625,3364468.25,564.2544,800.15,929.6325,2183.7024,0.43601292,1850.284,-0.07016905
3971,1312,1687.253,1561.2744,186282.75,3364407.5,162.49924,322.0084,229.9314,1879.9253,0.7805095,1776.4907,-0.022172412
3972,1230,1685.6057,1948.7333,190157.328125,3364424.0,649.93335,971.5073,1107.1317,2612.2292,0.4165874,1784.4208,-0.18418919
3973,1149,1685.8599,2061.6902,191286.90625,3364421.5,546.91644,807.85205,855.4003,2273.6763,0.46416768,1786.7332,-0.10804336
3974,1252,1684.5895,4826.971,218939.71875,3364434.0,536.6969,700.15094,713.96326,1885.5795,0.46444088,1843.3481,0.0058942693
3975,1310,1685.9672,4867.424,219344.234375,3364420.25,217.75114,370.9996,284.64886,2149.524,0.7674241,1844.1772,-0.07297589
3976,1523,1687.4182,4954.4976,220214.96875,3364405.75,586.4524,729.674,760.957,1772.3228,0.41188732,1845.961,0.031442225
3977,1308,1682.5757,5272.149,223391.484375,3364454.25,529.11774,816.3773,678.05505,3037.5046,0.61509866,1852.4634,-0.20476468
3978,1362,1686.5726,1225.1938,182921.9375,3364414.25,240.12996,420.11673,376.7555,2075.2747,0.7040986,1769.6113,-0.065980986
3979,1282,1689.5468,2188.3486,192553.484375,3364384.5,531.12634,797.89624,770.93524,2110.1833,0.46011552,1789.3281,-0.07368996
3980,1164,1686.421,1470.9415,185379.421875,3364415.75,287.28607,489.53867,423.8677,2246.506,0.69061995,1774.6412,-0.10569577
3981,1054,1685.628,2742.9517,198099.515625,3364423.75,995.03033,1229.222,1375.7732,2020.6613,0.20737179,1800.6792,-0.0473614
3982,1146,1687.0314,3541.2827,206082.828125,3364409.75,429.24606,605.59814,598.726,2006.7797,0.5587508,1817.0243,-0.043536495
3983,1362,1687.2122,4253.5786,213205.78125,3364408.0,774.16003,989.62885,1108.1615,1976.5187,0.29159215,1831.6085,-0.02999992
3984,1185,1688.7063,2355.8843,194228.84375,3364393.0,437.9401,682.0591,682.3502,2164.4844,0.5267921,1792.7572,-0.08437621
3985,1183,1687.7413,3327.296,203942.96875,3364402.5,242.03424,377.30475,262.5114,2040.4869,0.77123785,1812.6436,-0.05636481
3986,1197,1690.015,4028.8262,210958.265625,3364379.75,285.07352,436.62573,334.75858,2057.9941,0.7155497,1827.0082,-0.04703337
3987,1317,1689.5876,4572.413,216394.125,3364384.0,368.60327,565.1443,516.1317,2206.0166,0.625745,1838.1383,-0.08457273
3988,1252,1688.5415,5058.564,221255.640625,3364394.5,608.6462,814.7863,976.50757,2064.2036,0.37499088,1848.0927,-0.047475494
3989,1312,1692.8407,2523.445,195904.453125,3364351.5,549.4886,871.3697,822.2317,2826.224,0.54500693,1796.1897,-0.2115166
3990,1143,1690.6168,2711.379,197783.78125,3364373.75,860.7515,1095.1785,1256.3867,1801.2397,0.18827282,1800.0358,0.0070839473
3991,1196,1688.454,3602.9583,206699.578125,3364395.5,259.46738,402.54263,283.5782,2081.1772,0.7593881,1818.2878,-0.0644461
3992,1380,1693.9819,3707.9653,207749.65625,3364340.25,450.30255,658.3656,697.11597,2135.6228,0.5396136,1820.4408,-0.075118884
3993,1119,1689.42,4677.5566,217445.5625,3364385.75,350.19348,540.7181,525.2395,2147.3591,0.6147403,1840.2911,-0.06603678
3994,1269,1692.1694,5020.0464,220870.46875,3364358.25,716.5221,945.94995,1093.8132,2133.9812,0.34013104,1847.3058,-0.0656505
3995,1445,1692.5931,1311.2595,183782.59375,3364354.0,183.84013,352.99515,271.6505,2251.5723,0.78281814,1771.3765,-0.11508531
3996,1448,1692.5656,5352.6235,224196.234375,3364354.25,338.45303,529.9644,407.53003,2406.7708,0.70393175,1854.1165,-0.10853878
3997,1415,1694.7902,2876.9165,199439.15625,3364332.0,625.0452,897.2474,975.3823,2231.357,0.3992228,1803.427,-0.0946726
3998,1102,1693.2804,3239.3447,203063.453125,3364347.25,249.39973,388.56488,262.2364,2093.9714,0.77587503,1810.846,-0.06888371
3999,1168,1689.5582,3404.7107,204717.109375,3364384.5,250.27269,394.73972,278.3202,2071.0552,0.76264286,1814.2295,-0.06158277
4000,1239,1694.0468,4132.8804,211998.8125,3364339.5,390.39548,560.93506,545.4855,2007.816,0.58796185,1829.1409,-0.03513676
4001,1248,1690.5032,4399.935,214669.34375,3364375.0,268.32492,405.502,313.5489,2206.4727,0.7509122,1834.607,-0.08954193
4002,1147,1689.5955,4469.305,215363.046875,3364384.0,237.96687,382.3544,288.89844,2048.3403,0.7532688,1836.027,-0.053038564
4003,1153,1691.3582,4711.863,217788.625,3364366.5,469.97833,629.6314,591.5568,2100.5938,0.5729808,1840.9946,-0.05535048
4004,1214,1690.5807,2624.014,196910.140625,3364374.25,521.4465,782.88306,779.17957,2347.9119,0.5006004,1798.2472,-0.12082828
4005,1251,1692.8274,2947.6746,200146.75,3364351.75,732.0668,991.6623,1106.229,2310.4424,0.3615787,1804.8744,-0.11956943
4006,1392,1696.1552,4639.8843,217068.84375,3364318.5,307.1674,480.90408,405.20905,2179.836,0.6810117,1839.5233,-0.076041386
4007,1295,1695.1212,1772.5791,188395.796875,3364328.75,143.59383,315.1089,208.46718,2009.2487,0.81042355,1780.8206,-0.055133328
4008,1298,1695.067,2453.5793,195205.796875,3364329.25,421.1379,675.4376,604.0439,2302.4893,0.5871527,1794.7607,-0.10892307
4009,1437,1695.3862,3844.1245,209111.25,3364326.25,540.8542,732.0174,767.21436,2091.9465,0.49114862,1823.2294,-0.06306627
4010,1323,1694.1383,4184.328,212513.28125,3364338.5,405.69464,600.3957,639.2521,2010.1311,0.55547434,1830.1943,-0.03726928
4011,1466,1694.4312,4507.756,215747.5625,3364335.75,314.21964,457.89905,401.53308,1934.9462,0.67340094,1836.8169,-0.02167855
4012,1299,1696.1593,3018.9,200859.0,3364318.5,589.801,820.7852,842.9553,2222.0515,0.45827463,1806.3345,-0.093826376
4013,1186,1693.4039,4363.9766,214309.765625,3364346.0,250.06998,381.67285,287.79385,2194.279,0.76803416,1833.8723,-0.08674471
4014,1269,1695.561,4746.52,218135.203125,3364324.5,530.06305,695.39044,701.9098,1988.907,0.49205032,1841.7065,-0.03095623
4015,1173,1696.2311,2834.7861,199017.859375,3364317.75,599.8977,849.7076,954.29755,2148.509,0.3843951,1802.5653,-0.079344295
4016,1113,1694.9937,3201.6406,202686.40625,3364330.0,236.38185,374.8239,254.38814,1983.5863,0.77127945,1810.0751,-0.042665508
4017,1244,1697.5096,2148.5088,192155.09375,3364305.0,541.44775,842.0193,836.0844,2592.5676,0.5113801,1788.5172,-0.17609733
4018,1262,1698.0055,2985.134,200521.34375,3364300.0,675.0253,925.63074,1001.2401,2201.8435,0.375562,1805.6443,-0.09237428
4019,1254,1697.4036,3162.0415,202290.40625,3364306.0,243.7173,383.2532,264.49124,2041.028,0.7696529,1809.2656,-0.057519414
4020,1241,1698.5182,2103.0403,191700.40625,3364294.75,626.7196,870.7204,971.5649,2136.3223,0.3839585,1787.587,-0.082547076
4021,1265,1697.9882,3992.237,210592.375,3364300.0,295.91226,448.51898,342.58694,2073.1675,0.7114501,1826.2633,-0.046648804
4022,1194,1698.2555,2772.97,198399.703125,3364297.5,806.66833,1041.7739,1192.546,2150.5461,0.29089454,1801.3009,-0.080236964
4023,1370,1701.3329,3668.3687,207353.6875,3364266.75,269.623,404.5062,300.85767,2044.2172,0.74096483,1819.6342,-0.05278766
4024,1525,1699.3285,3765.6052,208326.046875,3364286.75,318.37277,464.25146,401.0403,1999.5541,0.6754717,1821.6239,-0.03583097
4025,1200,1696.9983,5226.1577,222931.578125,3364310.0,538.8013,755.295,798.90375,2174.7507,0.46462607,1851.529,-0.06473657
4026,1151,1701.1025,1412.8949,184798.953125,3364269.0,341.25977,523.1077,507.384,2068.4639,0.6276018,1773.4618,-0.06797151
4027,1273,1699.5656,2417.7761,194847.765625,3364284.25,516.5656,780.9026,750.76746,2426.8547,0.5274926,1794.0304,-0.13842636
4028,1207,1700.3927,4602.2295,216692.296875,3364276.0,282.89438,455.74854,375.9072,2152.505,0.6980631,1838.7545,-0.06900664
4029,1314,1701.3212,2221.477,192884.765625,3364266.75,559.55786,854.8516,858.6659,2437.79,0.47784263,1790.0131,-0.14489034
4030,1101,1699.317,3573.2517,206402.515625,3364286.75,273.23477,421.9496,302.90646,2120.9624,0.74893796,1817.6855,-0.07287897
4031,1068,1697.5393,5131.938,221989.375,3364304.5,599.30194,797.98175,816.39136,2159.4565,0.46832013,1849.5999,-0.06595398
4032,1491,1704.6606,1274.1027,183411.03125,3364233.5,175.21663,339.85312,266.26627,2099.2434,0.77351874,1770.6232,-0.071962126
4033,1284,1702.0023,3290.8552,203578.546875,3364260.0,247.64914,379.97235,263.1028,2068.5352,0.7735303,1811.9054,-0.06353916
4034,1157,1701.0259,3914.7458,209817.453125,3364269.75,523.6867,712.86646,706.9321,2157.2683,0.50819546,1824.6783,-0.07314992
4035,1327,1703.3444,4433.532,215005.3125,3364246.5,236.95667,370.77808,269.50903,2116.3965,0.7737324,1835.3019,-0.06876073
4036,1411,1701.8555,1830.8959,188978.953125,3364261.5,143.57265,317.9263,200.38696,2189.8943,0.8316106,1782.0182,-0.098943666
4037,1231,1703.537,2675.5068,197425.0625,3364244.75,763.10156,1068.2576,1192.6824,2319.4573,0.32513875,1799.3087,-0.12070464
4038,1172,1701.1382,3056.0479,201230.484375,3364268.5,277.55417,427.3865,329.27347,2055.2256,0.7237237,1807.0978,-0.05964651
4039,1129,1701.4119,3442.5854,205095.859375,3364266.0,246.52835,388.32153,264.34146,2109.7078,0.7772126,1815.0115,-0.070014596
4040,950,1699.3768,5191.0073,222580.078125,3364286.25,376.8795,549.9005,553.8979,1969.1031,0.56113124,1850.8104,-0.023644371
4041,1333,1702.5739,5398.063,224650.625,3364254.25,354.05814,537.0416,482.13428,2509.4727,0.67031246,1855.0522,-0.09181514
4042,1267,1704.8768,1524.3671,185913.671875,3364231.25,174.82005,347.92264,250.43489,2098.1934,0.7949199,1775.7457,-0.07965015
4043,1244,1705.9269,1375.537,184425.375,3364220.75,178.66158,356.81995,277.53537,2215.656,0.77693814,1772.7001,-0.105606824
4044,1098,1703.898,3475.7021,205427.03125,3364241.0,347.26047,523.50226,434.005,2173.5938,0.6775002,1815.6909,-0.080273405
4045,1176,1703.7245,5095.073,221620.734375,3364242.75,471.52295,641.4728,628.5506,2071.9448,0.54703593,1848.8483,-0.047348868
4046,1549,1707.2646,1177.8044,182448.046875,3364207.25,210.91026,389.3596,370.33182,1892.5507,0.6793807,1768.6537,-0.011924402
4047,1257,1705.0016,1705.4789,187724.78125,3364230.0,152.7685,312.34048,214.24661,1992.0009,0.801812,1779.4529,-0.048246793
4048,1571,1708.4348,3804.4883,208714.875,3364195.75,265.6095,404.3587,318.13812,2011.9672,0.72952646,1822.4249,-0.047830667
4049,1405,1707.3259,3952.3032,210193.03125,3364206.75,446.90997,639.72595,650.6623,2056.846,0.5339626,1825.4508,-0.05054445
4050,1310,1709.5793,5588.767,226557.671875,3364184.25,305.83435,472.8943,562.8599,1867.9424,0.53913033,1858.9612,0.0036738636
4051,1224,1708.6683,1897.1903,189641.90625,3364193.25,215.80882,437.92322,327.07352,2241.6995,0.7550757,1783.3793,-0.10892424
4052,1133,1707.8279,2006.7114,190737.109375,3364201.75,424.8076,703.10504,686.8782,2489.5312,0.5706272,1785.6206,-0.15517564
4053,1074,1708.4935,3352.1042,204191.046875,3364195.0,242.64107,380.2677,259.23325,2083.9856,0.77809644,1813.163,-0.06704391
4054,1328,1708.101,4322.8096,213898.09375,3364199.0,326.91678,462.45782,342.09863,2453.0298,0.75451505,1833.0374,-0.14130567
4055,1322,1707.9863,1670.5393,187375.390625,3364200.25,140.94933,297.27686,196.79955,1937.9607,0.8145265,1778.7395,-0.039151967
4056,1447,1708.5778,1596.7871,186637.875,3364194.25,284.2792,477.0083,420.01245,2022.0566,0.6668946,1777.2302,-0.0546557
4057,1100,1708.8318,4284.672,213516.71875,3364191.75,461.74136,622.0559,574.1664,2151.9272,0.5839346,1832.2568,-0.06355901
4058,1082,1711.316,3132.2754,201992.75,3364166.75,246.52403,387.84796,271.52725,2058.9197,0.7663405,1808.6641,-0.062805794
4059,1037,1710.8168,4773.2363,218402.359375,3364171.75,337.6244,474.30954,390.82065,1980.9802,0.6780992,1842.2617,-0.03167873
4060,1493,1713.4132,5452.2363,225192.359375,3364145.75,195.20094,323.85364,304.34863,1948.5928,0.73706967,1856.1672,-0.021360733
4061,1196,1710.6755,2804.2083,198712.078125,3364173.25,590.1781,846.29016,952.79596,2214.6055,0.40190136,1801.9475,-0.09761955
4062,1281,1711.5839,3094.3567,201613.5625,3364164.25,285.09525,439.78455,311.5734,2179.8513,0.748566,1807.888,-0.08889573
4063,1115,1711.8484,3519.261,205862.609375,3364161.5,341.39597,506.2354,423.67804,2119.9368,0.6740475,1816.5872,-0.070226245
4064,1310,1711.313,4221.6694,212886.6875,3364166.75,691.6939,925.67633,1018.4798,1983.5946,0.3275147,1830.9681,-0.03361331
4065,1122,1713.1436,5257.2334,223242.34375,3364148.5,370.6894,628.0891,509.87613,3006.8801,0.70552605,1852.1738,-0.2148084
4066,1327,1713.4084,3880.0383,209470.375,3364146.0,644.7396,840.8301,911.56555,2051.934,0.39110872,1823.9745,-0.052528296
4067,1157,1712.3293,4809.964,218769.640625,3364156.75,311.41702,462.44513,380.96976,1957.975,0.68420535,1843.0145,-0.016923353
4068,1414,1715.976,5498.1406,225651.40625,3364120.25,282.78784,463.02087,481.36563,2248.5496,0.6451526,1857.1085,-0.080728695
4069,1481,1716.0581,5546.132,226131.3125,3364119.5,267.44293,418.78696,458.52127,1899.7386,0.61333334,1858.0913,0.0057660835
4070,1347,1716.8285,1638.4023,187054.03125,3364111.75,159.34595,322.10764,221.1715,1963.7639,0.79674983,1778.0869,-0.042072773
4071,1115,1714.3202,2041.9731,191089.734375,3364136.75,576.16864,872.1211,992.19196,2338.1067,0.40811568,1786.3462,-0.12922789
4072,1170,1711.6658,4102.6357,211696.359375,3364163.25,623.0047,895.7534,1048.2548,2277.2336,0.38857728,1828.5311,-0.10240792
4073,1235,1718.4972,4158.902,212259.015625,3364095.0,425.9753,629.72064,650.91943,2102.0222,0.5556502,1829.6869,-0.06220035
4074,1410,1714.5,4542.6045,216096.046875,3364135.0,541.872,727.3,720.0,2125.5933,0.5040847,1837.5413,-0.06309586
4075,1126,1712.548,1742.1545,188091.546875,3364154.5,138.4254,302.53198,197.89609,2049.7424,0.8226399,1780.208,-0.06647818
4076,1329,1717.8473,1798.7727,188657.71875,3364101.5,142.34763,313.51392,198.94583,2196.9006,0.83319634,1781.3701,-0.10084461
4077,1294,1715.8176,2377.568,194445.6875,3364121.75,408.59195,656.62445,614.5804,2283.3608,0.5781775,1793.2167,-0.10863348
4078,1069,1716.1113,4049.0945,211160.9375,3364119.0,367.5814,537.57434,479.88165,2060.1409,0.6364298,1827.4373,-0.046865076
4079,1212,1716.9225,1970.0536,190370.53125,3364110.75,375.8647,628.11554,582.981,2318.3333,0.62379295,1784.8755,-0.11610309
4080,1143,1717.5792,3384.0464,204510.46875,3364104.25,247.16273,386.44226,260.7686,2044.7572,0.77122265,1813.822,-0.054208875
4081,1337,1716.552,3626.4375,206934.375,3364114.5,392.2943,582.19446,533.69336,2167.5962,0.6266541,1818.784,-0.07916377
4082,1278,1716.6244,4854.4023,219214.03125,3364113.75,400.47458,567.741,560.9515,1982.7942,0.5694574,1843.9268,-0.028925082
4083,1529,1720.5331,4935.185,220021.84375,3364074.75,614.5922,778.47546,837.93787,1834.357,0.38923234,1845.583,0.009602844
4084,1278,1717.9578,5291.914,223589.140625,3364100.5,350.53952,578.3685,450.15454,2656.536,0.70589566,1852.8865,-0.14289045
4085,1311,1719.8483,1338.9512,184059.515625,3364081.5,167.63234,328.3623,252.79176,2183.66,0.7917905,1771.9595,-0.10059104
4086,1259,1717.2104,1485.595,185525.953125,3364108.0,162.92772,322.3042,208.30818,2113.3098,0.81964844,1774.9594,-0.08393811
4087,1199,1717.447,1932.0267,189990.265625,3364105.5,619.7656,941.0609,1070.5062,2600.5623,0.42720115,1784.0974,-0.18186188
4088,1699,1721.8611,2563.598,196305.984375,3364061.5,598.64215,865.76575,902.2013,2316.1973,0.44306484,1797.0283,-0.11640467
4089,1307,1720.2303,2644.0825,197110.828125,3364077.75,588.2938,890.52563,906.7957,2635.5547,0.48667133,1798.6749,-0.18056409
4090,1543,1723.8081,3736.9001,208039.0,3364042.0,432.7495,622.15784,630.6364,2082.1655,0.5608244,1821.0496,-0.060646858
4091,1102,1719.0027,2076.6907,191436.90625,3364090.0,564.4882,839.72955,885.32666,2422.9302,0.45975187,1787.0596,-0.1392558
4092,1246,1716.2593,2258.6838,193256.84375,3364117.5,639.0602,919.8066,1021.5209,2231.7239,0.37028882,1790.7833,-0.10017997
4093,1289,1718.1373,2298.8882,193658.875,3364098.75,687.03955,989.69354,1055.671,2067.9316,0.32911718,1791.6074,-0.055954047
4094,1453,1720.6697,2602.5051,196695.046875,3364073.25,466.9057,747.7288,705.75775,2520.72,0.56368506,1797.8241,-0.15835628
4095,1281,1715.9586,2916.551,199835.515625,3364120.5,625.65027,903.3279,978.4891,2361.8442,0.41907263,1804.2504,-0.12605733
4096,1696,1720.8975,4983.943,220509.4375,3364071.0,629.7108,834.21106,904.6374,2143.3003,0.41173413,1846.5817,-0.065420814
4097,1407,1720.634,1446.1357,185131.359375,3364073.75,165.93462,319.20825,216.58351,2101.924,0.81235594,1774.1538,-0.08167781
4098,1284,1723.6495,3262.4705,203294.703125,3364043.5,254.92796,386.0296,268.41666,2047.169,0.7667259,1811.3364,-0.056748725
4099,1129,1718.0168,5161.631,222286.3125,3364099.75,445.7334,650.8007,663.9229,2237.4136,0.56699926,1850.2186,-0.083426155
4100,1439,1722.3329,4895.292,219622.921875,3364056.75,377.79013,536.0987,496.60077,2009.0935,0.60923886,1844.7671,-0.027200185
4101,1307,1722.2487,2335.261,194022.609375,3364057.5,526.5027,808.99695,824.05664,2238.117,0.4741124,1792.3542,-0.1039627
4102,1304,1718.4801,2487.404,195544.046875,3364095.25,723.7515,943.4724,1044.3574,1902.8444,0.29390603,1795.4666,-0.02165756
4103,1372,1723.8732,5327.3696,223943.6875,3364041.25,295.93915,471.65308,351.87027,2536.4016,0.74883837,1853.6156,-0.13060597
4104,1519,1721.0402,1226.3588,182933.59375,3364069.5,196.86307,376.55826,309.26465,2082.4734,0.742466,1769.6558,-0.06277321
4105,1312,1722.3369,2739.564,198065.640625,3364056.75,1064.7996,1218.6205,1287.4055,1953.3049,0.22603439,1800.6307,-0.024026707
4106,1306,1723.67,1554.7817,186217.8125,3364043.25,237.54747,416.89127,354.01608,1971.5437,0.7086339,1776.3794,-0.044049207
4107,1080,1723.6046,3227.8193,202948.1875,3364044.0,252.53842,393.98843,263.16666,2150.377,0.78059244,1810.627,-0.08242407
4108,1154,1725.1447,3418.9055,204859.0625,3364028.5,243.93285,379.94324,254.46881,2064.0698,0.7790845,1814.5399,-0.059765194
4109,1232,1720.677,4472.4194,215394.1875,3364073.25,329.01013,467.10675,418.10916,1964.0154,0.66210306,1836.1074,-0.03025694
4110,1280,1724.168,5027.8203,220948.203125,3364038.25,595.26874,770.2125,839.42773,1977.6445,0.42365476,1847.4818,-0.027568618
4111,1117,1721.547,5063.9165,221309.15625,3364064.5,584.1101,766.20593,832.8581,1951.971,0.4249591,1848.2196,-0.02055336
4112,1379,1724.8252,1864.8303,189318.296875,3364031.75,138.28862,328.57504,204.83684,2211.3706,0.8290182,1782.7263,-0.09988062
4113,1131,1724.0044,2702.368,197693.6875,3364040.0,886.70026,1100.138,1262.855,1944.7896,0.22357014,1799.8702,-0.030382894
4114,1271,1726.2487,2848.9968,199159.96875,3364017.5,537.15027,830.29895,877.74194,2421.1353,0.475242,1802.8732,-0.14168425
4115,1254,1726.1388,3318.8804,203858.8125,3364018.5,245.24004,380.10446,263.14075,2018.6316,0.76834804,1812.4927,-0.04967894
4116,1359,1727.3539,5368.314,224353.140625,3364006.5,433.26932,632.3635,519.6512,2423.884,0.64161193,1854.4558,-0.10057594
4117,1118,1725.0546,3192.1172,202591.171875,3364029.5,247.6382,386.432,259.2451,1971.635,0.7656193,1809.8969,-0.038997624
4118,1229,1728.0146,3553.3743,206203.75,3363999.75,401.23514,578.30066,531.48004,2119.7397,0.61109245,1817.2944,-0.06880522
4119,1127,1724.181,4357.342,214243.421875,3364038.25,252.30257,383.437,277.32874,2228.9675,0.7779144,1833.753,-0.092948206
4120,1164,1721.0051,4677.9966,217449.96875,3364070.0,433.38788,602.512,523.4476,2226.6357,0.6156155,1840.317,-0.07781058
4121,1206,1729.9585,2120.7844,191877.84375,3363980.5,674.08044,948.50165,1037.9685,2336.476,0.38226557,1787.9685,-0.12175612
4122,1208,1726.6614,2183.2417,192502.421875,3364013.5,554.5695,860.77814,909.60925,2455.725,0.4622574,1789.245,-0.15072373
4123,1328,1728.3923,2958.823,200258.234375,3363996.0,705.0241,927.2929,1038.0972,2131.2092,0.35368386,1805.1228,-0.075840436
4124,1207,1728.7291,4017.2046,210842.046875,3363992.75,291.26718,438.55966,354.73944,1926.6611,0.6856536,1826.7913,-0.013607556
4125,1215,1727.177,4256.0435,213230.4375,3364008.25,494.0749,663.62756,639.71564,2100.451,0.5445128,1831.6805,-0.055654153
4126,1315,1726.2228,4395.2773,214622.78125,3364017.75,250.10266,386.65552,287.49124,2108.695,0.7601797,1834.5309,-0.067637965
4127,1345,1729.803,3695.9436,207629.4375,3363982.0,279.74014,414.95465,320.90854,1990.345,0.7243245,1820.2144,-0.039728876
4128,1239,1725.5625,4714.1455,217811.453125,3364024.5,575.3943,746.85754,763.9923,2112.5762,0.48006576,1841.0596,-0.06048211
4129,1050,1730.4076,4077.763,211447.625,3363976.0,697.8933,976.50854,1159.3838,2269.517,0.32680112,1828.0321,-0.102503896
4130,1041,1727.488,5199.953,222669.53125,3364005.0,532.9404,725.318,799.7603,1849.2997,0.40723175,1851.0083,0.004726594
4131,1237,1726.7833,2524.1511,195911.515625,3364012.25,779.80676,999.7405,1107.9547,1953.131,0.2717835,1796.2236,-0.029093305
4132,1070,1731.6869,3492.542,205595.421875,3363963.25,486.82336,673.3556,640.87244,2218.163,0.56409025,1816.051,-0.08896868
4133,1278,1731.3162,3589.9272,206569.28125,3363966.75,411.5047,593.65924,563.06067,2130.8896,0.603353,1818.0447,-0.06988042
4134,1045,1728.0077,5123.065,221900.65625,3364000.0,558.29376,766.0861,810.7067,2253.0898,0.4736938,1849.4342,-0.09137564
4135,976,1728.4088,2152.2112,192192.109375,3363996.0,581.7387,900.3279,978.74695,2562.3936,0.4511092,1788.6108,-0.1719732
4136,1143,1730.3342,2408.7322,194757.328125,3363976.75,405.3141,656.80225,639.7113,2188.6519,0.55682427,1793.8629,-0.0901092
4137,1173,1731.3231,4614.5317,216815.3125,3363966.75,271.15814,438.24213,360.5115,2067.4868,0.6989188,1839.023,-0.051177137
4138,1386,1734.2424,5410.344,224773.4375,3363937.5,223.36075,374.86398,378.6443,1920.488,0.6784453,1855.3201,-0.0073490785
4139,1365,1734.4095,2885.4146,199524.140625,3363936.0,614.91797,915.0029,989.69745,2480.964,0.43506232,1803.6234,-0.15222386
4140,1256,1733.9865,3029.156,200961.5625,3363940.25,292.9626,438.41043,349.5808,1984.9324,0.6990848,1806.5657,-0.03710538
4141,1178,1732.2911,3982.8838,210498.84375,3363957.0,318.31366,481.99533,398.66553,2078.357,0.6833611,1826.0905,-0.054423325
4142,1446,1735.3298,4577.4033,216444.03125,3363926.75,292.37793,473.2151,383.96924,2120.8364,0.6864346,1838.2649,-0.05946438
4143,1275,1735.5647,1259.967,183269.671875,3363924.25,184.59137,356.74982,294.7945,2013.2031,0.74687636,1770.3522,-0.049176525
4144,1314,1735.2854,2995.596,200625.953125,3363927.25,480.13583,675.0126,654.9033,2173.5771,0.55248964,1805.8794,-0.0850091
4145,1303,1734.4766,4192.9434,212599.4375,3363935.25,606.9463,827.8419,899.7705,2048.8684,0.42927024,1830.3926,-0.05065648
4146,1503,1736.5636,1309.1664,183761.65625,3363914.25,207.5223,392.78775,316.90753,2195.1204,0.7445875,1771.3597,-0.09171752
4147,1242,1733.6586,1404.3945,184713.9375,3363943.5,162.1095,322.2214,236.74236,2082.43,0.79425794,1773.3071,-0.07590511
4148,1392,1732.7457,2451.855,195188.546875,3363952.5,489.92743,784.0072,738.2083,2492.8074,0.54162884,1794.7471,-0.15434489
4149,1041,1732.0221,3063.2815,201302.8125,3363959.75,304.60278,466.54514,345.65417,2158.94,0.71911204,1807.2632,-0.08015637
4150,1366,1733.5857,3848.3206,209153.203125,3363944.25,593.48315,795.2705,848.41364,2135.7031,0.4344458,1823.3362,-0.06479132
4151,1230,1735.6342,4647.2715,217142.71875,3363923.75,438.96057,619.8443,594.4,2054.8564,0.5600043,1839.6957,-0.04531437
4152,1384,1735.3505,4508.185,215751.84375,3363926.5,580.60223,770.45197,772.0401,2150.106,0.48203167,1836.8475,-0.06747906
4153,1069,1734.3021,5232.8823,222998.828125,3363937.0,436.08185,673.2306,604.471,2716.2727,0.62677175,1851.6862,-0.16332915
4154,1437,1739.5588,1193.6646,182606.640625,3363884.5,213.91475,405.65137,360.07028,2038.4084,0.70521003,1768.9976,-0.044883523
4155,1160,1737.2026,2211.9077,192789.078125,3363908.0,502.8543,771.1216,865.2069,2295.731,0.46076295,1789.8379,-0.11911395
4156,1263,1733.7213,3919.4973,209864.96875,3363942.75,583.6849,803.597,876.70306,2186.369,0.4430774,1824.7935,-0.08312213
4157,1274,1738.1154,4129.6514,211966.515625,3363898.75,446.4258,654.5969,661.5746,2165.1523,0.5483038,1829.0986,-0.07895467
4158,1289,1736.5695,2776.46,198434.59375,3363914.25,742.05896,973.3646,1081.8976,1989.2684,0.29763794,1801.3942,-0.042903088
4159,1223,1737.1864,3159.5583,202265.578125,3363908.25,247.22649,389.31683,261.86182,1993.1051,0.76463985,1809.2372,-0.042186618
4160,1225,1737.1421,3456.7363,205237.359375,3363908.5,251.46367,382.61917,258.72327,2050.033,0.77414465,1815.321,-0.055761017
4161,1360,1739.2354,3658.5176,207255.171875,3363887.75,280.89044,417.0658,306.17722,2098.7393,0.743942,1819.4532,-0.06655816
4162,1171,1738.1357,1717.9445,187849.4375,3363898.75,141.22374,305.3433,198.87788,2082.4783,0.82488126,1779.7275,-0.07532052
4163,1296,1738.8427,4747.427,218144.265625,3363891.5,575.3931,726.3723,740.2774,1942.1666,0.46766612,1841.748,-0.019245928
4164,1144,1739.5428,4830.4976,218974.96875,3363884.5,460.316,609.2382,585.3501,1732.5747,0.50840175,1843.4495,0.050052788
4165,1337,1741.1272,1758.9125,188259.125,3363868.75,136.13687,302.6941,196.00299,2064.0403,0.82529813,1780.5679,-0.06816217
4166,1584,1743.1616,3777.4243,208444.25,3363848.5,319.01956,476.22726,402.63635,2012.2349,0.6752331,1821.8899,-0.04496154
4167,1298,1740.9916,1514.0231,185810.234375,3363870.0,162.45378,333.01926,218.92296,2178.4067,0.8186272,1775.5553,-0.099064514
4168,1088,1739.659,2019.7417,190867.421875,3363883.5,283.83365,533.4044,425.4899,2360.3604,0.7062482,1785.9058,-0.12762488
4169,1085,1739.1853,4786.3345,218533.34375,3363888.25,303.5954,442.2825,337.84195,1959.188,0.71119726,1842.5449,-0.020448137
4170,1229,1743.8926,1616.5834,186835.828125,3363841.0,229.22295,427.89993,326.12286,2145.1985,0.7388238,1777.6562,-0.08576222
4171,1186,1740.6215,4293.8594,213608.59375,3363873.75,350.12943,491.81787,385.47174,2363.4136,0.7154381,1832.462,-0.11414934
4172,1277,1738.3986,4432.5723,214995.71875,3363896.0,268.81638,396.4624,303.83282,2034.1578,0.74050695,1835.301,-0.047509745
4173,1196,1744.1003,5518.4507,225854.5,3363839.0,231.46948,378.4565,394.17892,1878.6174,0.6584813,1857.539,0.0009932762
4174,1223,1741.7416,5576.9844,226439.84375,3363862.5,364.95584,539.5315,645.54456,1823.7183,0.480816,1858.7365,0.02016921
4175,1218,1741.6602,1366.4984,184334.984375,3363863.5,200.3284,389.14203,313.5821,2228.6462,0.7585482,1772.5363,-0.10903264
4176,1142,1741.2251,3120.9607,201879.609375,3363867.75,251.46585,404.33932,278.0565,2055.9707,0.76065564,1808.4492,-0.061232887
4177,1110,1741.3423,5091.3965,221583.96875,3363866.5,630.9667,820.9968,901.2604,2088.4387,0.40602648,1848.7926,-0.05189625
4178,1268,1746.1467,1582.3936,186493.9375,3363818.5,389.7492,622.28156,620.235,2219.4604,0.5752375,1776.9578,-0.103219375
4179,1439,1746.3773,1683.1974,187501.96875,3363816.25,159.4788,322.57053,220.98958,2069.2375,0.8042722,1779.0211,-0.067388415
4180,1092,1746.3196,2241.8809,193088.8125,3363816.75,590.27106,876.2216,1012.9927,2334.913,0.40916923,1790.4567,-0.12696823
4181,1367,1745.6255,2815.4463,198824.46875,3363823.75,471.79736,739.66644,751.30286,2400.109,0.53343135,1802.1974,-0.13682278
4182,1461,1745.5975,1830.3723,188973.71875,3363824.0,128.06845,306.42026,190.42847,2284.0876,0.8454175,1782.0331,-0.12014623
4183,1099,1744.7671,1986.7115,190537.109375,3363832.25,218.54778,469.62057,311.71338,2465.0564,0.7731853,1785.2327,-0.14660095
4184,1345,1746.5472,3816.313,208833.125,3363814.5,325.6041,482.85687,425.62268,1994.0391,0.6634119,1822.6879,-0.0383733
4185,1262,1746.8407,3289.194,203561.9375,3363811.5,257.01822,392.0959,267.27774,2035.0626,0.7652511,1811.8965,-0.052550692
4186,1377,1745.9928,1904.0936,189710.9375,3363820.0,166.55482,359.90268,243.6398,2086.3347,0.7903842,1783.5424,-0.07443519
4187,1073,1747.8751,2093.0989,191600.984375,3363801.25,628.23395,935.493,1050.2815,2497.014,0.41684127,1787.4121,-0.16051431
4188,1153,1747.5612,2358.784,194257.84375,3363804.5,625.49695,928.5568,918.6626,2346.563,0.44016796,1792.8503,-0.12521297
4189,1393,1748.3223,2672.3093,197393.09375,3363796.75,1051.2684,1298.7782,1463.2103,1974.0194,0.16232552,1799.2688,-0.039194047
4190,1207,1743.0381,3352.088,204190.875,3363849.5,257.44904,397.1744,269.3724,2039.4875,0.76469415,1813.1819,-0.053995878
4191,1196,1745.7124,4328.324,213953.25,3363823.0,254.89507,387.36203,304.00168,2099.3335,0.75179726,1833.1705,-0.06588788
4192,1176,1745.983,5443.557,225105.5625,3363820.25,182.76021,320.28442,269.84567,2069.5732,0.76856023,1856.0063,-0.04352042
4193,1153,1747.7285,2276.9497,193439.5,3363802.75,608.6218,897.6834,994.9462,2313.615,0.3992877,1791.1754,-0.122165725
4194,1319,1749.3025,2929.2805,199962.8125,3363787.0,683.9295,944.05835,1028.7487,2294.9436,0.38280877,1804.5298,-0.11092787
4195,1567,1752.4614,4958.0444,220250.4375,3363755.5,800.8519,1107.3555,1339.8928,2429.4436,0.307439,1846.0679,-0.12935324
4196,1398,1751.6195,5481.6436,225486.4375,3363763.75,217.60371,364.94492,355.60657,1961.9761,0.6955194,1856.7892,-0.022551993
4197,1199,1748.4178,1944.5096,190115.09375,3363795.75,246.78899,480.6055,378.52127,2335.8782,0.7259494,1784.371,-0.121294305
4198,1181,1749.8628,2057.774,191247.734375,3363781.25,352.9907,593.1897,570.48096,2258.3098,0.60936314,1786.6902,-0.10693807
4199,1141,1748.6704,3525.3557,205923.5625,3363793.25,300.01184,456.1354,365.12665,2115.514,0.712193,1816.7323,-0.07055514
4200,1235,1749.1879,3953.4841,210204.84375,3363788.0,527.619,739.7846,775.03925,2191.008,0.49286547,1825.4978,-0.082604565
4201,940,1748.2372,5147.933,222149.328125,3363797.75,481.5431,684.1787,696.02234,2250.3953,0.5335724,1849.954,-0.08593176
4202,1230,1750.6309,4230.086,212970.859375,3363773.75,624.1134,809.63696,856.0984,2024.1406,0.41024926,1831.1617,-0.039882008
4203,1350,1751.4756,4873.448,219404.484375,3363765.25,466.56,626.2641,611.3837,1967.8541,0.5340563,1844.3352,-0.016950004
4204,1240,1750.8782,5268.3364,223353.359375,3363771.25,426.1867,677.5427,518.4194,3139.0725,0.70749444,1852.4208,-0.227585
4205,1345,1751.8922,1474.2357,185412.359375,3363761.0,154.31598,311.42603,202.96506,2132.1829,0.8253542,1774.7474,-0.08808341
4206,1116,1751.8871,3086.3513,201533.515625,3363761.25,265.92786,416.85574,295.0224,2079.051,0.74944717,1807.7467,-0.06442394
4207,1380,1751.5942,3884.6108,209516.109375,3363764.0,670.56415,890.63007,995.02826,2143.9434,0.37764528,1824.089,-0.07715251
4208,1046,1752.9235,5178.025,222450.25,3363750.75,417.24283,597.78345,644.3628,1975.3508,0.501822,1850.5726,-0.017862726
4209,1171,1751.9838,1792.1665,188591.65625,3363760.25,138.1409,311.28607,195.8941,2229.8188,0.83776146,1781.2549,-0.107726984
4210,1432,1755.1543,2632.5195,196995.1875,3363728.5,824.9979,1088.4155,1278.1152,2033.7556,0.23653594,1798.4581,-0.053522706
4211,1429,1755.1687,5010.3955,220773.953125,3363728.25,416.6221,599.0,604.99896,1988.3877,0.54318285,1847.1412,-0.029813785
4212,1405,1758.553,1650.8192,187178.1875,3363694.5,151.4121,319.33594,214.39502,2013.9175,0.8066831,1778.3656,-0.053287763
4213,1236,1754.894,2313.3115,193803.109375,3363731.0,700.6699,1015.58093,1102.4797,2197.678,0.33946428,1791.9238,-0.08419212
4214,1196,1751.8629,3388.0444,204550.4375,3363761.25,244.85995,377.3842,257.43018,2036.6526,0.77484447,1813.923,-0.05519648
4215,1161,1752.1085,4052.4712,211194.71875,3363759.0,559.146,780.48883,841.7179,2158.4104,0.46537247,1827.526,-0.07718686
4216,1104,1754.5181,4099.327,211663.28125,3363734.75,383.89673,561.87317,536.596,1988.5321,0.59252614,1828.4867,-0.034533188
4217,1334,1756.8778,1432.8868,184998.875,3363711.25,159.3883,304.81784,210.72939,2057.3643,0.81325,1773.904,-0.07088858
4218,1279,1753.9993,3623.939,206909.390625,3363740.0,413.59344,601.39056,582.4265,2157.106,0.60290366,1818.7535,-0.07972499
4219,1191,1752.2115,4468.642,215356.421875,3363758.0,375.199,515.28125,478.46936,1889.3035,0.6119051,1836.047,-0.011145123
4220,1331,1753.556,4542.6733,216096.734375,3363744.5,419.75922,594.2479,544.9692,2043.6863,0.58054817,1837.5635,-0.037791338
4221,1274,1755.5197,5052.4136,221194.140625,3363724.75,492.7453,664.2088,672.4949,2041.8317,0.51211023,1848.0018,-0.03855335
4222,1222,1759.7578,1284.9222,183519.21875,3363682.5,228.74304,406.26596,365.1825,2031.1538,0.7061959,1770.8774,-0.05221811
4223,1434,1755.3438,2492.8325,195598.328125,3363726.5,603.7748,856.14087,823.4519,2367.5774,0.47508794,1795.5989,-0.12225802
4224,1517,1757.886,2592.027,196590.265625,3363701.25,633.2815,942.8827,971.22675,2573.6494,0.45436984,1797.6307,-0.16972376
4225,1216,1755.5165,2710.1208,197771.203125,3363724.75,674.6719,949.6801,1078.0889,2393.8823,0.3887655,1800.0469,-0.12992084
4226,1314,1756.5845,5301.499,223685.0,3363714.25,290.52322,498.14005,375.13736,2807.1333,0.7582469,1853.1029,-0.1836956
4227,1291,1757.5353,5343.992,224109.921875,3363704.75,305.22232,487.79666,395.6185,2161.3806,0.6925222,1853.9735,-0.057678126
4228,1071,1757.775,2423.9636,194909.640625,3363702.25,436.70496,713.9085,663.1195,2282.5676,0.5556297,1794.1904,-0.11355932
4229,1305,1757.2238,2534.5618,196015.625,3363707.75,682.38776,923.7778,995.70496,2069.9011,0.34775907,1796.4541,-0.058553446
4230,1159,1756.0596,4366.144,214331.4375,3363719.5,279.26962,420.73166,341.607,2061.7007,0.7235868,1833.9504,-0.05399526
4231,1267,1756.1752,4682.2383,217492.375,3363718.25,533.9893,701.9866,678.1109,2138.797,0.5234253,1840.4225,-0.05865013
4232,1670,1761.9078,4916.2515,219832.515625,3363661.0,638.41797,835.73865,900.40985,2124.672,0.4101501,1845.2172,-0.055481285
4233,1381,1758.8356,4162.5684,212295.6875,3363691.75,349.01013,515.4091,460.73425,1995.3132,0.6440717,1829.7838,-0.036414195
4234,1214,1759.6334,5548.803,226158.03125,3363683.75,290.7673,457.42917,505.8517,1856.2677,0.5775942,1858.1686,0.0055868905
4235,1198,1761.9332,2387.4534,194544.53125,3363660.75,532.404,817.44324,820.45325,2278.954,0.47233734,1793.4456,-0.11207008
4236,1266,1759.1793,2746.511,198135.109375,3363688.25,626.95496,874.2338,949.21326,2291.9343,0.41564983,1800.794,-0.103648
4237,1147,1754.7899,3226.8125,202938.125,3363732.0,248.9734,382.40103,258.75674,2081.0771,0.77748245,1810.6238,-0.0656468
4238,1235,1760.6049,3714.0664,207810.65625,3363674.0,338.11255,494.6992,425.64655,2040.8927,0.67371583,1820.6023,-0.05113751
4239,1313,1761.1577,1544.4319,186114.3125,3363668.5,244.13708,440.82635,356.1881,2194.8477,0.735456,1776.1896,-0.09491303
4240,1173,1758.1611,3424.9685,204919.6875,3363698.5,234.63554,367.22592,244.06863,1966.1875,0.7774958,1814.6824,-0.035248037
4241,1136,1757.9252,3192.1567,202591.5625,3363700.75,260.9582,397.8587,269.77994,2136.8481,0.7744563,1809.9161,-0.07927804
4242,1368,1765.386,3748.511,208155.109375,3363626.25,456.19482,657.545,668.58075,2182.2434,0.5573409,1821.3102,-0.08399171
4243,994,1760.9497,5210.835,222778.34375,3363670.5,520.0483,731.07495,732.06793,2291.351,0.5110035,1851.2487,-0.085932046
4244,1319,1763.3693,5381.288,224482.875,3363646.25,208.56596,365.27332,340.72934,2019.1392,0.7183863,1854.7402,-0.03559186
4245,1117,1759.4377,2155.9678,192229.671875,3363685.5,577.5694,896.7493,917.3268,2678.2192,0.4938449,1788.7057,-0.19149776
4246,1396,1762.9076,2854.046,199210.453125,3363651.0,522.5723,801.70776,831.1877,2382.6274,0.49427143,1802.9973,-0.13173474
4247,1182,1762.6735,4400.961,214679.609375,3363653.25,329.55203,459.7297,404.58545,1940.146,0.66984004,1834.6669,-0.02358621
4248,1197,1761.5806,4716.6807,217836.8125,3363664.25,525.84753,694.2456,693.8333,1984.741,0.49879318,1841.1306,-0.031215098
4249,1059,1764.2833,4806.6016,218736.015625,3363637.25,493.585,663.01276,634.25354,1977.6737,0.55128014,1842.9733,-0.022203602
4250,1484,1767.3208,1240.5936,183075.9375,3363606.75,188.51955,356.7109,306.07144,1915.6112,0.7277116,1769.9746,-0.026212495
4251,1289,1761.924,1865.5027,189325.03125,3363660.75,127.61909,306.31808,194.08069,2202.3003,0.8372766,1782.7617,-0.100971304
4252,1339,1767.1315,3258.041,203250.40625,3363608.75,250.39844,380.5758,257.73376,2072.0496,0.77750325,1811.27,-0.06344357
4253,1248,1764.7781,4264.702,213317.03125,3363632.25,413.80768,562.847,492.40305,2116.535,0.6225442,1831.8782,-0.056658532
4254,1483,1767.1335,2971.6763,200386.765625,3363608.75,449.73703,628.1753,614.208,2024.7815,0.57313204,1805.4077,-0.050623044
4255,1508,1770.0736,1346.0776,184130.78125,3363579.25,176.09085,345.80835,262.36273,2215.287,0.7876608,1772.1351,-0.10680515
4256,1253,1766.3289,3049.4365,201164.359375,3363616.75,284.86432,436.48285,319.96887,2088.6628,0.7323544,1806.9991,-0.068514444
4257,1298,1766.6718,3320.3574,203873.578125,3363613.25,256.4403,395.92065,270.16333,2037.2311,0.7632918,1812.5454,-0.053047765
4258,1118,1763.4347,4019.4446,210864.4375,3363645.75,290.16055,434.30234,355.6838,1937.0425,0.68979406,1826.856,-0.0253737
4259,1066,1764.0432,5119.2974,221862.96875,3363639.5,517.6543,733.758,782.1426,2274.691,0.4914049,1849.3759,-0.094925284
4260,1267,1765.6716,4610.2114,216772.109375,3363623.25,344.2869,519.4238,421.06076,2162.414,0.66216016,1838.9528,-0.061144516
4261,1276,1768.0,1391.7225,184587.21875,3363600.0,177.79468,335.7837,248.82759,2139.996,0.7907544,1773.0681,-0.09056207
4262,1083,1764.2521,3493.7,205607.0,3363637.5,264.7673,403.9123,275.9446,2083.3887,0.7646936,1816.0928,-0.06400662
4263,1326,1768.6848,3553.3928,206203.9375,3363593.25,360.85257,524.3469,427.06296,2239.141,0.6919,1817.3174,-0.09671553
4264,1308,1770.9113,3681.25,207482.5,3363571.0,355.59402,507.2672,428.56268,2041.7932,0.6642315,1819.9362,-0.049490765
4265,1247,1770.6976,2185.967,192529.671875,3363573.0,606.68805,895.8725,1013.35846,2308.259,0.41429836,1789.3263,-0.12246662
4266,1407,1771.2964,2895.5552,199625.546875,3363567.0,593.5167,872.73346,937.02344,2358.0754,0.43084916,1803.8518,-0.12480233
4267,1192,1765.3549,3588.8071,206558.0625,3363626.5,307.46014,460.1229,359.34186,2107.0264,0.71680456,1818.0405,-0.07027076
4268,1205,1768.8846,3987.2788,210542.78125,3363591.25,439.7303,635.9373,603.0485,2176.1702,0.58351403,1826.2004,-0.07896654
4269,1154,1769.5736,4770.631,218376.3125,3363584.25,277.4558,407.57928,297.96707,1921.9493,0.7277435,1842.2395,-0.010637296
4270,1333,1774.6272,1207.4081,182744.078125,3363533.75,198.6354,375.70593,331.47263,1922.8627,0.7118443,1769.2998,-0.016875373
4271,1223,1770.4628,2124.915,191919.15625,3363575.25,502.09485,806.04333,803.5143,2698.1726,0.54461217,1788.0764,-0.19824915
4272,1344,1776.6257,2560.2605,196272.609375,3363513.75,677.2701,956.7202,1026.2649,2274.3325,0.38084227,1796.9912,-0.10734758
4273,1254,1770.4546,3147.4338,202144.34375,3363575.5,262.5702,404.70413,271.88596,2141.0706,0.7725909,1809.0076,-0.080023944
4274,1212,1770.8713,4203.028,212700.28125,3363571.25,769.5045,982.0351,1047.1274,2050.9421,0.3304796,1830.6187,-0.043379005
4275,990,1768.5676,5240.725,223077.25,3363594.25,368.08484,582.7955,463.29898,2726.9666,0.70352066,1851.8646,-0.16613258
4276,1013,1771.7819,1966.7937,190337.9375,3363562.25,164.90918,376.63278,258.8904,2171.8599,0.7890536,1784.8407,-0.091649905
4277,1035,1771.2551,2031.4415,190984.421875,3363567.5,264.95267,508.53818,394.4628,2310.9478,0.71952635,1786.1637,-0.119697325
4278,1179,1774.6243,2339.13,194061.296875,3363533.75,742.7769,1059.8075,1114.1536,2222.7346,0.34389427,1792.4636,-0.09300579
4279,1459,1773.7197,3011.8835,200788.84375,3363542.75,406.20392,579.8619,547.1641,2045.5103,0.5787811,1806.2345,-0.05230803
4280,1223,1769.6606,3923.2297,209902.296875,3363583.5,597.8516,839.1386,909.88513,2310.111,0.44244912,1824.8895,-0.11539949
4281,1198,1771.884,4842.2686,219092.6875,3363561.25,592.17114,751.7684,762.9453,1855.2303,0.44493178,1843.7075,0.016579524
4282,1345,1770.3079,1722.5167,187895.171875,3363577.0,148.02454,317.34573,204.84685,2207.7346,0.829355,1779.84,-0.10336194
4283,1218,1770.7611,2453.5723,195205.71875,3363572.5,508.95648,770.5928,807.4614,2210.748,0.4686982,1794.804,-0.09670818
4284,1363,1773.8643,2784.5225,198515.21875,3363541.25,656.89874,936.5708,1085.7902,2263.8723,0.3581001,1801.5803,-0.10857504
4285,1115,1771.5345,3462.2788,205292.78125,3363564.75,247.49641,373.94888,253.09148,2054.0906,0.7791736,1815.4536,-0.056691285
4286,1360,1773.0581,4502.1455,215691.453125,3363549.5,628.2118,812.95734,829.06177,2017.379,0.42345455,1836.7441,-0.038176656
4287,1026,1773.037,3110.6375,201776.375,3363549.75,271.93176,422.27972,284.63257,2094.69,0.75664216,1808.2557,-0.064636074
4288,1535,1774.7577,3849.4587,209164.59375,3363532.5,477.32605,650.3544,652.2746,2015.4504,0.53201425,1823.382,-0.038679928
4289,1279,1772.1587,4645.4834,217124.84375,3363558.5,513.4261,693.1505,650.7627,2238.5676,0.5478539,1839.6785,-0.07834715
4290,1292,1774.753,5418.189,224851.890625,3363532.5,250.86842,430.71555,405.82855,2421.9067,0.7151333,1855.5017,-0.113728836
4291,1150,1775.0417,2219.3096,192863.09375,3363529.5,607.92523,908.7478,1059.5582,2423.401,0.40340263,1790.0112,-0.14605664
4292,1493,1781.6711,4987.6157,220546.15625,3363463.25,447.51172,633.8932,694.5844,1879.4143,0.47480932,1846.6888,0.00014438022
4293,1147,1774.3662,5083.3853,221503.84375,3363536.25,565.432,760.68787,809.7389,2152.5876,0.45979226,1848.6459,-0.06972299
4294,1030,1776.0486,2001.1233,190681.234375,3363519.5,165.40388,383.77377,252.62135,2291.702,0.800756,1785.5459,-0.11752717
4295,1191,1775.3022,4301.0874,213680.875,3363527.0,316.82703,454.12427,386.43115,2079.1323,0.69527763,1832.6288,-0.058489446
4296,1325,1776.3706,4575.968,216429.6875,3363516.25,413.48074,618.4706,567.10223,2401.1667,0.6226628,1838.2573,-0.11729573
4297,1367,1777.5955,1505.8588,185728.59375,3363504.0,170.77322,340.6664,239.00586,2068.6226,0.79209447,1775.4099,-0.06981227
4298,1148,1780.0278,4079.4565,211464.5625,3363479.75,310.9913,471.78833,417.1385,1918.8741,0.6556809,1828.0936,-0.017049612
4299,1133,1773.9991,4433.4863,215004.859375,3363540.0,395.80493,545.4082,498.842,1966.1028,0.60272735,1835.3389,-0.025229275
4300,1283,1778.7451,4123.7544,211907.546875,3363492.5,319.6446,485.64575,427.14264,2023.5234,0.6597556,1828.9999,-0.04345343
4301,1129,1777.2976,5457.132,225241.3125,3363507.0,263.9513,445.8884,402.8348,2325.3928,0.70463294,1856.3005,-0.0971303
4302,1513,1780.4541,3804.096,208710.96875,3363475.5,392.08,582.10675,521.6616,2180.827,0.6256256,1822.4564,-0.078961216
4303,1421,1784.0626,1314.52,183815.203125,3363439.25,192.57635,364.77057,290.45178,2172.0718,0.76317066,1771.4976,-0.09073329
4304,1345,1778.5948,1761.745,188287.453125,3363494.0,152.40892,332.6394,218.43495,2243.51,0.82013315,1780.6477,-0.10826052
4305,1277,1782.6014,1929.935,189969.34375,3363454.0,157.25685,354.1245,236.08536,2146.8433,0.801454,1784.0927,-0.08904373
4306,1135,1780.0767,2253.5356,193205.359375,3363479.25,498.87225,760.20703,835.0414,2236.8582,0.47875178,1790.7147,-0.10253827
4307,1249,1777.9752,3355.2922,204222.921875,3363500.25,248.40993,377.03323,255.80745,2048.8074,0.7769296,1813.267,-0.057976324
4308,1278,1782.626,3647.389,207143.890625,3363453.75,308.34702,451.8885,345.5724,2075.9514,0.7129357,1819.2494,-0.05676859
4309,1164,1779.6272,4338.3755,214053.75,3363483.75,431.92355,617.4562,592.5554,2134.4243,0.5641779,1833.3945,-0.06391884
4310,1120,1780.1777,1895.5625,189625.625,3363478.25,145.3125,330.58124,226.50804,2124.1804,0.8069997,1783.3877,-0.08464096
4311,1091,1780.0366,2288.6223,193556.21875,3363479.75,605.28595,904.41064,1016.30524,2422.0742,0.4149699,1791.4329,-0.14600827
4312,1284,1779.9385,5514.609,225816.09375,3363480.5,325.38745,496.81308,550.41785,1936.2617,0.5601975,1857.4788,-0.012997528
4313,1255,1781.3865,1575.1681,186421.6875,3363466.25,194.89163,375.3944,270.48843,2167.423,0.7804149,1776.8307,-0.09169888
4314,1410,1781.3632,1613.3127,186803.125,3363466.25,144.36667,330.53122,213.71773,2114.127,0.81464636,1777.6113,-0.07768441
4315,1227,1781.3912,1803.4915,188704.90625,3363466.0,129.8916,308.74817,191.348,2292.3594,0.8456495,1781.5039,-0.123410925
4316,1138,1784.3857,4741.334,218083.34375,3363436.25,296.2614,432.8515,362.93234,1947.2307,0.6943207,1841.6475,-0.022700116
4317,1293,1784.0216,1459.611,185266.109375,3363439.75,143.86853,296.4741,198.78345,2057.0728,0.8230742,1774.4672,-0.07067112
4318,1410,1784.3447,2820.995,198879.953125,3363436.5,536.5071,806.89856,891.5468,2246.3171,0.4574754,1802.3329,-0.10213871
4319,1146,1785.5105,5323.3096,223903.09375,3363425.0,185.22688,325.558,290.7116,2011.7382,0.7526578,1853.5645,-0.034622464
4320,1092,1779.903,2092.498,191594.984375,3363481.0,404.0174,637.0055,653.87085,2200.522,0.5623568,1787.4185,-0.0931183
4321,1149,1781.4735,5151.7686,222187.6875,3363465.25,316.6284,501.28937,503.99304,2158.3843,0.6260574,1850.0498,-0.06941561
4322,1120,1785.5553,3181.4634,202484.625,3363424.5,255.02142,393.2549,262.12143,2142.0479,0.7810422,1809.7126,-0.081596196
4323,1325,1788.2694,1839.2974,189062.96875,3363397.25,124.642265,305.32376,188.71698,2296.3367,0.84777814,1782.2407,-0.12352907
4324,1502,1785.4547,2668.2085,197352.09375,3363425.5,924.02795,1092.0846,1194.8861,1826.3562,0.2250266,1799.2059,0.0058749667
4325,1279,1783.8062,2931.3604,199983.609375,3363442.0,634.2651,867.81116,961.6212,2150.2764,0.3884145,1804.5918,-0.08120298
4326,1222,1784.919,3394.5164,204615.15625,3363430.75,239.97627,368.63953,249.02538,1972.8036,0.77457833,1814.0739,-0.037824742
4327,1364,1787.7947,5036.864,221038.640625,3363402.0,732.60815,908.58466,994.544,2002.1107,0.34439158,1847.7004,-0.025815532
4328,1065,1785.3652,5191.751,222587.5,3363426.25,466.354,659.73944,682.44086,2065.861,0.49305022,1850.8706,-0.032739777
4329,1594,1790.1844,1687.7322,187547.328125,3363378.25,140.41531,314.09222,202.42471,2230.3657,0.83317417,1779.1396,-0.11048565
4330,1237,1788.0743,3516.895,205838.953125,3363399.25,389.62207,553.3699,514.6645,2070.9858,0.61874866,1816.5808,-0.05814532
4331,1239,1787.2277,3893.1025,209601.03125,3363407.75,446.7405,640.1856,626.3475,2061.9504,0.5415396,1824.2823,-0.056497212
4332,1395,1787.5878,4882.2773,219492.78125,3363404.0,730.3495,895.0498,987.5735,1863.6792,0.3110542,1844.535,0.0056338385
4333,1112,1787.6718,2060.6853,191276.859375,3363403.25,278.2239,523.6421,429.64658,2254.598,0.6977602,1786.7717,-0.1076017
4334,1171,1788.9453,2480.8035,195478.03125,3363390.5,467.00256,719.0538,695.889,2240.2708,0.52914643,1795.3718,-0.10215593
4335,1367,1789.0425,3289.5625,203565.625,3363389.5,264.3427,405.58813,287.92502,2056.5237,0.75332904,1811.9275,-0.058238775
4336,1053,1784.1349,4465.602,215326.015625,3363438.75,484.736,659.699,640.3775,1949.3115,0.5132007,1836.0018,-0.0212417
4337,1234,1790.0721,3078.347,201453.46875,3363379.25,269.4907,412.86993,281.40033,2058.077,0.7562394,1807.6042,-0.05802991
4338,1222,1788.2349,3956.2356,210232.359375,3363397.75,443.84003,640.4378,670.4411,2080.0967,0.5357708,1825.5754,-0.057798058
4339,1050,1787.1362,4047.5325,211145.328125,3363408.75,345.07953,509.89523,468.22382,1956.748,0.6334264,1827.444,-0.023887092
4340,1245,1787.873,4537.315,216043.15625,3363401.25,466.31567,651.08234,597.63934,2376.922,0.58374655,1837.472,-0.10354963
4341,1317,1791.1473,1272.2217,183392.21875,3363368.5,234.20805,421.28625,368.9347,2083.4314,0.6982316,1770.6361,-0.06258756
4342,1174,1789.5154,2411.4175,194784.171875,3363384.75,560.546,854.6985,839.34155,2325.178,0.47114554,1793.9519,-0.1213348
4343,1479,1793.6437,2519.0378,195860.375,3363343.5,555.70184,862.5429,885.881,2527.2427,0.4902615,1796.1571,-0.1658483
4344,1333,1791.27,4236.0967,213030.96875,3363367.25,500.43173,671.5806,655.06714,2032.458,0.5152949,1831.3068,-0.035347223
4345,1332,1793.1066,1419.6066,184866.0625,3363349.0,165.14114,318.24173,231.26276,2037.9287,0.7949181,1773.6537,-0.06532212
4346,1451,1791.1792,2626.4424,196934.421875,3363368.25,1083.1578,1282.355,1418.6265,1962.0531,0.17229348,1798.3542,-0.033660334
4347,1372,1790.8586,3222.1267,202891.265625,3363371.5,237.49745,366.66946,242.74818,2030.383,0.7848964,1810.548,-0.05310556
4348,1123,1789.9198,3434.2983,205012.984375,3363380.75,242.68611,374.3967,248.63757,2001.3076,0.77674735,1814.891,-0.042533796
4349,1534,1797.1552,3767.204,208342.03125,3363308.5,313.11377,461.60788,372.10855,2082.3943,0.7036151,1821.7102,-0.063305624
4350,1135,1790.1886,4376.2627,214432.625,3363378.0,471.9216,641.585,618.7564,2018.9463,0.5319954,1834.1759,-0.03680532
4351,1545,1793.7521,4950.191,220171.90625,3363342.5,663.999,907.86957,1109.8757,2036.4236,0.31273326,1845.9288,-0.043330215
4352,1315,1787.7231,2710.794,197777.9375,3363402.75,849.5696,1047.9833,1101.6228,2077.6106,0.3201047,1800.079,-0.050357502
4353,1262,1793.7188,3612.9976,206799.96875,3363342.75,269.9061,403.97583,285.27615,2097.8682,0.75760967,1818.5514,-0.064387925
4354,1149,1793.5265,5260.86,223278.59375,3363344.75,376.2041,609.3377,469.44516,2920.0828,0.72165555,1852.2899,-0.19432752
4355,1262,1795.431,2372.348,194393.484375,3363325.75,892.0721,1217.4128,1321.6038,2067.8179,0.23234694,1793.1555,-0.058860447
4356,1194,1791.8224,4677.557,217445.5625,3363361.75,441.8773,592.6185,549.73285,2067.4749,0.578641,1840.3456,-0.04474083
4357,1170,1795.1128,5291.0874,223580.875,3363328.75,202.68846,362.36795,264.5047,2220.558,0.7917156,1852.9097,-0.06835666
4358,1134,1795.418,4152.592,212195.921875,3363325.75,476.45016,673.6138,667.4471,1955.2861,0.51256317,1829.5994,-0.027078846
4359,1112,1795.696,4183.8613,212508.609375,3363323.0,562.1835,780.9379,747.91504,2271.7725,0.50391513,1830.2397,-0.095014386
4360,1426,1797.406,2869.0413,199360.40625,3363306.0,534.1879,816.84644,866.7174,2312.918,0.45918673,1803.3239,-0.11635362
4361,1306,1796.9625,5356.1904,224231.90625,3363310.5,168.83997,308.45865,246.71593,2076.266,0.78700554,1854.2438,-0.05086349
4362,1303,1798.6362,5486.6855,225536.859375,3363293.75,356.65042,539.4317,582.23334,2016.9382,0.5593724,1856.9166,-0.034176525
4363,1304,1794.1273,2750.0652,198170.65625,3363338.75,572.04834,802.5046,877.3965,2052.611,0.40264446,1800.8865,-0.05289087
4364,1197,1798.8964,4709.1255,217761.25,3363291.0,528.9219,689.59106,716.9724,1970.3225,0.48078242,1840.9957,-0.02626358
4365,1371,1799.5332,1377.1371,184441.375,3363284.75,192.70679,364.40045,290.28445,2141.5886,0.7610433,1772.7883,-0.089369655
4366,1369,1796.6027,1650.0037,187170.03125,3363314.0,138.95691,309.78085,207.43317,2077.9846,0.8169546,1778.3713,-0.07077687
4367,1469,1797.4554,3719.936,207869.359375,3363305.5,285.79272,424.90335,317.72873,2047.1906,0.7335151,1820.7427,-0.054473367
4368,1141,1796.1805,5112.5425,221795.421875,3363318.25,427.66434,624.0837,651.31024,2121.0776,0.53747076,1849.2544,-0.06369455
4369,1430,1799.777,1537.4111,186044.109375,3363282.25,149.86993,307.57483,207.85944,1990.3314,0.80960643,1776.0687,-0.050463382
4370,1323,1797.4414,2155.6077,192226.078125,3363305.5,651.3991,974.1338,1082.0687,2470.8867,0.41011816,1788.7203,-0.1540663
4371,1398,1800.4507,2589.794,196567.9375,3363275.5,892.60944,1142.6316,1333.0336,1883.1288,0.17956904,1797.6094,-0.015027905
4372,1247,1799.8966,3576.0137,206430.140625,3363281.0,258.0417,396.29712,267.30273,2103.6118,0.7737472,1817.7977,-0.07074429
4373,1167,1798.5468,5392.6025,224596.03125,3363294.5,161.67696,298.41302,227.6898,2115.8928,0.80521375,1854.9901,-0.058971137
4374,1187,1795.5602,4805.23,218722.296875,3363324.5,542.96295,687.1832,696.71356,1793.6542,0.45612916,1842.9617,0.02526666
4375,1138,1799.8489,5226.9043,222939.046875,3363281.5,338.17004,543.28076,440.43277,2628.4116,0.7060354,1851.5979,-0.14227699
4376,1164,1805.3702,2308.8008,193758.0,3363226.25,704.6735,1031.6924,1258.4923,2414.2517,0.32925016,1791.8606,-0.14444523
4377,1278,1802.7621,2959.9404,200269.40625,3363252.5,435.47028,629.4292,619.32043,2103.3025,0.5708389,1805.1875,-0.065954946
4378,1260,1801.1722,4273.1216,213401.21875,3363268.25,443.89008,612.994,584.9849,2030.702,0.55998015,1832.0701,-0.03928695
4379,1105,1801.066,4408.772,214757.71875,3363269.25,366.75113,518.2728,453.63666,2040.004,0.6316512,1834.8473,-0.041271586
4380,1224,1802.1602,3480.0278,205470.28125,3363258.5,255.40196,382.1495,262.69077,2084.8545,0.7752341,1815.834,-0.06579548
4381,1132,1799.872,4018.506,210855.0625,3363281.25,279.55035,421.375,342.95538,1934.659,0.69779915,1826.8566,-0.021182453
4382,1206,1804.2421,5069.334,221363.34375,3363237.5,729.36774,894.09204,923.08746,2104.9453,0.3880015,1848.3739,-0.047964856
4383,1388,1803.1592,3043.3047,201103.046875,3363248.5,272.1268,416.49496,296.63437,2047.0486,0.7427952,1806.8943,-0.053093996
4384,1116,1801.4158,3120.3906,201873.90625,3363265.75,262.3813,404.0802,271.5981,2115.3933,0.7714115,1808.4713,-0.075693786
4385,1155,1805.013,1872.9983,189399.984375,3363229.75,130.57317,312.8303,206.76277,2209.9412,0.82838076,1782.9403,-0.10317317
4386,1304,1808.082,1487.6718,185546.71875,3363199.25,164.0069,331.28912,234.0115,2038.3589,0.794741,1775.0557,-0.06273776
4387,1362,1805.3804,1730.3304,187973.3125,3363226.25,131.53304,300.61307,193.58444,2164.2534,0.83480537,1780.0205,-0.092569806
4388,1333,1802.7599,4610.66,216776.59375,3363252.5,576.56525,759.5919,781.1009,2004.5964,0.44087413,1838.9818,-0.030749168
4389,1489,1807.8354,4915.779,219827.78125,3363201.75,493.53726,677.231,669.86365,2222.0647,0.5438067,1845.2317,-0.08116639
4390,1045,1801.3464,1964.5426,190315.421875,3363266.5,162.27081,375.59714,256.20096,2198.1465,0.79110503,1784.8119,-0.09966124
4391,1210,1805.6925,2200.7297,192677.296875,3363223.0,579.58844,872.23474,966.36694,2389.8984,0.4334517,1789.6487,-0.1377216
4392,1310,1807.158,2441.8572,195088.578125,3363208.5,452.50153,740.3443,655.5496,2435.8022,0.57989025,1794.5851,-0.14289622
4393,1510,1809.4563,2996.2463,200632.46875,3363185.5,359.92584,528.36426,448.7692,2113.303,0.6580513,1805.9346,-0.07026338
4394,1460,1807.3287,3324.6316,203916.3125,3363206.75,249.85857,382.92877,254.28493,1996.485,0.7722192,1812.6556,-0.044181474
4395,1203,1808.153,4098.1606,211651.609375,3363198.5,322.5557,483.04114,437.62885,1914.2897,0.64596766,1828.4918,-0.01899699
4396,1222,1803.7775,4846.4746,219134.75,3363242.25,594.6207,742.46277,796.75287,1845.1514,0.40925443,1843.8105,0.006159822
4397,1101,1805.306,5442.321,225093.203125,3363227.0,212.73297,365.40463,315.97003,2137.521,0.7441559,1856.0117,-0.06714722
4398,1616,1810.5123,1224.6046,182916.046875,3363175.0,285.24133,474.93378,463.0526,1974.1405,0.62591326,1769.6731,-0.02181885
4399,1189,1807.9883,3155.557,202225.5625,3363200.0,275.0652,416.51892,293.8507,2088.9856,0.7545529,1809.1948,-0.068400756
4400,1346,1808.7429,3256.2146,203232.140625,3363192.5,247.45802,377.38968,253.76375,2032.1267,0.7764713,1811.2559,-0.053222016
4401,1263,1810.483,3540.765,206077.65625,3363175.25,303.7027,453.24228,356.20706,2071.4307,0.7199329,1817.0819,-0.06303005
4402,1204,1810.1736,3872.2434,209392.4375,3363178.25,368.1088,541.48004,516.6536,1991.2915,0.5931317,1823.8678,-0.035217088
4403,1163,1806.4944,3986.571,210535.71875,3363215.0,456.57437,648.4647,603.5585,2183.6272,0.58858585,1826.2064,-0.07841576
4404,1163,1807.3096,4313.8022,213808.03125,3363207.0,360.36072,519.2713,433.62338,2227.764,0.67064786,1832.9064,-0.08510317
4405,1152,1805.757,4771.299,218382.984375,3363222.5,658.6276,799.97266,836.0399,1734.1771,0.3640743,1842.2723,0.04887592
4406,1388,1813.4156,5014.1587,220811.59375,3363145.75,609.5897,784.6718,808.8483,2059.4607,0.45528418,1847.2489,-0.044092607
4407,1152,1808.428,2034.1849,191011.84375,3363195.75,174.03038,402.6441,270.21527,2196.159,0.78120434,1786.2415,-0.09358763
4408,1323,1807.8927,3676.5178,207435.1875,3363201.0,318.89645,461.35184,354.21808,2141.8254,0.7216689,1819.8596,-0.07468956
4409,1367,1811.8822,3836.3086,209033.09375,3363161.25,398.04938,559.4247,493.63718,2051.379,0.6252155,1823.133,-0.048500303
4410,1233,1808.1954,3926.082,209930.8125,3363198.0,524.1776,754.46716,819.77734,2112.2688,0.49175048,1824.969,-0.06250436
4411,972,1808.4825,5170.119,222371.1875,3363195.25,455.92798,652.50977,693.1008,1974.7654,0.48697707,1850.4397,-0.02281522
4412,1276,1809.9271,2121.348,191883.484375,3363180.75,320.55093,565.5321,513.0133,2324.4482,0.66197,1788.0264,-0.12100339
4413,1251,1810.1982,3365.9497,204329.5,3363178.0,245.60272,370.55356,249.92206,2010.6747,0.7778251,1813.503,-0.04823413
4414,982,1805.4583,1999.4695,190664.6875,3363225.5,143.07841,349.20468,227.1945,2161.84,0.8089439,1785.5292,-0.09089067
4415,1225,1812.4286,2235.9233,193029.234375,3363155.75,590.94775,869.4441,993.60406,2272.6963,0.41196764,1790.3729,-0.11285932
4416,1051,1807.2332,2340.4463,194074.46875,3363207.75,636.666,935.09705,1017.21216,2447.506,0.4151491,1792.5094,-0.1494696
4417,1060,1811.5048,4477.9243,215449.25,3363165.0,500.46982,701.7203,649.4613,2277.0283,0.5622232,1836.2688,-0.09482045
4418,1206,1809.1766,4645.36,217123.59375,3363188.25,445.80722,628.34906,560.2923,2190.741,0.59174675,1839.6957,-0.074851714
4419,1304,1812.8367,1771.1519,188381.515625,3363151.75,136.10199,312.02606,203.31136,2259.4363,0.8347954,1780.8604,-0.11643928
4420,1130,1811.9036,2272.6797,193396.796875,3363161.0,498.91415,794.53186,860.0248,2315.3408,0.4599934,1791.125,-0.12192691
4421,1599,1815.8298,2912.1082,199791.078125,3363121.75,571.12225,808.81396,844.167,2144.1367,0.45535958,1804.2158,-0.07342907
4422,1112,1812.277,4351.4326,214184.328125,3363157.25,596.34265,775.183,815.05756,2043.4987,0.43703774,1833.6794,-0.040115297
4423,1103,1810.7942,4439.2056,215062.0625,3363172.0,424.90073,596.2135,557.5258,2197.0957,0.5959539,1835.4757,-0.078205995
4424,1178,1812.281,4509.284,215762.84375,3363157.25,475.78864,643.85736,596.4932,2146.765,0.5534528,1836.9113,-0.057010904
4425,1193,1811.0453,4571.385,216383.84375,3363169.5,525.018,712.4321,734.81934,1955.0239,0.453754,1838.182,-0.02068656
4426,1541,1817.7184,1341.9092,184089.09375,3363102.75,228.78131,409.08112,322.695,2236.2246,0.74548197,1772.0781,-0.10706851
4427,1405,1816.042,2551.7517,196187.515625,3363119.5,888.52386,1181.8491,1362.1694,2169.6213,0.23808755,1796.8396,-0.086762615
4428,1548,1813.3973,2785.5337,198525.34375,3363146.0,530.09625,826.1473,869.6208,2368.159,0.46785793,1801.6234,-0.13037324
4429,1269,1817.1584,4209.9873,212769.875,3363108.5,435.52954,576.1147,527.9169,1904.6737,0.56039274,1830.7861,-0.0052525103
4430,1168,1815.4366,1906.2852,189732.84375,3363125.75,134.13612,314.3279,211.16695,2193.0,0.8240568,1783.6277,-0.1009359
4431,1080,1812.8112,2086.6287,191536.28125,3363152.0,189.82315,395.6611,291.44537,2147.2334,0.76139873,1787.3174,-0.08229883
4432,1471,1817.5527,2833.715,199007.15625,3363104.5,528.7845,837.3698,886.8178,2407.4949,0.4682009,1802.612,-0.13683903
4433,1185,1815.4354,3410.2896,204772.890625,3363125.75,240.1519,370.48227,245.64937,1948.7393,0.7744378,1814.4137,-0.030886231
4434,1097,1816.7594,5137.506,222045.0625,3363112.5,413.88788,620.1873,691.51685,2173.68,0.5278413,1849.7762,-0.07138104
4435,1300,1814.1631,1581.2623,186482.625,3363138.25,150.90923,312.1623,208.78154,1999.8846,0.81005305,1776.9747,-0.055027187
4436,1181,1813.641,1808.1431,188751.4375,3363143.5,126.323456,306.62234,192.5724,2295.669,0.845045,1781.6179,-0.12432147
4437,1293,1817.8956,2699.0078,197660.078125,3363101.0,891.5228,1066.1229,1146.1036,1792.2599,0.2311767,1799.8549,0.014742403
4438,1285,1818.3354,3194.2163,202612.15625,3363096.75,245.907,381.24164,249.5541,2066.5562,0.7829799,1809.9921,-0.06197957
4439,1175,1819.7549,3451.0503,205180.5,3363082.5,249.84723,373.16296,254.81404,2101.8237,0.7820503,1815.2505,-0.06859935
4440,1253,1818.0343,4061.9314,211289.3125,3363099.75,355.06784,525.9912,510.52475,1934.0826,0.59700435,1827.7555,-0.015750255
4441,1279,1821.6161,1261.1282,183281.28125,3363063.75,247.96716,430.5481,383.79593,1998.645,0.68255633,1770.4272,-0.033936694
4442,1433,1821.157,1302.1493,183691.5,3363068.5,217.39847,384.27216,317.85834,2013.9268,0.72617924,1771.2665,-0.048669703
4443,1298,1819.9661,1448.8867,185158.875,3363080.25,142.81972,296.11093,199.60016,2044.6996,0.8211289,1774.2689,-0.06712918
4444,1382,1820.3604,1618.2634,186852.640625,3363076.5,134.31259,294.35602,197.63458,1962.7272,0.81501216,1777.7356,-0.042997442
4445,1294,1818.8501,3801.8013,208688.015625,3363091.5,397.3408,556.0572,507.85626,1968.5557,0.60088944,1822.4304,-0.025352301
4446,1250,1821.9952,4129.7847,211967.84375,3363060.0,529.75,732.0424,771.4424,1966.8188,0.45677328,1829.1469,-0.02894313
4447,1141,1823.8212,5418.0483,224850.484375,3363041.75,220.3361,401.1569,305.44128,2416.9438,0.775695,1855.5243,-0.12013537
4448,1143,1821.6763,1939.0709,190060.703125,3363063.25,169.24672,380.66754,266.52844,2173.705,0.7803104,1784.3024,-0.09296226
4449,1405,1822.163,2658.5024,197255.03125,3363058.25,1073.1481,1276.3082,1365.6754,2000.7908,0.22690693,1799.0282,-0.033585887
4450,1319,1822.3563,3640.013,207070.125,3363056.5,273.59894,411.14328,280.03336,2227.8877,0.7760984,1819.1202,-0.09759526
4451,1064,1820.3844,5201.126,222681.25,3363076.25,402.24905,592.7119,567.9521,2130.8628,0.5752014,1851.0808,-0.053926796
4452,1202,1821.6947,2400.0864,194670.859375,3363063.0,885.198,1220.9484,1328.4692,2134.347,0.23698123,1793.7384,-0.075881794
4453,1223,1822.0793,3089.821,201568.21875,3363059.25,285.9591,425.63165,301.9346,2077.7146,0.7485985,1807.857,-0.06628828
4454,1538,1825.8817,4978.841,220458.40625,3363021.25,647.9607,828.4925,892.04614,1962.2031,0.3833632,1846.5323,-0.02167419
4455,1279,1822.2595,5315.407,223824.0625,3363057.5,199.19702,353.11417,273.46326,2217.8672,0.78165543,1853.4218,-0.07893851
4456,1203,1826.4929,2176.0847,192430.84375,3363015.0,457.84787,753.5578,732.31335,2606.4197,0.56514925,1789.1562,-0.1770447
4457,1217,1820.0049,2485.7273,195527.28125,3363080.0,652.76666,947.44946,977.0756,2312.2292,0.4008882,1795.4904,-0.11572934
4458,1214,1822.9563,4740.988,218079.875,3363050.5,668.77057,828.1133,884.07416,1815.6895,0.3532943,1841.6609,0.01664927
4459,1455,1826.9718,2738.7793,198057.796875,3363010.25,735.19586,968.0247,1078.7107,1949.5333,0.28900418,1800.6741,-0.0325075
4460,1412,1828.5518,3742.7246,208097.25,3362994.5,269.2957,405.29285,282.91678,2155.8342,0.7671775,1821.2263,-0.08178659
4461,1064,1823.844,4542.1797,216091.796875,3363041.5,470.742,626.0094,606.1574,1969.562,0.5236571,1837.591,-0.018082853
4462,1177,1826.5939,5094.3594,221613.59375,3363014.0,330.30203,491.84366,423.8318,2162.236,0.67747825,1848.898,-0.06982757
4463,1067,1826.9034,5466.6963,225336.96875,3363011.0,336.21555,518.0703,532.0698,2106.0974,0.60191315,1856.522,-0.057651106
4464,1136,1826.235,1849.6971,189166.96875,3363017.75,127.071304,305.9604,199.56866,2239.4163,0.83602536,1782.4758,-0.11116629
4465,1320,1827.5447,3502.2932,205692.9375,3363004.5,274.3538,411.3769,293.15112,2098.7412,0.75627935,1816.3038,-0.07029152
4466,1099,1826.0709,4816.5376,218835.375,3363019.25,660.0173,807.4996,885.7525,1815.3885,0.35511988,1843.2094,0.015911525
4467,1465,1830.3925,1703.1864,187701.859375,3362976.0,126.61092,298.9925,193.0942,2202.5085,0.8384874,1779.4796,-0.10432012
4468,1284,1828.6378,1411.7656,184787.65625,3362993.5,161.39174,320.99377,237.77492,2084.2703,0.79409343,1773.5143,-0.07624129
4469,1111,1827.6238,4388.8477,214558.46875,3363003.75,442.06662,629.45905,624.338,2192.0288,0.5689044,1834.4537,-0.07572446
4470,1338,1827.0837,4882.266,219492.65625,3363009.25,570.1465,756.3782,771.6472,2142.8887,0.47398612,1844.5557,-0.061726186
4471,1358,1833.6746,1511.0155,185780.15625,3362943.25,135.77982,298.04123,198.77467,1975.3011,0.8156345,1775.5486,-0.046771288
4472,1535,1832.2528,1663.0717,187300.71875,3362957.5,128.48404,305.34592,194.48404,2224.4475,0.8384528,1778.6597,-0.10945918
4473,1371,1829.7725,3285.7957,203527.953125,3362982.25,277.64078,415.2345,300.87784,1976.9653,0.73548704,1811.8732,-0.036053624
4474,1215,1830.6609,3701.21,207682.09375,3362973.5,252.27202,388.74692,260.38766,2116.6074,0.77974695,1820.3776,-0.07231342
4475,1317,1829.8116,3955.533,210225.328125,3362982.0,504.56567,696.2149,689.2194,2120.7307,0.5204778,1825.5836,-0.065515906
4476,1393,1830.608,4247.9893,213149.890625,3362974.0,487.36252,651.8141,628.9178,2093.4976,0.54169077,1831.5714,-0.050422084
4477,1241,1828.714,5271.4126,223384.125,3362992.75,232.77196,402.52902,317.79413,2272.806,0.757509,1852.5243,-0.09205286
4478,1184,1831.8944,2061.337,191283.375,3362961.0,257.42905,497.11993,406.91046,2252.989,0.7151246,1786.8108,-0.10455873
4479,1372,1830.6465,2622.465,196894.65625,3362973.5,781.27625,939.59766,991.2981,1733.0707,0.2826232,1798.2953,0.031660803
4480,1306,1831.1593,3603.8706,206708.703125,3362968.5,264.5107,401.38745,277.86676,2137.0762,0.7676548,1818.3853,-0.0747513
4481,1330,1833.7872,3904.9324,209719.328125,3362942.25,291.29926,441.56128,374.06503,1942.541,0.677444,1824.5499,-0.022611316
4482,1240,1832.9951,3027.6912,200946.90625,3362950.0,278.9617,420.61975,285.81613,2105.3872,0.7574545,1806.5914,-0.06859972
4483,1352,1832.4763,3228.966,202959.65625,3362955.25,252.60762,390.39792,257.12537,2112.1543,0.78118956,1810.7113,-0.07313449
4484,1413,1831.9532,4168.701,212357.015625,3362960.5,470.4356,670.9919,626.6801,2304.075,0.577376,1829.949,-0.10153469
4485,1279,1830.4152,4674.302,217413.015625,3362975.75,463.33386,617.855,567.09814,2174.8167,0.58936924,1840.2994,-0.07158222
4486,1138,1831.1204,5381.5967,224485.96875,3362968.75,207.88664,361.95166,290.22275,2306.1208,0.7769268,1854.7816,-0.09653931
4487,1224,1833.2998,4289.159,213561.59375,3362947.0,363.64542,528.7427,457.33047,2350.105,0.6686042,1832.4158,-0.10742883
4488,1478,1835.726,5049.312,221163.125,3362922.75,531.8112,691.4662,665.3197,2173.35,0.53914404,1847.9805,-0.066850476
4489,1143,1832.3806,5347.6606,224146.609375,3362956.25,239.9125,391.74716,415.39062,1871.7537,0.6474696,1854.0874,-0.00025679253
4490,1237,1833.9797,1548.5804,186155.8125,3362940.25,135.97495,297.83347,200.86499,1905.9176,0.8080134,1776.3175,-0.028848784
4491,1015,1832.135,1978.7369,190457.375,3362958.75,143.1005,342.88867,226.70444,2174.1606,0.8110685,1785.1204,-0.09618859
4492,1441,1833.2699,2875.9314,199429.3125,3362947.25,615.68427,867.0076,938.2922,2166.3367,0.40633097,1803.4851,-0.08199669
4493,1222,1833.3281,4025.0369,210920.375,3362946.75,404.06998,592.0487,612.58185,1940.8535,0.5459731,1827.0085,-0.019305572
4494,1271,1835.2793,5237.481,223044.8125,3362927.25,345.965,526.07,484.37845,2143.5122,0.63113326,1851.833,-0.053802606
4495,1217,1835.802,2366.9795,194339.796875,3362922.0,687.7165,987.3788,1136.9031,2350.6055,0.358664,1793.0688,-0.13027023
4496,1190,1836.1034,4595.705,216627.046875,3362919.0,491.8975,646.30756,625.68866,1973.1399,0.5156457,1838.6934,-0.019859547
4497,975,1834.6451,2011.9692,190789.6875,3362933.5,150.09846,361.1395,232.79077,2225.7324,0.81025326,1785.802,-0.104970746
4498,1402,1837.1741,2518.3723,195853.71875,3362908.25,980.86664,1273.4579,1444.194,2197.3489,0.21782972,1796.1685,-0.096489385
4499,1494,1836.093,2953.9546,200209.546875,3362919.0,472.74664,662.22186,685.579,2020.2406,0.52095485,1805.0839,-0.04796941
4500,1157,1834.1677,3127.1443,201941.4375,3362938.25,554.87854,774.3851,791.5657,2147.8147,0.47994334,1808.6279,-0.079717435
4501,1224,1836.143,3569.2532,206362.53125,3362918.5,269.4947,404.54126,275.14462,2156.0266,0.77235705,1817.6793,-0.08163511
4502,1177,1837.153,4785.3984,218523.984375,3362908.5,633.7689,782.7944,804.20605,1863.2336,0.40797266,1842.5776,0.012099639
4503,1569,1839.6749,4941.4697,220084.6875,3362883.25,758.04877,949.0911,1077.8528,1855.5392,0.2738894,1845.7744,0.0068158223
4504,1090,1837.4019,2453.2944,195202.9375,3362906.0,715.05963,1019.47156,1071.6404,2250.033,0.3661015,1794.8365,-0.10722789
4505,1147,1834.3837,4708.999,217760.0,3362936.25,698.1081,862.837,933.4333,1922.4473,0.35650438,1841.012,-0.005249732
4506,1226,1835.319,1377.4209,184444.203125,3362926.75,197.5571,367.57913,285.43964,2189.5376,0.7678368,1772.8154,-0.09911651
4507,1327,1842.994,3063.5237,201305.234375,3362850.0,339.16428,499.1074,416.43405,2073.9114,0.68237585,1807.3306,-0.06482453
4508,1192,1840.1376,3386.9146,204539.140625,3362878.5,237.8125,361.07047,243.38632,1962.6854,0.7781505,1813.9489,-0.035744675
4509,1024,1838.0225,4455.626,215226.25,3362899.75,521.54834,711.6831,675.542,2218.5703,0.53177726,1835.8264,-0.072632715
4510,1333,1840.8245,1746.0496,188130.5,3362871.75,125.06752,294.29633,191.18004,2224.8972,0.8411845,1780.363,-0.107457474
4511,1373,1841.6249,2142.372,192093.71875,3362863.75,216.35907,446.49234,340.67953,2265.0232,0.741813,1788.475,-0.10868648
4512,1271,1838.1432,2587.8113,196548.109375,3362898.5,901.73724,1112.7993,1224.7655,1862.8844,0.22208327,1797.5903,-0.0045351554
4513,999,1841.0431,1822.4795,188894.796875,3362869.5,128.35635,303.41943,195.81783,2280.3574,0.84167135,1781.9274,-0.12092284
4514,1190,1840.0781,2296.8438,193638.4375,3362879.25,736.46387,1040.0463,1216.0009,2296.9058,0.32743946,1791.6357,-0.11695843
4515,1399,1843.6619,3779.8506,208468.5,3362843.5,414.28555,580.79736,528.66693,2000.7408,0.6049802,1821.9946,-0.04007916
4516,1143,1839.6729,4327.4087,213944.09375,3362883.25,586.74365,766.8097,820.1588,1957.0573,0.42306033,1833.2023,-0.017822996
4517,1135,1838.4423,4849.358,219163.578125,3362895.5,675.39825,843.8445,868.05597,2006.8815,0.396129,1843.8878,-0.021514887
4518,1364,1845.5278,2805.9363,198729.359375,3362824.75,559.0374,852.6466,926.3057,2407.7427,0.45809394,1802.0593,-0.13529786
4519,1265,1842.6862,3350.0933,204170.9375,3362853.25,241.19684,369.48813,243.53241,1978.4668,0.7791578,1813.1965,-0.039243292
4520,1269,1842.6864,4631.2837,216982.84375,3362853.25,438.44995,606.73285,540.0524,2286.24,0.61800045,1839.4253,-0.094946496
4521,1153,1840.0355,2333.9124,194009.125,3362879.75,606.0598,900.5152,1032.9714,2404.0183,0.40012318,1792.3945,-0.14139292
4522,1154,1840.8093,3990.6638,210576.640625,3362872.0,294.08362,456.2279,378.72443,1996.7552,0.688597,1826.3088,-0.034001626
4523,1242,1844.099,4417.8447,214848.4375,3362839.0,303.1111,448.20773,387.62036,2050.8462,0.67923653,1835.0562,-0.040786047
4524,1416,1844.3298,2214.7874,192817.875,3362836.75,510.0805,795.7168,836.13416,2443.4294,0.5063836,1789.9587,-0.14777221
4525,1209,1842.8445,2257.8818,193248.8125,3362851.5,480.72705,750.3424,784.78906,2229.4482,0.48270297,1790.84,-0.10254154
4526,1221,1843.4742,3162.81,202298.09375,3362845.25,341.68756,502.7629,402.4091,2124.5986,0.6908179,1809.3632,-0.07078702
4527,1150,1840.6982,5164.866,222318.65625,3362873.0,424.67697,607.25,616.7552,2000.9435,0.54712373,1850.349,-0.026855852
4528,1174,1847.1158,2420.0876,194870.875,3362808.75,889.3799,1227.3083,1362.0988,2136.4795,0.22748962,1794.1624,-0.08063029
4529,1341,1846.8494,1472.7703,185397.703125,3362811.5,159.78448,330.1842,232.66219,2057.6018,0.79587984,1774.7736,-0.0649406
4530,1242,1846.517,1882.6393,189496.390625,3362814.75,131.37439,309.94363,207.95169,2233.9194,0.8294963,1783.1619,-0.11004838
4531,1357,1845.7192,2102.0774,191690.78125,3362822.75,210.8143,447.66324,327.23288,2264.8547,0.7539959,1787.6526,-0.10656843
4532,1234,1845.9384,3316.2236,203832.234375,3362820.5,244.97205,371.68396,246.01337,1990.237,0.7784159,1812.505,-0.042886924
4533,1275,1843.9192,3866.357,209333.5625,3362840.75,281.1592,431.18903,334.64706,1970.5718,0.70699126,1823.7657,-0.03197011
4534,1000,1843.788,4363.188,214301.875,3362842.0,524.3095,712.363,745.1575,1988.61,0.47309032,1833.937,-0.028501911
4535,1156,1846.3685,5122.2993,221893.0,3362816.25,421.7591,611.0303,682.7029,2115.0408,0.5253469,1849.4803,-0.05836021
4536,1198,1846.8723,3429.4976,204964.96875,3362811.25,253.37521,379.6878,253.27129,2101.7024,0.78338456,1814.8243,-0.0690419
4537,1368,1845.443,4094.1602,211611.59375,3362825.5,562.3231,778.91156,871.4722,2082.698,0.41466895,1828.4302,-0.062280335
4538,1162,1846.1825,4488.255,215552.546875,3362818.25,488.85156,650.7457,628.49097,2032.0353,0.5279168,1836.4988,-0.029837994
4539,1292,1848.517,1786.0674,188530.671875,3362794.75,131.76239,302.58514,202.25851,2219.955,0.83292824,1781.1865,-0.10855417
4540,1239,1847.8458,3533.1218,206001.21875,3362801.5,387.60532,560.6162,509.80386,2047.4564,0.62536347,1816.9462,-0.056687463
4541,1340,1849.3336,3665.0889,207320.890625,3362786.75,252.09627,390.28992,254.75671,2136.6736,0.78446096,1819.6484,-0.074767366
4542,1379,1851.8499,3468.184,205351.84375,3362761.5,253.38942,384.39957,255.05367,2195.6313,0.79132146,1815.619,-0.09279947
4543,1473,1853.4203,2769.5166,198365.171875,3362745.75,590.40393,885.2179,990.2349,2315.767,0.40659666,1801.3182,-0.119317904
4544,1192,1851.6787,5444.168,225111.6875,3362763.25,282.04865,482.16025,452.24918,2318.59,0.6697082,1856.0735,-0.09839147
4545,1274,1849.2394,2691.5776,197585.78125,3362787.5,759.4184,946.60596,1024.0966,1755.9678,0.26989505,1799.7206,0.023219386
4546,1472,1851.0272,2996.5884,200635.875,3362769.75,287.9307,443.4083,311.70413,2099.6226,0.73824304,1805.965,-0.06402409
4547,1437,1851.666,3828.2769,208952.765625,3362763.25,392.37927,570.5129,543.7989,2078.6294,0.59296346,1822.9905,-0.058755174
4548,1096,1849.1652,4524.9966,215919.96875,3362788.25,503.60266,659.3093,638.70026,2022.0132,0.51968277,1837.2527,-0.031406567
4549,1148,1852.1873,5294.519,223615.1875,3362758.25,197.82187,353.63763,268.85626,2217.5295,0.78139883,1853.0096,-0.078140415
4550,1055,1852.0104,1957.2133,190242.125,3362760.0,141.84076,332.8,228.0,2167.9885,0.80952746,1784.6914,-0.09464695
4551,1296,1852.9568,1249.4846,183164.84375,3362750.5,279.88657,455.1929,461.05554,1919.2014,0.6207292,1770.2076,-0.007396094
4552,1159,1851.1622,1915.3986,189823.984375,3362768.5,159.09578,347.5781,250.03969,2179.5771,0.79508954,1783.8351,-0.09443719
4553,1079,1854.3615,2033.7822,191007.828125,3362736.5,224.60056,451.91565,355.23447,2165.3596,0.7236308,1786.2599,-0.085132405
4554,1502,1856.0798,4903.8184,219708.1875,3362719.25,580.5636,771.17975,826.64014,2035.4913,0.42694244,1845.0122,-0.03948302
4555,1318,1849.9226,1581.3004,186483.0,3362780.75,129.4742,292.7314,192.24734,1945.2898,0.81928146,1776.9966,-0.039617956
4556,1332,1853.1201,1627.0405,186940.40625,3362748.75,130.56607,297.60284,195.93092,2035.2928,0.8225313,1777.9346,-0.061842028
4557,1191,1851.6365,4055.42,211224.203125,3362763.75,523.38916,723.5907,785.5449,1981.0164,0.44986054,1827.6405,-0.037111077
4558,1325,1854.8573,4565.1836,216321.84375,3362731.5,529.7502,699.41583,707.1755,1992.2627,0.47508857,1838.0785,-0.023489723
4559,1133,1854.6779,4756.1553,218231.5625,3362733.25,667.519,794.2612,843.44836,1646.338,0.33103755,1841.9883,0.066528805
4560,1380,1857.1841,1286.8014,183538.015625,3362708.25,203.6797,362.2094,307.93405,1912.371,0.72322744,1770.9739,-0.02839264
4561,1409,1857.0781,1323.7722,183907.71875,3362709.25,231.67352,407.19092,347.6643,2074.298,0.7111981,1771.7303,-0.06196682
4562,1440,1859.1764,3259.6917,203266.921875,3362688.25,275.43576,409.8007,282.11633,1990.7952,0.74699485,1811.3551,-0.037400063
4563,1285,1851.0817,4208.6055,212756.0625,3362769.25,403.78677,569.48285,508.65643,2190.8748,0.61557734,1830.7762,-0.07209791
4564,1504,1853.5645,5013.811,220808.109375,3362744.25,492.58942,654.0216,681.3015,1998.984,0.49716434,1847.263,-0.03412476
4565,1201,1854.139,2556.8718,196238.71875,3362738.5,798.7044,992.06744,1096.2532,1954.8492,0.29717046,1796.9662,-0.0266966
4566,1458,1857.4808,2842.5308,199095.3125,3362705.25,496.55417,766.1667,804.87585,2371.3992,0.5032725,1802.8151,-0.12738705
4567,1581,1856.9893,2919.3435,199863.4375,3362710.0,561.20557,789.81085,844.92096,2217.4336,0.46229148,1804.3871,-0.08871239
4568,1385,1860.3632,3936.4368,210034.375,3362676.25,575.64874,798.648,861.7202,2148.6487,0.44076777,1825.2094,-0.07076183
4569,1069,1851.2395,5202.35,222693.5,3362767.5,430.76614,617.4537,622.9373,1975.0585,0.522744,1851.122,-0.02651935
4570,1337,1858.5078,1433.3119,185003.125,3362695.0,144.73448,307.82498,202.0172,2114.3022,0.82485825,1773.973,-0.08436057
4571,1151,1855.735,2480.8557,195478.5625,3362722.75,755.7072,1058.165,1168.1868,2282.7708,0.33274597,1795.4111,-0.11516248
4572,1262,1857.0769,3193.5342,202605.34375,3362709.25,252.3851,387.37756,254.16006,2115.9197,0.7843,1809.9998,-0.07428998
4573,1285,1858.407,5080.6343,221476.34375,3362696.0,254.0253,407.37354,318.807,2002.1425,0.7250252,1848.6337,-0.028041523
4574,1125,1856.3209,5406.09,224730.90625,3362716.75,247.36044,427.55334,352.57733,2319.5164,0.7386007,1855.2963,-0.10359204
4575,1232,1859.3158,3100.6558,201676.5625,3362686.75,528.3494,747.78125,693.3876,2297.6753,0.539846,1808.0999,-0.111420505
4576,1387,1857.1074,4131.69,211986.90625,3362709.0,704.0872,938.28406,1001.4438,2168.4856,0.37640518,1829.2048,-0.0730196
4577,1313,1864.0769,1357.607,184246.0625,3362639.25,210.46153,389.16223,311.04645,2230.5583,0.7545159,1772.427,-0.10600946
4578,1326,1862.4547,3628.9827,206959.828125,3362655.5,265.4344,411.40723,288.1154,2141.9092,0.76040846,1818.9165,-0.076097615
4579,1472,1863.496,2728.7847,197957.84375,3362645.0,669.5856,927.72284,1084.2786,2062.4714,0.31470853,1800.4902,-0.059819594
4580,1159,1860.3339,3709.4263,207764.265625,3362676.75,289.35376,420.17603,293.37836,2264.0828,0.7696232,1820.5621,-0.10540751
4581,1208,1863.3286,2387.7607,194547.609375,3362646.75,683.10925,996.27563,1106.0364,2272.188,0.35926107,1793.51,-0.11212358
4582,1357,1861.6794,2655.3132,197223.125,3362663.25,676.14594,874.13043,971.4311,1770.9683,0.2838285,1798.9854,0.029476093
4583,1186,1863.6138,4656.665,217236.65625,3362643.75,514.5093,663.7761,642.4532,1982.4873,0.5149021,1839.956,-0.025669286
4584,1260,1863.3223,5328.412,223954.125,3362646.75,302.73254,481.2389,487.29364,2158.9348,0.63499635,1853.7094,-0.070256755
4585,1197,1864.66,4276.193,213431.9375,3362633.5,336.7147,506.34753,389.67584,2491.6528,0.7220687,1832.1672,-0.13956429
4586,1273,1862.1022,4820.6787,218876.78125,3362659.0,706.749,897.4961,968.39514,2081.4814,0.36329702,1843.3132,-0.045627024
4587,1373,1866.0962,1687.866,187548.65625,3362619.0,120.67007,300.7691,188.44429,2256.8318,0.8458237,1779.187,-0.1172673
4588,1366,1862.2218,2176.6758,192436.75,3362657.75,193.92021,419.69547,292.80087,2243.475,0.7697834,1789.189,-0.10507538
4589,1166,1863.9493,5366.198,224331.984375,3362640.5,277.28775,439.9704,489.87692,1903.2993,0.5966367,1854.4834,-0.008832307
4590,1139,1864.0009,1853.0071,189200.0625,3362640.0,126.3547,302.4144,198.12029,2201.5654,0.83456284,1782.5656,-0.10146668
4591,1153,1867.2966,4726.268,217932.6875,3362607.0,821.0525,966.95447,1071.0568,1745.3456,0.2467488,1841.383,0.034379266
4592,1288,1866.097,1534.045,186010.453125,3362619.0,135.11801,301.0427,201.03572,1947.3711,0.81137234,1776.039,-0.039640255
4593,1335,1868.7662,1725.9618,187929.625,3362592.25,128.23071,301.58276,199.21797,2220.451,0.83442706,1779.9683,-0.10575841
4594,1219,1866.0812,1996.5841,190635.84375,3362619.25,150.92699,350.2978,235.38556,2185.968,0.8052461,1785.5054,-0.097880624
4595,1145,1866.1318,4693.185,217601.84375,3362618.75,797.67426,979.91223,1075.7087,1995.3904,0.30756795,1840.7051,-0.028119925
4596,1593,1868.5605,4972.815,220398.15625,3362594.5,593.95074,760.9975,784.9849,2003.0875,0.4423613,1846.4314,-0.030974226
4597,1309,1868.7922,1395.4698,184624.703125,3362592.0,168.85944,325.04965,236.69519,2045.7686,0.7906028,1773.2046,-0.06684678
4598,1290,1866.7798,3501.1753,205681.75,3362612.25,290.78876,429.43875,319.79147,2069.545,0.73615223,1816.3026,-0.06163211
4599,1227,1865.5216,3743.3594,208103.59375,3362624.75,299.23022,437.64792,346.83862,2098.5986,0.72477984,1821.2596,-0.06820741
4600,1295,1867.0502,4176.9326,212439.328125,3362609.5,524.9421,713.9517,732.68646,2142.1694,0.4920975,1830.1365,-0.06369678
4601,1190,1866.6512,4241.3906,213083.90625,3362613.5,428.19244,593.9857,533.5437,2240.542,0.61082596,1831.4558,-0.0869325
4602,1180,1869.1534,4309.918,213769.1875,3362588.5,461.57965,627.2805,602.09705,2100.3906,0.5573053,1832.8601,-0.050879825
4603,1271,1869.5901,5260.431,223274.3125,3362584.0,274.0118,432.79385,367.11368,2124.3628,0.7041843,1852.3208,-0.054737672
4604,1187,1867.3429,2065.1475,191321.46875,3362606.5,155.88374,367.6293,239.73294,2233.9697,0.80535865,1786.9093,-0.106809065
4605,1085,1869.2609,2318.2,193852.0,3362587.5,590.5862,865.32904,964.8876,2281.5493,0.4089555,1792.0897,-0.113767825
4606,1375,1869.3157,2882.821,199498.21875,3362586.75,552.8509,797.5338,935.11707,2051.8728,0.37900475,1803.6465,-0.056157574
4607,1158,1868.8307,3135.6416,202026.421875,3362591.75,440.41104,631.8044,586.21545,2181.5027,0.59244585,1808.8213,-0.08478504
4608,1095,1869.7699,3404.5515,204715.515625,3362582.25,258.05206,387.8662,261.02466,2073.0127,0.773854,1814.3263,-0.060708553
4609,1302,1871.2258,3974.8718,210418.71875,3362567.75,521.2807,728.80914,798.846,2086.5718,0.45575202,1826.0021,-0.060260087
4610,1049,1866.9714,4446.5337,215135.34375,3362610.25,623.15204,802.24164,800.57294,2136.99,0.45958558,1835.6558,-0.058455713
4611,1430,1870.3595,4861.7427,219287.421875,3362576.5,731.7818,949.1549,1068.564,2088.2515,0.33318692,1844.1583,-0.051154405
4612,1461,1872.4264,2966.3237,200333.234375,3362555.75,323.50787,473.15707,363.55988,1985.797,0.6998041,1805.3574,-0.040231198
4613,1407,1870.7668,3036.8992,201039.0,3362572.25,286.91614,432.15387,328.3401,2009.8763,0.72924876,1806.8011,-0.048091374
4614,1196,1870.0302,3224.5334,202915.328125,3362579.75,270.96362,406.05896,282.80392,1924.3215,0.73722166,1810.6415,-0.017706834
4615,1313,1871.9436,3596.0532,206630.53125,3362560.5,261.92346,402.44363,272.07272,2207.9434,0.7801807,1818.2477,-0.09443119
4616,1271,1869.9213,3898.9001,209659.0,3362580.75,558.1416,786.97797,830.80646,2167.467,0.4640743,1824.4462,-0.07939442
4617,1327,1870.8756,4013.6646,210806.640625,3362571.25,388.4382,559.41406,559.82666,1831.6062,0.55218136,1826.7961,0.0035134463
4618,1258,1870.8776,4386.3022,214533.03125,3362571.25,447.3275,621.8084,574.4356,2148.8271,0.5860901,1834.4248,-0.06480393
4619,1092,1871.619,5147.902,222149.015625,3362563.75,280.75412,443.81732,375.10623,2130.2861,0.704509,1850.0178,-0.05458613
4620,1324,1870.7123,2621.7017,196887.015625,3362573.0,796.43805,1024.8414,1131.2334,2021.9872,0.28592455,1798.3026,-0.049930375
4621,1343,1871.2405,4605.921,216729.21875,3362567.5,489.6586,690.09045,654.8135,2333.1724,0.5725759,1838.9213,-0.10766233
4622,1349,1874.636,1497.8525,185648.53125,3362533.75,135.9355,292.86435,199.27798,1931.5204,0.8116512,1775.3033,-0.0351856
4623,1225,1872.9061,2244.8252,193118.25,3362551.0,430.45142,677.8261,688.5249,2207.9958,0.5349312,1790.59,-0.096209325
4624,1108,1873.8601,2533.5947,196005.953125,3362541.5,978.44403,1161.4756,1264.2825,1890.407,0.22355093,1796.501,-0.012234264
4625,1403,1875.4576,3292.3342,203593.34375,3362525.5,251.7705,379.73663,250.42729,1984.0656,0.7734825,1812.0325,-0.039895404
4626,1107,1870.28,3562.5474,206295.46875,3362577.25,309.1418,457.3699,335.9887,2227.152,0.7446618,1817.5609,-0.098504044
4627,1092,1871.2262,4348.317,214153.171875,3362567.75,447.91208,619.68085,583.9473,2053.251,0.55834633,1833.6473,-0.04314641
4628,1123,1872.5084,5228.1675,222951.671875,3362555.0,341.45993,517.98,440.70972,2299.787,0.67151517,1851.6616,-0.090870135
4629,1232,1874.026,2282.6582,193496.578125,3362539.75,478.24106,732.1924,780.9091,2212.4285,0.49915555,1791.365,-0.09823822
4630,1144,1872.6512,2443.7053,195107.046875,3362553.5,890.0813,1243.1906,1348.7002,2115.868,0.2282971,1794.6604,-0.07312561
4631,978,1872.6074,5179.81,222468.09375,3362554.0,558.5404,738.71014,797.1493,1854.0986,0.40875882,1850.6716,0.0036378289
4632,1262,1876.9929,1654.4453,187214.453125,3362510.0,123.862915,299.95404,189.83914,2226.661,0.8424021,1778.5095,-0.109616235
4633,1049,1870.6339,1817.3441,188843.4375,3362573.75,128.6921,297.76358,201.09819,2195.488,0.8321163,1781.8396,-0.10192708
4634,945,1874.9703,1937.983,190049.828125,3362530.25,138.01164,314.48996,218.33757,2179.8613,0.81774,1784.3112,-0.09775019
4635,1266,1877.9463,3806.812,208738.125,3362500.5,368.2192,524.39734,476.70773,2041.4491,0.63860184,1822.5654,-0.05073019
4636,1122,1877.3334,1596.8564,186638.5625,3362506.75,129.8155,300.4483,193.5,2115.6873,0.83189404,1777.331,-0.08436268
4637,1293,1876.949,1766.2692,188332.6875,3362510.5,128.50735,299.2467,200.4099,2213.7812,0.8338855,1780.798,-0.107041225
4638,1322,1877.5627,2352.217,194192.171875,3362504.25,541.60516,819.67395,906.3593,2314.726,0.44312736,1792.7908,-0.11998972
4639,1271,1876.3328,3370.3335,204373.34375,3362516.75,249.81708,385.06256,256.96854,1958.1042,0.76565075,1813.6295,-0.032279152
4640,1371,1877.725,2129.5945,191965.9375,3362502.75,157.66447,387.92633,241.99417,2294.3567,0.8081216,1788.2344,-0.11583754
4641,1095,1877.8502,2502.9417,195699.421875,3362501.5,1062.9835,1357.7041,1560.0009,2140.9333,0.16467096,1795.8759,-0.084077165
4642,953,1874.9979,4506.707,215737.0625,3362530.0,366.77545,514.26074,437.92917,2120.6636,0.64992917,1836.892,-0.05667528
4643,1208,1874.0472,4785.2515,218522.515625,3362539.5,722.5646,871.52026,945.17676,1824.8121,0.3270952,1842.5942,0.0118257925
4644,1176,1875.1548,2588.296,196552.953125,3362528.5,775.4847,981.7543,1081.7305,1903.0289,0.28368148,1797.6213,-0.019445559
4645,1543,1880.8367,5047.3784,221143.78125,3362471.75,360.1889,526.9488,497.36163,2027.6244,0.60827136,1847.9645,-0.039596606
4646,1358,1880.8999,3333.7107,204007.109375,3362471.0,258.38367,394.72348,263.4179,2068.3867,0.77277267,1812.8824,-0.06069955
4647,1183,1880.4193,3679.0261,207460.265625,3362475.75,279.07397,409.918,283.00296,2261.1045,0.776811,1819.9508,-0.10513256
4648,1145,1880.2908,3774.0654,208410.65625,3362477.0,356.65634,506.38647,416.96158,2056.4385,0.6727892,1821.8964,-0.05227879
4649,1222,1877.8887,3862.468,209294.6875,3362501.0,375.18945,551.3048,511.2549,2020.4902,0.6229211,1823.7047,-0.045171704
4650,1100,1882.4818,4475.918,215429.1875,3362455.25,466.96863,620.0145,610.4109,2140.6792,0.5632856,1836.2656,-0.061520766
4651,1557,1883.2877,4933.176,220001.75,3362447.0,698.47144,870.7556,938.23505,1881.5112,0.34152412,1845.6276,-0.0016756904
4652,1114,1879.833,5115.791,221827.90625,3362481.75,499.9116,694.59515,748.18854,2101.356,0.4911371,1849.3646,-0.05251599
4653,1299,1882.8784,3077.5828,201445.828125,3362451.25,591.475,865.46075,805.9292,2563.204,0.5186523,1807.6407,-0.16578902
4654,1311,1881.7147,4086.251,211532.5,3362462.75,743.75555,968.41534,1018.17163,2086.7268,0.34692502,1828.288,-0.05536241
4655,1166,1881.9254,2094.9563,191619.5625,3362460.75,195.25986,419.75043,302.19983,2233.2195,0.76386744,1787.5278,-0.10166729
4656,1347,1883.2524,2208.5398,192755.40625,3362447.5,178.65924,384.4343,274.99628,2185.7683,0.78069633,1789.8534,-0.09507552
4657,1302,1883.6752,3438.5823,205055.828125,3362443.25,245.68587,377.60638,246.07603,2174.8083,0.795746,1815.0306,-0.08744239
4658,1138,1882.6573,4539.469,216064.6875,3362453.5,505.721,651.214,625.28644,1978.6824,0.5268772,1837.5669,-0.0200069
4659,1342,1885.0708,1460.3629,185273.625,3362429.25,193.09091,358.86737,272.87332,1995.5171,0.76583797,1774.5422,-0.0495045
4660,1328,1887.8562,1562.5076,186295.078125,3362401.5,121.44126,287.79593,185.96236,1990.0007,0.8280583,1776.6343,-0.051196646
4661,1074,1882.3547,5430.8164,224978.15625,3362456.5,238.76768,416.65036,387.48138,2125.4963,0.68808717,1855.8159,-0.060999528
4662,1145,1883.4332,4416.642,214836.421875,3362445.75,470.66507,642.9677,599.897,2131.8438,0.55075127,1835.0526,-0.051255826
4663,1632,1885.4442,2809.4055,198764.0625,3362425.5,563.8456,871.53,935.6464,2446.7144,0.45978945,1802.153,-0.14318077
4664,1366,1887.0476,3164.918,202319.1875,3362409.5,250.4967,383.0088,253.48535,2031.892,0.77637434,1809.4308,-0.05323718
4665,1100,1882.0219,4050.2346,211172.34375,3362459.75,612.845,833.26544,860.04456,2087.3218,0.41316158,1827.5508,-0.054465782
4666,1128,1887.6968,4149.8804,212168.8125,3362403.0,518.7292,699.06384,673.77924,2183.5652,0.54142094,1829.5938,-0.079046346
4667,1116,1887.422,1968.5834,190355.828125,3362405.75,139.60931,322.2724,222.2043,2182.163,0.81506,1784.9447,-0.098434836
4668,1321,1883.6957,2689.3118,197563.125,3362443.0,815.2036,1022.38153,1156.7169,1742.8895,0.19950342,1799.6938,0.027006404
4669,1217,1888.083,1879.3008,189463.0,3362399.25,149.553,326.2925,231.95317,2193.1848,0.8103678,1783.1178,-0.09986735
4670,1197,1888.9958,2412.564,194795.640625,3362390.0,606.2231,907.8279,1028.8981,2317.5864,0.39398324,1794.0325,-0.12356045
4671,1082,1888.1359,1909.2006,189762.0,3362398.75,151.28096,329.4122,233.1719,2208.3105,0.80938774,1783.7297,-0.10167653
4672,1217,1888.0205,3535.0305,206020.3125,3362399.75,520.8447,714.4006,717.66846,2131.2756,0.5148165,1817.0074,-0.07306476
4673,1083,1887.1938,5394.12,224611.203125,3362408.0,241.20084,398.81024,343.1722,2115.0234,0.7229591,1855.0671,-0.060757957
4674,1411,1892.0311,1269.6506,183366.5,3362359.75,264.21262,441.72855,435.68036,1918.438,0.63369095,1770.6436,-0.019567361
4675,1378,1890.6503,4215.0312,212820.3125,3362373.5,346.1335,503.7413,421.59396,2350.456,0.69198596,1830.9292,-0.10835319
4676,1319,1894.9719,4637.552,217045.515625,3362330.25,570.9822,731.6793,729.31995,2050.598,0.4840427,1839.5814,-0.041849658
4677,1459,1891.2852,5005.8047,220728.046875,3362367.25,560.4911,743.44104,770.1683,2109.5203,0.4727541,1847.1188,-0.059793495
4678,1156,1886.2102,5293.742,223607.421875,3362418.0,216.0783,359.1955,282.5558,2125.607,0.76399076,1853.0115,-0.057712276
4679,1221,1889.14,2031.4644,190984.640625,3362388.5,271.982,501.09256,424.69122,2195.959,0.703445,1786.2327,-0.09373589
4680,1317,1894.7623,2160.556,192275.5625,3362332.5,173.16856,399.55582,269.16858,2207.1519,0.7866156,1788.8779,-0.099932574
4681,1519,1890.8737,2765.811,198328.109375,3362371.25,649.4457,949.22253,1064.2673,2293.2712,0.3753321,1801.2637,-0.11146956
4682,1448,1894.3958,2933.1436,200001.4375,3362336.0,337.7476,516.0169,453.4223,1955.751,0.65037924,1804.6907,-0.028022682
4683,1612,1894.2512,3005.6885,200726.890625,3362337.5,249.94852,380.93146,254.7227,1905.7329,0.76193833,1806.1755,-0.021287961
4684,1340,1894.6635,3645.3604,207123.59375,3362333.25,292.73508,435.95596,299.62872,2291.31,0.7651336,1819.2695,-0.10848464
4685,1239,1894.5408,4116.8813,211838.8125,3362334.5,804.0359,1020.358,1045.7034,2281.4302,0.36824727,1828.922,-0.09608675
4686,1110,1892.9937,2469.1008,195361.0,3362350.0,815.93335,1147.7324,1273.2639,2146.7603,0.26058316,1795.1919,-0.075509295
4687,1275,1893.0345,4573.083,216400.828125,3362349.75,387.78705,527.7353,421.77136,2345.3928,0.685506,1838.2605,-0.10491349
4688,1466,1896.0293,1307.1713,183741.71875,3362319.75,210.28922,384.8895,323.89563,2057.0483,0.7262962,1771.4138,-0.058607325
4689,1092,1893.3773,1624.2252,186912.25,3362346.25,127.34615,302.49176,194.5696,2212.0796,0.83780354,1777.9006,-0.10578133
4690,1180,1894.9991,1800.8356,188678.359375,3362330.0,131.2644,297.9907,203.0322,2195.7136,0.83066285,1781.516,-0.10293117
4691,1340,1894.3195,3471.218,205382.1875,3362336.75,251.01941,389.46716,247.0056,2230.5605,0.8000084,1815.7046,-0.09997464
4692,1468,1895.7827,4891.009,219580.09375,3362322.25,652.17816,857.36206,1002.02045,2099.8994,0.35979196,1844.7709,-0.054667745
4693,1490,1895.8416,2853.992,199209.921875,3362321.5,393.82684,645.7691,600.00604,2314.2664,0.600679,1803.0714,-0.11539823
4694,1301,1894.7701,4748.368,218153.6875,3362332.25,593.45886,726.0204,732.76746,1769.1914,0.41767764,1841.8501,0.032420903
4695,1099,1892.2092,5086.823,221538.234375,3362358.0,275.41037,441.12558,398.60327,1951.1702,0.6719078,1848.7781,-0.019106105
4696,1031,1895.0688,5203.163,222701.625,3362329.25,464.7352,656.01746,599.3938,2188.6716,0.5623295,1851.1615,-0.06977794
4697,1332,1896.4828,1422.3551,184893.546875,3362315.25,172.79355,337.17117,241.05481,2085.9175,0.79297704,1773.7712,-0.07508634
4698,1279,1899.4535,3838.764,209057.640625,3362285.5,466.5133,658.9156,676.80255,2041.5598,0.5353111,1823.2312,-0.049836576
4699,1081,1894.2665,4674.236,217412.359375,3362337.25,673.1485,837.2734,874.7271,1952.3881,0.38130212,1840.332,-0.016573673
4700,1241,1898.211,2565.1587,196321.59375,3362298.0,932.8928,1167.6471,1350.8823,1994.6648,0.20412554,1797.1609,-0.04026969
4701,1392,1899.2004,1344.8972,184118.96875,3362288.0,176.51077,336.48923,271.5381,2039.385,0.764827,1772.1877,-0.061867338
4702,1354,1898.5901,3199.164,202661.640625,3362294.0,319.25,468.78177,361.0768,2047.1085,0.7037404,1810.1382,-0.051694956
4703,1181,1895.37,3712.7239,207797.234375,3362326.25,254.86833,378.94498,263.19815,2151.0757,0.7814161,1820.6489,-0.08127369
4704,1215,1898.5219,3920.6248,209876.25,3362294.75,602.2206,828.3646,907.9239,2140.8967,0.41978925,1824.9065,-0.07548908
4705,1249,1899.1705,3953.9768,210209.765625,3362288.25,589.6189,788.7134,844.0937,2054.1597,0.42758924,1825.5896,-0.051261984
4706,1249,1897.422,4261.2515,213282.515625,3362305.75,417.9952,606.77985,570.3627,2313.6196,0.6248459,1831.879,-0.10094481
4707,1187,1897.9368,1841.8737,189088.734375,3362300.75,129.6032,301.94775,200.81297,2176.9512,0.83061665,1782.3575,-0.09569233
4708,1329,1899.1136,3118.7712,201857.71875,3362288.75,379.38715,557.0474,471.72122,2187.1914,0.65446675,1808.4929,-0.087887965
4709,1391,1899.7397,3243.2122,203102.125,3362282.5,261.19052,398.87167,261.6118,2116.7437,0.7782496,1811.0404,-0.07313978
4710,1088,1896.193,5358.98,224259.796875,3362318.0,317.25137,497.7068,526.4637,2072.5,0.6007103,1854.3523,-0.05062397
4711,1068,1899.2959,4329.457,213964.5625,3362287.0,416.0206,564.1573,514.9527,1932.5127,0.5699965,1833.2764,-0.0063019847
4712,1316,1901.4498,1713.4362,187804.359375,3362265.5,127.55243,301.8275,200.23328,2221.1147,0.8342057,1779.7311,-0.10756866
4713,1211,1900.7192,2378.2163,194452.15625,3362272.75,700.86127,1004.4806,1206.3955,2259.0273,0.32035097,1793.3362,-0.10997772
4714,1325,1897.64,4820.338,218873.375,3362303.5,680.06226,913.0453,1028.1261,2156.8313,0.37806076,1843.3251,-0.07201781
4715,1485,1902.2896,2649.5286,197165.28125,3362257.0,586.04175,869.14343,963.9791,2302.3804,0.41482878,1798.8901,-0.11444257
4716,1487,1904.7202,2896.6946,199636.9375,3362232.75,515.7478,791.9462,919.0067,2129.5964,0.42777395,1803.9504,-0.07507983
4717,1162,1899.5559,5326.8037,223938.03125,3362284.5,308.66223,489.79218,462.05637,2296.1838,0.66338944,1853.6953,-0.084706515
4718,1340,1903.4836,1382.4575,184494.578125,3362245.25,164.89328,323.17612,238.49403,2021.391,0.7869213,1772.9589,-0.059202395
4719,1430,1901.644,2725.7986,197927.984375,3362263.5,804.56714,1029.5322,1162.172,1879.7329,0.23613343,1800.4508,-0.011849679
4720,1311,1903.8436,4708.2397,217752.40625,3362241.5,559.5439,713.71545,735.38904,1912.4142,0.45739016,1841.0333,0.00049015577
4721,1334,1904.1282,1525.4033,185924.03125,3362238.75,133.83359,295.5075,197.25562,1992.2406,0.8187278,1775.8846,-0.05128097
4722,1156,1902.7163,2000.7231,190677.234375,3362252.75,242.62111,461.23355,382.72147,2176.1064,0.7204471,1785.6113,-0.09349749
4723,1257,1905.3914,4296.7285,213637.28125,3362226.0,483.15314,640.2609,633.2502,1918.4241,0.5069579,1832.6096,-0.009789622
4724,1158,1904.0104,4362.071,214290.703125,3362240.0,795.13086,947.358,1006.33075,1901.5958,0.31282935,1833.9465,-0.0027285635
4725,1062,1902.2994,4448.6704,215156.703125,3362257.0,396.23727,524.4826,461.0904,2062.0918,0.62051445,1835.7185,-0.037791144
4726,1337,1906.3994,1675.8481,187428.484375,3362216.0,125.42932,301.2775,193.81377,2239.4382,0.8378241,1778.9647,-0.109989405
4727,1306,1906.6998,3052.0208,201190.203125,3362213.0,616.42957,870.43494,887.3396,2403.8108,0.46488902,1807.1309,-0.13430741
4728,1229,1905.5851,3505.2979,205722.96875,3362224.25,525.5118,706.5513,690.4223,2068.735,0.52380264,1816.4084,-0.059011504
4729,1168,1904.2997,3745.9,208129.0,3362237.0,422.84888,590.96277,569.3082,1983.7903,0.57791877,1821.3329,-0.03822126
4730,1130,1905.3867,4025.8813,210928.8125,3362226.25,635.0075,858.323,891.3894,2223.4004,0.43622422,1827.065,-0.0902289
4731,1303,1907.063,1752.594,188195.9375,3362209.25,130.55257,297.89026,205.48273,2178.7314,0.8276221,1780.5358,-0.09945819
4732,1223,1901.5388,2318.2878,193852.875,3362264.5,578.1594,877.4064,979.45953,2429.4504,0.42491493,1792.1101,-0.14549503
4733,1364,1911.1356,3276.7236,203437.234375,3362168.75,251.35521,380.592,252.50293,2053.2676,0.77876186,1811.7328,-0.056929205
4734,1321,1905.9364,3572.735,206397.34375,3362220.75,247.38948,385.78766,252.59955,2209.433,0.79414237,1817.7891,-0.09470192
4735,1496,1910.6196,3610.5723,206775.71875,3362173.75,362.1798,528.2948,469.8586,2150.5002,0.65602344,1818.5662,-0.07573033
4736,1379,1909.9159,3991.7673,210587.671875,3362180.75,498.73965,688.71356,703.40027,1932.0421,0.4865364,1826.369,-0.023495425
4737,1268,1906.25,4179.742,212467.421875,3362217.5,428.35135,606.70703,574.7208,2095.8071,0.57775354,1830.2151,-0.053475007
4738,1353,1908.5884,4852.8057,219198.0625,3362194.0,676.8437,930.13745,1089.3647,2219.0361,0.36141726,1843.9955,-0.0877059
4739,1071,1904.873,5170.743,222377.4375,3362231.25,530.2437,703.6657,752.6923,1876.0924,0.4396437,1850.5028,0.0014486806
4740,1257,1905.9825,2063.715,191307.15625,3362220.25,234.68893,453.27686,362.03342,2199.5586,0.7367654,1786.9025,-0.0982205
4741,1332,1903.9235,3403.7793,204707.796875,3362240.75,258.8322,389.768,262.66254,2115.438,0.77795446,1814.3295,-0.07330271
4742,1325,1908.3389,3885.4136,209524.140625,3362196.5,473.41736,662.84454,632.21924,2156.4675,0.5559931,1824.191,-0.0718356
4743,1443,1909.1178,2606.9592,196739.59375,3362188.75,667.7138,941.1663,1078.4774,2268.5198,0.36500242,1798.0227,-0.10783341
4744,1337,1910.8429,3312.8398,203798.40625,3362171.5,251.36986,379.4005,249.44615,2076.264,0.7830654,1812.4719,-0.06221345
4745,1667,1912.0486,4962.617,220296.171875,3362159.5,574.3461,739.6581,767.35815,1989.4296,0.44469982,1846.2455,-0.027833348
4746,1272,1906.8364,2241.5056,193085.0625,3362211.75,197.61792,401.4198,303.21698,2110.507,0.75348115,1790.5416,-0.076299846
4747,1253,1907.3081,2279.0383,193460.375,3362207.0,691.4461,1009.1261,1222.4309,2385.1396,0.3534538,1791.31,-0.13752556
4748,1132,1908.7517,5139.275,222062.75,3362192.5,254.42403,424.72836,335.94833,2292.018,0.7379989,1849.8606,-0.08955957
4749,1160,1907.8776,5264.17,223311.703125,3362201.25,331.0431,533.0539,438.2108,2668.303,0.7131457,1852.4172,-0.15237544
4750,1308,1914.2317,2190.5925,192575.921875,3362137.75,169.70718,385.85626,255.70337,2262.4465,0.8001616,1789.5039,-0.11178846
4751,1236,1909.492,4604.6133,216716.125,3362185.0,628.5582,792.0611,790.6861,2099.356,0.45950034,1838.9148,-0.05729521
4752,1151,1910.0878,5233.211,223002.109375,3362179.0,440.5821,656.75195,562.04346,2889.6309,0.6693305,1851.7845,-0.1928386
4753,1202,1909.4509,2530.2886,195972.890625,3362185.5,766.2379,1079.7595,1195.4592,2189.4526,0.30134758,1796.4536,-0.082296275
4754,1083,1906.1256,4505.918,215729.1875,3362218.75,431.6888,565.59467,507.50323,1955.9344,0.5832857,1836.8925,-0.017630743
4755,1124,1906.9386,4784.5376,218515.375,3362210.5,743.5494,913.9359,999.4671,1834.2651,0.30300504,1842.597,0.0080731455
4756,1377,1914.0037,1487.6885,185546.890625,3362140.0,149.504,306.55627,207.84459,1993.3159,0.809712,1775.1187,-0.05249102
4757,1097,1909.6682,1937.5424,190045.421875,3362183.25,145.81404,331.55698,227.46307,2228.7073,0.8144968,1784.3224,-0.10746134
4758,1481,1912.7279,2965.4585,200324.59375,3362152.75,260.53613,393.815,264.45444,1917.9038,0.7550483,1805.3624,-0.023383506
4759,1441,1912.2117,3361.8015,204288.015625,3362158.0,250.4712,383.20264,253.96461,1988.8834,0.7708883,1813.4749,-0.039879102
4760,1148,1913.2108,4392.4844,214594.84375,3362148.0,772.94336,917.47516,979.68555,1753.2461,0.28442207,1834.5741,0.032221563
4761,1144,1912.9231,2440.4082,195074.078125,3362150.75,644.44495,959.5752,1111.1958,2421.0447,0.38772136,1794.6161,-0.14515945
4762,1044,1911.6542,2496.0308,195630.3125,3362163.5,735.34485,1082.0498,1183.0441,2270.6072,0.3216742,1795.7538,-0.10322572
4763,999,1912.8079,5419.7427,224867.421875,3362152.0,232.6001,410.09158,342.03552,2257.931,0.7357202,1855.605,-0.089605644
4764,1254,1915.3533,4061.5989,211285.984375,3362126.5,500.9956,701.6603,710.4868,2287.4,0.53481925,1827.8015,-0.10240877
4765,1337,1915.9567,1595.0629,186620.625,3362120.5,122.7442,290.98578,189.42035,2133.9521,0.8364225,1777.3171,-0.08766438
4766,1235,1916.694,2099.5222,191665.21875,3362113.0,152.17651,348.3676,237.92793,2155.387,0.8009908,1787.6415,-0.090467185
4767,1251,1919.2294,3091.5435,201585.4375,3362087.75,521.303,773.9828,773.51636,2369.1255,0.5122607,1807.9469,-0.12729777
4768,1129,1916.7821,3777.2605,208442.609375,3362112.25,384.8946,549.8716,479.17007,2114.4836,0.63971955,1821.9817,-0.061010063
4769,1129,1916.1967,3807.4897,208744.90625,3362118.0,541.1125,717.0558,754.2365,1953.3011,0.46337816,1822.6002,-0.028703805
4770,1359,1922.0795,3147.198,202141.984375,3362059.25,302.03754,441.67624,356.1229,1907.7402,0.69521564,1809.0876,-0.02145823
4771,1227,1915.7996,3679.7605,207467.609375,3362122.0,255.81786,383.36716,268.59494,2168.5261,0.77934504,1819.9854,-0.08633492
4772,1370,1920.4146,5037.1816,221041.8125,3362075.75,496.5427,665.92114,668.7854,2057.1292,0.5205676,1847.7765,-0.045644704
4773,1173,1919.6104,5073.0776,221400.78125,3362084.0,428.7468,614.8103,631.73016,2066.1018,0.5491083,1848.511,-0.04601724
4774,1483,1922.5549,2792.6116,198596.109375,3362054.5,744.28186,1105.9744,1342.7491,2348.4937,0.29232252,1801.8302,-0.11460167
4775,1484,1922.5444,4917.7964,219847.96875,3362054.5,649.5977,816.08154,882.6981,1855.2521,0.3649719,1845.3334,0.0030229886
4776,1253,1921.5969,1637.8403,187048.40625,3362064.0,131.14844,307.65283,203.40144,2244.3176,0.83371544,1778.1959,-0.11468591
4777,1271,1920.904,2131.04,191980.40625,3362071.0,151.11566,354.4099,230.41228,2165.8174,0.8073524,1788.289,-0.09208074
4778,1320,1923.647,2345.256,194122.5625,3362043.5,579.3303,894.62573,980.47424,2470.584,0.4518156,1792.6748,-0.15121849
4779,1257,1917.3827,2685.9158,197529.15625,3362106.25,812.02386,1027.8489,1164.537,1889.7964,0.23655324,1799.6434,-0.016973801
4780,1189,1917.3524,4541.1035,216081.03125,3362106.5,360.67453,519.1842,401.0593,2510.7585,0.71699876,1837.6188,-0.14177766
4781,1158,1922.4517,1789.2366,188562.359375,3362055.5,134.78152,308.38513,210.44733,2206.2246,0.8258434,1781.2947,-0.1057519
4782,1491,1925.9075,2832.9175,198999.171875,3362021.0,585.4802,852.9517,943.2716,2283.0261,0.43101463,1802.6571,-0.10648
4783,1282,1925.0265,4242.3984,213093.984375,3362029.75,625.9006,818.58075,856.56006,2219.9165,0.4531744,1831.5079,-0.08113973
4784,1010,1919.9901,4421.914,214889.140625,3362080.0,516.97375,682.63666,656.24554,2120.0227,0.523968,1835.1802,-0.05712925
4785,1142,1921.9545,5110.2827,221772.828125,3362060.5,433.88135,617.5731,710.6322,2081.607,0.500411,1849.2739,-0.053021744
4786,1374,1923.8821,1450.3202,185173.203125,3362041.25,159.46652,315.38065,213.38136,2064.1536,0.81129855,1774.3597,-0.071323134
4787,1006,1919.8022,5387.671,224546.71875,3362082.0,253.59344,432.52087,382.22614,2240.0498,0.7102326,1854.952,-0.08506248
4788,1248,1923.9752,1866.6057,189336.0625,3362040.25,150.69472,331.63782,234.86699,2204.3093,0.81205165,1782.8789,-0.103350334
4789,1553,1924.6272,3442.4893,205094.890625,3362033.75,240.72021,375.91595,240.60207,2200.3088,0.8023283,1815.1334,-0.09369845
4790,1368,1925.4181,4096.234,211632.34375,3362025.75,760.8125,965.21344,1046.5519,2091.1748,0.34136456,1828.516,-0.060253706
4791,1133,1922.5948,4475.6665,215426.65625,3362054.0,483.15268,609.8332,567.42896,1890.6703,0.5335721,1836.282,0.0012099927
4792,1108,1921.6426,5298.0874,223650.875,3362063.5,320.73782,526.36957,423.20712,2566.6548,0.71629846,1853.1188,-0.12930802
4793,1343,1924.5265,4143.5635,212105.625,3362034.75,527.2137,702.4192,694.3894,1952.5919,0.506411,1829.4844,-0.012265853
4794,1301,1925.339,1557.5549,186245.546875,3362026.5,126.667946,298.5096,193.67256,2130.219,0.832454,1776.555,-0.08648338
4795,1259,1925.0985,1905.0668,189720.671875,3362029.0,132.61398,317.86896,205.44797,2297.908,0.83707297,1783.6667,-0.12457096
4796,1128,1923.9406,1968.1729,190351.734375,3362040.5,147.58511,333.57446,233.36967,2190.6206,0.8078905,1784.9575,-0.09969653
4797,1292,1929.6951,3029.8948,200968.953125,3361983.0,591.0774,834.8932,854.8131,2286.5105,0.47034758,1806.6909,-0.11021402
4798,1331,1925.8745,3538.3884,206053.875,3362021.25,370.5109,533.2851,467.07175,2158.0789,0.6673019,1817.097,-0.07962334
4799,1268,1929.4882,1827.6632,188946.625,3361985.0,128.6388,301.1112,202.85805,2113.4653,0.8244974,1782.0852,-0.07949488
4800,1188,1927.5387,2411.1726,194781.71875,3362004.5,588.0985,885.69025,1031.484,2369.7046,0.401085,1794.0261,-0.13297015
4801,1440,1930.8347,2753.4263,198204.265625,3361971.75,613.7361,876.2771,939.3674,2174.8271,0.39247343,1801.0328,-0.07843724
4802,1364,1931.283,3221.362,202883.625,3361967.25,252.52786,385.95493,252.93951,2088.8237,0.7829698,1810.6108,-0.06810965
4803,1145,1927.4873,4209.208,212762.078125,3362005.25,729.58167,926.96814,966.9672,2203.1301,0.41546556,1830.8298,-0.071784236
4804,1205,1925.4506,4669.6206,217366.203125,3362025.5,527.5461,707.0162,703.6336,2210.851,0.522089,1840.2542,-0.08110545
4805,1286,1926.8461,5001.785,220687.84375,3362011.5,584.63336,743.43115,770.2088,2003.9506,0.45129555,1847.0552,-0.031654257
4806,1354,1929.661,2034.3811,191013.8125,3361983.5,210.18169,420.59158,325.31757,2154.9387,0.7443352,1786.3158,-0.08548997
4807,1274,1933.4843,2220.3767,192873.765625,3361945.25,153.95134,361.69467,229.74883,2155.31,0.806863,1790.1246,-0.089373514
4808,1353,1932.7946,3181.3962,202483.96875,3361952.0,316.7609,463.2195,345.9464,2074.3555,0.7164063,1809.7936,-0.05839775
4809,1183,1932.0829,3857.17,209241.703125,3361959.25,576.284,806.202,809.30896,2286.0005,0.49086437,1823.6259,-0.10297466
4810,1142,1930.7759,4729.647,217966.46875,3361972.25,422.2049,567.9851,516.7496,1970.2802,0.5901739,1841.4858,-0.020885075
4811,1581,1933.2012,1284.5793,183515.796875,3361948.0,203.11511,371.31308,326.57178,2016.1727,0.7228662,1770.9735,-0.049134538
4812,1113,1930.708,4761.645,218286.453125,3361973.0,561.8639,712.4421,710.3733,1904.4417,0.46424872,1842.1409,-0.0074138283
4813,1438,1933.4868,1326.2538,183932.53125,3361945.25,177.87135,333.02713,272.58554,1963.2852,0.75503206,1771.8265,-0.04091482
4814,1362,1932.4471,1409.8429,184768.421875,3361955.5,188.38474,352.26578,265.70337,2042.8811,0.77368146,1773.5365,-0.06178314
4815,1614,1936.9412,2872.6865,199396.859375,3361910.5,559.18463,865.74286,998.3879,2278.023,0.4189767,1803.4773,-0.10805776
4816,1206,1930.374,3718.8706,207858.703125,3361976.25,355.9714,512.97473,463.23633,1936.1301,0.6331917,1820.794,-0.026392985
4817,1394,1936.7539,2992.8342,200598.34375,3361912.5,401.64633,591.9749,555.39886,2029.0721,0.60413766,1805.9363,-0.050552003
4818,1457,1934.8943,3484.9836,205519.84375,3361931.0,473.2941,633.8116,645.1002,1964.0673,0.53164643,1816.0089,-0.032435793
4819,1143,1929.8329,5202.5933,222695.9375,3361981.75,446.15793,629.44794,569.8373,2046.6119,0.55826336,1851.168,-0.03985611
4820,1016,1929.5344,5356.9175,224239.171875,3361984.75,271.8681,470.6683,434.37698,2346.7039,0.6957892,1854.3274,-0.10781038
4821,1265,1934.6823,2304.599,193716.0,3361933.25,424.80713,675.26166,702.34546,2193.8838,0.53215903,1791.849,-0.09492804
4822,1137,1933.4407,2467.4731,195344.734375,3361945.5,446.8971,751.16974,772.6051,2409.2048,0.5191977,1795.1818,-0.1419227
4823,1709,1937.4518,2921.9976,199889.96875,3361905.5,184.3151,351.51755,232.97981,1957.4866,0.78623617,1804.4868,-0.034195058
4824,1287,1934.1903,3964.735,210317.34375,3361938.0,496.31818,698.7176,715.4343,2104.8845,0.5047806,1825.8289,-0.06661472
4825,1248,1934.0048,4572.807,216398.0625,3361940.0,437.01123,598.7652,555.94434,2172.667,0.59264904,1838.2767,-0.0691019
4826,1322,1935.0068,4806.2256,218732.25,3361930.0,760.46295,939.33057,1001.5737,1983.3801,0.33772624,1843.0559,-0.028473793
4827,1402,1937.219,1367.0293,184340.296875,3361907.75,199.41226,368.98645,301.4344,2018.4066,0.74163383,1772.6632,-0.051127538
4828,1227,1937.8606,3332.8582,203998.578125,3361901.5,244.91768,379.881,249.52852,2086.0696,0.78499895,1812.8967,-0.06628843
4829,1360,1933.8353,3646.1228,207131.21875,3361941.75,280.2441,414.5397,283.6603,2250.9617,0.7752765,1819.3068,-0.10181523
4830,1342,1936.4196,4280.605,213476.046875,3361915.75,708.94116,878.9255,897.2336,2140.6018,0.4167492,1832.2963,-0.058048386
4831,1280,1935.4524,4635.6943,217026.9375,3361925.5,411.30234,558.4035,497.66016,2043.0266,0.6051012,1839.565,-0.03331683
4832,1450,1938.2296,4877.98,219449.796875,3361897.75,714.4979,909.04034,988.38104,2119.3728,0.37252784,1844.5265,-0.06228043
4833,1224,1936.9673,1699.8759,187668.75,3361910.25,124.01634,291.75165,191.13399,2211.6675,0.84038484,1779.4745,-0.10437566
4834,1213,1936.995,1735.0725,188020.71875,3361910.0,131.00989,296.82605,206.08574,2187.676,0.82766634,1780.1947,-0.101257995
4835,1286,1937.7365,2159.0444,192260.4375,3361902.75,176.76828,385.1983,275.32504,2150.8142,0.7748139,1788.8718,-0.085587025
4836,1204,1932.5033,2565.509,196325.09375,3361955.0,792.33636,1124.1993,1232.3771,2123.333,0.27194005,1797.1876,-0.068351105
4837,1370,1938.0197,2634.8862,197018.859375,3361899.75,655.90875,955.4139,1070.5358,2333.7358,0.37720224,1798.6107,-0.124712355
4838,1366,1934.3339,3924.4385,209914.375,3361936.75,501.88727,703.39166,707.9835,2178.4246,0.5183291,1825.0042,-0.08494569
4839,1380,1934.1906,4328.1074,213951.078125,3361938.0,755.00323,898.2087,944.5906,1825.4039,0.32247296,1833.2675,0.015975874
4840,1063,1934.2023,2378.443,194454.4375,3361938.0,514.76483,780.524,862.05457,2235.7224,0.4443048,1793.36,-0.10183736
4841,1360,1940.3684,2714.2332,197812.328125,3361876.25,651.79047,914.2257,966.7912,2159.4949,0.37800962,1800.2361,-0.08115152
4842,1092,1936.3737,1999.261,190662.609375,3361916.25,239.34525,463.77472,375.1392,2108.5093,0.7082009,1785.601,-0.07296629
4843,1301,1936.9678,3400.0945,204670.9375,3361910.25,251.2352,382.27362,254.95734,2130.1392,0.7853359,1814.2725,-0.07708578
4844,1081,1937.5615,5326.967,223939.671875,3361904.5,248.19658,450.7248,361.2285,2342.15,0.73699266,1853.7184,-0.098569095
4845,1391,1941.3013,2263.3164,193303.15625,3361867.0,247.844,469.08844,390.08124,2022.5593,0.7082177,1791.0079,-0.054015197
4846,1131,1941.9275,3827.0088,208940.09375,3361860.75,608.0672,835.58844,900.9231,2137.0469,0.43815622,1823.0139,-0.07069273
4847,1361,1941.039,1516.3622,185833.625,3361869.5,146.46289,308.92505,211.64143,2020.2755,0.8083614,1775.7213,-0.055351034
4848,1422,1943.5514,3257.6912,203246.90625,3361844.5,249.28903,380.67615,247.3815,2067.4497,0.78431576,1811.3613,-0.06068787
4849,1345,1939.4446,4021.9614,210889.609375,3361885.5,636.80634,844.5379,902.29626,2064.0442,0.4090157,1827.0032,-0.055938765
4850,1299,1940.445,4367.832,214348.3125,3361875.5,791.7964,936.639,1005.01733,1789.7294,0.2841955,1834.084,0.021415701
4851,1136,1939.0924,4509.966,215769.65625,3361889.0,432.65668,587.4824,564.5792,2091.474,0.57205623,1836.993,-0.04448915
4852,1126,1942.5133,4445.0303,215120.3125,3361854.75,475.73178,611.282,550.8388,1978.9539,0.5616238,1835.6655,-0.021942062
4853,1420,1946.5112,4840.781,219077.8125,3361815.0,703.2032,883.77216,945.54333,2020.0465,0.3669336,1843.7694,-0.037483092
4854,1146,1938.9493,5169.5723,222365.71875,3361890.5,426.64005,582.64484,597.5532,1770.5,0.5080081,1850.4967,0.03334873
4855,1227,1944.6863,1664.8451,187318.453125,3361833.25,134.27873,310.39282,210.91116,2256.701,0.82879806,1778.7621,-0.11714252
4856,1334,1943.422,2073.4011,191404.015625,3361845.75,151.35832,335.07346,236.72038,2128.4963,0.7993596,1787.1224,-0.08530097
4857,1279,1945.6537,2594.7725,196617.71875,3361823.5,716.8069,1054.3198,1108.0188,2240.3792,0.34686893,1797.7941,-0.101501375
4858,1398,1945.8004,3070.4648,201374.65625,3361822.0,626.18634,898.56903,1018.45026,2203.8025,0.3790701,1807.5304,-0.091632575
4859,1260,1945.9642,4699.505,217665.046875,3361820.25,455.70358,631.4294,645.2806,2068.047,0.53322834,1840.8768,-0.04087711
4860,1514,1948.3395,3116.9922,201839.921875,3361796.5,450.75827,644.6166,643.8299,2025.8586,0.5710067,1808.4841,-0.048869245
4861,1400,1941.9672,3575.8342,206428.34375,3361860.25,381.4625,547.96606,501.545,2145.2104,0.62860006,1817.8724,-0.07281788
4862,1217,1944.2301,3752.7576,208197.578125,3361837.75,461.93713,626.4396,565.4585,2071.5925,0.57283866,1821.4952,-0.048258938
4863,1066,1942.015,5270.544,223375.4375,3361859.75,382.41135,640.02814,551.55206,2938.9915,0.6812492,1852.5654,-0.2021105
4864,1171,1947.2562,1770.4475,188374.46875,3361807.5,141.67378,311.33817,220.08455,2208.785,0.8186853,1780.9247,-0.10622152
4865,1080,1943.487,2502.2878,195692.875,3361845.25,737.8537,1079.2805,1287.4445,2416.287,0.32607377,1795.9,-0.14185286
4866,1329,1948.1265,2670.0332,197370.328125,3361798.75,676.14374,941.8284,1029.9044,2171.0405,0.35388717,1799.3358,-0.083401024
4867,1072,1944.2864,2534.7705,196017.703125,3361837.25,808.5448,1169.4263,1419.8087,2387.0261,0.27933884,1796.5653,-0.1361777
4868,1187,1945.3109,3888.1406,209551.40625,3361827.0,304.70303,498.63647,373.7574,2350.4705,0.7247863,1824.2671,-0.118571356
4869,1265,1944.9083,4178.8823,212458.828125,3361831.0,545.1609,737.913,726.56836,2224.1335,0.51163816,1830.2184,-0.08842583
4870,1449,1951.4928,4940.472,220074.71875,3361765.0,599.5259,770.6784,812.3554,1985.2146,0.4239531,1845.8129,-0.029135186
4871,1197,1946.1804,1939.0702,190060.703125,3361818.25,136.7619,318.7686,212.45865,2221.503,0.8248687,1784.3749,-0.10587999
4872,1541,1952.5802,3297.6458,203646.453125,3361754.25,237.83939,368.15314,242.05807,2075.0503,0.79018575,1812.1841,-0.064464584
4873,1158,1950.9482,4122.663,211896.625,3361770.5,697.7906,878.61096,945.2271,1999.4296,0.3689701,1829.0709,-0.021744844
4874,1174,1946.6865,4603.206,216702.0625,3361813.25,509.63416,656.7709,629.4757,2051.4258,0.5324816,1838.9059,-0.039871003
4875,1249,1947.4636,5237.161,223041.609375,3361805.25,469.41794,732.9776,666.7706,2784.109,0.616375,1851.8849,-0.17385711
4876,926,1945.7625,5412.5747,224795.75,3361822.5,271.59125,486.66522,382.11124,2682.9282,0.7489359,1855.4753,-0.17127939
4877,1211,1948.5541,3687.497,207544.96875,3361794.5,312.49835,463.3299,415.52063,2021.1461,0.67332536,1820.1617,-0.04953749
4878,1172,1947.9198,5137.9336,222049.34375,3361800.75,343.89804,531.67365,513.5081,2382.535,0.6401745,1849.8536,-0.11712271
4879,1245,1950.8257,3367.0835,204340.84375,3361771.75,256.85422,395.6542,259.26065,2162.7915,0.78341526,1813.6045,-0.08068676
4880,1339,1953.8977,3521.5369,205885.375,3361741.0,551.0982,755.33795,827.9675,2147.9548,0.49134916,1816.7676,-0.07617533
4881,1385,1953.078,4980.075,220470.75,3361749.25,627.8007,806.7473,859.2841,2066.899,0.4204354,1846.6245,-0.048422307
4882,1492,1952.9478,3613.917,206809.171875,3361750.5,314.1153,458.48056,334.74933,2279.349,0.7473659,1818.658,-0.10523267
4883,1219,1951.1879,5060.7964,221277.96875,3361768.0,365.15298,544.1591,454.77768,2338.1653,0.6702453,1848.2761,-0.09547192
4884,1447,1954.537,1476.8148,185438.15625,3361734.75,139.95923,296.67587,201.36143,2046.8418,0.8198778,1774.92,-0.066258855
4885,1518,1955.6633,2958.0408,200250.40625,3361723.25,257.8847,386.94632,261.26218,1866.4226,0.7522152,1805.2349,-0.010875413
4886,1302,1950.2281,4059.4016,211264.015625,3361777.75,352.66934,509.4013,449.70316,2055.764,0.6522434,1827.7755,-0.047656517
4887,1325,1951.2203,1591.8271,186588.265625,3361767.75,134.20528,307.32605,212.65585,2183.7344,0.82194656,1777.2717,-0.099303946
4888,1272,1955.1156,1627.0142,186940.140625,3361728.75,140.49135,307.5511,219.4261,2184.558,0.8172701,1777.994,-0.10145806
4889,1108,1953.2021,1884.9612,189519.609375,3361748.0,151.12636,334.33304,232.86462,2247.4937,0.81117296,1783.2716,-0.10828913
4890,1317,1953.7404,4408.1357,214751.359375,3361742.5,493.98557,668.8493,629.9176,2217.6694,0.55628085,1834.9163,-0.07815686
4891,1181,1953.16,5098.458,221654.578125,3361748.5,328.96487,499.8404,461.83234,2155.1316,0.65310615,1849.0482,-0.06442263
4892,1292,1954.774,3785.8691,208528.6875,3361732.25,423.85913,590.827,567.1904,2024.1335,0.58747774,1822.1787,-0.043045692
4893,1299,1955.8314,2440.0615,195070.609375,3361721.75,548.22943,818.40106,830.3595,2452.8552,0.48952383,1794.6335,-0.14362438
4894,1461,1957.3573,2111.0186,191780.1875,3361706.5,147.95894,332.859,227.13347,2137.7344,0.8071869,1787.9003,-0.08653134
4895,1394,1957.4569,2187.964,192549.640625,3361705.5,163.77547,377.6571,245.29698,2246.0374,0.80556303,1789.4751,-0.11031952
4896,1395,1959.0983,2813.592,198805.921875,3361689.0,602.89105,852.04517,990.6459,2032.5548,0.36100796,1802.2803,-0.05250112
4897,1435,1960.8348,3991.625,210586.25,3361671.75,777.57666,1034.1122,1106.1394,2150.752,0.33222252,1826.3938,-0.07476824
4898,1160,1954.1655,4542.929,216099.296875,3361738.25,389.5168,544.7134,478.44223,2272.9043,0.65027714,1837.6759,-0.09288098
4899,1274,1958.7378,1807.5087,188745.09375,3361692.5,131.99294,303.23862,204.79121,2143.748,0.8249702,1781.6898,-0.087349474
4900,937,1953.5411,5384.8677,224518.671875,3361744.5,262.73267,439.1457,430.89114,2192.7502,0.67714894,1854.9121,-0.074490085
4901,1386,1960.8485,1436.617,185036.171875,3361671.5,156.33406,313.1638,219.0736,2086.3174,0.8092632,1774.1012,-0.07703222
4902,1337,1961.973,1849.3298,189163.296875,3361660.25,158.67314,336.67764,247.71129,2164.9536,0.7999803,1782.5476,-0.09301205
4903,1270,1960.4087,2333.7961,194007.96875,3361676.0,425.05197,694.6063,710.7024,2332.0417,0.56183064,1792.4613,-0.1243777
4904,1142,1958.8135,4774.021,218410.21875,3361691.75,765.9637,931.0731,976.194,1932.4316,0.34118184,1842.4092,-0.016126228
4905,1243,1958.2115,1551.399,186183.984375,3361698.0,140.50603,318.823,219.6259,2161.292,0.8149127,1776.4485,-0.09427179
4906,1441,1963.1874,2776.5115,198435.109375,3361648.25,702.8709,973.5954,1085.5288,2171.658,0.33487004,1801.5237,-0.08578072
4907,1341,1963.3826,3423.2737,204902.734375,3361646.25,224.59172,361.6279,224.43289,2174.324,0.81221414,1814.7615,-0.08706511
4908,1396,1963.9069,3459.169,205261.6875,3361641.0,286.7751,431.0233,320.56912,2030.7852,0.73506314,1815.4966,-0.05091421
4909,1369,1963.8276,4305.019,213720.1875,3361641.75,751.66693,893.46277,966.15924,1732.8313,0.29019326,1832.8108,0.036163714
4910,1160,1958.1207,4476.4688,215434.6875,3361698.75,492.3733,636.9444,615.32025,2031.562,0.53471076,1836.3174,-0.038664088
4911,1510,1963.0443,5021.039,220880.390625,3361649.5,498.8616,680.60297,689.43445,2147.7527,0.51725054,1847.4684,-0.06448089
4912,1350,1963.0719,4255.166,213221.65625,3361649.25,803.5682,971.5774,1049.126,1867.43,0.2866232,1831.7898,0.0008314446
4913,1456,1963.3112,3156.127,202231.265625,3361647.0,303.81284,447.31903,323.77917,2060.662,0.7256928,1809.2935,-0.05628064
4914,1278,1961.7802,4218.018,212850.1875,3361662.25,661.6307,826.70386,892.8885,1989.9471,0.3894327,1831.0287,-0.033313517
4915,1369,1964.9109,4903.486,219704.859375,3361631.0,748.248,923.90356,1028.4109,1896.454,0.30415854,1845.0627,-0.0066660955
4916,1110,1961.1405,5298.5737,223655.734375,3361668.5,277.3392,485.75452,407.47794,2452.0022,0.71991307,1853.1493,-0.11238803
4917,1223,1962.1578,1971.6761,190386.765625,3361658.5,240.99182,448.43665,378.4399,2109.937,0.72369283,1785.0515,-0.07415296
4918,1324,1964.0166,3203.753,202707.53125,3361639.75,242.71979,374.31006,242.81721,2044.9377,0.7864317,1810.2687,-0.056959793
4919,1248,1961.9359,4665.254,217322.53125,3361660.75,416.18268,591.6955,570.5797,2211.1294,0.5913675,1840.1842,-0.08187736
4920,1201,1964.2515,2403.379,194703.78125,3361637.5,682.1532,985.9642,1179.4996,2350.1848,0.33912724,1793.8876,-0.12976876
4921,1256,1962.9753,3023.1409,200901.40625,3361650.25,629.5454,861.98126,931.9654,2127.3474,0.4002639,1806.5714,-0.07296575
4922,1300,1965.4539,3946.5923,210135.921875,3361625.5,491.1723,670.92194,682.6631,1908.4092,0.50277865,1825.4746,-0.016367082
4923,1364,1967.6239,1309.0103,183760.109375,3361603.75,228.07625,388.01907,356.02713,1840.6444,0.67709947,1771.494,-0.007354749
4924,1404,1966.9166,1394.4224,184614.21875,3361610.75,179.151,344.29416,263.49075,2098.2593,0.77749485,1773.2413,-0.07558734
4925,1240,1966.1178,2232.0225,192990.21875,3361618.75,163.41855,368.07983,251.0879,2054.213,0.7810957,1790.3818,-0.0646973
4926,1110,1964.1685,2369.3162,194363.15625,3361638.25,512.5658,789.96844,928.9387,2329.0603,0.43576837,1793.1904,-0.12666945
4927,1217,1967.604,4154.545,212215.453125,3361604.0,886.5534,1055.8126,1159.2251,1931.8903,0.25871363,1829.7325,-0.019078722
4928,1161,1968.0457,1916.547,189835.46875,3361599.5,134.39879,314.51938,209.03445,2312.062,0.8339925,1783.9266,-0.1273445
4929,1599,1971.2195,2891.89,199588.90625,3361567.75,174.00313,353.5541,266.2958,1900.7329,0.7640081,1803.8896,-0.015460529
4930,1221,1966.5143,4092.8435,211598.4375,3361614.75,480.8493,652.16833,600.67773,2234.6912,0.56320906,1828.4689,-0.06900515
4931,1181,1967.3099,2010.3624,190773.625,3361607.0,286.34125,510.03134,451.00763,2220.1633,0.6936253,1785.8462,-0.09736957
4932,1260,1968.3112,2043.519,191105.1875,3361597.0,171.23334,363.75952,262.45874,2192.9365,0.7886865,1786.5253,-0.09838722
4933,1183,1963.8022,5203.4785,222704.78125,3361642.0,443.6737,631.69696,593.44086,2093.622,0.5464839,1851.2037,-0.04196009
4934,982,1963.3564,5355.712,224227.125,3361646.5,209.10947,380.40836,336.8213,2197.0493,0.74003786,1854.3202,-0.07811237
4935,1401,1969.9401,1349.3326,184163.328125,3361580.5,242.10992,412.5482,369.19272,2024.9572,0.69188803,1772.3204,-0.04973564
4936,1400,1970.2578,2736.5322,198035.328125,3361577.5,518.42285,805.8686,857.7,2186.03,0.4338885,1800.7095,-0.089139804
4937,1611,1973.5139,2846.6313,199136.3125,3361544.75,385.15146,628.1794,664.74677,1963.0819,0.5087538,1802.9647,-0.028172186
4938,1223,1967.3884,3724.139,207911.390625,3361606.0,440.8516,611.3107,534.97955,2158.2122,0.6142792,1820.9221,-0.07309251
4939,1373,1968.0852,4736.341,218033.40625,3361599.25,563.748,706.58887,712.6118,1806.2666,0.43899813,1841.6427,0.018802322
4940,1224,1968.5891,2298.117,193651.171875,3361594.0,186.57843,400.90524,282.7549,2088.7354,0.7603556,1791.7358,-0.07034194
4941,1197,1968.5338,2478.2239,195452.234375,3361594.75,676.0593,982.84296,1085.8196,2433.8638,0.39878434,1795.4219,-0.1453995
4942,1342,1970.2146,3655.9397,207229.40625,3361577.75,268.05478,413.29285,310.56186,2106.4233,0.7406664,1819.5277,-0.06782044
4943,1324,1971.1805,4344.746,214117.46875,3361568.25,706.80554,843.05133,889.6401,1698.5846,0.31825402,1833.6279,0.048431464
4944,1139,1970.8297,1720.4126,187874.125,3361571.75,131.2151,297.6058,207.64969,2152.3389,0.8234932,1779.9146,-0.0921383
4945,1412,1973.2485,2144.2896,192112.890625,3361547.5,150.29108,342.34277,227.49576,2219.6536,0.81330824,1788.5905,-0.10447697
4946,1295,1972.7205,3561.2603,206282.59375,3361552.75,399.105,565.49036,502.51968,2210.4534,0.642089,1817.5911,-0.08905959
4947,1246,1972.6356,2620.0024,196870.03125,3361553.75,809.21185,1138.8066,1227.3307,2168.068,0.28493056,1798.3258,-0.07932806
4948,1070,1970.014,3817.2131,208842.125,3361579.75,665.5285,894.5565,995.42896,2162.41,0.37163186,1822.8287,-0.080255605
4949,1270,1972.1221,3906.649,209736.484375,3361558.75,601.687,825.93896,835.4303,2112.7512,0.48182422,1824.6605,-0.062104344
4950,1313,1973.8782,2555.5232,196225.234375,3361541.25,695.00305,1030.4912,1190.0876,2418.5027,0.35317084,1797.007,-0.14215784
4951,1166,1973.9288,1687.4983,187544.984375,3361540.75,133.90738,296.35593,212.50687,2131.4014,0.8184211,1779.2428,-0.08797388
4952,1391,1975.7828,2695.1013,197621.015625,3361522.25,639.37384,926.83466,1049.4824,2202.305,0.35765874,1799.8646,-0.09644631
4953,1345,1975.9769,3239.5278,203065.28125,3361520.25,256.80594,391.116,255.17769,2081.8264,0.77985996,1811.0076,-0.06441708
4954,1507,1973.6562,3859.9536,209269.53125,3361543.5,502.6702,696.59955,672.45685,2019.8899,0.5314136,1823.7056,-0.041856304
4955,1104,1974.5553,1752.4086,188194.09375,3361534.5,138.96104,307.80164,219.84511,2151.7473,0.814507,1780.5715,-0.09307721
4956,1236,1977.3641,3056.593,201235.9375,3361506.25,456.21884,652.14966,640.9915,1989.2435,0.53277177,1807.2642,-0.034654167
4957,1180,1975.0568,4380.931,214479.3125,3361529.5,539.2975,686.0055,667.8818,1942.3644,0.49608693,1834.3707,-0.016724486
4958,1325,1973.5653,3337.529,204045.28125,3361544.25,264.8098,403.52414,267.08188,2141.4524,0.7763002,1813.0121,-0.07650374
4959,1356,1978.0015,3492.8916,205598.90625,3361500.0,775.4775,1010.4012,1147.1965,2024.906,0.28501052,1816.1946,-0.049514063
4960,1257,1973.5791,4805.9,218729.0,3361544.25,777.34485,951.7681,1012.4324,1988.6113,0.3296406,1843.0696,-0.031035615
4961,1193,1976.285,2518.1768,195851.765625,3361517.25,720.88934,1039.6237,1190.2682,2358.383,0.3515427,1796.244,-0.1294489
4962,1165,1973.588,4508.83,215758.296875,3361544.0,509.83734,666.4867,671.18414,1998.3639,0.50955606,1836.9882,-0.024578443
4963,1155,1977.4736,4568.3403,216353.40625,3361505.25,525.35583,701.15625,656.79395,2315.7793,0.5523862,1838.2085,-0.1017667
4964,1263,1976.5646,4631.4727,216984.71875,3361514.25,338.62866,475.616,407.9913,2158.4783,0.67260486,1839.5004,-0.06602706
4965,1002,1973.8673,5326.783,223937.828125,3361541.25,209.06088,371.07135,326.3982,2126.3977,0.74075156,1853.7334,-0.06433206
4966,1326,1976.5913,1508.417,185754.171875,3361514.0,151.00528,316.84766,225.819,2025.5234,0.7983022,1775.5797,-0.059191246
4967,1372,1978.1786,4028.2332,210952.328125,3361498.25,557.06854,751.23395,712.5937,2194.6472,0.51665974,1827.1527,-0.080294356
4968,1288,1975.5,5168.0845,222350.84375,3361525.0,436.7935,587.6696,589.05554,1749.2714,0.51419705,1850.4852,0.038301215
4969,1397,1982.4839,3092.0837,201590.84375,3361455.25,548.2015,776.5884,863.51434,2081.7466,0.4421603,1807.9934,-0.06082927
4970,1392,1979.7356,3387.5999,204546.0,3361482.75,236.3574,376.1347,240.67493,2166.9202,0.7995471,1814.0404,-0.08657256
4971,1133,1975.8385,5265.0166,223320.15625,3361521.5,274.30362,443.8632,397.52426,2187.0322,0.6911886,1852.47,-0.06787574
4972,1410,1982.9163,2653.1072,197201.078125,3361450.75,795.9114,1094.3433,1246.6,2156.7283,0.27167386,1799.0093,-0.08300063
4973,1384,1979.8837,2991.6177,200586.171875,3361481.25,473.55707,681.9198,679.8725,2034.5426,0.5303867,1805.9357,-0.048663188
4974,1261,1977.3783,4440.7954,215077.953125,3361506.25,522.4255,666.8148,656.0476,1893.7605,0.48976716,1835.5974,-0.0039435057
4975,1134,1978.7584,5125.7705,221927.703125,3361492.5,316.37213,493.66315,457.70193,2293.6187,0.6687149,1849.6207,-0.10033322
4976,1177,1979.0391,2264.8708,193318.703125,3361489.5,251.4163,494.44266,390.4027,2204.1086,0.71407914,1791.0615,-0.09669876
4977,1536,1983.4994,2929.6536,199966.53125,3361445.0,212.8418,365.00815,277.36783,1835.984,0.74290085,1804.6696,0.0010637876
4978,1412,1982.9717,4871.406,219384.0625,3361450.25,806.42035,1012.9118,1153.176,2099.691,0.30534026,1844.4155,-0.05140951
4979,1221,1982.2129,1653.5266,187205.265625,3361457.75,148.54791,315.66504,238.11711,2121.185,0.797767,1778.5525,-0.086004935
4980,1426,1984.2925,3276.2996,203433.0,3361437.0,244.66936,377.47687,260.99265,2004.2097,0.7684653,1811.7649,-0.04480973
4981,1132,1981.1829,4598.7764,216657.765625,3361468.25,517.9042,692.37415,671.5287,2185.4197,0.5351291,1838.8335,-0.0735821
4982,1276,1981.5573,2074.688,191416.875,3361464.5,145.50157,323.2751,225.47649,2180.855,0.812451,1787.1709,-0.0974995
4983,1176,1983.7279,2586.239,196532.390625,3361442.75,612.0791,915.6828,1006.5298,2336.6182,0.4040765,1797.6411,-0.12541802
4984,1294,1984.0302,4191.39,212583.90625,3361439.75,707.68085,867.5719,930.0877,1886.7871,0.3498612,1830.4956,-0.008215889
4985,1295,1983.6139,4961.0728,220280.71875,3361443.75,587.0915,799.74133,896.88495,2220.421,0.43391287,1846.2516,-0.0877136
4986,1408,1986.4745,3595.5625,206625.625,3361415.25,246.51988,379.78162,249.36967,2169.6663,0.7932168,1818.3008,-0.0855262
4987,986,1980.644,5414.575,224815.75,3361473.5,238.11765,427.56796,361.67395,2333.466,0.7266733,1855.5343,-0.10099118
4988,1129,1982.7555,5054.3853,221213.84375,3361452.5,306.05936,471.0164,364.23163,2303.0217,0.72615445,1848.1614,-0.098448314
4989,1287,1986.0801,1581.9153,186489.15625,3361419.25,149.38461,319.31625,237.97668,2054.2068,0.7916427,1777.0894,-0.06770809
4990,1288,1987.3137,1784.5753,188515.75,3361406.75,141.40451,306.4969,217.66226,2163.1375,0.8170076,1781.2373,-0.09564192
4991,1143,1982.6107,3690.8076,207578.078125,3361454.0,594.96326,786.3946,807.93304,2000.6058,0.4410098,1820.2482,-0.03520159
4992,1314,1984.9437,3754.997,208219.96875,3361430.5,423.691,619.8219,596.51636,2125.902,0.5826225,1821.5634,-0.067064695
4993,1325,1983.1359,4700.385,217673.84375,3361448.75,410.01926,567.6207,514.0823,2028.8116,0.5927167,1840.9146,-0.032784443
4994,1276,1985.906,4838.457,219054.5625,3361421.0,699.9432,881.8821,924.674,2077.8237,0.38454926,1843.7426,-0.049848534
4995,1189,1988.2238,2206.588,192735.875,3361397.75,156.13036,350.42136,241.05298,2090.8562,0.79267067,1789.874,-0.07456778
4996,1159,1985.73,5089.161,221561.609375,3361422.75,239.2062,400.4314,304.7321,2212.6328,0.7564287,1848.8749,-0.08520783
4997,1189,1986.6392,5231.598,222985.984375,3361413.5,459.33304,662.2561,634.9466,2428.9993,0.5875457,1851.7914,-0.11486694
4998,1338,1989.068,3126.2183,201932.1875,3361389.25,413.7074,585.3535,538.43164,2037.7291,0.6076269,1808.6958,-0.047214802
4999,1263,1990.8203,3180.7166,202477.171875,3361371.75,262.77277,416.33255,305.1433,2018.6362,0.7475395,1809.8121,-0.047427185
5000,1476,1991.9241,4280.7075,213477.078125,3361360.75,796.1562,952.2327,1026.5447,1839.7991,0.2919669,1832.3282,0.0056517953
5001,1298,1990.6757,1951.0354,190180.359375,3361373.25,315.01773,531.76654,489.10324,2228.2395,0.6981026,1784.6456,-0.10429894
5002,1188,1988.9739,3532.6943,205996.9375,3361390.25,625.0951,836.97095,920.5067,2093.8745,0.41044718,1817.0154,-0.0628853
5003,1154,1986.7998,4063.7913,211307.90625,3361412.0,358.87564,514.7461,389.4753,2303.8843,0.69922966,1827.8851,-0.09427106
5004,1261,1990.352,1827.931,188949.3125,3361376.5,156.59793,337.6447,242.5908,2165.7979,0.800073,1782.1262,-0.09191057
5005,1228,1986.8982,1881.1906,189481.90625,3361411.0,135.72638,315.4772,209.0798,2260.5007,0.830113,1783.2141,-0.11565952
5006,1402,1992.0984,1459.0557,185260.5625,3361359.0,146.54065,309.73395,219.88303,2116.1013,0.81136185,1774.5789,-0.08403231
5007,1337,1992.095,1617.7823,186847.828125,3361359.0,154.13014,319.9095,243.97606,2118.4182,0.7932284,1777.8269,-0.083969936
5008,1138,1991.1986,2425.7136,194927.140625,3361368.0,479.3014,762.6028,790.7733,2428.2056,0.516704,1794.3602,-0.14170565
5009,1290,1992.476,3971.2651,210382.65625,3361355.25,585.34106,807.6628,762.9291,2354.5984,0.5361082,1825.9943,-0.11759361
5010,1220,1989.1827,4124.9336,211919.34375,3361388.25,705.3123,861.8602,920.88116,1842.0193,0.34478492,1829.1381,0.004096335
5011,928,1985.0754,5385.1035,224521.03125,3361429.25,220.27101,383.12445,352.4208,1983.0382,0.6992725,1854.9332,-0.030785099
5012,1120,1988.8589,1544.8365,186118.359375,3361391.5,146.17232,315.01874,231.2491,2088.8071,0.8005445,1776.3323,-0.07665707
5013,1448,1996.098,3633.446,207004.46875,3361319.0,324.35498,482.81802,424.23413,2015.9547,0.67583704,1819.0815,-0.045860317
5014,1085,1990.8967,4538.741,216057.40625,3361371.0,471.39215,635.57556,572.02997,2231.014,0.58475953,1837.6097,-0.07904552
5015,1474,1995.9498,4922.622,219896.21875,3361320.5,623.97626,855.0553,942.672,2252.9878,0.4276341,1845.4708,-0.09326365
5016,1536,1996.2037,4997.1997,220642.0,3361318.0,519.4971,719.6592,700.26434,2413.7131,0.54041904,1846.9978,-0.11141937
5017,1190,1995.484,2457.5203,195245.203125,3361325.25,614.4664,904.537,1056.611,2347.853,0.39659023,1795.0135,-0.12854747
5018,1438,1997.2281,1419.6571,184866.578125,3361307.75,171.13422,331.38388,258.1495,1993.5807,0.77279544,1773.7756,-0.053369533
5019,1290,1997.3427,2170.3271,192373.265625,3361306.5,163.33876,355.78683,247.72093,2138.2053,0.79254365,1789.1372,-0.085460626
5020,1100,1992.5682,2358.3108,194253.109375,3361354.25,199.06181,406.27545,306.1918,2084.1365,0.7484888,1792.9816,-0.06961296
5021,1427,1999.3132,3313.9165,203809.15625,3361286.75,301.04764,458.4054,340.5494,2153.5564,0.73112845,1812.5432,-0.07487105
5022,1220,1996.0328,1991.0214,190580.21875,3361319.75,338.2836,564.5713,531.2582,2270.4336,0.6720205,1785.467,-0.113653116
5023,1255,1994.6797,3789.2861,208562.859375,3361333.25,635.2239,880.1135,978.2319,2170.5881,0.38957033,1822.2706,-0.08454628
5024,1467,1997.2284,4234.664,213016.640625,3361307.75,678.1915,848.56647,891.71814,1996.3876,0.39075872,1831.3885,-0.03282993
5025,1271,1992.7042,4771.4077,218384.078125,3361353.0,635.7352,796.0291,810.9945,1997.8485,0.43737987,1842.3735,-0.03179766
5026,1400,1998.5057,1373.2607,184402.609375,3361295.0,181.40929,345.32144,276.44644,1993.4692,0.7578193,1772.827,-0.04199687
5027,1597,1999.097,2799.9812,198669.8125,3361289.0,469.06262,736.30994,837.58795,2132.5798,0.45161507,1802.0244,-0.076065615
5028,1342,1997.9352,4409.436,214764.359375,3361300.75,501.21945,694.079,726.6937,2213.206,0.5279442,1834.9666,-0.07988772
5029,1228,1993.2784,4475.3735,215423.734375,3361347.25,491.96008,644.8123,596.5167,2236.3303,0.5801178,1836.3138,-0.0851197
5030,1333,1997.5829,2104.7358,191717.359375,3361304.25,138.74344,314.05103,208.20781,2263.3901,0.83128285,1787.795,-0.116132475
5031,1256,1999.1234,2324.7786,193917.78125,3361288.75,182.06927,417.08917,263.02148,2277.0835,0.79301697,1792.2991,-0.11247663
5032,1424,2000.4684,2758.703,198257.03125,3361275.25,598.5583,882.7163,1005.68964,2169.4172,0.36097312,1801.1803,-0.08382067
5033,1487,2000.2677,3435.0303,205020.3125,3361277.25,247.30095,385.04944,267.14023,2032.6842,0.7695559,1815.0226,-0.049949083
5034,1426,2000.5511,4324.683,213916.828125,3361274.5,587.92847,752.35626,831.9169,2023.433,0.43154204,1833.233,-0.033364825
5035,1387,2002.46,2963.3281,200303.28125,3361255.5,302.55264,469.48343,369.597,1993.0277,0.68630004,1805.3694,-0.036593333
5036,1117,1998.4324,3827.5256,208945.25,3361295.75,780.0376,1030.6781,1089.978,2173.6978,0.3493299,1823.0553,-0.07995077
5037,1291,2000.1804,3931.004,209980.03125,3361278.25,572.5631,780.0662,786.11115,2354.7378,0.5014229,1825.1744,-0.114148855
5038,1169,1999.1616,5292.743,223597.4375,3361288.5,259.40506,441.06757,393.4136,2259.299,0.70148873,1853.0497,-0.088643216
5039,1503,2001.4684,1325.4119,183924.125,3361265.25,232.73853,404.829,365.65002,1946.0046,0.68535554,1771.8497,-0.024683824
5040,1258,1997.3895,4663.1226,217301.21875,3361306.0,398.80087,553.2806,512.2186,2046.9575,0.60454756,1840.1593,-0.04290878
5041,1211,1999.9967,5196.7017,222637.015625,3361280.0,556.6664,735.33405,759.924,1853.1045,0.42085162,1851.0839,0.0074381647
5042,1211,2002.6581,2495.635,195626.34375,3361253.5,650.6664,941.18164,1129.6168,2249.3716,0.34293026,1795.7977,-0.10649141
5043,1334,2001.3905,3030.24,200972.40625,3361266.0,690.6173,998.77435,1182.4022,2347.867,0.34707046,1806.7383,-0.12614745
5044,1330,2003.6647,3891.1323,209581.328125,3361243.25,533.49963,751.6643,760.6835,2236.3748,0.4949335,1824.3601,-0.091202445
5045,975,1997.0862,5355.524,224225.234375,3361309.25,186.50461,340.44513,281.27283,2062.8267,0.7606888,1854.3339,-0.050438665
5046,1315,2004.06,2394.7573,194617.578125,3361239.5,303.25476,527.73535,492.1772,2105.8767,0.6481247,1793.734,-0.07261295
5047,1451,2005.7354,2867.8662,199348.65625,3361222.75,372.30463,580.8787,656.1675,1800.8242,0.4817804,1803.4175,0.008884355
5048,1421,2005.7325,3355.9507,204229.5,3361222.75,314.61118,481.45285,374.67383,2159.3958,0.7202959,1813.4071,-0.07862136
5049,1077,2003.6936,5144.8896,222118.90625,3361243.0,295.62488,467.96426,389.36072,2246.9453,0.6998038,1850.0251,-0.08746493
5050,1150,2006.1791,1490.6548,185576.546875,3361218.25,159.50435,326.38608,241.6113,2110.4932,0.79396135,1775.2338,-0.08125341
5051,1395,2005.2179,2027.4817,190944.8125,3361227.75,141.85448,322.40503,220.89964,2256.2947,0.821674,1786.2185,-0.11468281
5052,1277,2004.6414,3217.0986,202840.984375,3361233.5,422.61316,638.49646,567.9487,2343.745,0.62976295,1810.5646,-0.11781686
5053,1422,2006.7109,4004.862,210718.625,3361213.0,505.51547,712.5218,653.6354,2513.7617,0.5878969,1826.6898,-0.1455793
5054,1374,2007.131,2716.032,197830.3125,3361208.75,622.74524,913.123,1025.7816,1976.4899,0.31727386,1800.3108,-0.040020246
5055,1126,2001.4458,1917.6732,189846.734375,3361265.5,139.69716,317.15454,217.1714,2241.1182,0.8229634,1783.9692,-0.11164441
5056,1206,2004.6053,2289.2554,193562.5625,3361234.0,196.25871,427.11856,299.72305,2240.4055,0.76627296,1791.5752,-0.10556627
5057,1220,2005.3262,3715.2712,207822.71875,3361226.75,419.57376,602.1996,532.4922,2175.6816,0.6076403,1820.7615,-0.07454296
5058,1235,2004.5353,4160.386,212273.859375,3361234.75,750.4725,901.4413,973.4255,1761.0332,0.2976256,1829.8721,0.026862366
5059,1112,2006.2751,1711.0504,187780.5,3361217.25,132.8804,296.96582,206.75719,2073.7563,0.81843334,1779.7438,-0.071905665
5060,1239,2010.707,1858.1372,189251.375,3361173.0,136.91849,314.84018,216.59322,2199.5842,0.818198,1782.7562,-0.100094706
5061,1392,2007.013,2242.5022,193095.015625,3361209.75,231.71552,460.36136,357.2414,2147.5173,0.72450274,1790.6199,-0.08393574
5062,1417,2009.0396,3471.8328,205388.328125,3361189.5,757.9739,955.99506,1021.3571,1960.5599,0.31928992,1815.7808,-0.031054256
5063,1220,2008.1573,5036.691,221036.90625,3361198.5,402.28116,584.1057,494.2213,2482.1365,0.67529166,1847.8125,-0.1303188
5064,1236,2006.5186,4093.1553,211601.5625,3361214.75,327.3289,483.60315,394.39847,2205.8848,0.68943083,1828.497,-0.07891405
5065,1346,2006.4465,4735.0596,218020.59375,3361215.5,812.279,975.09326,1060.1125,1792.7191,0.26760927,1841.6368,0.021700853
5066,1167,2008.4148,1743.0934,188100.9375,3361195.75,148.11139,313.0257,231.93402,2131.1611,0.8034087,1780.4008,-0.088077575
5067,1328,2012.4955,3150.9346,202179.34375,3361155.0,549.9047,753.2199,735.7967,2125.5298,0.5030453,1809.2147,-0.0716525
5068,1387,2008.5674,4369.2295,214362.296875,3361194.25,365.89655,498.02344,415.39328,2166.813,0.66933745,1834.1492,-0.06823489
5069,944,2005.036,5323.3784,223903.78125,3361229.75,257.23517,432.90625,419.92743,2047.4147,0.6615529,1853.6799,-0.043853045
5070,1314,2011.1096,2533.255,196002.546875,3361169.0,918.5594,1278.9977,1514.7313,2456.9148,0.2672306,1796.5724,-0.14893189
5071,1308,2011.071,2609.3838,196763.84375,3361169.25,612.38837,919.23627,1028.594,2345.49,0.3924954,1798.1304,-0.12514623
5072,1420,2013.6915,2678.9092,197459.09375,3361143.0,767.76337,1075.8309,1189.6183,2156.2627,0.29234934,1799.5548,-0.07968309
5073,1109,2011.0009,1681.0288,187480.28125,3361170.0,136.01984,285.6835,213.6249,1973.2606,0.804421,1779.1322,-0.04755145
5074,1308,2013.5963,2134.9412,192019.40625,3361144.0,146.13531,324.68732,221.82799,2168.9,0.813979,1788.4225,-0.09356772
5075,1324,2012.5846,3399.087,204660.875,3361154.25,364.60196,520.2783,448.7096,1997.0223,0.65437084,1814.2938,-0.039070148
5076,1468,2014.1376,3673.3787,207403.78125,3361138.5,581.1877,766.4438,793.04803,1909.794,0.44768786,1819.9088,-0.014010914
5077,1504,2017.756,2830.77,198977.703125,3361102.5,573.3511,840.65955,1008.0226,1937.7134,0.3541683,1802.665,-0.031032814
5078,1584,2015.8857,2906.8738,199738.734375,3361121.25,327.81946,527.52966,583.29706,1838.1777,0.5380363,1804.2216,-0.0018685277
5079,1273,2014.0212,3514.0503,205810.5,3361139.75,735.5915,965.38293,1084.5758,1983.4858,0.31119815,1816.6476,-0.03896251
5080,1197,2011.4762,4508.873,215758.734375,3361165.25,584.6412,758.06683,776.84503,2049.2507,0.46688414,1837.0093,-0.041648906
5081,1376,2011.9673,4810.375,218773.75,3361160.25,807.88226,987.343,1067.0483,1928.7485,0.28978518,1843.1815,-0.010541366
5082,1119,2010.7543,5259.1025,223261.03125,3361172.5,259.27838,430.00626,363.12466,2198.2163,0.71764743,1852.367,-0.075987615
5083,1434,2017.2183,4887.2456,219542.453125,3361107.75,632.3417,830.62274,944.7545,2225.2532,0.4125042,1844.7579,-0.0837551
5084,1136,2015.0299,1524.7949,185917.953125,3361129.75,167.37675,344.11444,257.3715,2149.235,0.78589094,1775.9376,-0.0905711
5085,1400,2017.4714,2061.4492,191284.5,3361105.25,143.66142,313.65787,222.23643,2218.065,0.8177248,1786.9208,-0.10629627
5086,1318,2016.1359,2566.61,196336.09375,3361118.75,626.8604,896.8073,999.99164,2248.3625,0.38512617,1797.2579,-0.10301493
5087,1518,2015.1746,3563.4875,206304.875,3361128.25,439.46277,608.07806,575.1805,2036.6765,0.58835024,1817.6602,-0.048457395
5088,1268,2015.0939,3856.5134,209235.125,3361129.0,561.9255,731.47833,844.4377,1853.983,0.3796776,1823.6578,-0.005659523
5089,1331,2014.1232,4581.112,216481.125,3361138.75,571.0169,741.3452,745.1728,2087.9155,0.47549522,1838.4895,-0.050322834
5090,1411,2015.119,4622.6636,216896.640625,3361128.75,403.42026,543.9943,464.7087,2130.129,0.64026916,1839.3406,-0.063181736
5091,1180,2014.6068,5109.779,221767.78125,3361134.0,241.17245,400.26822,319.21228,2132.9304,0.74265087,1849.312,-0.06632822
5092,1190,2016.7639,1806.463,188734.625,3361112.25,194.78067,381.62943,302.71176,2175.5193,0.76502293,1781.7024,-0.090175085
5093,1450,2017.7842,3068.0242,201350.25,3361102.25,726.2707,1049.2421,1273.8573,2332.9434,0.3267262,1807.5208,-0.11736462
5094,1366,2018.0615,3252.0066,203190.0625,3361099.5,471.1501,669.75366,626.7427,2127.369,0.55663145,1811.2865,-0.06903035
5095,1397,2017.3057,4048.8354,211158.359375,3361107.0,315.03973,468.23514,377.437,2285.621,0.7120927,1827.5956,-0.09826983
5096,1316,2015.5623,4442.0957,215090.953125,3361124.5,488.7443,644.6235,639.3248,1979.6646,0.5130789,1835.6445,-0.02717909
5097,1043,2013.7958,5416.6797,224836.796875,3361142.0,340.1865,514.8979,552.82025,1965.3806,0.56378883,1855.5945,-0.023627095
5098,1328,2021.4917,2639.9058,197069.0625,3361065.0,714.7387,1048.0715,1188.9744,2320.6777,0.3355258,1798.761,-0.1162742
5099,1270,2019.2748,5072.4395,221394.390625,3361087.25,234.64568,400.7921,307.263,2178.8555,0.74972945,1848.5502,-0.07308242
5100,1409,2020.9816,2997.8005,200648.0,3361070.25,630.3637,871.06104,966.3634,2216.7822,0.40945807,1806.0853,-0.095582105
5101,1125,2021.504,5168.576,222355.765625,3361065.0,598.1551,779.53375,805.6111,1913.1676,0.4228144,1850.5194,-0.0072406405
5102,1163,2021.2545,1560.387,186273.875,3361067.5,156.80997,321.4815,246.93036,2097.6526,0.78906447,1776.6696,-0.078677006
5103,1173,2019.4603,1650.8363,187178.359375,3361085.5,153.8994,312.4757,236.8491,2081.1536,0.7955021,1778.5194,-0.07380045
5104,1180,2020.7263,3745.722,208127.21875,3361072.75,652.1381,890.09155,984.79193,2065.0793,0.37924024,1821.3932,-0.057617936
5105,1306,2020.0391,4197.5205,212645.203125,3361079.5,639.4119,804.8629,831.98737,1888.3982,0.40032837,1830.6405,-0.0005810707
5106,1368,2018.7712,4955.6704,220226.703125,3361092.25,592.773,819.1586,965.84393,2212.2058,0.40324202,1846.1594,-0.08693827
5107,975,2015.8636,5384.23,224512.296875,3361121.25,290.03024,475.15076,459.81436,2202.602,0.65517247,1854.9313,-0.081232585
5108,1174,2023.6235,1769.5034,188365.03125,3361043.75,153.15417,320.60306,236.34071,2120.5034,0.7993678,1780.9501,-0.085620396
5109,1303,2019.4467,4697.84,217648.40625,3361085.5,524.7091,662.79626,654.19916,1851.4321,0.4826225,1840.8817,0.010457703
5110,1142,2023.6139,1972.5718,190395.71875,3361043.75,169.669,354.81,263.03766,2285.8994,0.79876155,1785.1056,-0.11999093
5111,1305,2023.6537,3287.738,203547.375,3361043.5,588.96014,797.73334,810.0234,2105.1116,0.4512365,1812.0209,-0.066536605
5112,1387,2026.0873,4262.982,213299.8125,3361019.25,495.93835,658.3327,577.7787,2272.12,0.56714374,1831.9838,-0.07110188
5113,1182,2024.1565,1592.3282,186593.28125,3361038.5,170.945,342.56345,268.21573,2165.5151,0.7799815,1777.3248,-0.09410161
5114,1185,2024.1292,1895.0455,189620.453125,3361038.75,139.07257,315.254,221.01772,2254.3545,0.8213809,1783.5194,-0.11581238
5115,1159,2021.0172,2198.8335,192658.34375,3361069.75,166.56601,367.75497,255.8188,2124.171,0.78495705,1789.7343,-0.08212671
5116,1474,2025.6764,3103.0835,201700.84375,3361023.25,776.7849,1048.0424,1210.6554,2248.592,0.30777633,1808.2428,-0.10335694
5117,1457,2025.2958,3605.245,206722.453125,3361027.0,513.6383,691.26044,701.6191,1961.701,0.5015259,1818.5204,-0.03034826
5118,1569,2026.979,4849.374,219163.75,3361010.25,641.44934,824.21796,873.39355,2074.186,0.41222963,1843.9878,-0.05049145
5119,1150,2023.6704,5224.134,222911.34375,3361043.25,457.45087,647.9213,641.96564,2210.5083,0.548454,1851.6578,-0.0775233
5120,1340,2028.4844,1395.3859,184623.859375,3360995.25,204.62761,368.78134,307.34702,2026.0194,0.73872787,1773.2975,-0.0548825
5121,1161,2022.9354,4543.541,216105.40625,3361050.75,544.9018,720.4354,703.72266,2141.7783,0.505893,1837.7251,-0.06448939
5122,1269,2027.0702,3959.2656,210262.65625,3361009.25,399.2171,580.94684,453.69266,2645.3054,0.70357704,1825.7676,-0.16931988
5123,1450,2029.6882,4302.851,213698.515625,3360983.0,546.27136,721.6462,736.06067,2157.9558,0.4921582,1832.8018,-0.064096875
5124,1167,2024.2236,2363.634,194306.34375,3361037.75,171.04027,387.7155,259.3582,2117.8672,0.780615,1793.1086,-0.07837033
5125,1190,2027.6084,3778.831,208458.3125,3361004.0,606.9643,806.72687,910.56006,2109.592,0.39635545,1822.0746,-0.06640585
5126,1253,2025.7239,4128.6753,211956.75,3361022.75,345.94614,494.84198,491.63925,1921.3037,0.58675724,1829.2344,-0.003912083
5127,1196,2028.6447,2471.8496,195388.5,3360993.5,488.6898,760.9139,835.40216,2210.108,0.49639642,1795.3258,-0.09531818
5128,1227,2027.7482,3189.3677,202563.671875,3361002.5,528.5245,749.63,767.5888,2145.0615,0.4816315,1810.0099,-0.078172654
5129,1422,2033.1512,1355.9852,184229.859375,3360948.5,210.5007,380.7644,330.35303,1951.7489,0.71450514,1772.4941,-0.03180552
5130,1404,2029.4246,2433.3953,195003.953125,3360985.75,227.69302,444.28918,348.78705,2081.4807,0.7258987,1794.5393,-0.06679028
5131,1560,2033.6622,2947.4563,200144.5625,3360943.5,580.3045,760.7907,870.86444,1924.5295,0.38813162,1805.0621,-0.025332427
5132,1280,2030.3344,3815.3242,208823.25,3360976.75,940.1598,1175.4062,1282.5105,2053.0137,0.27427423,1822.823,-0.054240104
5133,1270,2031.2858,1939.77,190067.703125,3360967.25,459.84488,707.37244,711.8945,2343.0938,0.61602104,1784.4387,-0.12603329
5134,1287,2026.0529,4771.6333,218386.328125,3361019.5,846.4573,1029.9094,1130.3481,1921.8391,0.26606813,1842.3959,-0.015145529
5135,1172,2031.4283,5017.6606,220846.609375,3360965.75,357.0627,527.9659,400.06357,2488.61,0.7216653,1847.435,-0.1405381
5136,942,2027.915,5345.9014,224129.015625,3361000.75,255.8052,417.2877,408.81952,1977.2871,0.6594774,1854.1528,-0.028512342
5137,1349,2034.1831,1434.4633,185014.625,3360938.25,157.27946,324.6968,243.36472,2152.0303,0.7964346,1774.1005,-0.092131786
5138,1106,2032.0823,1621.509,186885.09375,3360959.25,160.70343,329.1085,253.2839,2158.7622,0.78965443,1777.9266,-0.09278788
5139,1232,2029.3783,4478.487,215454.875,3360986.25,482.30276,657.6534,608.3267,2281.4707,0.5836894,1836.3969,-0.09559087
5140,1176,2031.6556,1466.0892,185330.890625,3360963.5,163.59694,329.375,247.30186,2144.6794,0.7927142,1774.7461,-0.08900475
5141,1442,2035.7025,4347.85,214148.5,3360923.0,338.81552,490.54437,414.224,2157.1875,0.6703918,1833.7262,-0.06373628
5142,1169,2029.7673,4657.5747,217245.75,3360982.25,488.9722,611.8426,570.5355,1865.6309,0.5279951,1840.063,0.0046799174
5143,1339,2034.4645,2093.9805,191609.8125,3360935.25,151.05003,329.19342,237.13518,2176.8662,0.80320996,1787.5963,-0.09649898
5144,1285,2035.5074,2735.0608,198020.609375,3360925.0,719.635,1060.151,1145.154,2221.8965,0.3209931,1800.7163,-0.09352937
5145,1431,2036.0524,2772.104,198391.03125,3360919.5,795.7135,1135.1614,1295.4822,2253.9658,0.27573478,1801.4747,-0.10638073
5146,1268,2037.2769,1836.4921,189034.921875,3360907.25,120.64353,295.36356,195.41876,2218.9883,0.8380889,1782.3289,-0.107370034
5147,1567,2036.351,4398.908,214659.078125,3360916.5,493.76453,696.40234,665.15826,2537.6973,0.582613,1834.7716,-0.14171477
5148,1276,2037.9734,2003.3683,190703.6875,3360900.25,335.39813,569.2226,531.11676,2240.4404,0.6612176,1785.7441,-0.10547958
5149,1441,2037.6218,3643.4219,207104.21875,3360903.75,684.74774,871.6464,948.00385,1803.781,0.32651073,1819.3086,0.011473559
5150,1234,2035.816,4226.9204,212939.203125,3360921.75,495.06158,652.66614,613.32495,1968.763,0.52391666,1831.2509,-0.018731097
5151,1167,2034.2202,2284.7087,193517.09375,3360937.75,188.94002,412.73523,281.7095,2258.6248,0.7774602,1791.4993,-0.10900931
5152,1519,2039.921,3332.175,203991.75,3360880.75,680.62933,897.85913,903.974,2164.3225,0.41745093,1812.9395,-0.081767246
5153,1294,2035.7543,3924.4329,209914.328125,3360922.5,453.20633,650.9007,597.1646,2416.9011,0.6025634,1825.0593,-0.12774563
5154,1338,2040.4895,4985.5425,220525.421875,3360875.0,423.72946,594.4581,485.01608,2414.9746,0.66388613,1846.7823,-0.118548065
5155,1272,2036.7343,2165.7202,192327.203125,3360912.75,181.14937,374.44733,276.8294,2142.5747,0.7712794,1789.0657,-0.0856424
5156,1326,2035.0309,2327.0483,193940.484375,3360929.75,190.80392,417.06863,278.6071,2238.1177,0.78087884,1792.3662,-0.106653996
5157,1431,2038.1097,4918.462,219854.625,3360899.0,696.3693,924.03,1078.3696,2150.9917,0.34354576,1845.408,-0.07183321
5158,1116,2037.948,5281.778,223487.78125,3360900.5,299.19354,490.0663,458.68594,2286.0076,0.66057897,1852.8453,-0.09557268
5159,1034,2035.7485,5312.4507,223794.5,3360922.5,319.38925,498.73694,536.3283,2028.8119,0.5783678,1853.4722,-0.035819918
5160,1040,2040.4375,2221.3962,192883.96875,3360875.5,242.53847,468.00482,375.1,2259.7634,0.7274648,1790.2072,-0.109638266
5161,1341,2039.7502,2508.7756,195757.75,3360882.5,669.0194,995.47504,1151.877,2543.9814,0.40933317,1796.0879,-0.16803588
5162,1324,2040.0732,3370.2266,204372.265625,3360879.25,663.1741,891.66425,913.2398,2146.8743,0.4116674,1813.7184,-0.076895095
5163,1468,2042.1935,3449.1716,205161.71875,3360858.0,697.65295,913.57526,968.5688,2073.2627,0.3653423,1815.3353,-0.057278916
5164,1261,2041.736,4022.3855,210893.859375,3360862.75,391.63165,564.39374,510.4199,2327.9802,0.6371857,1827.0675,-0.09841624
5165,1089,2041.0717,2253.402,193204.015625,3360869.25,168.83838,384.77686,259.20294,2212.326,0.789657,1790.8625,-0.100932695
5166,1416,2040.0114,3034.0728,201010.71875,3360880.0,705.4636,964.93787,1094.3347,2109.667,0.33469728,1806.8384,-0.06341423
5167,1308,2041.8395,3494.357,205613.5625,3360861.5,736.86694,957.29816,1056.6503,1964.6556,0.33460286,1816.2599,-0.030081272
5168,1222,2043.3069,3987.3486,210543.484375,3360847.0,328.85678,482.3752,375.3261,2284.0066,0.71252507,1826.3512,-0.09320661
5169,1253,2038.7733,4088.4653,211554.65625,3360892.25,371.9617,547.84955,526.3671,2221.4536,0.6161864,1828.4185,-0.077585064
5170,1197,2040.9115,5131.7637,221987.640625,3360871.0,298.6253,469.3684,402.5259,2277.023,0.7028904,1849.7759,-0.096564375
5171,1369,2043.5135,2589.5002,196565.0,3360844.75,710.00146,1000.9204,1160.2987,2296.3062,0.33047336,1797.742,-0.11516435
5172,1185,2045.0455,3131.3672,201983.671875,3360829.5,765.35443,1018.30505,1216.4655,2176.0144,0.2857935,1808.8325,-0.088944845
5173,1428,2045.2955,3536.9595,206039.59375,3360827.0,771.42926,1020.2006,1164.3582,2211.2368,0.3187135,1817.1338,-0.091263585
5174,1291,2039.9319,3710.9365,207779.375,3360880.75,510.3114,708.8691,714.34937,2023.3815,0.48707154,1820.6917,-0.046267718
5175,1261,2039.939,4165.629,212326.28125,3360880.5,349.0555,500.11182,420.27954,2025.5,0.65475756,1829.9985,-0.031479564
5176,1158,2041.209,5195.0776,222620.78125,3360868.0,651.70337,847.225,865.59973,1894.143,0.38815168,1851.0721,-0.0048850602
5177,1151,2041.8158,1502.053,185690.53125,3360861.75,161.5986,331.9192,247.19635,2231.6404,0.79999423,1775.488,-0.10835951
5178,1306,2041.5344,1721.1125,187881.125,3360864.75,132.13094,292.94028,209.45023,2079.1538,0.8165784,1779.9703,-0.074938126
5179,1306,2043.9487,3414.2397,204812.40625,3360840.5,701.44867,913.22705,980.9441,2068.0356,0.36393443,1814.6213,-0.05728509
5180,1296,2040.5146,3887.7415,209547.40625,3360874.75,417.4182,643.7199,574.8418,2591.1982,0.6359717,1824.3109,-0.16583255
5181,1335,2043.3723,2399.1072,194661.078125,3360846.25,181.49289,385.90637,277.3438,2042.5408,0.7624249,1793.8456,-0.059745297
5182,1552,2044.6476,2874.3267,199413.265625,3360833.5,736.75195,996.73065,1220.5258,1945.737,0.23609331,1803.5717,-0.03396956
5183,1317,2044.6461,3223.0781,202900.78125,3360833.5,798.3793,1057.7354,1215.6769,2243.5125,0.30400816,1810.7092,-0.10102053
5184,1278,2045.3584,4599.2764,216662.765625,3360826.5,475.16705,631.34467,626.82825,2063.9495,0.5361444,1838.8779,-0.044003636
5185,1408,2043.0845,4729.826,217968.265625,3360849.25,879.4819,1043.4215,1144.7753,1805.5519,0.22674246,1841.5491,0.016562408
5186,892,2043.5056,5369.34,224363.40625,3360845.0,271.81335,456.79483,416.63678,2189.3818,0.6766357,1854.6407,-0.07463356
5187,1319,2049.138,2034.3821,191013.8125,3360788.5,141.66338,316.28052,220.73996,2264.2783,0.822232,1786.3853,-0.116985574
5188,1375,2051.2837,2801.373,198683.734375,3360767.25,752.0327,1081.9353,1212.3346,2121.4539,0.2760801,1802.0824,-0.07296595
5189,1035,2044.7236,5249.1094,223161.09375,3360832.75,316.20627,494.4343,514.09375,2002.9454,0.59397185,1852.18,-0.036425583
5190,1043,2045.8505,5402.0806,224690.8125,3360821.5,345.9257,538.53784,508.4765,2177.3337,0.61991435,1855.3123,-0.07102782
5191,1335,2047.5648,1684.9797,187519.796875,3360804.25,148.28914,309.1498,229.05843,2064.8906,0.7972233,1779.2345,-0.066888854
5192,1299,2050.2024,1872.7106,189397.109375,3360778.0,132.8445,312.1755,217.26328,2257.0933,0.82437193,1783.0775,-0.11631401
5193,1300,2049.7493,2661.5107,197285.109375,3360782.5,570.0531,835.11383,964.0162,2156.5938,0.39074296,1799.2192,-0.08501875
5194,1555,2052.555,2698.921,197659.203125,3360754.5,641.5376,974.8167,1055.083,2447.9917,0.40192556,1799.9865,-0.14470151
5195,1095,2049.3022,3163.693,202306.9375,3360787.0,830.0338,1089.0858,1249.2123,2196.3872,0.2893784,1809.4965,-0.093748815
5196,1194,2049.439,1792.134,188591.34375,3360785.5,238.39699,426.99664,367.23618,2126.5059,0.72863024,1781.4282,-0.08068521
5197,1226,2050.1306,4559.203,216262.03125,3360778.75,514.5526,665.70636,642.7745,2115.9536,0.52633685,1838.0602,-0.049815428
5198,1279,2050.5435,5094.9233,221619.234375,3360774.5,200.60712,355.56882,271.9742,2032.3284,0.7625468,1849.0267,-0.04281063
5199,1198,2050.8464,1537.8915,186048.921875,3360771.5,193.23038,373.56177,297.18866,2241.2922,0.7700727,1776.2267,-0.11006107
5200,1269,2050.0425,2128.5146,191955.140625,3360779.5,152.58708,334.145,239.33176,2160.4153,0.80023074,1788.312,-0.092775784
5201,1400,2050.8513,4515.176,215821.75,3360771.5,846.8168,1001.9414,1079.4178,1847.1964,0.26914403,1837.1593,0.0047253636
5202,1364,2048.0732,4809.205,218762.046875,3360799.25,645.81305,809.09015,850.27966,1891.5319,0.38254863,1843.1766,-0.0015153631
5203,1415,2053.0,5055.96,221229.59375,3360750.0,254.00742,422.7159,322.2039,2279.346,0.7520302,1848.2305,-0.09964811
5204,1621,2054.7112,2546.802,196138.015625,3360733.0,652.4898,960.2394,1093.8093,2374.966,0.38160628,1796.8746,-0.13333888
5205,1444,2053.5193,3578.2202,206452.203125,3360744.75,758.7992,1008.3861,1159.973,2129.1763,0.30917457,1817.9828,-0.07521718
5206,1268,2050.7454,3849.3313,209163.3125,3360772.5,477.99094,664.5639,699.4507,2213.9707,0.51599115,1823.5303,-0.08714415
5207,1192,2051.5527,4683.9985,217509.984375,3360764.5,537.1716,673.3645,647.84985,1806.1615,0.47404027,1840.6155,0.022308331
5208,1207,2054.3586,1914.971,189819.703125,3360736.5,368.22122,594.3181,579.8451,2232.2876,0.665185,1783.9447,-0.10343732
5209,1383,2050.624,4439.612,215066.125,3360773.75,469.6497,632.3793,605.782,2135.3645,0.55988413,1835.6124,-0.05948233
5210,1363,2058.276,1753.0022,188200.015625,3360697.25,165.18121,333.43066,260.34042,2095.3337,0.7884079,1780.6327,-0.07770923
5211,1574,2056.5103,2990.1729,200571.734375,3360715.0,906.42505,1145.7278,1327.3564,2101.976,0.2409669,1805.9492,-0.06466829
5212,1379,2055.794,3679.388,207463.875,3360722.0,854.376,1076.6864,1185.5068,2020.0587,0.277008,1820.0547,-0.043683995
5213,1239,2056.2761,4059.2751,211262.75,3360717.25,505.7272,708.7978,740.5198,2320.2922,0.5085632,1827.8304,-0.09252387
5214,1261,2054.7058,2834.8835,199018.84375,3360733.0,779.8382,1078.6448,1271.203,2009.575,0.22646436,1802.7701,-0.048119094
5215,1518,2057.3103,2915.9355,199829.359375,3360707.0,707.5962,930.0181,1128.2603,1837.9009,0.24475767,1804.4304,-0.0022795785
5216,1174,2054.8892,3298.1226,203651.21875,3360731.0,621.40247,863.10986,896.24615,2259.8987,0.4418863,1812.2509,-0.10355321
5217,1304,2057.5728,4637.8374,217048.375,3360704.25,503.09357,641.5729,594.3604,2108.9521,0.5528787,1839.6737,-0.0467127
5218,1562,2062.1926,2623.009,196900.09375,3360658.0,626.5672,913.78296,1002.4501,2303.6191,0.39669466,1798.4384,-0.11495646
5219,1418,2058.9268,3259.5105,203265.109375,3360690.75,1014.17346,1286.7388,1426.7944,2201.421,0.23093493,1811.4629,-0.09476217
5220,1251,2058.446,1572.8209,186398.203125,3360695.5,165.11911,336.10632,255.67706,2203.354,0.7915866,1776.9459,-0.10295489
5221,1283,2057.4194,1647.2448,187142.453125,3360705.75,176.01169,345.02963,272.7911,2092.5652,0.76823956,1778.4681,-0.07351175
5222,1261,2056.6685,3749.6558,208166.5625,3360713.25,884.20026,1132.3945,1268.8822,2060.5603,0.26365158,1821.4934,-0.0536898
5223,1569,2059.8254,4881.8916,219488.90625,3360681.75,669.91235,888.4761,1016.47577,2260.6992,0.38647735,1844.6708,-0.09649295
5224,1327,2057.7815,4953.226,220202.265625,3360702.25,502.79126,691.48004,735.4107,2125.9873,0.4998735,1846.1299,-0.065979764
5225,1206,2058.7969,5158.747,222257.46875,3360692.0,431.0311,614.9755,610.2695,2258.9834,0.574048,1850.3376,-0.09132486
5226,1280,2061.5508,2064.9343,191319.34375,3360664.5,148.67891,327.5328,235.94296,2246.8633,0.80967945,1787.0176,-0.11266077
5227,1178,2061.6401,2307.8955,193748.953125,3360663.5,211.46689,437.25977,318.50595,2273.4568,0.7634482,1791.9895,-0.113672026
5228,1175,2056.2034,2361.6655,194286.65625,3360718.0,177.45021,394.25446,257.77618,2227.0852,0.7920351,1793.0868,-0.10523303
5229,1559,2060.9917,3068.6685,201356.6875,3360670.0,914.53015,1201.812,1390.6389,2150.6394,0.23291974,1807.5582,-0.08497894
5230,1239,2058.2979,4122.862,211898.625,3360697.0,302.8862,460.5335,412.0343,1942.1985,0.6475187,1829.133,-0.009947337
5231,1450,2061.9966,4278.692,213456.921875,3360660.0,509.88138,633.32275,621.0103,1613.0066,0.44660595,1832.3247,0.08242361
5232,1334,2060.919,1967.8036,190348.03125,3360670.75,146.05472,321.47076,223.32684,2218.063,0.8167799,1785.0297,-0.10702541
5233,1468,2064.511,4323.7603,213907.59375,3360635.0,581.40497,763.77075,772.17505,2159.982,0.46924368,1833.2485,-0.06208183
5234,1181,2062.4116,1410.3539,184773.53125,3360656.0,210.3209,387.78662,323.77478,2079.8892,0.7330415,1773.6239,-0.0670212
5235,1259,2063.5083,2194.486,192614.859375,3360645.0,215.44797,422.59094,330.90073,2226.3757,0.74733055,1789.6698,-0.10155379
5236,1341,2061.0708,2465.525,195325.25,3360669.25,298.8173,531.9217,455.6704,2242.0178,0.7099932,1795.215,-0.10329993
5237,1215,2057.8914,4771.4995,218385.0,3360701.0,765.428,947.81854,1022.1535,1957.9021,0.31878746,1842.41,-0.022402884
5238,1085,2060.729,5334.953,224019.53125,3360672.75,375.64423,551.4636,593.44196,1935.9553,0.5345572,1853.9458,-0.015560943
5239,1190,2062.5654,3785.7463,208527.46875,3360654.25,978.8067,1233.9467,1356.7491,2208.1777,0.25528148,1822.2354,-0.08990344
5240,1456,2064.9265,4197.5156,212645.15625,3360630.75,282.9052,445.69128,347.6528,2157.7544,0.71973395,1830.6647,-0.07190836
5241,1327,2067.2578,1376.7784,184437.78125,3360607.5,202.49059,361.93744,319.90506,1896.5245,0.7156003,1772.9398,-0.01916951
5242,1434,2066.6724,3617.518,206845.1875,3360613.25,1057.3458,1315.0624,1539.5966,2086.3633,0.15967195,1818.7944,-0.059325434
5243,1597,2069.4038,4369.0737,214360.734375,3360586.0,478.43488,639.4512,600.15845,2136.8213,0.5624261,1834.1787,-0.06274725
5244,1350,2067.5022,1606.8962,186738.96875,3360605.0,189.57925,364.25482,294.54593,2243.7312,0.76992315,1777.6484,-0.11185243
5245,1192,2062.1006,4477.317,215443.171875,3360659.0,643.9769,815.83057,829.83014,2077.8877,0.42595053,1836.3904,-0.048339643
5246,1398,2066.7861,4842.0703,219090.703125,3360612.25,724.95386,906.28864,1012.5615,2228.2598,0.38262302,1843.8593,-0.090160415
5247,1196,2067.7317,1822.1923,188891.921875,3360602.75,129.57526,302.0719,207.05685,2178.6362,0.826077,1782.0541,-0.0975855
5248,1318,2066.8406,4239.629,213066.28125,3360611.5,464.67032,592.2944,555.66504,1860.1958,0.5239046,1831.5277,0.016689701
5249,1226,2065.6306,5022.7065,220897.0625,3360623.75,250.10114,412.14395,316.0726,2157.84,0.74144256,1847.5563,-0.062464222
5250,1236,2067.221,5222.1255,222891.25,3360607.75,488.26456,678.5445,615.48987,1912.7115,0.5112961,1851.6394,-0.011064978
5251,1202,2065.6606,1472.6564,185396.5625,3360623.5,185.09734,360.16223,291.06073,2166.4734,0.76260525,1774.9006,-0.09285707
5252,1226,2069.9592,3474.199,205411.984375,3360580.5,690.3336,909.1954,1011.2994,1983.4376,0.3555688,1815.8629,-0.036563195
5253,1412,2070.2358,3106.3704,201733.703125,3360577.75,1048.6803,1343.7815,1533.9122,2210.231,0.1915451,1808.335,-0.09742246
5254,1237,2068.4915,3190.7825,202577.828125,3360595.0,1065.6553,1353.5687,1552.7183,2162.349,0.1708474,1810.0616,-0.0874931
5255,1120,2066.7893,3817.459,208844.59375,3360612.0,780.8576,1005.8214,1089.1969,2120.995,0.3516744,1822.8867,-0.067952335
5256,1461,2069.3127,3956.7366,210237.375,3360586.75,324.6434,488.3881,382.56262,2275.2979,0.7083285,1825.7388,-0.08510583
5257,1395,2070.3591,2428.8745,194958.75,3360576.5,349.2717,587.4208,544.6093,2165.8286,0.6519166,1794.4702,-0.08635478
5258,1162,2069.865,3385.4285,204524.28125,3360581.25,743.5762,1028.3408,1145.1519,2374.8796,0.35412297,1814.046,-0.1299704
5259,1490,2073.7322,2957.3584,200243.578125,3360542.75,1042.3741,1296.8638,1469.6523,2081.3635,0.18286309,1805.2874,-0.05850654
5260,1306,2070.2527,3918.124,209851.25,3360577.5,403.35986,567.7795,447.9579,2368.3665,0.676062,1824.949,-0.107655056
5261,1198,2070.324,5298.1787,223651.78125,3360576.75,445.60516,619.5993,641.9662,2030.4329,0.52714396,1853.1979,-0.03738517
5262,1230,2071.9424,2272.0562,193390.5625,3360560.5,188.06992,398.5317,270.5878,2290.3057,0.7874408,1791.2621,-0.117656454
5263,1451,2071.1123,2738.29,198052.90625,3360569.0,773.41077,1128.8745,1351.2095,2492.3142,0.31476852,1800.8026,-0.15618515
5264,1221,2073.0393,2100.194,191671.9375,3360549.5,152.03604,333.93365,240.52335,2204.6487,0.80313516,1787.7458,-0.10326227
5265,1137,2072.117,2158.4055,192254.0625,3360558.75,166.20757,356.15918,255.86543,2196.432,0.7904392,1788.9365,-0.097702086
5266,1135,2072.2158,2233.2354,193002.359375,3360557.75,158.13216,357.31543,237.37181,2261.5103,0.80939513,1790.4678,-0.11391849
5267,1198,2072.4934,4159.4434,212264.4375,3360555.0,286.56927,453.32013,338.59222,2000.773,0.7088121,1829.8895,-0.035988264
5268,1443,2074.7686,4408.3076,214753.078125,3360532.25,439.91925,633.12024,598.2228,2393.0315,0.60568774,1834.9846,-0.111946814
5269,1200,2076.3225,4703.7573,217707.578125,3360516.75,807.8675,971.11835,1058.7341,1760.3921,0.25463426,1841.0331,0.029934756
5270,1453,2074.6821,2504.068,195710.6875,3360533.25,599.6242,903.3166,962.4948,2399.0916,0.5271787,1796.0115,-0.13624556
5271,1340,2077.4082,3510.9895,205779.890625,3360506.0,898.8358,1165.7642,1375.675,2166.5256,0.23057349,1816.62,-0.08385491
5272,1248,2075.4023,3719.9575,207869.578125,3360526.0,978.9251,1220.0885,1344.1794,2047.9294,0.23164177,1820.8959,-0.053470075
5273,1265,2075.1643,3877.2822,209442.8125,3360528.25,523.96643,758.30237,704.087,2842.9304,0.6066284,1824.1157,-0.20840944
5274,1169,2074.5818,5260.5903,223275.90625,3360534.25,519.9748,691.38666,664.8935,1998.734,0.4999922,1852.4307,-0.03103814
5275,1012,2071.2124,5373.9346,224409.34375,3360568.0,503.90216,698.9936,728.97925,2006.8784,0.4747183,1854.7491,-0.035071928
5276,1327,2079.1846,1439.2329,185062.328125,3360488.25,166.74792,334.36548,254.95102,2138.9563,0.78698415,1774.2247,-0.07957949
5277,1261,2080.4575,1938.1705,190051.703125,3360475.5,177.1713,361.73434,266.21014,2250.4783,0.7932025,1784.4347,-0.11244687
5278,1491,2076.8135,3029.4192,200964.1875,3360511.75,988.71094,1282.9889,1419.6334,2216.0188,0.2260592,1806.7638,-0.0978482
5279,1150,2076.7644,4741.0435,218080.4375,3360512.25,801.01044,982.0657,1083.4626,1876.9869,0.27421695,1841.7965,-0.0025567324
5280,1163,2075.9407,1507.6449,185746.453125,3360520.5,170.29321,344.42133,263.11523,2250.012,0.78980803,1775.6226,-0.11136646
5281,1265,2077.1787,3998.306,210653.0625,3360508.25,319.84744,505.0573,384.30157,2532.9924,0.7333878,1826.5939,-0.1387234
5282,1136,2077.1902,4034.0078,211010.078125,3360508.0,369.48987,520.00305,455.17606,2186.6628,0.6472895,1827.3246,-0.06774597
5283,1155,2076.5662,5188.0874,222550.875,3360514.25,718.39435,915.3333,969.6342,2012.7021,0.35527542,1850.9475,-0.03087871
5284,1366,2077.626,2000.0366,190670.375,3360503.75,293.0293,513.1501,460.85724,2248.4722,0.71088856,1785.699,-0.11009834
5285,1365,2082.7737,3353.008,204200.078125,3360452.25,1009.3311,1285.0754,1417.7905,2225.9036,0.2384449,1813.3896,-0.0998072
5286,1307,2077.7207,4090.6335,211576.34375,3360502.75,441.77084,640.3592,674.9376,2266.2363,0.5553846,1828.4839,-0.094177194
5287,1180,2078.9941,4574.3433,216413.4375,3360490.0,615.1267,728.9483,727.7055,1661.8462,0.39642125,1838.3855,0.060231287
5288,1379,2077.9246,4920.722,219877.21875,3360500.75,663.95685,859.2433,998.252,1972.7744,0.33821627,1845.4751,-0.028929187
5289,1344,2079.0454,5120.6167,221876.171875,3360489.5,229.23549,380.64026,316.58707,1969.5558,0.7282139,1849.5676,-0.025160095
5290,1361,2082.944,1855.6804,189226.8125,3360450.5,138.65834,313.2917,229.74358,2136.7312,0.80504525,1782.7482,-0.0872072
5291,1314,2082.2869,2343.8936,194108.9375,3360457.25,175.1621,377.76105,255.99847,2214.261,0.79210824,1792.738,-0.10292836
5292,1506,2081.8088,2775.3792,198423.796875,3360462.0,566.8214,865.1082,947.0405,2177.6208,0.3996684,1801.5677,-0.089903325
5293,1224,2080.6218,2854.7664,199217.65625,3360473.75,807.70917,1117.4396,1320.7876,2117.571,0.23376602,1803.1917,-0.07481523
5294,1427,2082.2502,3652.5256,207195.25,3360457.5,769.00104,966.5634,1060.6759,1904.1405,0.29958543,1819.5194,-0.012352871
5295,1330,2082.0127,4534.876,216018.75,3360459.75,702.9335,848.2387,901.86127,1795.4579,0.34213954,1837.5792,0.023117118
5296,1090,2078.0156,4609.9653,216769.65625,3360499.75,648.4794,807.05365,805.4179,2087.452,0.45379966,1839.1141,-0.050454497
5297,1400,2081.545,4992.2393,220592.390625,3360464.5,340.58035,499.78287,382.87143,2223.513,0.70308816,1846.941,-0.07615354
5298,1425,2080.341,1715.9755,187829.75,3360476.5,148.85263,316.57965,234.47649,2158.1052,0.80355936,1779.888,-0.09273039
5299,1331,2080.952,2389.6724,194566.71875,3360470.5,200.40195,404.15854,296.1082,2110.1946,0.7534171,1793.6741,-0.07779346
5300,1576,2081.0925,2583.007,196500.0625,3360469.0,670.4499,983.74176,1106.9537,2369.4233,0.36849612,1797.6305,-0.13132721
5301,1192,2081.6082,3321.8113,203888.109375,3360464.0,1028.4459,1312.8817,1462.9857,2292.9072,0.2370901,1812.7505,-0.114843935
5302,1348,2081.5327,3550.4622,206174.625,3360464.75,962.0857,1223.9885,1418.9596,2137.088,0.21384855,1817.4302,-0.07935539
5303,1271,2082.6145,4664.214,217312.140625,3360453.75,706.8309,842.0252,880.4524,1763.8596,0.336505,1840.2269,0.037108682
5304,1287,2083.251,1894.6869,189616.875,3360447.5,325.6783,532.6092,495.41803,2110.129,0.65004313,1783.5465,-0.072152555
5305,1390,2082.141,3148.1086,202151.09375,3360458.5,1244.8108,1566.5482,1774.5985,2233.5364,0.11906747,1809.1959,-0.1033475
5306,1396,2085.993,2890.7944,199577.9375,3360420.0,789.6777,1105.6833,1261.227,2101.5488,0.25120562,1803.932,-0.07201416
5307,1260,2080.6182,3418.5151,204855.15625,3360473.75,749.7603,991.525,1119.5793,2076.1028,0.30478078,1814.7291,-0.057367563
5308,1314,2083.1262,1676.108,187431.078125,3360448.75,163.32573,335.35922,248.55632,2211.7969,0.7971487,1779.0739,-0.10431831
5309,1261,2081.7668,3225.7273,202927.28125,3360462.25,1112.5035,1393.1575,1567.3485,2126.3613,0.15932877,1810.7842,-0.07392539
5310,1398,2085.8848,5081.3154,221483.15625,3360421.25,216.23177,378.90057,293.41058,2074.356,0.7508946,1848.7667,-0.054861918
5311,1305,2084.6467,1786.2805,188532.8125,3360433.5,175.21533,356.16858,276.5885,2147.0398,0.7772943,1781.3291,-0.0877477
5312,1290,2091.917,3449.089,205160.890625,3360360.75,973.24304,1244.7512,1387.2399,2166.0132,0.24325322,1815.3612,-0.08333975
5313,1439,2088.5352,4451.1807,215181.8125,3360394.75,469.04517,612.4569,570.94965,2012.5883,0.55621636,1835.8695,-0.031831723
5314,1254,2085.87,4805.388,218723.875,3360421.25,649.18463,811.7089,855.61163,1892.8162,0.38381428,1843.1185,-0.00303389
5315,1204,2087.157,1541.5814,186085.8125,3360408.5,185.07391,359.3995,286.83057,2128.7932,0.76363796,1776.3236,-0.08056591
5316,1505,2085.5747,2660.9941,197279.9375,3360424.25,552.26044,822.90564,914.5216,2247.3242,0.42460638,1799.229,-0.10501064
5317,1172,2088.024,3287.2312,203542.3125,3360399.75,1151.9092,1458.4598,1653.7709,2271.886,0.16738898,1812.0464,-0.110872895
5318,1329,2090.5012,4495.7417,215627.421875,3360375.0,725.5617,877.9353,911.4981,1898.9924,0.35321406,1836.7827,-0.0043158946
5319,1260,2091.4834,3841.0493,209080.5,3360365.25,514.1139,681.1163,623.79803,2227.8027,0.5580735,1823.383,-0.07446727
5320,1276,2092.329,1634.9858,187019.859375,3360356.75,182.32132,364.11206,283.761,2257.094,0.7782465,1778.2378,-0.11023204
5321,1435,2092.1262,2034.7324,191017.328125,3360358.75,176.75679,365.2042,276.83484,2253.0237,0.789448,1786.4174,-0.11405342
5322,1147,2091.2163,2132.3035,191993.03125,3360367.75,159.24324,344.1918,248.32607,2239.3618,0.79921687,1788.4133,-0.10854659
5323,1550,2093.9485,2815.7761,198827.765625,3360340.5,742.11676,1030.9664,1134.8309,2155.6348,0.3205383,1802.4014,-0.07748163
5324,1382,2092.7417,3589.7476,206567.46875,3360352.5,975.466,1262.7544,1396.6765,2289.9873,0.25946796,1818.2404,-0.11027015
5325,1298,2092.366,3765.1433,208321.4375,3360356.25,853.72614,1075.7754,1147.9907,2008.3224,0.30810508,1821.83,-0.040029917
5326,1419,2094.2043,4298.3286,213653.28125,3360338.0,749.65857,904.06134,996.8238,1747.1152,0.28286427,1832.7439,0.03744374
5327,988,2089.3826,5342.7397,224097.40625,3360386.25,764.002,985.3816,1109.5607,2022.755,0.3309622,1854.12,-0.038828358
5328,1585,2094.157,2702.4758,197694.75,3360338.5,562.9281,857.665,992.3382,2379.747,0.4217323,1800.0828,-0.1330923
5329,1345,2095.284,3690.8313,207578.3125,3360327.25,669.6465,886.3807,913.9175,2110.3757,0.41758087,1820.3105,-0.06774235
5330,1225,2092.5566,4131.713,211987.125,3360354.5,280.7502,435.29837,326.1645,2049.3955,0.7250842,1829.3328,-0.047344435
5331,1599,2096.2163,2541.1719,196081.71875,3360317.75,651.30707,957.5091,1138.3983,2396.748,0.36508733,1796.7831,-0.1382124
5332,1336,2094.491,4957.8853,220248.84375,3360335.0,450.4697,622.34357,608.0307,2116.2214,0.5582909,1846.2446,-0.06045365
5333,1479,2096.8052,5041.344,221083.4375,3360312.0,242.58452,399.55005,307.3161,2080.7283,0.7420912,1847.9542,-0.053356532
5334,1062,2091.8833,4773.128,218401.28125,3360361.25,666.1921,834.2566,874.5584,1968.8154,0.3969181,1842.4613,-0.02035663
5335,1310,2098.0886,4863.9062,219309.0625,3360299.0,647.9355,848.1592,943.2916,2255.208,0.42525107,1844.3228,-0.09432474
5336,1428,2099.5315,2928.2578,199952.578125,3360284.75,870.6488,1172.3834,1305.6394,2091.3655,0.24040674,1804.7063,-0.06968697
5337,1324,2096.3672,5152.91,222199.09375,3360316.25,396.56308,592.7005,557.5589,2336.6035,0.6167093,1850.2377,-0.10602042
5338,1236,2096.0266,1574.2969,186412.96875,3360319.75,173.78802,351.82364,271.66666,2195.1182,0.779068,1776.9983,-0.095019504
5339,1364,2096.7112,1750.519,188175.1875,3360313.0,242.60338,436.7075,382.2588,2132.9583,0.71604615,1780.6044,-0.07866397
5340,1577,2100.9646,3000.1016,200671.015625,3360270.25,725.52185,972.2996,1051.3561,2142.465,0.3699552,1806.1775,-0.081525914
5341,1388,2099.7456,4215.93,212829.296875,3360282.5,286.00467,416.20172,321.03638,2102.7524,0.7286309,1831.0604,-0.05704933
5342,1194,2097.5361,2073.412,191404.125,3360304.75,151.30151,331.25964,238.46985,2228.0796,0.8064872,1787.2119,-0.10859408
5343,1106,2097.9954,2179.923,192469.234375,3360300.0,190.60759,392.45752,294.18445,2291.8127,0.77564186,1789.3917,-0.118619666
5344,1139,2094.8525,2310.1,193771.0,3360331.5,185.38718,399.84723,272.27393,2343.403,0.79200286,1792.0537,-0.12871023
5345,1383,2099.4497,3079.7302,201467.296875,3360285.5,771.2097,1046.2733,1135.0138,2236.8257,0.3279488,1807.8062,-0.100746505
5346,1371,2099.3567,4254.5186,213215.1875,3360286.5,533.34174,683.76587,682.8534,1809.6018,0.45464095,1831.85,0.026184764
5347,1526,2101.4902,4340.2075,214072.078125,3360265.0,890.8565,1050.4072,1160.3159,1816.7123,0.22542804,1833.6051,0.012790979
5348,1135,2100.3374,2212.505,192795.046875,3360276.5,160.17268,356.45285,251.13568,2275.9136,0.8009517,1790.0598,-0.11789649
5349,1491,2098.11,2464.5762,195315.765625,3360299.0,161.41917,372.91885,238.79947,2230.1946,0.80550975,1795.2167,-0.10411991
5350,1127,2100.6025,5312.1064,223791.0625,3360274.0,700.63135,904.1486,1019.79816,1974.7334,0.35870147,1853.4988,-0.0260582
5351,1413,2100.8635,1403.2745,184702.75,3360271.25,206.47346,368.30008,334.01273,1914.8889,0.703623,1773.5018,-0.02216681
5352,1216,2101.6882,3255.2368,203222.375,3360263.0,949.9531,1174.7714,1326.199,1894.984,0.18137999,1811.3992,-0.0037556186
5353,1349,2103.4292,4058.392,211253.921875,3360245.75,470.66605,646.80505,660.3703,2179.9666,0.53872955,1827.838,-0.07018992
5354,1226,2102.6477,4898.491,219654.90625,3360253.5,462.0518,644.4176,614.7149,2384.1672,0.5899857,1845.0331,-0.1190251
5355,1334,2102.2031,3803.1492,208701.5,3360258.0,439.4584,610.3422,518.20166,2315.9524,0.62734395,1822.6132,-0.10397736
5356,1175,2102.2554,3901.806,209688.0625,3360257.5,369.05872,513.75745,443.00342,1975.0332,0.6281126,1824.6324,-0.01898241
5357,1228,2100.342,1468.754,185357.546875,3360276.5,186.34364,356.62378,291.4096,2058.3755,0.7525952,1774.8413,-0.05667019
5358,1182,2104.2903,4627.956,216949.5625,3360237.0,872.8782,1036.0956,1136.2491,1801.7124,0.23066707,1839.4963,0.018051496
5359,1337,2102.3784,5230.7173,222977.171875,3360256.25,524.38855,707.0976,761.45514,1907.3186,0.44498757,1851.8336,-0.008166483
5360,1432,2105.2598,1964.2241,190312.25,3360227.5,139.78491,311.72485,218.32053,2227.488,0.82095927,1784.9822,-0.10823218
5361,1099,2103.4985,2247.0037,193140.03125,3360245.0,191.78162,393.19473,292.41855,2256.715,0.7721073,1790.7676,-0.10976175
5362,1709,2104.505,2622.5068,196895.0625,3360235.0,559.7279,833.5307,929.1299,2259.4504,0.42108133,1798.4521,-0.10843112
5363,1359,2105.7249,3976.3438,210433.4375,3360222.75,367.23032,546.24835,447.79288,2283.8845,0.66444045,1826.1599,-0.08089308
5364,1433,2105.0168,4175.4136,212424.140625,3360229.75,252.63293,410.0007,287.01117,1951.2118,0.7425407,1830.234,-0.028952539
5365,1184,2103.157,5274.244,223412.4375,3360248.5,418.0245,584.63806,592.7986,1907.1385,0.5271997,1852.725,-0.006316288
5366,1349,2106.278,3937.4805,210044.8125,3360217.25,430.3258,592.87915,534.0486,2171.645,0.60676855,1825.3647,-0.059234563
5367,1276,2102.1316,3189.6167,202566.171875,3360258.75,1004.26373,1255.1952,1431.6771,2059.6724,0.1954931,1810.0565,-0.060292643
5368,1004,2104.4373,4721.3076,217883.078125,3360235.75,892.0772,1047.3362,1153.0194,1652.5269,0.17778571,1841.4072,0.05865997
5369,1346,2104.1345,1822.3833,188893.828125,3360238.75,149.89153,329.1924,245.20654,2179.6472,0.79744864,1782.0792,-0.097011305
5370,1019,2105.3936,2279.479,193464.78125,3360226.0,162.36899,362.68106,240.8371,2345.8577,0.8133795,1791.4332,-0.13217531
5371,1259,2107.7546,3733.8054,208008.0625,3360202.5,458.2526,651.2117,559.3602,2407.2502,0.6232796,1821.197,-0.12447637
5372,1229,2107.9211,4829.8535,218968.53125,3360200.75,784.84094,985.9243,1133.6741,2079.4658,0.30312082,1843.6309,-0.053538594
5373,1412,2106.6606,2422.0042,194890.046875,3360213.5,385.79886,628.46173,583.6409,2214.4456,0.6277425,1794.3505,-0.095929585
5374,1531,2113.373,3046.7295,201137.296875,3360146.25,554.9301,806.1456,761.8602,2287.8567,0.49554747,1807.1387,-0.104284644
5375,1397,2109.446,3116.861,201838.609375,3360185.5,751.22296,1004.9875,1083.3436,2132.9907,0.327792,1808.5717,-0.07681182
5376,1376,2109.694,3483.9265,205509.265625,3360183.0,1157.4677,1447.2151,1628.669,2166.1765,0.15591973,1816.084,-0.08505478
5377,1452,2111.4414,3624.624,206916.25,3360165.5,766.7593,998.94147,1083.7662,2101.7751,0.32852587,1818.9645,-0.06346196
5378,1263,2110.897,1603.3444,186703.4375,3360171.0,198.31987,377.24307,316.55423,2085.9312,0.7389956,1777.6013,-0.06906326
5379,1321,2111.4958,1917.5874,189845.875,3360165.0,174.16579,346.19077,253.3997,2187.464,0.79191285,1784.0316,-0.09858205
5380,1276,2106.6042,3384.8745,204518.75,3360214.0,1072.8217,1342.6438,1516.3335,2115.3894,0.17667283,1814.055,-0.07303263
5381,1563,2113.1409,4377.297,214442.96875,3360148.5,490.36563,641.4562,599.4341,2027.6788,0.54089373,1834.3705,-0.033094615
5382,1059,2108.0293,5363.9927,224309.921875,3360199.75,685.6331,935.3376,900.8985,2499.218,0.46932673,1854.5647,-0.11391069
5383,1353,2112.233,2375.7332,194427.328125,3360157.75,190.9889,388.47968,269.27274,2206.2173,0.7818819,1793.4067,-0.10121214
5384,1515,2110.5413,2742.1062,198091.0625,3360174.5,814.1802,1113.4694,1345.328,2277.7253,0.27783605,1800.9031,-0.10774358
5385,1362,2112.6565,2965.9082,200329.078125,3360153.5,840.72174,1139.1406,1271.782,2185.286,0.27159515,1805.4843,-0.09042396
5386,1252,2109.7795,4019.9434,210869.4375,3360182.25,396.70728,532.0695,482.3267,1886.7268,0.5821422,1827.0544,0.0048625767
5387,1348,2110.2974,4413.9756,214809.75,3360177.0,417.55377,578.04675,513.4548,2165.8406,0.61015916,1835.1196,-0.06587615
5388,1085,2110.023,4591.7485,216587.484375,3360179.75,806.19354,941.96454,1005.5097,1699.4982,0.26137987,1838.7583,0.045833655
5389,1257,2108.5608,5193.009,222600.09375,3360194.5,609.2908,810.2721,835.22394,2057.2207,0.42893407,1851.065,-0.03995988
5390,1272,2111.761,3523.2327,205902.328125,3360162.5,996.4304,1276.5452,1449.0892,2229.6147,0.22435118,1816.8895,-0.09770452
5391,1221,2108.9746,1506.4324,185734.328125,3360190.25,182.25143,362.97217,275.4619,2246.417,0.78136027,1775.6173,-0.09906718
5392,1174,2112.1064,2107.615,191746.15625,3360159.0,155.93271,337.52045,233.94633,2257.3347,0.8117165,1787.9203,-0.11481352
5393,1224,2113.1748,3868.071,209350.71875,3360148.25,337.23038,483.4812,399.6021,2080.0393,0.6701925,1823.9479,-0.04822634
5394,1219,2113.525,4559.046,216260.46875,3360144.75,755.7986,896.29694,938.32526,1778.6198,0.31829882,1838.0907,0.025134586
5395,1206,2114.8657,4690.2256,217572.25,3360131.25,824.91956,971.64264,1062.221,1681.3665,0.23547043,1840.7765,0.051106773
5396,1412,2114.7634,1700.5382,187675.375,3360132.25,220.69334,391.50848,347.14163,2042.8053,0.7216884,1779.5923,-0.060047537
5397,1445,2111.84,2503.7273,195707.28125,3360161.5,402.9495,656.92523,627.9619,2235.3708,0.6104444,1796.0258,-0.100578964
5398,1449,2117.6238,5006.008,220730.078125,3360103.75,265.34885,425.9234,320.12698,2132.0244,0.7344697,1847.2418,-0.05933975
5399,1250,2116.7913,1661.1528,187281.53125,3360112.0,155.2976,320.5672,238.436,2161.235,0.8016709,1778.7876,-0.091333985
5400,1435,2117.265,1875.3707,189423.703125,3360107.25,312.35052,512.8265,457.08154,2208.1875,0.6795196,1783.1711,-0.094633654
5401,1154,2112.4714,4092.9402,211599.40625,3360155.25,376.276,544.448,522.43286,2224.0957,0.6286118,1828.5499,-0.08633585
5402,1084,2117.1245,4751.3247,218183.25,3360108.75,661.2011,824.73987,878.4825,1849.7352,0.36628553,1842.0283,0.009425227
5403,1320,2115.463,1999.9667,190669.671875,3360125.25,245.36894,447.07196,387.71667,2283.9243,0.7433401,1785.7195,-0.11890326
5404,1246,2120.353,2153.5715,192205.71875,3360076.5,233.63483,439.96228,360.04736,2273.5242,0.74351037,1788.8655,-0.11460388
5405,1350,2114.2266,2858.28,199252.796875,3360137.75,849.8111,1155.2482,1346.5186,2083.4482,0.22045209,1803.2826,-0.060869057
5406,1266,2116.9014,3155.0767,202220.765625,3360111.0,714.55334,968.45734,1049.5297,2015.3993,0.3291464,1809.3579,-0.050241943
5407,1258,2118.2273,3560.3108,206273.109375,3360097.75,716.13196,976.4547,1040.3939,2235.195,0.37022167,1817.652,-0.09763792
5408,983,2115.0935,4657.104,217241.03125,3360129.0,743.9135,870.5453,909.44305,1636.7258,0.28840932,1840.0988,0.072663434
5409,1509,2117.5466,5114.104,221811.03125,3360104.5,239.9672,393.1077,305.9957,2007.5414,0.73349416,1849.4545,-0.03201163
5410,1550,2119.4053,2575.1633,196421.625,3360086.0,622.91547,930.47485,1048.7903,2392.8464,0.40289477,1797.4918,-0.13388312
5411,1258,2118.9055,4523.1216,215901.21875,3360091.0,633.0779,778.597,773.8764,1884.5759,0.41895667,1837.3583,0.0006291091
5412,1472,2123.4124,4930.2466,219972.46875,3360046.0,671.0751,860.6488,953.0666,1972.7292,0.3642894,1845.6941,-0.026155716
5413,1481,2122.5469,1433.626,185006.265625,3360054.5,214.22823,379.53815,355.3795,1909.0776,0.6899239,1774.1356,-0.01601167
5414,1270,2119.6047,2337.9119,194049.125,3360084.0,171.32677,367.82285,252.00708,2244.9788,0.79767376,1792.6371,-0.11008883
5415,1508,2121.6194,2783.2156,198502.15625,3360063.75,518.0424,792.1306,822.2891,2320.5688,0.48209137,1801.7506,-0.12050318
5416,1305,2118.4873,3320.8635,203878.640625,3360095.25,817.3479,1051.6969,1234.218,2152.56,0.27642077,1812.7517,-0.0809397
5417,1301,2119.4504,3419.5603,204865.59375,3360085.5,973.83203,1245.0431,1391.1342,2216.5608,0.25033787,1814.7721,-0.096151605
5418,1390,2122.1597,3663.0352,207300.34375,3360058.5,868.823,1077.6144,1190.9353,1980.5867,0.25195518,1819.7565,-0.033794746
5419,1531,2122.4534,2669.5095,197365.09375,3360055.5,681.5271,969.16266,1120.5454,2321.733,0.36353168,1799.4243,-0.122034594
5420,1232,2119.5366,3224.5876,202915.875,3360084.75,811.0617,1031.584,1187.6838,1900.5978,0.23257695,1810.782,-0.017574344
5421,1342,2121.163,5074.1514,221411.515625,3360068.25,241.98062,406.51788,309.0093,2096.2068,0.7422691,1848.6385,-0.057404574
5422,1438,2122.0244,1786.7517,188537.515625,3360059.75,162.6231,346.96106,260.04034,2280.3748,0.7951976,1781.3606,-0.116812065
5423,961,2120.5566,4123.974,211909.75,3360074.5,243.04474,409.41882,299.96045,2233.6804,0.7614231,1829.1896,-0.09053524
5424,1236,2126.0938,4276.7563,213437.5625,3360019.0,806.43286,946.7775,1034.8883,1642.4009,0.23891012,1832.3196,0.061280604
5425,1278,2124.2612,4486.104,215531.03125,3360037.5,794.46124,931.32043,976.95856,1773.2445,0.29060185,1836.6035,0.02778567
5426,1418,2125.1165,2899.1064,199661.0625,3360028.75,661.5275,977.3992,1138.1389,2209.8667,0.32267714,1804.1243,-0.09060284
5427,1220,2124.7058,4786.151,218531.5,3360033.0,806.45166,1000.29016,1116.548,1898.9755,0.2646294,1842.7452,-0.008225844
5428,1109,2121.9873,3285.495,203524.953125,3360060.25,727.252,944.12396,1143.8016,2078.8896,0.29737708,1812.0298,-0.06465716
5429,1314,2127.1575,3354.682,204216.8125,3360008.5,777.9905,998.4585,1182.5985,2004.8562,0.26106185,1813.4486,-0.045546006
5430,1265,2123.7676,1541.9691,186089.6875,3360042.25,202.52254,385.0245,326.53677,2120.8481,0.7326867,1776.3531,-0.075356044
5431,1126,2126.3286,2058.2637,191252.640625,3360016.75,156.54884,336.46802,243.008,2214.745,0.8021232,1786.9187,-0.10584428
5432,1265,2123.9795,4449.068,215160.6875,3360040.25,507.9656,649.67865,635.39844,1975.8668,0.5065238,1835.8453,-0.02104858
5433,1346,2128.7847,4969.976,220369.765625,3359992.25,324.84213,477.6616,361.72473,2129.5093,0.70366234,1846.5101,-0.054480366
5434,874,2128.2266,5385.938,224529.375,3359997.75,585.6293,831.7454,806.46454,3036.79,0.5934272,1855.0244,-0.22681013
5435,1352,2133.3499,1842.1183,189091.1875,3359946.5,260.37723,447.6864,395.50888,2099.0718,0.71384335,1782.5001,-0.070947915
5436,1400,2129.3694,3778.52,208455.203125,3359986.25,581.91284,723.295,713.085,1852.7557,0.4289497,1822.124,0.021960512
5437,1453,2130.5974,1742.362,188093.625,3359974.0,234.32553,423.98074,370.585,2182.249,0.72597003,1780.4574,-0.09109479
5438,1447,2130.6033,3829.3594,208963.59375,3359974.0,496.0729,637.41223,624.20593,1879.4464,0.4985083,1823.1652,0.004128108
5439,1401,2132.7239,4312.8003,213798.0,3359952.75,816.0757,965.61707,1060.2926,1708.9382,0.24139895,1833.0609,0.042665835
5440,1206,2129.8433,5328.1235,223951.234375,3359981.5,459.432,672.79517,678.62024,2201.914,0.5334108,1853.8418,-0.06575838
5441,1321,2131.471,3702.8547,207698.546875,3359965.25,797.7801,958.053,1020.7808,1738.8546,0.26455587,1820.5765,0.033306032
5442,1289,2134.7595,4152.668,212196.6875,3359932.5,255.28046,396.28976,281.5062,2023.5582,0.7535188,1829.7845,-0.043834694
5443,1276,2131.4624,5248.852,223158.515625,3359965.5,531.61993,704.57367,750.6093,1862.404,0.4611076,1852.22,0.011065487
5444,1453,2133.3435,2823.9338,198909.34375,3359946.5,667.42255,928.1769,1040.4026,2172.768,0.35488412,1802.5906,-0.08306154
5445,1385,2130.6658,5158.7964,222257.96875,3359973.25,398.78918,578.3115,590.904,1956.4534,0.54498476,1850.3761,-0.01766269
5446,1147,2131.524,2300.585,193675.84375,3359964.75,182.98518,378.3304,268.1238,2221.708,0.7844005,1791.8801,-0.10324844
5447,1351,2133.63,3454.832,205218.3125,3359943.75,769.3042,1011.248,1145.5596,2087.3867,0.29955515,1815.5018,-0.0658347
5448,1335,2133.4636,4203.2437,212702.4375,3359945.25,642.68915,791.28876,814.28613,1828.6326,0.41171145,1830.819,0.009963582
5449,1178,2132.3167,5289.67,223566.703125,3359956.75,689.08826,921.92914,1009.03735,2176.0793,0.3803342,1853.0559,-0.06442449
5450,1200,2133.0107,2190.4558,192574.5625,3359950.0,161.96333,351.4925,250.92583,2301.316,0.80313694,1789.6274,-0.12403992
5451,1527,2134.2195,2454.5251,195215.25,3359937.75,189.77014,397.28226,262.52914,2227.332,0.7881867,1795.0317,-0.103846155
5452,1359,2133.6814,3591.5732,206585.734375,3359943.25,564.32635,808.351,844.7553,2320.7117,0.47499216,1818.3003,-0.11503888
5453,1254,2133.248,4883.5166,219505.15625,3359947.5,468.67026,645.3517,596.17944,2360.7568,0.59379387,1844.7427,-0.111278474
5454,1327,2135.7769,1628.0791,186950.796875,3359922.25,205.03316,384.0874,336.47626,1996.847,0.7184784,1778.1221,-0.04038028
5455,1189,2135.7812,2029.4752,190964.75,3359922.25,344.7334,572.3507,540.5408,2224.4836,0.67152697,1786.3351,-0.104505025
5456,1571,2136.6428,2709.0332,197760.328125,3359913.5,767.8307,1090.6919,1289.3463,2412.4233,0.32309422,1800.2411,-0.13806261
5457,1470,2138.3137,3020.0845,200870.84375,3359896.75,586.2265,833.3374,880.61426,2219.199,0.43842992,1806.6073,-0.097649425
5458,1187,2132.6724,1474.6024,185416.03125,3359953.25,216.20978,395.13226,349.9663,2042.7405,0.70884806,1774.98,-0.05203186
5459,1182,2135.044,2225.1414,192921.40625,3359929.5,167.72504,362.0626,260.69543,2311.5974,0.79929173,1790.3384,-0.12225308
5460,1248,2136.722,3996.8188,210638.1875,3359912.75,463.47516,626.0004,623.09454,1957.1771,0.51770085,1826.5958,-0.017990649
5461,1220,2138.9548,1938.1582,190051.578125,3359890.5,179.1664,355.5459,278.00327,2221.027,0.7773857,1784.4685,-0.10484353
5462,1364,2138.0059,2407.0308,194740.3125,3359900.0,288.49048,517.60706,433.76465,2181.5535,0.688169,1794.062,-0.090922736
5463,1324,2137.4463,1573.8761,186408.765625,3359905.5,214.97734,397.3263,351.1231,2059.6646,0.7142544,1777.014,-0.052170303
5464,1123,2135.8904,2262.3774,193293.78125,3359921.0,170.15317,356.8513,247.07213,2291.0542,0.80482477,1791.1008,-0.12074362
5465,1379,2140.8804,2606.9834,196739.828125,3359871.25,501.41263,769.21826,851.5888,2297.0095,0.4753911,1798.1553,-0.11462844
5466,1489,2140.3625,4241.5874,213085.875,3359876.5,884.1256,1033.7018,1121.4409,1673.4268,0.20685843,1831.6074,0.053160377
5467,1450,2138.6165,5038.3105,221053.109375,3359893.75,243.36241,398.02448,297.09482,2085.6345,0.7487907,1847.9141,-0.053173866
5468,1160,2140.3103,2090.156,191571.5625,3359877.0,148.28706,330.01724,230.86552,2268.401,0.81480956,1787.5793,-0.11666995
5469,1442,2140.4917,2939.6775,200066.78125,3359875.0,606.04785,887.3984,970.6768,2360.8828,0.42774346,1804.9631,-0.12925032
5470,1428,2139.3718,3951.8054,210188.0625,3359886.25,432.83017,588.52277,561.4139,2030.8259,0.5701767,1825.676,-0.03477645
5471,1124,2140.5596,4813.763,218807.625,3359874.5,768.97864,1022.6085,1193.8171,2200.4338,0.30873698,1843.3188,-0.08301363
5472,1244,2140.5032,4848.2925,219152.921875,3359875.0,680.8814,879.547,961.61456,2164.123,0.39291376,1844.0255,-0.07467113
5473,1739,2142.5198,2539.207,196062.0625,3359854.75,219.10236,442.659,343.3347,2176.8506,0.7280962,1796.7693,-0.08601981
5474,1519,2139.7063,3083.667,201506.671875,3359883.0,806.8644,1067.6971,1148.1544,2169.417,0.30908892,1807.9093,-0.083556525
5475,1428,2137.976,3906.9854,209739.84375,3359900.25,458.55182,596.2234,552.6425,1790.6278,0.5176198,1824.7579,0.029203754
5476,1197,2138.4395,3190.711,202577.109375,3359895.5,732.6629,986.50165,1109.8279,1997.3217,0.28965643,1810.0992,-0.04701255
5477,1293,2141.3271,4072.8398,211398.40625,3359866.75,397.58817,594.273,558.7204,2367.0127,0.6227767,1828.1542,-0.11895578
5478,1122,2138.4902,4600.689,216676.890625,3359895.0,676.92114,823.635,854.57043,1744.3115,0.34606373,1838.9564,0.036217485
5479,1397,2140.3823,5204.031,222710.3125,3359876.25,572.9875,733.4664,791.24304,1693.7605,0.40168768,1851.3071,0.04680738
5480,1288,2144.4744,2127.6824,191946.828125,3359835.25,152.47672,335.47592,234.31056,2272.736,0.81256515,1788.3496,-0.11773314
5481,1197,2140.4019,3740.8186,208078.1875,3359876.0,735.97327,882.0731,959.16626,1680.5046,0.2637862,1821.3584,0.060468286
5482,1321,2142.8093,4035.152,211021.515625,3359852.0,410.43338,577.9281,551.4209,1964.7021,0.5667861,1827.3837,-0.023648048
5483,1481,2148.189,2643.068,197100.6875,3359798.0,831.62054,1120.9243,1276.1931,2239.1682,0.28903425,1798.8978,-0.100296795
5484,1259,2143.235,3503.2637,205702.640625,3359847.75,754.2931,969.67035,1058.147,2032.363,0.3185179,1816.4983,-0.051127918
5485,1098,2137.9036,4721.716,217887.15625,3359901.0,855.2919,1019.3074,1126.3215,1693.8724,0.20472033,1841.4333,0.049668625
5486,1273,2143.0447,3257.9568,203249.5625,3359849.5,669.2129,904.7989,988.6673,2117.0562,0.36465594,1811.4779,-0.0721504
5487,1462,2146.29,4346.4644,214134.640625,3359817.0,828.9576,978.66724,1073.753,1701.2325,0.23462412,1833.7572,0.045011017
5488,1115,2142.3552,4635.002,217020.015625,3359856.5,795.7803,928.0552,1013.11255,1635.6991,0.24191123,1839.6608,0.07354856
5489,1260,2145.577,1969.4738,190364.734375,3359824.25,158.70793,331.94366,252.22699,2185.0652,0.7930175,1785.113,-0.09648609
5490,1398,2144.693,2495.4133,195624.125,3359833.0,320.31616,557.78467,488.76968,2237.2869,0.67419803,1795.8744,-0.1014825
5491,1528,2148.2224,2981.8574,200488.578125,3359797.75,764.2657,1074.5438,1228.9869,2266.465,0.30945057,1805.8307,-0.10602423
5492,1372,2148.7434,1901.9352,189689.34375,3359792.5,241.4796,416.0736,349.24637,2134.2966,0.72594035,1783.733,-0.082827695
5493,993,2142.846,5359.8047,224268.046875,3359851.5,499.69183,803.7034,716.2115,2899.6213,0.61969304,1854.4971,-0.19500783
5494,1187,2143.957,1509.3976,185763.96875,3359840.5,214.24474,395.74893,338.7818,2126.7876,0.7263352,1775.6986,-0.073609434
5495,1346,2146.5913,3123.408,201904.078125,3359814.0,694.4246,923.945,1016.4302,1989.4435,0.328955,1808.7264,-0.043194905
5496,1330,2145.4465,3386.855,204538.546875,3359825.5,690.05865,940.4327,1029.2256,2168.3452,0.3632504,1814.1172,-0.083624005
5497,1220,2147.1492,3539.4343,206064.34375,3359808.5,771.0553,1011.11145,1088.061,2149.6606,0.33139867,1817.2407,-0.07698451
5498,1256,2147.371,1709.9467,187769.46875,3359806.25,171.19347,341.2548,270.27707,2023.6616,0.76466155,1779.804,-0.053753354
5499,1284,2147.183,2363.9478,194309.46875,3359808.25,185.1986,370.6098,261.0849,2192.8894,0.7867738,1793.1857,-0.09880031
5500,1504,2149.1702,2751.5706,198185.703125,3359788.25,488.15027,771.2194,806.2633,2261.5205,0.47989625,1801.1187,-0.10480557
5501,1012,2145.3657,4668.5166,217355.15625,3359826.25,693.22034,845.0736,929.4412,1750.9995,0.3093639,1840.3484,0.034581512
5502,1389,2152.434,1812.0569,188790.5625,3359755.75,184.98344,349.77826,268.45355,2069.2512,0.7689613,1781.8961,-0.064869635
5503,1463,2148.4182,4418.168,214851.6875,3359795.75,446.34656,593.3681,566.89813,1872.1681,0.5343913,1835.226,0.0014318243
5504,1308,2147.6567,4549.526,216165.25,3359803.5,760.2905,903.0314,951.10895,1760.2362,0.3042122,1837.9141,0.027892532
5505,1354,2149.2808,2865.3013,199323.015625,3359787.25,658.4291,948.1293,1111.2703,2306.2593,0.3467964,1803.446,-0.11251944
5506,1487,2150.9233,3635.263,207022.625,3359770.75,599.651,812.68964,828.12305,2114.7131,0.44112515,1819.204,-0.06480433
5507,1241,2146.0525,3868.0903,209350.90625,3359819.5,552.4154,726.54834,727.2752,2043.1576,0.4592998,1823.9663,-0.021606969
5508,1198,2149.444,4112.909,211799.09375,3359785.5,297.0672,453.38022,350.59433,2163.1753,0.72295266,1828.9786,-0.07480096
5509,1432,2151.6565,1667.009,187340.09375,3359763.5,236.39455,417.19763,368.13058,2051.2778,0.7109542,1778.9279,-0.049722817
5510,1417,2151.931,5124.878,221918.78125,3359760.75,307.31262,465.18594,458.8345,1964.6118,0.63518953,1849.693,-0.021649482
5511,1126,2151.207,3159.6165,202266.15625,3359768.0,611.4978,885.3224,872.55597,2315.0195,0.4495977,1809.47,-0.11498616
5512,1281,2158.3435,4177.3066,212443.0625,3359696.5,668.8923,818.06793,855.4317,1885.945,0.4014504,1830.3015,-0.0051932563
5513,1185,2151.902,4757.204,218242.03125,3359761.0,709.98694,883.89453,938.75146,2004.3839,0.368035,1842.1671,-0.034548853
5514,1451,2157.4219,1771.3473,188383.46875,3359705.75,201.38802,371.1585,296.79395,2080.687,0.75614005,1781.0662,-0.070457034
5515,1210,2155.3503,2323.0571,193900.5625,3359726.5,171.95454,361.8157,262.99588,2166.037,0.7832137,1792.3536,-0.092184335
5516,1214,2153.6523,3297.799,203648.0,3359743.5,662.3245,884.58527,1062.9757,2056.2566,0.32072482,1812.2992,-0.05882913
5517,1432,2159.294,3805.1836,208721.84375,3359687.0,619.32227,796.4546,853.8143,1942.934,0.39535055,1822.686,-0.012358989
5518,1412,2154.9314,4380.277,214472.765625,3359730.75,494.92102,633.8658,635.08215,1876.5276,0.50556046,1834.4539,0.0051514436
5519,1355,2155.231,4510.5825,215775.828125,3359727.75,873.3432,1017.5133,1093.0513,1746.662,0.2363829,1837.1211,0.03044991
5520,1438,2158.977,4912.5537,219795.53125,3359690.25,631.06744,815.7806,853.7312,2058.9534,0.42432174,1845.3506,-0.046079297
5521,1288,2154.9448,4466.0396,215330.390625,3359730.5,732.191,885.1712,932.3451,1818.5198,0.32804695,1836.2092,0.012326874
5522,1262,2160.2622,1598.9541,186659.546875,3359677.5,227.41443,409.27734,372.69968,1985.2869,0.68674284,1777.5405,-0.024952762
5523,1144,2154.9563,2000.2063,190672.0625,3359730.5,204.29196,394.97726,319.67746,2236.278,0.76389647,1785.7473,-0.10726378
5524,1142,2154.283,3220.8135,202878.140625,3359737.25,603.4365,851.6729,937.056,2120.2544,0.3856303,1810.7241,-0.07408803
5525,1219,2157.0007,3332.8704,203998.703125,3359710.0,634.9569,846.945,970.1858,2064.0886,0.3680066,1813.0188,-0.05616806
5526,1080,2158.2297,4694.961,217619.609375,3359697.75,902.87823,1046.4695,1164.212,1600.0612,0.16069964,1840.8965,0.07377509
5527,1507,2155.866,5079.7114,221467.109375,3359721.25,223.30458,368.8228,287.64996,1949.3882,0.74287957,1848.7705,-0.021997096
5528,1312,2159.064,2165.273,192322.734375,3359689.25,193.37195,386.96265,293.75916,2222.378,0.76824677,1789.1272,-0.104455225
5529,1263,2156.376,3424.288,204912.875,3359716.25,722.17145,969.07324,1062.6781,2232.9917,0.35637906,1814.8893,-0.097765505
5530,1346,2158.8677,3677.356,207443.5625,3359691.25,750.094,929.80835,991.8113,1902.2953,0.30909586,1820.0697,-0.0057848278
5531,1132,2162.1704,4581.2173,216482.171875,3359658.25,664.12585,802.9673,829.9656,1813.5676,0.37349683,1838.5704,0.022751287
5532,1537,2159.2473,4994.906,220619.0625,3359687.5,314.4239,480.80383,368.40012,2239.0393,0.7217924,1847.0364,-0.08201772
5533,1595,2163.2007,3054.044,201210.4375,3359648.0,720.7157,967.2643,1070.2827,2093.8127,0.32736763,1807.3163,-0.068088405
5534,1267,2162.614,3475.7861,205427.859375,3359653.75,783.27466,997.676,1089.4648,2071.625,0.3169129,1815.9467,-0.059864584
5535,1001,2157.933,5398.022,224650.21875,3359700.75,272.9066,456.75375,419.61887,2242.6233,0.6896209,1855.2871,-0.081009455
5536,1414,2161.7412,1870.2524,189372.53125,3359662.5,260.72488,433.55728,370.96747,2128.9646,0.728667,1783.0923,-0.077483766
5537,1464,2160.62,2793.8367,198608.375,3359673.75,607.306,884.22266,976.69055,2235.5315,0.3964073,1801.9901,-0.10236373
5538,1462,2162.6826,4952.297,220192.96875,3359653.25,435.05334,601.8721,535.7883,2164.2354,0.61021924,1846.166,-0.06764367
5539,1161,2162.1196,5232.28,222992.796875,3359658.75,780.3191,1039.7041,1059.3463,2681.1194,0.4257299,1851.8967,-0.14896093
5540,1523,2164.2659,2579.2107,196462.109375,3359637.25,200.38673,414.89166,304.20618,2162.8057,0.7554931,1797.6002,-0.085822865
5541,1222,2164.7488,5269.006,223360.0625,3359632.5,602.1927,899.92633,886.1911,2817.7463,0.52167475,1852.6498,-0.1828448
5542,1395,2166.7449,2433.7686,195007.6875,3359612.5,199.04086,407.57132,279.29965,2248.4302,0.77847123,1794.6256,-0.109137036
5543,1597,2166.631,2679.382,197463.8125,3359613.75,690.12024,969.0745,1026.6537,2310.844,0.40170065,1799.6514,-0.11446847
5544,1349,2162.1543,2903.5005,199705.0,3359658.5,593.2854,858.2357,979.6138,2136.0735,0.37683976,1804.235,-0.07646055
5545,1394,2162.4153,4281.3154,213483.15625,3359655.75,898.11224,1061.6134,1189.024,1722.7887,0.18733494,1832.4325,0.03775604
5546,1340,2164.173,5170.7476,222377.46875,3359638.25,622.98956,797.9578,878.2142,1856.9675,0.3754017,1850.6382,0.0025657518
5547,1104,2162.8325,5302.785,223697.84375,3359651.75,555.67163,841.72284,829.66486,2878.9424,0.5504778,1853.3402,-0.19324051
5548,1325,2163.8052,1540.0936,186070.9375,3359642.0,222.80528,401.52527,355.523,2038.4807,0.705344,1776.3384,-0.045695707
5549,1235,2164.8025,2282.6284,193496.28125,3359632.0,185.8672,376.09473,263.8259,2286.4048,0.7927643,1791.5319,-0.120268494
5550,1281,2165.545,3764.1147,208311.15625,3359624.5,631.5328,811.68616,838.72406,1950.4794,0.39730543,1821.849,-0.02330287
5551,1117,2164.4395,3983.8093,210508.09375,3359635.5,450.42212,605.5721,612.84155,1926.8286,0.5154434,1826.3446,-0.013076766
5552,1218,2165.0945,2064.744,191317.4375,3359629.0,147.98276,325.08456,232.36125,2250.432,0.81248915,1787.0737,-0.11332508
5553,1150,2164.779,2243.339,193103.390625,3359632.25,159.68,350.04175,240.29218,2332.3574,0.8123031,1790.7279,-0.12781371
5554,1293,2170.6775,3558.6511,206256.515625,3359573.25,769.9714,1004.82635,1101.4463,2182.906,0.3403652,1817.647,-0.08359044
5555,1216,2166.1233,4789.5767,218565.765625,3359618.75,573.3882,762.85236,818.6838,1920.5243,0.4229934,1842.8373,-0.009087865
5556,1054,2165.3557,5336.5483,224035.484375,3359626.5,421.43976,659.0659,643.61005,2560.994,0.60594314,1854.0327,-0.14158988
5557,1232,2165.8125,3596.035,206630.34375,3359622.0,582.01825,800.7906,825.9298,2117.2832,0.44958177,1818.4093,-0.06991302
5558,1299,2168.3296,3717.7068,207847.0625,3359596.75,930.1251,1080.9792,1210.4203,1642.2102,0.15161937,1820.9008,0.060855146
5559,1345,2169.434,2202.78,192697.796875,3359585.75,157.64313,341.79553,233.17323,2337.611,0.8182372,1789.9006,-0.13152044
5560,1251,2170.3652,2390.8801,194578.796875,3359576.25,363.90967,601.4964,544.1007,2254.251,0.6517394,1793.7501,-0.10734337
5561,1318,2171.252,3844.3809,209113.8125,3359567.5,612.28265,823.1753,895.2853,2162.681,0.42611572,1823.4948,-0.07266555
5562,1327,2171.9873,3919.5479,209865.46875,3359560.25,513.3877,624.9548,593.72906,1505.1387,0.41640484,1825.0336,0.11773278
5563,1243,2167.951,4874.313,219413.125,3359600.5,569.4606,750.93646,752.4421,2145.1433,0.48732957,1844.5726,-0.068339914
5564,1394,2171.8953,2833.772,199007.71875,3359561.0,634.7181,917.8716,1025.3107,2352.399,0.39461127,1802.8136,-0.12381956
5565,1366,2172.1882,4215.4604,212824.609375,3359558.0,786.9883,938.2101,1018.18634,1627.2009,0.24129176,1831.0898,0.06765627
5566,1393,2173.8494,2473.6318,195406.3125,3359541.5,193.90094,400.2326,269.85715,2279.9612,0.7875762,1795.4453,-0.11578801
5567,1364,2176.2852,3360.635,204276.34375,3359517.25,670.57477,904.4366,971.65247,2203.5176,0.39867264,1813.5977,-0.09193556
5568,1136,2172.0845,4619.6445,216866.4375,3359559.25,783.84906,920.6254,1001.84155,1590.247,0.23385245,1839.3623,0.08487953
5569,1547,2176.579,2721.8926,197888.921875,3359514.25,602.6839,895.48096,957.2812,2346.413,0.45057142,1800.527,-0.12736407
5570,1255,2173.8096,4057.855,211248.546875,3359542.0,429.66653,593.3243,569.5183,1910.5825,0.5482901,1827.8651,-0.00971242
5571,1492,2176.4128,4142.0034,212090.03125,3359515.75,483.51508,643.493,613.6662,1939.6398,0.5351508,1829.5887,-0.017169619
5572,1356,2174.458,1632.6792,186996.796875,3359535.5,222.06859,408.92258,366.37317,2068.3303,0.7017029,1778.2389,-0.04480044
5573,1522,2178.0564,1735.0046,188020.046875,3359499.5,195.11958,364.25888,303.72275,2013.2325,0.73975945,1780.3346,-0.049659654
5574,1199,2173.8992,2033.6589,191006.59375,3359541.0,334.10092,553.37866,525.56964,2206.3787,0.66527253,1786.4429,-0.09812918
5575,1501,2176.0813,4316.824,213838.25,3359519.25,889.5656,1042.2625,1153.9497,1611.1212,0.16876447,1833.1665,0.07178465
5576,1101,2172.1917,4726.3022,217933.03125,3359558.0,827.25385,976.5677,1074.5676,1662.8778,0.2237099,1841.5454,0.05733412
5577,1331,2174.9302,4830.2036,218972.03125,3359530.75,537.9658,706.66864,710.5917,2061.3835,0.5005352,1843.6735,-0.04844596
5578,1283,2175.661,2100.3093,191673.09375,3359523.5,149.72331,334.34607,238.50975,2284.3594,0.8105433,1787.8076,-0.120103255
5579,1375,2178.472,4018.9614,210859.609375,3359495.25,371.5029,516.9138,485.18692,1853.5505,0.58682454,1827.0717,0.005608644
5580,1396,2173.69,5034.143,221011.4375,3359543.0,233.6798,390.56052,291.1275,2096.7102,0.75662404,1847.847,-0.05911463
5581,1005,2174.2686,5371.5205,224385.203125,3359537.25,241.84428,421.12787,405.07312,2238.58,0.6987718,1854.7532,-0.086592145
5582,1198,2177.243,1694.7354,187617.359375,3359507.5,163.69199,322.77213,261.31384,1944.6477,0.7643193,1779.5103,-0.026393952
5583,1318,2176.3164,1931.8922,189988.921875,3359516.75,235.96207,420.4416,375.32245,2074.5752,0.7151272,1784.3619,-0.06701362
5584,1512,2179.4849,2515.5457,195825.453125,3359485.25,312.93982,565.87964,479.67526,2299.621,0.6812942,1796.3062,-0.11156625
5585,1459,2177.983,3102.5393,201695.390625,3359500.25,587.59564,847.7156,787.8588,2425.5703,0.50771683,1808.317,-0.13816202
5586,1327,2178.7754,3884.4575,209514.578125,3359492.25,556.3135,734.05237,723.5162,2097.8313,0.49664733,1824.3191,-0.048166662
5587,1235,2176.7368,4097.7637,211647.640625,3359512.75,450.385,608.31055,567.55426,1983.6162,0.5613902,1828.6835,-0.027575623
5588,1482,2178.2185,3014.23,200812.296875,3359497.75,683.69366,952.2739,1039.6805,2387.7551,0.40130556,1806.51,-0.13033189
5589,1419,2181.6365,4438.992,215059.921875,3359463.75,926.30865,1077.2202,1188.0261,1623.2372,0.15658098,1835.6699,0.06770775
5590,1354,2181.1853,1841.3707,189083.703125,3359468.25,226.322,405.35156,352.83456,2023.4794,0.71343094,1782.5127,-0.05396982
5591,1183,2178.9832,2346.3965,194133.96875,3359490.25,181.40997,372.56467,265.14032,2220.1785,0.7863248,1792.8448,-0.1054656
5592,1355,2179.495,3185.3025,202523.03125,3359485.0,601.3277,866.84467,838.86127,2393.0269,0.48013395,1810.0115,-0.12984738
5593,1046,2176.673,3250.1921,203171.921875,3359513.25,555.0827,805.9527,873.59607,2164.6472,0.42584938,1811.3378,-0.07954822
5594,1162,2176.9595,3952.474,210194.75,3359510.5,544.2973,680.45953,672.5172,1744.577,0.44944236,1825.7101,0.03524901
5595,1214,2177.8245,4656.58,217235.796875,3359501.75,804.57416,951.04285,1035.0009,1659.5597,0.23723014,1840.1213,0.058052458
5596,1250,2182.2632,1568.7112,186357.109375,3359457.25,231.7528,402.3456,381.2888,1873.2216,0.6659432,1776.9347,0.0071566864
5597,1575,2182.1174,2622.6018,196896.015625,3359458.75,197.40825,383.6673,284.9403,2083.3074,0.7588766,1798.4983,-0.068017595
5598,1320,2176.4788,2939.5864,200065.859375,3359515.25,591.28937,814.2102,899.73676,2037.2405,0.4018256,1804.9816,-0.053283166
5599,1151,2183.1426,3280.0642,203470.640625,3359448.5,582.50476,839.57996,833.97565,2371.1443,0.47896728,1811.9526,-0.12355824
5600,1349,2184.8184,3444.8726,205118.71875,3359431.75,682.59375,917.49963,969.03186,2261.985,0.40518454,1815.3263,-0.1013298
5601,1428,2181.2542,3515.5083,205825.078125,3359467.5,738.11835,947.9993,1035.5948,2039.423,0.33195072,1816.7699,-0.04728911
5602,1299,2182.0615,4250.2456,213172.453125,3359459.5,813.5866,976.3106,1064.5789,1689.2279,0.23652877,1831.8071,0.047262497
5603,1281,2181.7346,2136.3723,192033.71875,3359462.75,231.9883,434.27557,364.21625,2256.4426,0.7414669,1788.549,-0.11097666
5604,1265,2182.0576,3397.9866,204649.875,3359459.5,625.90393,863.50037,882.2842,2310.7375,0.45557165,1814.3652,-0.11553771
5605,1268,2181.8936,3145.8943,202128.9375,3359461.0,575.2346,823.3308,781.94006,2305.014,0.49404615,1809.2064,-0.11060255
5606,1299,2184.609,5104.235,221712.34375,3359434.0,291.6455,447.80292,401.0662,1955.985,0.66392535,1849.2875,-0.01853903
5607,1294,2182.4304,5202.7993,222698.0,3359455.75,840.8242,1097.3817,1163.7156,2475.7288,0.37419146,1851.3038,-0.110911466
5608,1299,2185.2585,4481.8,215488.0,3359427.5,805.82874,943.2321,1010.0185,1700.5865,0.2584827,1836.548,0.04702967
5609,1220,2185.5107,5141.313,222083.125,3359425.0,433.18933,612.6713,663.61145,2035.0209,0.5168584,1850.0469,-0.040919416
5610,1469,2188.9216,2553.9912,196209.90625,3359390.75,191.14703,403.11096,275.93396,2211.6475,0.7790943,1797.0983,-0.10027919
5611,1472,2187.1094,2765.5884,198325.875,3359409.0,572.80164,885.02716,992.71466,2399.2983,0.41917896,1801.427,-0.13875496
5612,1360,2186.1067,1965.039,190320.390625,3359419.0,163.03015,321.7125,260.94632,2009.3823,0.7704313,1785.0459,-0.049669623
5613,1356,2186.2441,2975.7544,200427.546875,3359417.5,786.29755,1068.9329,1233.7478,2204.7024,0.3024148,1805.7272,-0.0931247
5614,1435,2187.0447,4398.092,214650.921875,3359409.5,495.64844,667.3791,727.7596,2017.6066,0.47250712,1834.8357,-0.026779832
5615,1197,2187.6685,3619.2966,206862.96875,3359403.25,747.28156,948.3726,1016.6696,2011.2615,0.33300284,1818.8973,-0.043770406
5616,1293,2188.1006,3656.1624,207231.625,3359399.0,710.33606,935.15857,954.1384,2375.4065,0.4127208,1819.6521,-0.112750046
5617,1235,2185.4429,4555.7856,216227.859375,3359425.5,616.53076,754.5672,754.0798,1778.9797,0.4124184,1838.0624,0.028074946
5618,1340,2187.171,2871.962,199389.625,3359408.25,476.3545,735.753,768.5276,2392.865,0.52238566,1803.6038,-0.13155141
5619,1207,2188.015,4521.3794,215883.796875,3359399.75,795.9615,932.2564,990.1843,1686.8877,0.26478836,1837.3595,0.050476804
5620,1374,2189.46,1803.9695,188709.6875,3359385.5,199.64047,366.8712,305.9767,2026.4207,0.74469984,1781.7523,-0.05522449
5621,1293,2191.7039,2306.5576,193735.578125,3359363.0,180.74014,376.50888,270.29,2220.7417,0.7819298,1792.037,-0.102575324
5622,1236,2189.6206,3316.1245,203831.25,3359383.75,424.00607,641.75244,588.67676,2326.4175,0.59749603,1812.6942,-0.11932996
5623,1630,2192.0288,4353.1265,214201.265625,3359359.75,806.6632,945.2589,1038.3408,1743.9558,0.24460061,1833.9181,0.04285179
5624,1070,2189.8271,5408.7915,224757.90625,3359381.75,391.9589,612.95886,586.5603,2519.5813,0.62156564,1855.524,-0.14148766
5625,1376,2193.7375,5064.2363,221312.359375,3359342.5,247.5734,390.59558,311.45566,1892.4774,0.71738935,1848.4735,-0.0060556135
5626,1047,2187.555,3220.9246,202879.25,3359404.5,578.24115,833.8615,837.26263,2299.393,0.47159886,1810.7449,-0.10934733
5627,1245,2189.3704,4757.8506,218248.5,3359386.25,541.0012,708.0932,720.6502,1873.467,0.47144273,1842.2002,0.001862936
5628,1468,2195.032,1903.1669,189701.671875,3359329.75,204.33923,359.71866,295.25476,2007.6056,0.7434253,1783.7852,-0.050315786
5629,1128,2188.407,1999.8191,190668.1875,3359396.0,304.62854,504.28546,484.1108,2057.0417,0.66789913,1785.7589,-0.061952513
5630,1316,2193.7834,3785.7334,208527.34375,3359342.25,626.7071,846.3275,813.8659,2467.8066,0.49402806,1822.3069,-0.12803999
5631,1346,2195.304,1664.8313,187318.3125,3359327.0,238.76672,419.17386,389.1055,2006.1411,0.6834276,1778.9089,-0.028554954
5632,1294,2195.48,3741.1855,208081.859375,3359325.25,825.7187,985.73724,1068.1897,1778.002,0.24731356,1821.3961,0.02146872
5633,1271,2195.2463,3694.0315,207610.3125,3359327.5,826.42053,996.5039,1070.6754,1885.1381,0.27642727,1820.431,-0.009389401
5634,1369,2194.3184,4186.1816,212531.8125,3359336.75,833.96387,993.4912,1084.5427,1691.3671,0.22606686,1830.5026,0.047862004
5635,1148,2192.485,4689.979,217569.78125,3359355.25,926.3149,1068.3872,1182.2675,1540.6903,0.13297068,1840.8126,0.094721906
5636,1359,2196.6938,4930.3774,219973.78125,3359313.0,548.691,715.82745,712.72955,2101.4268,0.4995233,1845.7352,-0.0530557
5637,1213,2194.3975,5246.541,223135.40625,3359336.0,440.27,675.4048,620.96124,2735.2568,0.62824345,1852.2053,-0.16447818
5638,1008,2192.8215,5314.4434,223814.4375,3359351.75,339.50745,531.32294,495.2361,2269.9976,0.6395827,1853.5945,-0.07906885
5639,1498,2200.1008,2659.4934,197264.9375,3359279.0,186.8745,363.02136,248.08144,2095.3572,0.7880013,1799.2634,-0.07178446
5640,1366,2199.4268,3073.716,201407.15625,3359285.75,646.28625,915.06256,990.3785,2257.179,0.39598766,1807.7391,-0.10482322
5641,1163,2195.7747,4595.688,216626.875,3359322.25,691.46045,812.3418,842.22614,1555.9441,0.3110333,1838.8845,0.094350606
5642,1334,2196.7368,1769.03,188360.296875,3359312.75,181.3943,347.1087,281.3973,2059.8635,0.7613652,1781.0417,-0.060199484
5643,1060,2194.5754,2234.75,193017.5,3359334.25,160.40472,350.15283,241.93301,2296.1057,0.8085865,1790.5693,-0.12199179
5644,1246,2198.3,2412.0217,194790.21875,3359297.0,202.32022,418.126,309.6501,2204.0642,0.7542763,1794.1987,-0.09892859
5645,1312,2198.766,3824.6624,208916.625,3359292.25,622.811,808.39136,841.4463,2020.601,0.42914498,1823.1063,-0.039947543
5646,1118,2197.3398,4859.815,219268.15625,3359306.5,625.7643,814.5389,847.30994,2121.3591,0.43683153,1844.2914,-0.060629174
5647,1402,2199.8438,4968.082,220350.8125,3359281.5,334.27853,484.07312,401.79065,2084.7478,0.6786994,1846.5087,-0.0500471
5648,1299,2197.057,5002.7676,220697.671875,3359309.5,233.48883,377.03348,298.78638,1973.2394,0.7389187,1847.2172,-0.030500438
5649,1224,2198.826,2268.0613,193350.609375,3359291.75,195.57271,383.89053,270.3562,2248.4436,0.78509533,1791.2533,-0.112390526
5650,1336,2200.5112,4896.836,219638.359375,3359275.0,809.5988,1009.46295,1110.7025,2057.7383,0.30961818,1845.0508,-0.045751814
5651,1394,2199.8105,2172.4692,192394.6875,3359282.0,173.0208,362.00504,263.74033,2314.6765,0.79531974,1789.298,-0.12720299
5652,1434,2200.3723,2808.1987,198751.984375,3359276.25,555.4086,854.3068,909.0,2338.1387,0.44264838,1802.3064,-0.12500936
5653,1306,2198.6125,3480.7947,205477.9375,3359294.0,759.30206,970.8878,1024.4954,2069.5188,0.34022233,1816.0691,-0.05716332
5654,1199,2198.4536,4799.8857,218668.859375,3359295.5,439.53085,635.22894,636.568,2060.5894,0.5556527,1843.0653,-0.044046726
5655,1251,2202.785,2372.14,194391.40625,3359252.25,427.44684,673.263,649.96484,2259.0679,0.62125677,1793.3853,-0.10813859
5656,1259,2199.8865,3572.204,206392.03125,3359281.25,671.77124,920.8606,971.78076,2322.7092,0.40534428,1817.9404,-0.111942746
5657,1281,2202.6565,5282.4697,223494.6875,3359253.5,272.65808,452.5562,441.84622,2113.8115,0.65802354,1852.9451,-0.04931663
5658,1032,2198.746,5347.4507,224144.5,3359292.5,429.06055,674.25775,636.4845,2873.8813,0.63319236,1854.2731,-0.19973695
5659,1295,2200.1606,1598.068,186650.6875,3359278.5,230.22702,405.4502,370.07413,1963.1158,0.68713886,1777.5459,-0.02705941
5660,1320,2200.619,2907.59,199745.90625,3359273.75,481.01895,732.53937,723.4258,2273.475,0.52377915,1804.3405,-0.10769944
5661,1315,2203.5308,2452.3948,195193.953125,3359244.75,188.46083,385.65018,275.2692,2231.5544,0.78033686,1795.0277,-0.10553247
5662,1183,2197.9663,3983.929,210509.28125,3359300.25,782.92053,926.6488,1006.134,1631.9298,0.24356176,1826.3652,0.06446798
5663,1549,2207.4856,2593.632,196606.3125,3359205.25,215.83086,425.91412,312.90573,2157.2375,0.75073117,1797.9199,-0.086992025
5664,1428,2207.0308,3039.3704,201063.703125,3359209.75,632.76294,899.84174,1015.10046,2342.2363,0.40000397,1807.0406,-0.125852
5665,1386,2207.1804,1871.7965,189387.96875,3359208.25,241.50433,413.12772,359.684,2020.707,0.70874417,1783.1504,-0.051674522
5666,1422,2204.2673,2066.635,191336.34375,3359237.25,151.48242,330.59634,242.14136,2219.8706,0.8030649,1787.1351,-0.10571788
5667,1525,2208.7942,2698.3267,197653.265625,3359192.0,504.72656,777.1823,807.2852,2321.145,0.54650116,1800.063,-0.117734924
5668,1149,2205.2576,4079.2732,211462.734375,3359227.5,663.72107,815.5692,857.2215,1812.0892,0.36763215,1828.3206,0.012168506
5669,1408,2204.14,4279.6143,213466.140625,3359238.5,942.093,1112.6001,1249.843,1708.2277,0.15730743,1832.42,0.04055338
5670,1162,2206.0938,4632.7944,216997.9375,3359219.0,760.8589,900.19275,986.56366,1628.472,0.2537285,1839.6495,0.06671339
5671,1320,2205.9106,5170.375,222373.75,3359221.0,738.86743,930.24164,1063.069,1938.0508,0.32447055,1850.6523,-0.018106425
5672,1370,2210.176,4117.742,211847.421875,3359178.25,808.97266,972.977,1045.7172,1902.6091,0.30751023,1829.1105,-0.011300916
5673,1087,2204.5713,4720.9854,217879.84375,3359234.25,807.9991,955.08923,1052.0023,1607.9977,0.21643773,1841.4537,0.07464364
5674,981,2205.1416,5380.6167,224476.171875,3359228.5,230.82416,395.79767,344.86188,2360.3782,0.74732965,1854.9553,-0.11089424
5675,1140,2207.3694,2206.1157,192731.15625,3359206.25,167.2614,345.12894,237.92982,2272.12,0.80979997,1789.9908,-0.11710128
5676,1235,2209.5222,3126.8738,201938.734375,3359184.75,493.0259,731.8081,656.8008,2311.589,0.56413025,1808.8326,-0.11400002
5677,1260,2211.4167,3416.4897,204834.90625,3359165.75,480.54205,687.46387,620.23846,2469.2378,0.6048249,1814.7603,-0.14655541
5678,1461,2211.5981,3532.5195,205995.1875,3359164.0,777.0592,1001.052,1063.6307,2092.4165,0.32524252,1817.1348,-0.062890455
5679,1382,2210.4377,3863.4443,209304.4375,3359175.5,630.9327,826.784,855.26556,2258.403,0.4592186,1823.9064,-0.084799685
5680,1228,2208.8574,4045.4895,211124.890625,3359191.5,622.75653,787.14453,800.0183,2025.2166,0.45204926,1827.6311,-0.04282582
5681,1448,2212.2542,2491.335,195583.34375,3359157.5,321.85635,567.77277,494.74585,2337.5808,0.6954836,1795.8296,-0.12518685
5682,1318,2213.2505,3339.537,204065.375,3359147.5,356.393,574.94653,462.0292,2450.571,0.6797762,1813.1865,-0.14500901
5683,1348,2210.3308,3939.4927,210064.921875,3359176.75,576.19586,784.14984,807.63464,2236.0251,0.4658649,1825.4626,-0.08798077
5684,1461,2211.2664,1705.6235,187726.234375,3359167.25,213.54073,381.4011,346.41888,1927.5674,0.70067614,1779.7529,-0.011254629
5685,1361,2212.158,2845.8816,199128.8125,3359158.5,618.7972,899.335,1046.277,2337.7341,0.3827959,1803.0842,-0.12264693
5686,1213,2209.1072,2029.1624,190961.625,3359189.0,212.15993,392.19537,296.3116,2268.258,0.7682754,1786.3712,-0.11333442
5687,1409,2213.6367,3902.694,209696.9375,3359143.75,551.0522,757.0057,762.13806,2188.3093,0.4851969,1824.7113,-0.07366061
5688,1355,2214.0044,4155.3647,212223.65625,3359140.0,919.9472,1096.6436,1202.5881,1872.4575,0.22651106,1829.8826,-0.005278114
5689,1484,2213.2485,4229.8354,212968.359375,3359147.5,630.38715,798.21594,805.2342,1977.3427,0.4410968,1831.4062,-0.027040519
5690,1158,2212.0803,2335.108,194021.078125,3359159.25,187.01382,375.4594,269.61832,2206.165,0.78196263,1792.6328,-0.10258098
5691,1499,2215.9573,2739.022,198060.21875,3359120.5,528.26215,811.66046,917.3896,2315.9333,0.440406,1800.8998,-0.12150904
5692,1276,2213.3457,3374.8848,204418.84375,3359146.5,341.134,541.7014,419.20847,2501.8044,0.710565,1813.9099,-0.15593363
5693,1326,2212.1191,2103.8733,191708.734375,3359158.75,171.60406,358.2843,269.26846,2275.5776,0.78946215,1787.9016,-0.11831894
5694,1322,2212.5393,2947.832,200148.3125,3359154.5,767.07715,1053.3075,1227.57,2354.9875,0.3350089,1805.1705,-0.12779759
5695,1233,2214.3057,5216.9487,222839.484375,3359137.0,675.5949,942.3423,847.3455,3312.7068,0.58794415,1851.61,-0.26278725
5696,1303,2214.0645,1631.3738,186983.734375,3359139.25,210.30775,388.8465,342.07138,2026.5725,0.7158886,1778.2355,-0.042052887
5697,1424,2217.0703,3165.8364,202328.359375,3359109.25,493.75842,717.89923,708.5811,2135.1636,0.51551443,1809.6342,-0.076904505
5698,1181,2213.6782,3206.674,202736.734375,3359143.25,529.50256,785.5186,713.5682,2402.962,0.53954786,1810.4679,-0.1316464
5699,1352,2216.5925,4458.483,215254.828125,3359114.0,888.31213,1030.3298,1118.8732,1645.3894,0.19348498,1836.0875,0.062266458
5700,1184,2218.5195,3601.8977,206688.96875,3359094.75,860.68494,1079.4366,1154.6042,2092.0464,0.2856126,1818.5583,-0.060905788
5701,1412,2216.621,4312.131,213791.3125,3359113.75,888.363,1045.2949,1150.8491,1647.437,0.1844722,1833.0923,0.058948763
5702,1503,2218.4277,2996.2195,200632.1875,3359095.75,614.8087,859.0542,923.322,2174.947,0.40421566,1806.1641,-0.08271778
5703,1330,2213.8323,3251.209,203182.09375,3359141.75,646.141,892.0876,893.81915,2290.8887,0.43594134,1811.3793,-0.1088561
5704,1386,2218.642,4420.6953,214876.953125,3359093.5,749.60284,899.9538,968.6764,1686.2164,0.27918458,1835.3153,0.049583815
5705,1199,2216.371,4499.9507,215669.5,3359116.25,886.8674,1022.23267,1098.2756,1635.3666,0.20331304,1836.936,0.064966954
5706,1125,2215.9822,4665.9653,217329.65625,3359120.25,869.68225,1003.3498,1111.5365,1510.268,0.15376046,1840.3336,0.1031829
5707,1198,2216.1,4832.4307,218994.3125,3359119.0,629.0893,845.43823,891.3881,2290.8076,0.44713387,1843.7407,-0.09763324
5708,1400,2217.7764,5031.9224,220989.21875,3359102.25,308.9368,466.39642,425.79965,1972.3958,0.6582147,1847.8247,-0.026639128
5709,1675,2220.145,1941.7493,190087.5,3359078.5,177.8006,341.15582,275.9803,1978.7332,0.7551921,1784.5891,-0.0446555
5710,1404,2219.1226,2533.3162,196003.15625,3359088.75,225.84045,436.24146,315.58334,2225.2422,0.75749236,1796.6925,-0.10270396
5711,1270,2217.322,3291.426,203584.265625,3359106.75,560.48505,818.976,798.0882,2394.2996,0.50002545,1812.2042,-0.13263912
5712,1194,2218.092,5091.366,221583.65625,3359099.0,368.36014,533.6805,512.19763,2002.0615,0.60020465,1849.0416,-0.034412086
5713,1419,2219.721,1832.6074,188996.078125,3359082.75,184.5088,353.34814,303.81747,2008.124,0.73902565,1782.356,-0.04775487
5714,1225,2217.777,2140.0442,192070.4375,3359102.25,304.48,516.29144,465.77878,2243.4417,0.683427,1788.6449,-0.10751286
5715,1168,2219.7783,3638.1824,207051.828125,3359082.25,888.1558,1087.0103,1170.7817,1946.4058,0.24943386,1819.3015,-0.026737867
5716,1248,2220.0264,4011.7693,210787.6875,3359079.75,794.732,951.61816,1032.9147,1812.2435,0.28022173,1826.947,0.013530377
5717,1428,2221.9258,4379.0005,214460.0,3359060.75,663.54724,807.81024,867.8291,1632.4601,0.30751887,1834.4636,0.07012324
5718,1160,2220.7793,4576.0156,216430.15625,3359072.25,670.8491,801.397,843.0435,1589.6703,0.31594703,1838.4952,0.082865134
5719,1123,2219.8994,4770.6357,218376.359375,3359081.0,411.5481,554.84283,509.80988,1788.4105,0.56848615,1842.478,0.024697967
5720,1305,2219.574,5128.7837,221957.84375,3359084.25,538.59503,716.06244,733.0582,1951.3065,0.46158412,1849.8082,-0.021091029
5721,1519,2223.1804,1744.58,188115.796875,3359048.25,221.35747,397.7097,359.37064,2001.455,0.69980276,1780.5569,-0.026591703
5722,1280,2222.9507,3716.5078,207835.078125,3359050.5,416.04022,591.14417,536.27423,2158.7507,0.602002,1820.9061,-0.07805183
5723,1218,2219.976,4541.3804,216083.8125,3359080.25,767.03613,921.9783,1019.92773,1651.4512,0.24010585,1837.7859,0.073229514
5724,1413,2221.3772,1989.2484,190562.484375,3359066.25,405.1819,617.28235,615.94196,2092.5881,0.60817295,1785.5618,-0.068893746
5725,1267,2223.2305,3762.1792,208291.796875,3359047.75,453.51657,643.6263,580.7427,2318.297,0.59925926,1821.841,-0.111885376
5726,1409,2224.6558,2780.7332,198477.328125,3359033.5,560.25336,842.0632,930.46344,2309.6062,0.42875448,1801.7582,-0.119966894
5727,1326,2227.8513,3096.43,201634.296875,3359001.5,613.46533,899.3028,937.7632,2392.478,0.43851703,1808.2198,-0.13331391
5728,1516,2226.7935,2632.5613,196995.609375,3359012.0,197.60686,383.5752,263.89642,2095.3918,0.77562714,1798.7275,-0.073055856
5729,1286,2226.0513,3673.769,207407.6875,3359019.5,570.17847,780.2224,808.7702,2196.407,0.47235054,1820.0332,-0.0869761
5730,1320,2226.9485,2286.3772,193533.765625,3359010.5,190.06137,376.73636,261.31213,2208.4614,0.7870818,1791.6443,-0.09783299
5731,1368,2226.8333,3446.478,205134.78125,3359011.75,596.5757,804.6824,796.1506,2201.414,0.4677421,1815.3824,-0.0861071
5732,1289,2227.2515,3805.1404,208721.40625,3359007.5,599.06287,780.5838,783.1672,2051.344,0.45430467,1822.7223,-0.04949801
5733,1294,2229.6902,2884.2234,199512.234375,3358983.0,447.449,727.07806,798.45593,2290.656,0.49017382,1803.8787,-0.11122958
5734,1233,2228.7258,3971.4946,210384.9375,3358992.75,814.4201,988.19543,1061.3414,2038.0828,0.31775397,1826.1276,-0.042847514
5735,1052,2224.4944,5319.921,223869.21875,3359035.0,386.0266,598.5817,564.6849,2604.5557,0.644522,1853.723,-0.15299204
5736,1093,2226.0896,5413.1895,224801.890625,3359019.0,465.65372,671.8948,685.2873,2331.112,0.57205206,1855.6328,-0.09973345
5737,1523,2230.067,1794.8201,188618.203125,3358979.25,193.0591,365.20944,318.09192,2070.1956,0.73660475,1781.5889,-0.055620655
5738,1131,2229.2786,2428.541,194955.40625,3358987.25,192.9496,393.4987,301.08047,2182.229,0.7572948,1794.5544,-0.09399489
5739,1364,2231.1812,4196.9287,212639.28125,3358968.25,809.82404,971.2852,1045.1038,1730.3585,0.25672287,1830.7424,0.035638053
5740,1141,2230.5083,4737.348,218043.484375,3358975.0,586.2454,725.8234,734.4299,1731.3071,0.41951364,1841.8024,0.041885328
5741,1381,2230.349,2239.6199,193066.203125,3358976.5,181.45691,369.0,254.01086,2289.3208,0.80001587,1790.6896,-0.12132568
5742,1193,2232.3706,2393.2288,194602.28125,3358956.25,282.00504,503.97485,434.76614,2249.7402,0.70851195,1793.8336,-0.10805912
5743,1435,2235.0312,2569.977,196369.765625,3358929.75,191.86272,387.23694,256.8669,2193.276,0.7896392,1797.4517,-0.09627847
5744,1259,2230.0103,3485.5195,205525.1875,3358980.0,720.2327,926.72797,983.33044,2032.5497,0.3544189,1816.1831,-0.049338717
5745,1273,2231.4973,4870.59,219375.90625,3358965.0,708.4026,919.914,1013.22705,2115.4038,0.36470664,1844.5299,-0.056633368
5746,1435,2232.8696,4945.7134,220127.125,3358951.25,480.35574,622.6641,556.0223,2089.1067,0.5910088,1846.0682,-0.047398843
5747,1302,2230.7297,5254.1074,223211.078125,3358972.75,527.91284,791.11365,770.6471,2618.4255,0.5382564,1852.3792,-0.14401603
5748,1410,2235.7043,4339.466,214064.65625,3358923.0,601.13226,738.5096,756.8787,1587.0138,0.354566,1833.662,0.08110355
5749,1215,2233.1736,4614.162,216811.625,3358948.25,785.3502,918.33044,1006.4671,1545.4448,0.21507159,1839.2826,0.093309164
5750,1148,2233.6838,5185.7925,222527.921875,3358943.25,735.64636,947.18207,977.58276,2423.2295,0.46124256,1850.9824,-0.11172137
5751,1273,2233.7305,4696.6865,217636.875,3358942.75,923.4289,1066.3636,1178.262,1611.1398,0.15753949,1840.9718,0.07146611
5752,1442,2237.7864,4262.5327,213295.328125,3358902.25,886.89075,1062.0582,1163.1664,1875.5381,0.23885232,1832.0886,-0.004058067
5753,1539,2236.3157,4990.822,220578.21875,3358916.75,291.23035,435.97302,382.141,1930.5461,0.6740814,1846.9933,-0.016783765
5754,1007,2231.6355,5351.5063,224185.0625,3358963.75,364.9573,566.5556,564.5084,2353.3362,0.609844,1854.3732,-0.10242694
5755,1474,2234.1655,1664.1581,187311.578125,3358938.25,208.04002,382.808,334.65332,2008.9769,0.7169294,1778.918,-0.03282878
5756,1264,2237.2207,2919.2263,199862.265625,3358907.75,584.53204,868.25397,999.0372,2351.888,0.40948233,1804.5991,-0.12606442
5757,1169,2235.651,3568.3027,206353.03125,3358923.5,776.79297,1017.8178,1094.7181,2282.8818,0.35266113,1817.8802,-0.10684374
5758,1339,2239.7588,3844.8909,209118.90625,3358882.5,435.43616,591.32153,534.08887,2102.5352,0.59465134,1823.5426,-0.059758034
5759,1152,2235.0278,4801.782,218687.8125,3358929.75,765.0833,939.3138,995.9987,1935.036,0.33379993,1843.1235,-0.015644215
5760,1340,2239.391,5062.7866,221297.875,3358886.0,333.76678,488.01306,443.7597,1966.2959,0.63893116,1848.4678,-0.021796871
5761,1647,2241.7844,1905.218,189722.1875,3358862.25,207.74316,381.20825,315.09534,2085.2197,0.737406,1783.8544,-0.06524832
5762,1100,2239.6228,2320.6956,193876.953125,3358883.75,185.53728,373.70728,286.97,2148.4736,0.7675025,1792.3538,-0.08861206
5763,1417,2239.8525,4906.948,219739.484375,3358881.5,600.9806,787.9481,802.1309,2127.7703,0.45902815,1845.2784,-0.05687994
5764,1327,2239.432,2195.9375,192629.375,3358885.75,158.54936,339.16428,237.06255,2220.3994,0.8066675,1789.801,-0.10583574
5765,1564,2243.1099,2672.8875,197398.875,3358849.0,352.31586,571.83954,517.48016,2224.4163,0.6666881,1799.5619,-0.09866238
5766,1350,2237.5342,4086.331,211533.3125,3358904.75,748.1726,907.7367,979.48334,1861.9822,0.32428825,1828.4824,-0.0036454159
5767,1153,2239.7156,5293.2383,223602.375,3358882.75,332.0993,544.56116,502.1392,2623.1357,0.67659473,1853.1847,-0.15060568
5768,908,2234.946,5383.065,224500.65625,3358930.5,219.3739,382.6393,331.89316,2126.8013,0.729927,1855.0209,-0.060377512
5769,1251,2241.5125,2359.3926,194263.921875,3358865.0,435.56354,674.73145,650.57477,2242.586,0.6040695,1793.1466,-0.102137506
5770,1463,2243.5886,2821.229,198882.28125,3358844.0,508.20163,784.3903,831.8052,2349.7007,0.48648992,1802.5975,-0.12271809
5771,1366,2243.817,2964.642,200316.421875,3358841.75,823.814,1133.5308,1277.07,2438.33,0.35670772,1805.5321,-0.14284013
5772,1286,2241.8523,3026.0645,200930.640625,3358861.5,614.91797,852.2659,921.4452,2237.9187,0.41722718,1806.7878,-0.09875872
5773,1412,2245.5396,3316.3271,203833.28125,3358824.5,449.83145,638.88385,618.4444,2215.597,0.56748885,1812.7295,-0.09616876
5774,1230,2241.1602,3394.0625,204610.625,3358868.5,395.75162,598.8012,549.09717,2174.4436,0.6009968,1814.3177,-0.087448284
5775,1094,2243.7825,3512.7148,205797.15625,3358842.25,800.04205,1021.92365,1127.0736,2084.8977,0.3054211,1816.7472,-0.06355296
5776,1392,2242.6587,2465.1394,195321.390625,3358853.5,158.08908,347.49783,245.51509,2209.518,0.80030775,1795.3109,-0.10175629
5777,1364,2240.3792,2034.522,191015.21875,3358876.25,215.33028,375.11438,288.5733,2122.2144,0.7599932,1786.499,-0.078007564
5778,1487,2243.2024,2075.5945,191425.9375,3358848.0,181.33961,348.71216,268.03027,2144.563,0.7764561,1787.3411,-0.08092846
5779,1328,2244.9216,2160.798,192277.984375,3358830.75,208.94579,402.64383,322.25528,2230.0217,0.75765723,1789.0853,-0.10794646
5780,1506,2246.4197,3062.6255,201296.25,3358815.75,581.14246,856.1215,910.5581,2324.7212,0.43686515,1807.5386,-0.11958753
5781,1297,2244.775,3234.3215,203013.21875,3358832.25,595.3747,838.76984,811.1681,2270.032,0.47422203,1811.051,-0.10675416
5782,1114,2242.326,3194.8662,202618.65625,3358856.75,578.17865,846.4542,771.8034,2401.288,0.50777465,1810.2423,-0.13120349
5783,1320,2243.66,1868.0288,189350.28125,3358843.5,230.64772,409.30228,363.3106,2120.5605,0.7150029,1783.0946,-0.06603348
5784,1293,2246.328,2510.4949,195774.953125,3358816.75,425.68832,683.00775,642.85767,2337.6814,0.63039637,1796.2411,-0.12509692
5785,1344,2246.884,5148.2983,222152.984375,3358811.25,960.2913,1190.8984,1373.5934,2062.6245,0.22667037,1850.2219,-0.0496363
5786,1198,2245.899,4480.273,215472.734375,3358821.0,812.1465,941.40857,1003.6219,1572.3706,0.22376896,1836.5492,0.08385591
5787,1260,2245.5303,4650.603,217176.03125,3358824.75,868.1675,1015.5052,1135.6056,1548.5127,0.1596838,1840.0349,0.09510245
5788,1516,2249.089,2712.0415,197790.40625,3358789.0,170.0686,343.33643,227.88258,2111.721,0.8044362,1800.3665,-0.07597056
5789,1311,2245.08,3132.6423,201996.421875,3358829.25,585.36194,855.5042,855.69525,2380.4146,0.4774741,1808.9706,-0.12940204
5790,1446,2247.926,3925.8872,209928.875,3358800.75,697.0007,906.6369,937.0695,2270.8655,0.42251068,1825.2047,-0.09409902
5791,1311,2244.4568,4042.2402,211092.40625,3358835.5,784.23114,945.5774,1021.2834,1869.1617,0.30448243,1827.5839,-0.005132861
5792,1430,2247.8755,4129.295,211962.953125,3358801.25,913.10736,1076.6238,1181.308,1767.3783,0.20680659,1829.3673,0.022787353
5793,1139,2247.0693,4517.8,215848.0,3358809.25,747.0931,867.3995,938.7028,1497.2607,0.23248315,1837.3177,0.11589367
5794,1300,2248.3054,3273.7886,203407.890625,3358797.0,387.25076,606.4577,483.37653,2580.2,0.68237495,1811.8606,-0.16992234
5795,1491,2249.7927,3884.947,209519.46875,3358782.0,523.22034,707.35913,684.46545,2256.6897,0.5418721,1824.3678,-0.09384111
5796,1382,2247.4595,1701.1693,187681.6875,3358805.5,216.79523,390.14328,342.50723,2015.0037,0.7113538,1779.683,-0.02218734
5797,1385,2248.7551,2116.1033,191831.03125,3358792.5,212.74152,396.25705,316.97763,2185.6917,0.75609124,1788.173,-0.09723248
5798,1173,2248.636,2858.0178,199250.171875,3358793.75,418.26428,677.3606,725.0128,2166.4211,0.5153514,1803.3531,-0.08467445
5799,1237,2249.4631,4166.55,212335.5,3358785.25,937.7563,1106.2203,1202.6261,1865.5602,0.23021223,1830.1306,-0.002744631
5800,1320,2250.275,1975.531,190425.3125,3358777.25,261.90378,439.0235,368.81668,2105.21,0.7063966,1785.2979,-0.07234305
5801,1439,2254.014,2607.528,196745.28125,3358739.75,237.25851,440.07297,337.59763,2149.8506,0.73334736,1798.2308,-0.08652814
5802,1418,2251.1904,3353.4648,204204.65625,3358768.0,371.8103,544.6647,467.97003,2257.6062,0.6542199,1813.4926,-0.105005674
5803,1050,2251.1218,3542.241,206092.40625,3358768.75,802.7981,1025.7961,1107.7515,2098.981,0.30961758,1817.3555,-0.06512644
5804,1247,2252.1372,3735.8684,208028.6875,3358758.75,431.07617,620.90576,609.2634,2196.9739,0.5631006,1821.3184,-0.08490483
5805,1547,2256.7349,4295.119,213621.1875,3358712.75,790.383,954.1332,1044.8821,1726.9894,0.25499436,1832.7656,0.03583808
5806,1292,2253.568,4403.1895,214701.890625,3358744.25,750.37695,890.4888,964.1037,1544.0394,0.23553231,1834.9757,0.09695604
5807,1349,2251.6782,5102.7764,221697.765625,3358763.25,626.7713,820.9351,877.3525,1956.5182,0.38522232,1849.2927,-0.023780277
5808,1382,2257.1838,1771.2909,188382.90625,3358708.25,224.71925,402.96744,361.07886,2108.521,0.70806885,1781.1233,-0.034983244
5809,1430,2254.6062,2752.3762,198193.765625,3358734.0,330.03845,551.6315,496.3832,2210.5334,0.65031517,1801.195,-0.0951479
5810,1185,2253.0457,3777.3037,208443.03125,3358749.5,444.59494,649.1861,590.0561,2357.8628,0.5954693,1822.1667,-0.11645222
5811,1393,2254.8535,4439.559,215065.59375,3358731.5,797.3033,928.14105,1035.1996,1484.5079,0.17564572,1835.7207,0.11759795
5812,1192,2249.6494,5219.493,222864.9375,3358783.5,588.9476,820.72864,806.4027,2178.9795,0.46252245,1851.6805,-0.046288706
5813,1108,2251.7148,3629.0894,206960.890625,3358762.75,474.71887,677.23553,669.21704,2235.0378,0.5424666,1819.133,-0.097225256
5814,1240,2255.4395,3697.3813,207643.8125,3358725.5,419.69235,600.4391,604.90967,2105.8843,0.55382115,1820.5326,-0.06796348
5815,1278,2252.0713,4838.4116,219054.125,3358759.25,750.52856,954.70856,1047.4879,2073.237,0.33747327,1843.8822,-0.04927578
5816,1089,2253.0715,4584.17,216511.703125,3358749.25,764.1552,905.2346,989.9261,1646.86,0.25511286,1838.6793,0.06349873
5817,1307,2258.6504,2259.4927,193264.921875,3358693.5,202.63045,386.60443,282.54324,2159.9158,0.767646,1791.1124,-0.08941016
5818,1111,2253.927,3596.307,206633.0625,3358740.75,542.7943,770.5234,754.0419,2270.3203,0.5064088,1818.4634,-0.10264463
5819,1307,2254.9817,4003.4521,210704.53125,3358730.25,775.5692,938.2211,978.53864,2033.5165,0.35481852,1826.7958,-0.041216444
5820,1412,2256.3003,4228.093,212950.9375,3358717.0,885.1944,1067.0538,1158.8884,1865.8912,0.2381135,1831.3938,-0.0015553886
5821,1180,2256.4849,4550.7603,216177.59375,3358715.25,719.15845,870.2975,968.75214,1644.4194,0.26999515,1837.9973,0.07059542
5822,1260,2255.7944,4763.3696,218303.6875,3358722.0,708.1111,856.76154,906.71387,1702.6869,0.31629765,1842.3483,0.047633912
5823,1404,2257.1838,5025.415,220924.15625,3358708.25,517.55554,716.71045,779.9829,2230.0496,0.5004728,1847.7122,-0.087013006
5824,1307,2261.8914,3419.0642,204860.640625,3358661.0,594.1063,821.4365,840.87335,2197.516,0.44939217,1814.8408,-0.08982633
5825,1317,2260.0857,1734.7988,188017.984375,3358679.25,248.06758,425.00684,410.06833,1978.8398,0.6602883,1780.3784,-0.0021877957
5826,1321,2260.3535,4367.051,214340.5,3358676.5,847.6817,1005.2684,1116.5848,1656.6699,0.20169456,1834.2397,0.060957737
5827,1371,2258.5916,1835.0481,189020.484375,3358694.0,229.41429,410.2429,376.07367,2096.506,0.6979936,1782.4286,-0.0500983
5828,1269,2259.7903,3166.4373,202334.375,3358682.0,486.61465,738.97833,713.9933,2337.067,0.5390987,1809.6703,-0.119675234
5829,1128,2259.9272,3660.618,207276.1875,3358680.75,413.89227,600.8098,591.91315,2186.317,0.57335615,1819.7827,-0.08671356
5830,1232,2259.3132,3961.883,210288.828125,3358686.75,624.502,839.06085,843.24475,2629.391,0.52294886,1825.9475,-0.16956078
5831,1336,2263.2344,2545.738,196127.375,3358647.75,197.47081,393.6063,275.30838,2149.015,0.7720591,1796.9718,-0.08706417
5832,1246,2261.1548,2789.747,198567.46875,3358668.5,527.47754,784.4743,851.77124,2269.8186,0.46209806,1801.9633,-0.1066507
5833,1271,2261.0205,3457.1982,205241.984375,3358669.75,699.31354,920.14435,967.9839,2098.794,0.37237975,1815.6207,-0.06393847
5834,1359,2265.6562,2011.0037,190780.03125,3358623.5,346.6674,561.39075,528.2958,2220.3267,0.65424633,1786.0325,-0.102483705
5835,1222,2262.046,4722.081,217890.8125,3358659.5,755.1583,898.4861,971.9472,1640.9918,0.26909068,1841.5066,0.06493096
5836,1168,2260.6926,5328.493,223954.9375,3358673.0,397.19778,604.24615,648.30054,2251.3535,0.55950874,1853.9172,-0.078708656
5837,1025,2262.3347,5422.612,224896.125,3358656.75,515.49805,725.341,781.34436,2101.3284,0.50458556,1855.8445,-0.051041804
5838,1546,2264.1404,1939.0751,190060.75,3358638.5,207.95667,376.5802,313.55756,2037.4451,0.7339361,1784.56,-0.052158847
5839,1349,2263.9905,2995.1934,200621.9375,3358640.0,638.566,907.3503,932.77277,2414.9465,0.44299653,1806.1686,-0.1374537
5840,1200,2262.3767,3815.03,208820.296875,3358656.25,375.03043,548.58,464.375,2324.2764,0.67282873,1822.944,-0.112417206
5841,1019,2262.159,5271.4917,223384.921875,3358658.5,283.53238,460.72717,472.08734,2010.528,0.6286074,1852.7512,-0.03345345
5842,1140,2262.6729,2295.5579,193625.578125,3358653.25,304.20526,511.7921,456.52457,2187.0044,0.681624,1791.8527,-0.09067284
5843,1344,2266.3489,4964.132,220311.3125,3358616.5,288.14212,415.8017,330.29388,1939.9326,0.7141886,1846.4628,-0.020230925
5844,1374,2266.9578,2219.327,192863.265625,3358610.5,175.14192,358.81442,248.12518,2266.3982,0.80240196,1790.2954,-0.116295025
5845,963,2263.8027,5393.645,224606.453125,3358642.0,227.11682,376.49637,326.21652,1944.7145,0.7212138,1855.2523,-0.01093158
5846,1212,2266.5298,2933.4307,200004.3125,3358614.75,611.82794,899.5755,1045.5272,2386.6936,0.3921808,1804.9062,-0.13406695
5847,1249,2266.6372,4682.638,217496.375,3358613.75,911.8587,1055.9127,1188.6425,1604.8779,0.1524505,1840.7018,0.073808685
5848,988,2263.0557,5362.163,224291.625,3358649.5,293.28238,464.02985,473.57642,2097.1094,0.63640857,1854.6075,-0.051674463
5849,1137,2261.1855,2428.9128,194959.125,3358668.25,156.60158,346.60773,247.5233,2178.7134,0.79588073,1794.5803,-0.09525433
5850,1141,2268.1956,4065.5547,211325.546875,3358598.0,740.32385,904.40753,976.13806,1955.6315,0.35044804,1828.0739,-0.025545342
5851,1525,2270.419,2643.3357,197103.359375,3358575.75,211.05902,402.07346,273.48,2149.5298,0.7733827,1798.9728,-0.08610144
5852,1372,2266.6953,3097.5378,201645.375,3358613.0,557.28424,824.0703,827.33856,2427.7117,0.49027497,1808.2643,-0.13904652
5853,1164,2271.2844,2489.8643,195568.640625,3358567.25,399.3024,644.6761,614.1503,2269.3506,0.64171445,1795.8331,-0.109577686
5854,1450,2268.847,4876.0317,219430.3125,3358591.5,739.6769,906.2141,957.27277,1810.5359,0.32152587,1844.6609,0.017936993
5855,1337,2270.8108,4926.5586,219935.59375,3358572.0,335.11743,489.57816,386.30066,2138.28,0.70012593,1845.696,-0.06777699
5856,1310,2274.513,1807.4061,188744.0625,3358534.75,196.47557,354.5603,319.67557,1832.5916,0.70486957,1781.8723,0.036627114
5857,1148,2267.5034,2395.4956,194624.953125,3358605.0,370.10104,598.0575,554.80664,2259.866,0.6547599,1793.9001,-0.10875118
5858,1514,2273.115,2893.4036,199604.03125,3358548.75,341.99802,595.77344,587.1169,2150.5972,0.59740025,1804.091,-0.0805536
5859,1258,2272.612,4100.7583,211677.578125,3358554.0,745.33105,917.194,996.0696,1983.9896,0.34018752,1828.7966,-0.032912508
5860,1138,2266.5142,4800.1074,218671.078125,3358614.75,865.19904,1047.5848,1161.7316,1898.1824,0.24021572,1843.1058,-0.006492031
5861,1146,2266.5193,5184.315,222513.15625,3358614.75,370.09424,515.5061,512.3722,1971.507,0.58780175,1850.9692,-0.024546456
5862,1081,2270.7327,2334.285,194012.84375,3358572.75,233.72247,429.18408,330.71878,2245.8252,0.7461535,1792.6497,-0.10482077
5863,1205,2272.0232,3489.815,205568.15625,3358559.75,687.5776,917.18713,971.3307,2126.9805,0.3762363,1816.2942,-0.072459675
5864,1101,2272.9292,5242.9565,223099.5625,3358550.75,239.17575,393.76566,351.50226,1975.9664,0.69831395,1852.1729,-0.025563456
5865,1254,2272.7559,3210.445,202774.453125,3358552.5,461.89792,693.4202,617.3062,2229.6418,0.573588,1810.578,-0.09167538
5866,1408,2274.3054,4327.3564,213943.5625,3358537.0,790.45135,936.1488,1038.4034,1592.816,0.21637826,1833.4348,0.078277834
5867,1192,2269.5823,4615.0107,216820.109375,3358584.25,785.4585,914.5218,1016.1628,1517.2042,0.20395322,1839.3192,0.102756426
5868,1479,2276.5247,2053.086,191200.859375,3358514.75,207.14537,364.15347,316.0108,1945.023,0.7248304,1786.8998,-0.032168828
5869,1281,2276.5496,2580.822,196478.21875,3358514.5,199.93912,395.55893,261.17017,2214.5652,0.7886209,1797.6973,-0.102175936
5870,1313,2275.2354,4195.6123,212626.125,3358527.75,935.741,1112.7806,1230.7783,1785.6942,0.19185878,1830.7393,0.019428503
5871,1367,2277.6768,2140.37,192073.703125,3358503.25,247.30432,441.93927,380.5684,2176.6423,0.7167206,1788.6863,-0.09006629
5872,1387,2277.3289,3380.566,204475.65625,3358506.75,415.54144,603.5898,614.1633,2183.0037,0.5632155,1814.0616,-0.09033318
5873,1402,2279.0063,3295.1704,203621.703125,3358490.0,417.22504,623.964,555.7846,2334.4504,0.61590225,1812.3152,-0.12267413
5874,1416,2279.4817,2179.8455,192468.453125,3358485.25,166.28036,348.8376,261.738,2231.2925,0.7900044,1789.4949,-0.1081682
5875,1099,2276.0874,4469.7827,215367.828125,3358519.0,794.2557,908.22565,997.4286,1349.1633,0.1512868,1836.3506,0.15875228
5876,1277,2275.376,5059.3643,221263.640625,3358526.25,411.85593,585.4452,566.659,2098.97,0.58184326,1848.4165,-0.057404794
5877,1040,2277.9172,2365.2278,194322.28125,3358500.75,193.53943,376.54327,271.45096,2206.423,0.7805468,1793.2869,-0.10173806
5878,1400,2280.01,3253.2043,203202.046875,3358480.0,360.27393,565.80426,444.4107,2295.9546,0.6720907,1811.457,-0.103310786
5879,1262,2279.4834,3561.4944,206284.9375,3358485.25,438.22702,632.0994,587.0709,2340.441,0.5983924,1817.7651,-0.115579225
5880,1252,2276.6038,3847.552,209145.515625,3358514.0,312.8195,458.57507,347.39896,2312.5024,0.73454446,1823.6172,-0.106010936
5881,1166,2281.1956,5123.3154,221903.15625,3358468.0,682.62866,866.8649,1022.9803,1904.2625,0.3250301,1849.7285,-0.0119885905
5882,1515,2281.7458,2094.9294,191619.296875,3358462.5,172.01122,324.00726,262.12543,1935.7168,0.76106745,1787.7589,-0.028251844
5883,1482,2280.705,4258.936,213259.359375,3358473.0,945.35626,1111.4275,1238.2911,1648.2996,0.14371178,1832.0381,0.05910664
5884,1240,2279.0806,4506.797,215737.96875,3358489.25,726.13586,866.8121,940.98267,1575.8165,0.26001224,1837.1096,0.09437999
5885,1369,2281.4346,4995.7393,220627.390625,3358465.75,269.73047,408.81155,321.83017,1976.3755,0.7202316,1847.1176,-0.027834604
5886,1124,2279.8088,5300.7134,223677.125,3358482.0,306.4555,492.117,483.49066,2178.4587,0.6312824,1853.3585,-0.059156153
5887,1359,2279.1082,3030.2744,200972.75,3358489.0,578.9525,798.8712,863.3657,2102.5894,0.42099229,1806.8949,-0.06809981
5888,1135,2280.689,3753.2898,208202.90625,3358473.0,435.7762,616.1529,630.37225,2123.0771,0.5443023,1821.6906,-0.071433835
5889,1506,2281.522,1871.6467,189386.46875,3358464.75,211.33067,394.91766,351.99402,2170.2783,0.72499925,1783.1907,-0.056895554
5890,1218,2283.317,2457.2217,195242.21875,3358446.75,143.31938,326.74466,225.26027,2177.9597,0.8122322,1795.1721,-0.09421768
5891,1658,2286.0996,2683.8384,197508.375,3358419.0,375.16406,595.5935,550.29315,2280.0369,0.67181057,1799.8104,-0.11015088
5892,1301,2279.6602,2852.3628,199193.625,3358483.5,231.31744,442.54803,345.78708,1930.6165,0.6967781,1803.2549,-0.023764672
5893,1174,2282.1602,3523.432,205904.3125,3358458.5,673.19037,945.3318,972.1563,2320.7227,0.40229687,1816.9877,-0.10788494
5894,1393,2284.903,4031.6633,210986.625,3358431.0,602.416,778.2584,800.1536,2134.3457,0.4676406,1827.3894,-0.068271324
5895,1125,2280.0845,4646.7896,217137.890625,3358479.25,797.19867,932.028,1020.7569,1553.8102,0.21234383,1839.9752,0.09138433
5896,1481,2285.8765,2726.7603,197937.59375,3358421.25,170.44768,340.38556,217.45038,2122.524,0.812607,1800.6885,-0.075984135
5897,1296,2281.8103,3135.081,202020.8125,3358462.0,578.87,868.375,884.9556,2547.7659,0.48699248,1809.041,-0.16423246
5898,1040,2282.2078,5154.4146,222214.140625,3358458.0,935.1668,1155.4202,1273.5774,2281.2432,0.3373076,1850.3655,-0.09954946
5899,1519,2288.0388,3334.2107,204012.109375,3358399.5,397.5533,576.4674,538.24756,2128.811,0.59477264,1813.119,-0.07174712
5900,1348,2285.3013,3917.339,209843.390625,3358427.0,609.67584,809.29156,819.56714,2285.174,0.47423708,1825.05,-0.09674724
5901,1187,2284.4658,4160.6733,212276.734375,3358435.25,747.78265,904.2102,960.72534,1765.2726,0.30820164,1830.0292,0.027644552
5902,1117,2286.4207,5091.363,221583.625,3358415.75,508.63205,681.7229,776.80304,1910.3953,0.42664403,1849.0773,-0.011854763
5903,1589,2290.0447,1906.7112,189737.109375,3358379.5,211.33102,381.5922,350.5217,1952.6488,0.6993675,1783.913,-0.011643582
5904,1454,2288.8645,2812.8604,198798.609375,3358391.25,289.0571,489.31842,425.63617,2088.5894,0.6735512,1802.4519,-0.06412114
5905,1346,2287.3374,2963.352,200303.515625,3358406.5,971.3826,1329.4595,1547.2292,2526.114,0.29255694,1805.5303,-0.15813367
5906,1274,2287.4724,3713.2073,207802.078125,3358405.25,424.86932,588.66956,581.42975,1951.8085,0.54154587,1820.874,-0.026420241
5907,1083,2285.7388,3789.7886,208567.890625,3358422.5,309.54385,473.89474,353.40765,2430.7534,0.7449072,1822.4402,-0.1374034
5908,1295,2289.4866,2523.7983,195907.984375,3358385.25,199.15367,402.3637,281.8355,2216.0007,0.7737288,1796.5378,-0.10227268
5909,1244,2287.1777,3990.8562,210578.5625,3358408.25,511.63144,688.6692,665.75684,2245.643,0.5435595,1826.5555,-0.09339119
5910,1180,2288.5059,4747.8145,218148.140625,3358395.0,905.4962,1058.3225,1154.0483,1702.1991,0.19415633,1842.0472,0.045701496
5911,1265,2285.8357,4831.667,218986.671875,3358421.75,862.2613,1074.9375,1222.8597,1925.0419,0.23966326,1843.762,-0.00743864
5912,1423,2287.2537,1973.3739,190403.734375,3358407.5,196.5144,361.695,282.9979,2115.7856,0.762178,1785.2751,-0.07316904
5913,1210,2286.5437,3882.371,209493.71875,3358414.5,605.6083,793.2558,801.60535,2246.8257,0.4879561,1824.3352,-0.09110923
5914,1159,2288.5203,5210.4614,222774.609375,3358394.75,354.82788,526.2476,470.1096,2262.8064,0.6565379,1851.5159,-0.085752524
5915,1421,2290.413,3065.33,201323.296875,3358375.75,665.44934,914.6777,986.6872,2253.9412,0.39894438,1807.6185,-0.10293639
5916,1205,2286.9585,3632.9478,206999.46875,3358410.5,449.86017,660.7668,627.4946,2454.649,0.5913446,1819.2313,-0.13844082
5917,1157,2288.7295,3674.688,207416.875,3358392.75,434.0268,614.3064,614.10504,2027.5354,0.53498167,1820.0864,-0.047871843
5918,1210,2290.7883,4131.5503,211985.5,3358372.0,806.1116,967.0099,1047.659,1772.7938,0.26643446,1829.4366,0.02406898
5919,1216,2287.5552,4578.822,216458.21875,3358404.5,619.1887,743.55304,805.41693,1583.6912,0.33299237,1838.5883,0.08992697
5920,1120,2285.5054,3597.133,206641.328125,3358425.0,455.46027,639.9228,645.2482,1916.8348,0.50143445,1818.4977,-0.017592197
5921,1215,2291.1892,3952.4353,210194.34375,3358368.0,587.96625,830.3683,869.6864,2553.0386,0.49856666,1825.7715,-0.1625649
5922,1152,2289.144,4542.902,216099.015625,3358388.5,764.1111,942.5074,1026.9401,1980.9193,0.33663693,1837.854,-0.017671814
5923,1444,2293.1704,2770.0942,198370.9375,3358348.25,181.31926,356.5443,246.97299,2090.6157,0.7865405,1801.5792,-0.06849054
5924,1172,2292.2542,3432.9607,204999.609375,3358357.5,706.8613,953.64886,1019.6826,2161.4766,0.36110282,1815.1421,-0.08155983
5925,1399,2289.7441,4404.119,214711.1875,3358382.5,822.97534,963.0854,1071.5565,1541.6937,0.18974815,1835.014,0.0935539
5926,1086,2291.7615,4782.345,218493.453125,3358362.5,821.5235,978.7592,1076.1326,1722.8448,0.23670566,1842.7556,0.0404304
5927,1377,2297.1306,4903.9736,219709.734375,3358308.75,648.7843,821.43646,854.04065,1960.7582,0.41449216,1845.2477,-0.024951093
5928,1092,2293.4524,5439.0347,225060.34375,3358345.5,666.3146,895.7985,951.0023,2200.2485,0.41129887,1856.1967,-0.070162445
5929,1286,2295.7659,2242.8865,193098.859375,3358322.25,376.54044,597.5521,575.2185,2144.7178,0.6320892,1790.7941,-0.08338176
5930,1188,2293.67,2277.8535,193448.53125,3358343.25,277.42255,481.53955,407.8005,2206.6423,0.702493,1791.5083,-0.09573007
5931,1342,2294.0798,3178.389,202453.890625,3358339.25,485.32898,727.3521,700.1494,2201.2217,0.528803,1809.934,-0.08306408
5932,1034,2293.9836,2312.8782,193798.78125,3358340.25,168.66731,361.91296,250.55803,2258.5928,0.8001656,1792.2251,-0.11346005
5933,1167,2294.5483,4709.1543,217761.546875,3358334.5,770.75793,905.1851,973.2961,1586.5244,0.24416514,1841.2593,0.08141621
5934,1301,2296.0823,4440.7686,215077.6875,3358319.25,874.5219,995.2855,1115.9554,1388.5188,0.109581456,1835.7675,0.14386307
5935,1342,2295.5298,4364.1846,214311.84375,3358324.75,895.9575,1058.7731,1188.1523,1672.817,0.17044029,1834.2,0.062284946
5936,1160,2296.0654,2423.45,194904.5,3358319.25,144.52759,330.8793,235.90862,2178.9036,0.8045173,1794.4885,-0.09498727
5937,1541,2301.8599,2610.1272,196771.265625,3358261.5,217.12135,407.98898,293.0837,2168.274,0.7635666,1798.3112,-0.09136499
5938,1369,2299.4924,4221.308,212883.078125,3358285.0,914.8696,1111.5669,1243.6564,1761.6311,0.17648341,1831.2782,0.026686044
5939,1406,2299.845,5029.7217,220967.21875,3358281.5,347.9157,506.62552,470.80795,2057.7568,0.640608,1847.8226,-0.042851612
5940,1087,2292.9475,5362.182,224291.8125,3358350.5,380.3965,588.4195,570.7562,2279.9333,0.604212,1854.6234,-0.07774408
5941,1204,2296.0024,5401.051,224680.5,3358320.0,437.5108,679.7496,680.7454,2606.7566,0.5888866,1855.4205,-0.14774498
5942,1211,2300.891,3466.6523,205336.53125,3358271.0,588.32245,808.7985,796.20355,2406.2341,0.504539,1815.8362,-0.12796846
5943,1523,2302.6245,4290.7046,213577.046875,3358253.75,876.848,1021.83356,1140.41,1518.0637,0.14331704,1832.7,0.10160715
5944,1135,2298.2917,5329.2803,223962.8125,3358297.0,349.12775,551.41455,542.4859,2197.3635,0.6083953,1853.9528,-0.06654472
5945,1552,2304.0078,1836.741,189037.40625,3358240.0,222.51031,393.7848,369.24484,1911.4033,0.68298864,1782.4896,0.015047655
5946,1320,2300.5872,2925.5356,199925.359375,3358274.25,344.3682,586.853,525.7341,2191.4202,0.6325893,1804.7639,-0.09176079
5947,1148,2299.1584,5272.201,223392.015625,3358288.5,303.1372,468.33582,425.97214,2176.5679,0.68378043,1852.785,-0.05937731
5948,1403,2300.313,2014.8695,190818.6875,3358276.75,267.48895,454.23022,430.58945,1981.6129,0.6543726,1786.1317,-0.040879797
5949,1315,2304.273,4862.902,219299.015625,3358237.25,791.8586,944.5171,999.1513,1743.1696,0.2919591,1844.4109,0.03523847
5950,1493,2304.408,4948.4995,220155.0,3358236.0,283.4099,425.37875,334.0643,2008.5814,0.7187016,1846.1628,-0.03851684
5951,1265,2304.2466,3817.5051,208845.046875,3358237.5,305.16916,450.47827,344.3162,2341.8748,0.74460316,1823.0175,-0.11779788
5952,1122,2302.7532,4674.717,217417.171875,3358252.5,926.8244,1088.2781,1229.295,1685.1885,0.16637103,1840.5588,0.049564343
5953,1351,2306.7993,2206.196,192731.96875,3358212.0,183.75795,359.21762,274.68097,2240.6943,0.78152317,1790.0498,-0.10955814
5954,1427,2306.7336,2563.7673,196307.671875,3358212.75,197.14996,383.66714,260.57535,2197.7,0.7875792,1797.3655,-0.09852408
5955,1256,2302.105,4070.3647,211373.65625,3358259.0,790.62976,951.4403,1025.5692,1865.2496,0.304605,1828.1907,-0.0025579254
5956,1119,2303.564,2387.8945,194548.9375,3358244.25,298.63806,513.10187,460.63092,2205.4639,0.6878998,1793.7654,-0.09731582
5957,1398,2305.3025,2995.3325,200623.328125,3358227.0,620.14594,924.92847,992.6177,2515.191,0.43279102,1806.1947,-0.15973361
5958,1355,2304.733,3101.938,201689.375,3358232.75,593.3993,826.57526,832.53394,2228.132,0.45332426,1808.3756,-0.09424525
5959,1354,2305.359,3220.8071,202878.0625,3358226.5,339.29617,518.20935,431.25848,2034.3271,0.66162235,1810.8082,-0.045787767
5960,1357,2309.6838,3401.5254,204685.25,3358183.25,473.304,677.5958,649.1518,2228.5356,0.5489748,1814.5084,-0.09533669
5961,1144,2305.2185,5177.408,222444.078125,3358227.75,523.01355,688.2893,708.5083,2000.3698,0.50796604,1850.848,-0.035032433
5962,1290,2310.224,3362.3086,204293.09375,3358177.75,448.19614,657.6733,672.981,2211.605,0.53390616,1813.7063,-0.09444388
5963,1187,2306.2156,4610.907,216779.0625,3358217.75,556.03455,692.5198,753.3294,1714.669,0.40273333,1839.2548,0.045868304
5964,1524,2311.3542,1938.6641,190056.640625,3358166.5,204.11679,381.97833,334.26312,2043.3229,0.71811545,1784.5791,-0.022732142
5965,1189,2308.0688,2347.9302,194149.296875,3358199.25,164.1413,353.85617,255.0883,2174.4768,0.78964776,1792.9503,-0.094691336
5966,1245,2306.9968,2488.1238,195551.234375,3358210.0,452.96304,714.58636,709.1558,2337.6064,0.61549807,1795.818,-0.12488571
5967,1394,2308.967,2646.416,197134.15625,3358190.25,209.79483,392.94403,276.7231,2184.7332,0.77526546,1799.0577,-0.09357223
5968,1177,2308.089,4477.5293,215445.296875,3358199.0,768.5735,873.192,959.3658,1287.5977,0.14863886,1836.5262,0.1842215
5969,1291,2310.2905,2131.4485,191984.484375,3358177.0,225.20914,416.8296,347.72736,2243.1611,0.7371372,1788.5226,-0.10216347
5970,1447,2312.3862,2882.284,199492.84375,3358156.25,188.03386,417.57913,262.28955,2185.1755,0.7801495,1803.8856,-0.080472566
5971,1161,2313.1714,4809.75,218767.5,3358148.25,728.4746,901.6645,977.98883,1743.0422,0.29710162,1843.3278,0.036757257
5972,1129,2308.4216,5238.665,223056.65625,3358195.75,214.60983,348.69354,300.46722,1874.7334,0.723885,1852.1035,0.0038596725
5973,1214,2311.5652,3500.1152,205671.15625,3358164.25,497.34103,720.8303,724.99756,2379.2969,0.5395236,1816.5269,-0.12766038
5974,1004,2310.4353,3739.3606,208063.609375,3358175.75,485.2276,659.4771,688.39044,1938.3163,0.47813419,1821.4218,-0.022561127
5975,1169,2310.6768,3856.218,209232.1875,3358173.25,326.71344,481.47775,394.4196,2342.8918,0.7165196,1823.8131,-0.11662913
5976,1238,2312.8909,4104.693,211716.9375,3358151.0,766.706,926.07794,988.0824,1836.9213,0.309844,1828.899,0.008160619
5977,1155,2311.7454,2844.814,199118.140625,3358162.5,202.9013,404.73508,287.91342,2074.1116,0.7558181,1803.1185,-0.059591554
5978,1229,2314.2002,3537.1824,206041.828125,3358138.0,415.16803,633.59314,566.97925,2564.2717,0.6414126,1817.2867,-0.16256449
5979,1153,2313.1257,3575.915,206429.15625,3358148.75,613.4493,865.39246,873.5737,2259.3408,0.43869668,1818.0787,-0.09565875
5980,1237,2309.9717,4327.111,213941.109375,3358180.25,864.2098,1001.1532,1111.9143,1554.7672,0.16947673,1833.449,0.08933933
5981,1176,2313.2764,5069.4814,221364.8125,3358147.25,480.20197,673.7262,728.4817,2148.04,0.49489415,1848.6434,-0.07022409
5982,1488,2313.5261,2057.0322,191240.328125,3358144.75,177.88171,340.1425,295.47647,1902.6572,0.7353632,1787.002,-0.022288105
5983,1487,2316.0015,3261.805,203288.046875,3358120.0,477.66476,685.53125,669.93475,2274.097,0.55985,1811.6531,-0.10053525
5984,1083,2313.5688,3771.929,208389.28125,3358144.25,459.21606,634.9677,593.8707,2229.0032,0.5788112,1822.09,-0.09139993
5985,1425,2315.0723,4178.534,212455.34375,3358129.25,813.6431,1003.2379,1101.6965,1920.1263,0.27730563,1830.4113,-0.015754588
5986,1124,2313.3967,4515.3887,215823.890625,3358146.0,666.7998,798.3808,842.02,1634.5979,0.323046,1837.3038,0.0757189
5987,1389,2316.689,4984.0747,220510.75,3358113.0,279.49173,416.9172,330.33514,1968.821,0.7113243,1846.8973,-0.02615366
5988,1413,2317.7092,2167.7742,192347.75,3358103.0,177.17339,345.6256,268.68295,2140.2646,0.775327,1789.27,-0.07819661
5989,1292,2314.5898,3143.5457,202105.453125,3358134.0,597.9598,889.53326,922.7322,2490.617,0.46214426,1809.2325,-0.1551378
5990,1372,2314.2173,3301.9846,203689.84375,3358137.75,529.72375,720.605,731.15125,2030.5663,0.47825027,1812.4742,-0.049932424
5991,1015,2313.0435,4642.2544,217092.546875,3358149.5,630.5714,791.8906,853.20197,1863.6877,0.37892714,1839.8999,0.00814112
5992,1177,2318.1333,3649.9932,207169.9375,3358098.75,649.4193,869.6168,886.16693,2211.3179,0.42986697,1819.5973,-0.088499546
5993,1199,2317.467,4012.9658,210799.65625,3358105.25,395.44244,581.5417,529.6297,2326.3298,0.6286865,1827.0244,-0.115197584
5994,1196,2315.7659,5138.7393,222057.390625,3358122.25,772.29266,962.4557,1114.3131,1972.3231,0.3229624,1850.0621,-0.02654405
5995,1443,2321.7444,2704.456,197714.5625,3358062.5,217.7332,401.99237,284.17532,2203.882,0.7800238,1800.2524,-0.09497876
5996,1350,2316.732,3031.2778,200982.78125,3358112.75,617.0174,883.8478,952.7015,2322.9856,0.41674462,1806.9365,-0.1190436
5997,1174,2318.5469,3613.1167,206801.171875,3358094.5,699.9587,922.15247,963.4033,2133.8403,0.3842428,1818.843,-0.071787104
5998,1329,2321.5833,2741.9255,198089.25,3358064.25,189.66591,367.84726,246.69827,2079.6772,0.783319,1801.019,-0.061822537
5999,1085,2318.9695,3685.4038,207524.03125,3358090.25,333.46497,536.4433,420.14883,2597.2346,0.71885574,1820.3224,-0.17146048
6000,1253,2317.5522,2095.886,191628.859375,3358104.5,234.1261,414.05188,383.7933,1956.2299,0.70534486,1787.7992,-0.03391054
6001,1316,2320.319,3899.4558,209664.5625,3358076.75,451.3389,648.1535,602.9464,2407.612,0.60543275,1824.7032,-0.1301791
6002,1209,2320.8708,3977.4583,210444.578125,3358071.25,422.83582,608.6092,569.75726,2114.414,0.5763915,1826.2997,-0.06773003
6003,1368,2321.5154,4251.043,213180.4375,3358064.75,899.6835,1046.2745,1155.7584,1546.4163,0.14704168,1831.8986,0.09036981
6004,1129,2319.9282,4734.947,218019.46875,3358080.75,710.7843,847.438,881.1271,1633.6373,0.3071263,1841.8005,0.0719876
6005,1224,2321.5857,5103.6357,221706.359375,3358064.25,449.88562,599.01105,697.26263,1790.5641,0.4411534,1849.3468,0.019319871
6006,1235,2324.2664,5466.4233,225334.234375,3358037.25,502.65546,717.3109,737.7777,2204.2688,0.4961072,1856.7731,-0.057660386
6007,1233,2321.1987,5301.3813,223683.8125,3358068.0,426.64557,632.04706,613.44525,2354.2324,0.57920784,1853.3937,-0.09664148
6008,1282,2321.3962,2452.8416,195198.421875,3358066.0,150.61778,330.57178,231.36116,2187.7988,0.80835074,1795.1044,-0.096221
6009,1588,2325.071,1869.5251,189365.25,3358029.25,211.85768,383.6505,355.72797,2041.0012,0.7070399,1783.1726,-0.036969554
6010,1303,2323.72,3938.2986,210052.984375,3358042.75,467.83154,671.0817,647.5008,2390.9448,0.5765114,1825.4999,-0.12462961
6011,1029,2321.966,5373.309,224403.09375,3358060.25,488.83722,750.86346,757.56415,2699.5667,0.5605508,1854.8662,-0.17119607
6012,1262,2326.5674,4046.546,211135.46875,3358014.25,350.3126,507.49207,420.4576,2096.4658,0.66551477,1827.7166,-0.057695504
6013,1274,2325.6523,4387.919,214549.1875,3358023.5,859.8269,994.8199,1113.3285,1472.0542,0.14063115,1834.7018,0.117905095
6014,1074,2322.4666,4547.7896,216147.890625,3358055.25,561.8906,692.1378,719.0494,1624.0321,0.39913702,1837.9717,0.069558494
6015,1147,2322.944,4772.3154,218393.15625,3358050.5,737.3775,902.5079,953.39667,1800.5544,0.33007184,1842.5669,0.024166059
6016,1397,2323.6428,1975.1267,190421.265625,3358043.5,197.83751,378.37366,336.24768,2034.5691,0.72017425,1785.3322,-0.030061208
6017,1064,2322.7905,4579.9004,216469.0,3358052.0,721.1649,862.5648,953.3097,1588.5018,0.26297817,1838.629,0.08044454
6018,1043,2322.931,5431.0,224980.0,3358050.75,423.22147,671.16296,656.05707,2606.4333,0.5962116,1856.0474,-0.14577045
6019,1260,2327.5889,4424.25,214912.5,3358004.0,843.79486,967.8206,1081.3492,1387.2786,0.1267257,1835.4463,0.14514516
6020,1229,2323.8901,2525.5378,195925.375,3358041.0,192.9821,390.37918,273.60373,2188.489,0.777568,1796.5931,-0.096596934
6021,1308,2328.659,2780.6155,198476.15625,3357993.5,176.82492,347.3777,225.69342,2098.1987,0.8051881,1801.8146,-0.07349352
6022,1484,2328.2634,2957.9387,200249.390625,3357997.25,1056.602,1436.1971,1696.7224,2557.6465,0.24631613,1805.4425,-0.16574761
6023,1218,2327.3638,5203.0073,222700.078125,3358006.25,449.46838,622.0127,594.4828,2151.4607,0.57077134,1851.3835,-0.054037422
6024,1099,2323.5295,2309.2983,193762.984375,3358044.75,162.52866,350.8071,268.8808,2195.285,0.7817379,1792.1688,-0.099628545
6025,1003,2327.8853,3714.1018,207811.015625,3358001.25,484.52292,711.55536,687.90576,2128.17,0.5077142,1820.9144,-0.06759859
6026,1216,2330.8281,4838.476,219054.765625,3357971.75,896.0004,1055.9059,1158.2184,1704.8762,0.1969385,1843.925,0.044942398
6027,1273,2328.3362,2271.2766,193382.765625,3357996.75,188.51532,379.41476,296.9725,2240.0283,0.76582116,1791.3937,-0.10890912
6028,1314,2329.2405,2814.2832,198812.828125,3357987.5,177.61415,352.48782,237.4475,2164.5396,0.8012306,1802.5038,-0.087823845
6029,1242,2327.9443,3438.4429,205054.4375,3358000.5,461.3249,699.11957,681.4758,2460.6245,0.58176875,1815.2739,-0.14273469
6030,1472,2330.901,4138.1255,212051.25,3357971.0,764.32574,930.45514,995.43274,1759.6589,0.29175803,1829.5929,0.029491203
6031,1188,2330.2947,4890.7524,219577.53125,3357977.0,601.97473,763.90784,796.9015,1817.3594,0.40619615,1844.9946,0.015103397
6032,1121,2328.9082,2413.8225,194808.21875,3357991.0,167.89651,341.67084,251.73952,2143.4854,0.78977245,1794.3103,-0.0866183
6033,1328,2334.277,2669.3027,197363.03125,3357937.25,357.47742,576.34033,511.28992,2368.2605,0.6990362,1799.5404,-0.13074982
6034,1177,2330.9695,2913.469,199804.6875,3357970.25,197.76253,452.21707,265.77612,2261.0586,0.788862,1804.5342,-0.10541736
6035,1422,2330.727,3068.8433,201358.4375,3357972.75,652.6751,948.39136,988.7999,2588.7468,0.44924143,1807.713,-0.17366384
6036,1327,2328.7083,3183.5078,202505.078125,3357993.0,630.5889,916.8169,1015.55084,2361.022,0.40384224,1810.0581,-0.12613717
6037,1081,2329.272,4699.114,217661.140625,3357987.25,899.8617,1056.1198,1179.5125,1697.3131,0.18431754,1841.0721,0.04828401
6038,1378,2336.1516,4924.273,219912.734375,3357918.5,503.30045,649.41144,612.28156,1967.3098,0.54711866,1845.6836,-0.027464272
6039,1185,2331.6438,5342.1055,224091.0625,3357963.5,375.3038,561.9983,646.7878,1967.162,0.5087214,1854.2325,-0.020416746
6040,1248,2334.8037,5016.229,220832.28125,3357932.0,283.7524,410.78525,332.84937,1815.7424,0.68988997,1847.5648,0.011111386
6041,1532,2336.427,1903.9465,189709.46875,3357915.75,226.69125,415.18146,354.95886,2188.0652,0.72301286,1783.8834,-0.06640901
6042,1267,2332.9636,2234.9897,193019.90625,3357950.25,410.1831,629.8414,610.6567,2186.4277,0.61234516,1790.6539,-0.0925784
6043,1232,2334.044,4352.5293,214195.296875,3357939.5,842.3324,974.69275,1094.5405,1488.7954,0.15570132,1833.982,0.10873895
6044,1526,2338.0898,3332.2366,203992.375,3357899.0,365.40366,570.90955,479.75754,2205.6858,0.6409639,1813.1064,-0.092830315
6045,1019,2332.9539,5402.579,224695.78125,3357950.5,382.21835,611.7311,599.32434,2638.1807,0.63305306,1855.471,-0.15888831
6046,1098,2334.326,2376.939,194439.390625,3357936.75,338.6958,566.63116,531.43353,2249.9727,0.6635538,1793.5588,-0.10656636
6047,1475,2338.1953,2595.655,196626.546875,3357898.0,189.82779,364.01016,242.62915,2203.8074,0.8012184,1798.0358,-0.099768154
6048,1125,2336.4258,3789.735,208567.34375,3357915.75,569.47156,758.8253,783.03375,2120.3997,0.46381333,1822.4668,-0.06755657
6049,1346,2335.7146,4211.476,212784.765625,3357922.75,915.2151,1105.5305,1224.844,1870.0854,0.20939872,1831.0966,0.00013641869
6050,1109,2336.7988,5050.8096,221178.09375,3357912.0,374.24573,534.3066,500.11676,2116.023,0.620316,1848.2736,-0.05793413
6051,1299,2333.5596,2017.0323,190840.328125,3357944.5,217.17168,400.02927,361.8745,2048.836,0.70579505,1786.1953,-0.057058465
6052,1249,2339.406,4457.9126,215249.125,3357886.0,754.8723,879.1793,962.7746,1394.5472,0.17999753,1836.1415,0.14699261
6053,1211,2335.9504,5267.626,223346.25,3357920.5,418.77414,592.70935,512.62634,2416.111,0.64397514,1852.7104,-0.109091565
6054,1148,2337.1707,3825.797,208927.96875,3357908.25,394.47342,555.51135,518.60974,2155.1604,0.6119419,1823.2051,-0.0798257
6055,1325,2339.3962,3110.049,201770.484375,3357886.0,695.39056,905.5792,968.81433,2042.3951,0.35529155,1808.561,-0.052007288
6056,1252,2339.174,3473.8027,205408.03125,3357888.25,687.47046,957.2696,1033.7308,2195.8171,0.37356788,1816.0037,-0.08716826
6057,1033,2338.1025,4493.419,215604.1875,3357899.0,704.0881,824.2159,874.62103,1459.4221,0.25136682,1836.8674,0.12674491
6058,1201,2339.4062,5163.2114,222302.109375,3357886.0,861.66614,1066.8743,1259.0945,1950.6565,0.24174793,1850.5753,-0.02174917
6059,1073,2339.4883,4668.4624,217354.625,3357885.0,926.5368,1091.932,1238.4828,1717.4418,0.16625293,1840.4503,0.04121944
6060,1107,2341.2864,3557.5112,206245.109375,3357867.25,378.06323,555.0917,493.49908,2011.4115,0.6228306,1817.7177,-0.034242637
6061,1331,2342.0098,4085.4358,211524.359375,3357860.0,598.1349,749.16113,774.23444,1780.287,0.4241262,1828.5208,0.022218984
6062,1226,2342.3892,4277.864,213448.640625,3357856.0,817.894,980.0061,1089.9136,1728.6469,0.23264848,1832.4586,0.034942213
6063,1233,2342.6755,5497.027,225640.265625,3357853.25,440.41486,655.87915,669.0742,2282.4927,0.5349931,1857.4089,-0.07297381
6064,1071,2340.2988,2341.365,194083.65625,3357877.0,168.55649,359.03174,279.65454,2132.6946,0.76795334,1792.8345,-0.085200645
6065,1310,2339.9932,3221.7778,202887.78125,3357880.0,520.3393,757.4363,809.0195,2137.1614,0.47564882,1810.8474,-0.07581991
6066,1336,2344.3833,4312.0576,213790.578125,3357836.25,806.19946,962.8862,1066.427,1689.7357,0.23310952,1833.1594,0.050159097
6067,1159,2341.1658,2494.0898,195610.90625,3357868.25,449.0233,713.84467,705.0104,2279.3245,0.59469724,1795.9596,-0.11246618
6068,1193,2341.5708,2557.7275,196247.28125,3357864.25,184.01927,365.96396,246.04276,2222.4375,0.80039805,1797.2617,-0.104493745
6069,1262,2343.4636,3373.007,204400.0625,3357845.25,392.87637,608.1656,552.81854,2240.838,0.60441023,1813.9436,-0.100761294
6070,1062,2340.4473,3861.3389,209283.390625,3357875.5,359.2194,535.8903,462.6177,2223.8657,0.6541691,1823.9342,-0.09537996
6071,1077,2341.5376,5234.184,223011.84375,3357864.5,544.36163,750.4141,660.4661,2640.3374,0.6037585,1852.0289,-0.14806506
6072,1352,2345.73,2199.6458,192666.453125,3357822.75,183.679,340.26923,261.09543,2051.4585,0.7736218,1789.9382,-0.06152271
6073,1494,2349.4338,2633.6987,197006.984375,3357785.75,203.43507,380.0743,264.338,2236.3005,0.78906065,1798.8206,-0.10618097
6074,1336,2344.9438,2853.8826,199208.828125,3357830.5,163.83308,334.9521,216.96857,2231.0532,0.82079095,1803.3229,-0.10025588
6075,1411,2343.6648,2993.482,200604.8125,3357843.25,577.6315,815.7764,883.0397,2297.1804,0.4522602,1806.1783,-0.11378648
6076,1111,2345.0225,4602.6777,216696.78125,3357829.75,620.4005,769.4865,817.97797,1759.1233,0.37959966,1839.1069,0.029797466
6077,1005,2343.0317,4635.5244,217025.25,3357849.75,640.60547,798.48505,857.8363,1733.4384,0.34681696,1839.7781,0.042481724
6078,1309,2346.463,3512.6936,205796.9375,3357815.25,379.2181,563.23834,487.72842,2006.0413,0.6311362,1816.8035,-0.03818627
6079,1192,2344.9084,3745.3323,208123.328125,3357831.0,662.61664,865.6594,923.90607,2067.831,0.39114922,1821.5629,-0.054953463
6080,1340,2348.5076,4956.9844,220239.84375,3357795.0,293.72202,427.82425,352.4526,1905.6624,0.6907827,1846.3596,-0.011472175
6081,1230,2346.6658,5529.89,225968.90625,3357813.25,580.6821,765.92883,803.5187,1940.2097,0.45117736,1858.0836,-0.008134632
6082,1353,2346.7317,2126.1833,191931.828125,3357812.75,279.01477,468.18994,440.6238,2008.7665,0.6684906,1788.4359,-0.047927547
6083,1185,2347.7063,3593.7258,206607.25,3357803.0,526.9329,766.9734,745.33673,2209.3215,0.51033884,1818.4623,-0.08710402
6084,1379,2350.042,3289.361,203563.609375,3357779.5,276.54495,420.98224,297.7966,1963.6016,0.7353641,1812.2358,-0.028671116
6085,1224,2347.5383,3407.0432,204740.4375,3357804.5,382.61804,568.97797,507.85785,1961.9178,0.5904057,1814.6423,-0.032093037
6086,1254,2347.9226,4799.6206,218666.203125,3357800.75,860.8186,1026.638,1113.1117,1738.2823,0.22820182,1843.1388,0.036377344
6087,1140,2350.9385,4867.9834,219349.84375,3357770.5,510.46753,658.1491,636.12103,1772.7013,0.48939866,1844.5394,0.029365724
6088,1221,2349.1704,2086.2449,191532.453125,3357788.25,178.6855,332.42505,290.31204,1823.8419,0.7311077,1787.6202,-0.0022564444
6089,1249,2351.0369,2049.137,191161.375,3357769.75,185.8735,353.33707,304.95117,1924.5413,0.7290602,1786.8622,-0.027756073
6090,1244,2348.0427,3148.9404,202159.40625,3357799.5,637.2733,892.2512,895.3091,2346.0735,0.43798155,1809.3616,-0.118168
6091,1201,2350.1548,3632.7195,206997.1875,3357778.5,737.5645,973.1107,1028.9554,2125.774,0.34866244,1819.2615,-0.0718572
6092,1211,2351.157,3670.3352,207373.34375,3357768.5,641.0557,864.6408,891.0557,2120.8943,0.4072291,1820.0317,-0.06733768
6093,1361,2352.0625,4169.358,212363.578125,3357759.5,899.9159,1082.0408,1192.4174,1836.7487,0.21967663,1830.2434,0.004462092
6094,1075,2350.3022,4755.3647,218223.65625,3357777.0,744.29535,900.2093,960.9228,1693.7433,0.28358006,1842.2344,0.05051935
6095,1226,2351.044,5121.7007,221887.0,3357769.5,497.26508,659.01874,816.27734,1873.1965,0.39914837,1849.7319,-0.003552709
6096,1162,2352.4587,4524.3047,215913.046875,3357755.5,626.605,760.22675,811.29517,1575.074,0.33089903,1837.5071,0.084646665
6097,1039,2352.387,5315.3184,223823.1875,3357756.25,269.45813,407.10876,416.46872,1824.7079,0.62870896,1853.6951,0.013825007
6098,1579,2354.7378,1936.3737,190033.734375,3357732.5,230.59088,411.97467,386.03104,2064.518,0.69596523,1784.5575,-0.03229969
6099,1266,2354.541,3254.3127,203213.125,3357734.5,318.43088,484.5936,382.95892,1991.782,0.6860324,1811.5212,-0.039438166
6100,1002,2352.7773,4721.6636,217886.640625,3357752.25,677.06085,836.6961,854.37476,1845.4067,0.37984586,1841.546,0.0080563
6101,1056,2354.7385,2465.857,195328.5625,3357732.5,154.09375,333.03598,234.21686,2167.2576,0.8044545,1795.3896,-0.09078289
6102,1331,2351.822,3034.323,201013.234375,3357761.75,584.42786,892.8445,907.89294,2628.87,0.48494026,1807.0186,-0.18016359
6103,1035,2351.7188,3893.0347,209600.34375,3357762.75,429.85364,639.4609,593.38403,2394.4092,0.60308915,1824.5889,-0.12784985
6104,1257,2352.3699,3972.0176,210390.171875,3357756.25,406.95306,606.17303,580.3317,2060.0593,0.5575316,1826.2054,-0.05023873
6105,1397,2356.811,5082.27,221492.703125,3357712.0,442.9517,584.5981,649.4098,1746.0219,0.45685926,1848.928,0.03603932
6106,1141,2354.3655,5445.409,225124.09375,3357736.25,386.4106,606.4119,601.92596,2497.8804,0.6129067,1856.3585,-0.13843468
6107,1223,2353.797,2162.5242,192295.25,3357742.0,174.79314,319.24857,259.96893,1899.9412,0.75862485,1789.1835,-0.021142917
6108,1071,2355.7097,2432.9458,194999.453125,3357723.0,147.53969,321.70963,235.86182,2092.196,0.7970885,1794.7169,-0.07375987
6109,1396,2358.1296,2889.9392,199569.390625,3357698.75,152.50645,334.54584,201.29012,2271.3215,0.835608,1804.068,-0.10864589
6110,1214,2357.2092,2933.557,200005.5625,3357708.0,682.75616,996.21954,1043.8909,2356.306,0.49784172,1804.96,-0.12286979
6111,1106,2353.8093,4559.502,216265.015625,3357742.0,614.48145,760.6429,782.3843,1741.1194,0.3880376,1838.2281,0.038962238
6112,1257,2355.615,1983.5298,190505.296875,3357723.75,213.78998,389.0509,390.20923,1888.5155,0.6714064,1785.5227,0.011613707
6113,1154,2356.9358,2752.3674,198193.671875,3357710.75,193.84056,371.67764,245.06065,2187.3484,0.7982358,1801.2527,-0.0944858
6114,1386,2353.5742,4012.5771,210795.78125,3357744.25,348.5772,536.45056,462.59128,2383.5454,0.6717656,1827.036,-0.120341875
6115,1043,2353.8955,2303.9875,193709.875,3357741.0,182.44104,368.96262,309.01822,2222.1418,0.7560286,1792.0776,-0.105493195
6116,1274,2356.6506,3930.0942,209970.9375,3357713.5,455.96155,645.92664,596.8167,2233.3552,0.57687986,1825.35,-0.09280101
6117,1263,2357.9043,4989.2817,220562.8125,3357701.0,369.17142,514.42163,426.51425,2103.5916,0.66351616,1847.0255,-0.053072114
6118,1265,2360.785,2720.8728,197878.734375,3357672.25,208.01819,408.78104,257.61423,2316.17,0.7983443,1800.6105,-0.11831921
6119,1349,2363.1165,4115.093,211820.9375,3357648.75,728.67084,888.56415,945.47107,1729.4329,0.31482565,1829.139,0.039580803
6120,1191,2360.3064,4406.1855,214731.859375,3357677.0,763.06757,887.5567,981.2968,1409.2057,0.18212251,1835.0941,0.14020444
6121,1202,2357.6914,5376.753,224437.53125,3357703.0,409.5961,629.3361,721.6027,2158.805,0.5025109,1854.9551,-0.06623195
6122,1084,2357.7427,3705.666,207726.65625,3357702.5,717.74817,921.4986,990.958,1967.4995,0.33192986,1820.7583,-0.03250544
6123,1406,2361.9658,4242.061,213090.609375,3357660.25,868.55725,1031.4037,1135.898,1703.1156,0.19060661,1831.7365,0.050394073
6124,1219,2363.2732,2688.5693,197555.6875,3357647.25,347.9516,571.3905,503.83838,2250.5955,0.67084134,1799.951,-0.10418325
6125,1220,2362.0747,5188.4165,222554.15625,3357659.25,1042.4471,1276.2,1466.3422,2055.0107,0.19119115,1851.103,-0.047247626
6126,1097,2364.3938,5554.528,226215.28125,3357636.0,708.63763,926.25616,977.5415,2128.9253,0.39911762,1858.5969,-0.049999908
6127,1231,2360.852,4053.2893,211202.890625,3357671.5,496.20593,642.13525,638.37897,1767.2412,0.51004934,1827.873,0.026340583
6128,1151,2366.0261,5287.893,223548.9375,3357619.75,239.93137,372.48608,343.22504,1750.3419,0.6745712,1853.1409,0.03565262
6129,1080,2363.162,2400.0647,194670.640625,3357648.5,163.8963,344.47314,270.41483,2116.6675,0.77354306,1794.0485,-0.07959205
6130,1241,2361.619,2526.8694,195938.6875,3357663.75,197.62772,388.45206,271.38275,2176.58,0.7777459,1796.6418,-0.09321573
6131,1182,2364.686,4373.599,214406.0,3357633.25,858.1802,986.4268,1112.588,1405.1222,0.1167999,1834.4297,0.13855925
6132,1269,2363.6028,3191.8054,202588.0625,3357644.0,614.1387,891.2601,931.49567,2370.7285,0.43276668,1810.2473,-0.12549838
6133,1122,2364.6167,5414.212,224812.125,3357633.75,358.07797,541.8026,597.12256,2097.3623,0.55868155,1855.7253,-0.048429605
6134,1359,2365.8528,3081.4443,201484.4375,3357621.5,640.6012,932.00885,983.7362,2542.1843,0.44505492,1807.9906,-0.16196077
6135,1079,2366.607,3766.2039,208332.03125,3357614.0,736.09546,967.8443,1042.4536,2159.517,0.34973046,1822.0018,-0.0777439
6136,1147,2366.4211,2244.2886,193112.890625,3357615.75,268.71228,462.50394,393.44727,2301.0234,0.72573173,1790.8634,-0.113449775
6137,1051,2364.1484,2275.2246,193422.25,3357638.5,174.05423,349.17603,284.62512,2182.8335,0.7691001,1791.495,-0.09479698
6138,1304,2364.829,3442.178,205091.78125,3357631.75,485.49194,707.85583,678.3923,2169.3804,0.5373391,1815.3708,-0.07574039
6139,1048,2367.44,3540.941,206079.40625,3357605.5,242.66747,362.72424,253.71565,1813.6537,0.7528329,1817.3931,0.008610767
6140,1380,2367.513,2817.4116,198844.125,3357604.75,180.12971,356.86884,235.21014,2116.879,0.7989069,1802.5895,-0.07574017
6141,1147,2368.3042,4338.7104,214057.109375,3357597.0,775.4398,909.14734,1013.9076,1491.595,0.19546409,1833.7177,0.11085791
6142,1234,2368.607,4438.5947,215055.9375,3357594.0,805.95746,924.76984,1026.2626,1339.6759,0.13331616,1835.7618,0.16385385
6143,1013,2366.2192,2367.4434,194344.4375,3357617.75,421.36722,673.6565,680.3208,2245.4382,0.604054,1793.3828,-0.10298142
6144,1173,2366.5583,2782.416,198494.15625,3357614.5,191.80136,363.1057,245.42882,2115.6821,0.7913988,1801.8729,-0.07750945
6145,1034,2367.2524,3800.7146,208677.140625,3357607.5,661.19586,884.44196,912.7834,2165.4304,0.4009077,1822.7084,-0.075630054
6146,1086,2368.2402,4693.313,217603.125,3357597.5,808.82184,968.17084,1024.587,1825.401,0.28524274,1840.9741,0.010959471
6147,1156,2366.3833,4834.269,219012.6875,3357616.25,461.43512,605.94464,563.5255,1868.7089,0.55166763,1843.8577,0.0033961448
6148,1282,2367.4844,5039.2754,221062.75,3357605.25,375.8986,534.2843,475.77457,2171.9114,0.6470655,1848.0536,-0.07211236
6149,1246,2371.1895,5473.228,225402.28125,3357568.0,435.95465,673.67896,663.5165,2682.5386,0.6047732,1856.9365,-0.17181933
6150,1196,2369.1245,4202.4717,212694.71875,3357588.75,903.0188,1093.3926,1198.0309,1848.9147,0.21706648,1830.9303,0.0032172364
6151,1451,2372.7883,4902.6265,219696.265625,3357552.0,679.2295,826.8394,864.5569,1727.7709,0.3463867,1845.2599,0.044854417
6152,1111,2370.1882,5222.116,222891.15625,3357578.0,587.6629,774.6481,825.8798,1940.1774,0.4253559,1851.7969,-0.008705465
6153,1458,2375.631,2965.207,200322.0625,3357523.75,601.6265,838.2191,866.4983,2340.5833,0.517964,1805.6178,-0.1223595
6154,1217,2369.1938,4484.8745,215518.75,3357588.0,630.8911,755.7161,797.074,1483.8159,0.3014323,1836.7091,0.11666281
6155,1194,2372.829,5146.9565,222139.5625,3357551.75,620.10175,801.4548,995.6055,1912.2521,0.33069178,1850.2601,-0.013038104
6156,1056,2368.8694,5343.117,224101.171875,3357591.25,481.2287,715.8523,740.99005,2344.1204,0.52313995,1854.2726,-0.09127302
6157,1442,2375.3904,3314.8516,203818.515625,3357526.0,290.2767,457.40604,328.22156,2059.953,0.7215869,1812.7715,-0.04730703
6158,1397,2373.6335,3358.2898,204252.90625,3357543.75,327.03223,503.70364,407.5655,2080.1228,0.6722021,1813.6593,-0.057877224
6159,1021,2370.8345,3831.903,208989.03125,3357571.75,450.99167,620.2659,603.8849,1965.2076,0.5352716,1823.3485,-0.034091022
6160,1054,2373.833,4584.7905,216517.90625,3357541.75,661.2661,811.18835,859.4241,1793.1813,0.36582732,1838.7562,0.022786826
6161,1212,2371.1155,2017.5189,190845.1875,3357568.75,220.69472,404.6576,381.8919,1980.9208,0.6822501,1786.227,-0.026689688
6162,957,2370.742,2333.3552,194003.546875,3357572.5,188.06374,370.5141,294.78683,2095.0042,0.7531254,1792.6881,-0.07591294
6163,1237,2372.7324,3482.916,205499.15625,3357552.75,290.56467,429.3387,303.90945,1952.6646,0.7282284,1816.2087,-0.026344132
6164,1366,2374.151,2568.9912,196359.90625,3357538.5,178.29137,346.99634,236.0937,2204.055,0.806382,1797.5107,-0.10031497
6165,1112,2376.1367,4774.046,218410.46875,3357518.75,754.20996,936.10834,992.09576,1904.4249,0.33199385,1842.6304,-0.009018145
6166,1257,2376.1057,5257.245,223242.453125,3357519.0,777.4586,1015.46497,1074.2578,2133.7397,0.36845887,1852.5189,-0.041928753
6167,1296,2375.527,3120.7153,201877.15625,3357524.75,701.66125,940.7573,1012.15393,2262.0347,0.38058785,1808.7994,-0.10322636
6168,1013,2372.2932,4626.257,216932.5625,3357557.0,544.64215,681.19104,703.54443,1661.156,0.4068416,1839.604,0.060238194
6169,1062,2373.259,4661.7505,217287.5,3357547.5,711.61584,857.6403,936.3291,1649.7396,0.2873716,1840.3308,0.063653946
6170,1431,2377.5913,2608.7017,196757.015625,3357504.0,178.03215,346.95108,228.24039,2235.1313,0.81444746,1798.3251,-0.107179284
6171,977,2371.9407,3862.7422,209297.421875,3357560.5,396.01483,593.7784,587.326,2164.6663,0.57307565,1823.9801,-0.08215555
6172,1267,2381.2217,4144.2725,212112.71875,3357467.75,847.749,1041.2388,1140.5157,1988.0371,0.2791831,1829.7458,-0.0335041
6173,1153,2380.1614,1960.4181,190274.1875,3357478.5,274.2975,458.29315,474.9202,1931.7762,0.6203123,1785.0641,-0.0111033
6174,1174,2379.7803,2214.539,192815.390625,3357482.25,456.76746,686.38074,677.4898,2212.6807,0.5937243,1790.2626,-0.09179777
6175,1171,2377.5354,3574.0452,206410.453125,3357504.75,509.16483,785.9577,772.6793,2298.3015,0.5212143,1818.0759,-0.105571054
6176,1483,2382.234,2659.3418,197263.421875,3357457.75,216.44032,417.31894,298.10587,2335.2346,0.7773086,1799.3638,-0.12462947
6177,1291,2378.4136,3004.56,200715.59375,3357495.75,620.7026,878.7974,986.3129,2316.1023,0.4033937,1806.4246,-0.120083176
6178,1206,2376.2363,4283.2114,213502.109375,3357517.75,681.05475,846.3147,901.5481,1800.323,0.3543619,1832.5862,0.017767329
6179,1409,2381.345,4938.5806,220055.8125,3357466.5,511.96417,655.23987,622.95105,1976.9553,0.52719766,1846.0002,-0.022974845
6180,1150,2379.2886,3159.819,202268.1875,3357487.0,667.85693,889.4009,973.9539,2044.2683,0.3557214,1809.6016,-0.05251715
6181,1216,2380.1135,3611.726,206787.265625,3357478.75,726.4979,968.9305,1032.5054,2167.322,0.3557283,1818.8484,-0.08023912
6182,1067,2379.7646,2069.134,191361.34375,3357482.25,220.37347,390.0553,356.74414,1927.0347,0.6932941,1787.288,-0.02841497
6183,1200,2381.306,2105.14,191721.40625,3357467.0,211.46834,387.43085,333.1,2015.1176,0.7197964,1788.0254,-0.048846755
6184,1370,2381.0022,3228.1636,202951.640625,3357470.0,620.327,881.4197,953.55914,2188.6956,0.39302814,1811.0009,-0.086261295
6185,1178,2382.0654,3725.9202,207929.203125,3357459.25,729.55054,963.7644,1057.4703,2082.8955,0.32713756,1821.186,-0.06054762
6186,1259,2379.9197,2493.9563,195609.5625,3357480.75,454.1104,714.135,695.4273,2260.884,0.6076165,1795.9789,-0.10621936
6187,1344,2381.939,5507.348,225743.484375,3357460.5,383.39844,608.1042,582.46466,2607.8105,0.63654304,1857.6404,-0.1565694
6188,1122,2382.3662,5594.86,226618.59375,3357456.25,985.7781,1252.8744,1345.737,2364.425,0.29392803,1859.4316,-0.09763484
6189,1206,2382.9478,2139.9626,192069.625,3357450.5,167.83417,326.0398,276.9743,1888.1915,0.74778205,1788.7388,-0.018910045
6190,1198,2383.6428,2180.2012,192472.015625,3357443.5,262.6928,434.97913,401.55594,1903.2938,0.6871201,1789.5623,-0.024718106
6191,1284,2380.7468,2851.8147,199188.140625,3357472.5,162.46106,330.75858,209.95717,2199.6177,0.824768,1803.3008,-0.09583068
6192,1266,2383.9778,3046.4329,201134.328125,3357440.25,645.23224,935.6789,992.2196,2471.4648,0.42471263,1807.2844,-0.14911741
6193,1225,2382.8457,3649.858,207168.578125,3357451.5,688.77716,908.3208,944.42773,2051.1853,0.37578797,1819.6301,-0.05173097
6194,1104,2382.0127,3959.6233,210266.234375,3357459.75,622.97327,817.1707,824.55615,2107.3528,0.45745596,1825.9679,-0.065401584
6195,981,2380.6003,3900.4006,209674.0,3357474.0,597.0663,795.1809,798.51733,2184.7197,0.46310756,1824.7554,-0.07948559
6196,1409,2384.4727,4082.2754,211492.75,3357435.25,843.17883,1009.9638,1106.2257,1808.7239,0.24833074,1828.479,0.013275929
6197,1113,2382.1338,4736.3174,218033.171875,3357458.75,901.35803,1066.2043,1173.699,1691.4344,0.18617319,1841.8615,0.048557006
6198,1202,2386.6172,5007.24,220742.40625,3357413.75,404.09735,576.5882,544.46545,2178.922,0.62296474,1847.4081,-0.07357398
6199,1035,2383.0735,4806.9507,218739.5,3357449.25,282.98938,428.3855,339.27344,1861.5624,0.6907706,1843.3074,-6.253336e-06
6200,1343,2381.2717,3405.0662,204720.65625,3357467.25,391.0015,583.57446,512.6374,2124.8972,0.62366676,1814.6206,-0.067677476
6201,1308,2387.3708,3994.8967,210618.96875,3357406.25,480.32532,691.1728,652.0696,2465.7532,0.57619065,1826.6926,-0.13627169
6202,1184,2386.5237,3686.0903,207530.90625,3357414.75,613.3733,833.97675,889.8636,2076.1638,0.41726786,1820.3735,-0.058655728
6203,1302,2387.1128,5109.4717,221764.71875,3357408.75,468.02997,614.64056,773.1597,1744.1113,0.38897568,1849.5005,0.031101862
6204,1053,2385.2925,2452.902,195199.015625,3357427.0,161.5945,333.85754,251.24121,2145.1758,0.7898851,1795.1421,-0.08459705
6205,1161,2388.3962,3517.6865,205846.875,3357396.0,389.93195,605.26874,531.034,2164.0771,0.6311186,1816.9288,-0.07720154
6206,1252,2387.9976,4033.7524,211007.53125,3357400.0,423.3195,577.91296,524.4876,1863.4972,0.5779234,1827.488,-0.0033319923
6207,1161,2389.422,4314.0283,213810.28125,3357385.75,540.0323,690.64343,742.52716,1666.146,0.3971004,1833.2239,0.05972874
6208,1110,2383.8838,4865.7803,219327.8125,3357441.25,357.22476,493.09775,423.95856,1693.0662,0.6030614,1844.5117,0.049834844
6209,1531,2390.7961,3269.9556,203369.5625,3357372.0,560.6417,812.7701,851.064,2122.3008,0.44318914,1811.8615,-0.0695495
6210,1044,2384.294,4521.526,215885.25,3357437.0,698.3846,835.51434,916.9387,1582.4133,0.2753092,1837.4672,0.08433342
6211,1265,2388.6545,2924.4175,199914.171875,3357393.5,448.41187,698.868,665.91345,2269.7224,0.6043701,1804.7906,-0.10462024
6212,1103,2388.7634,4553.7417,216207.421875,3357392.25,680.49365,815.2593,870.8975,1586.932,0.30387753,1838.1288,0.084504664
6213,1080,2389.626,2309.8186,193768.1875,3357383.75,185.18056,354.3176,285.62964,2124.0981,0.7621713,1792.2174,-0.07985099
6214,869,2389.6938,5565.5547,226325.546875,3357383.0,723.4045,993.5138,933.1427,2741.4546,0.52434295,1858.8356,-0.17335676
6215,1076,2391.6497,2420.9006,194879.0,3357363.5,146.48235,320.99442,246.48605,2182.3914,0.79685915,1794.4911,-0.09506855
6216,1234,2393.484,4174.3257,212413.25,3357345.25,900.0891,1080.7885,1191.6422,1792.5073,0.20775038,1830.3674,0.016514847
6217,1180,2395.156,4463.445,215304.453125,3357328.5,777.8034,918.3059,1006.9856,1528.9381,0.22284001,1836.2845,0.104384884
6218,1141,2391.1912,5317.6846,223846.84375,3357368.0,344.42902,492.66476,415.74802,2111.5776,0.6673107,1853.7637,-0.04104836
6219,1088,2391.0093,5364.8237,224318.234375,3357370.0,308.8203,476.33914,556.87177,1820.6278,0.54816115,1854.7283,0.01767762
6220,1392,2396.9404,4974.2954,220412.953125,3357310.5,340.97055,477.3592,374.26114,2102.3513,0.69847506,1846.7393,-0.055349723
6221,1317,2394.2764,5073.3335,221403.34375,3357337.25,470.81586,616.98785,692.61237,1772.0369,0.447067,1848.7646,0.02614051
6222,1193,2393.969,5400.613,224676.125,3357340.25,302.40192,474.53522,557.2305,1879.9149,0.55263853,1855.4622,0.0032196068
6223,1142,2396.0325,2041.7189,191087.1875,3357319.75,229.9422,399.50876,386.60333,1871.0403,0.662346,1786.7365,0.004645524
6224,1089,2395.7742,5168.019,222350.1875,3357322.25,559.4816,713.39166,835.55786,1791.6207,0.38821113,1850.7031,0.020647962
6225,1392,2395.291,5440.39,225073.90625,3357327.0,332.10092,513.463,582.30927,1994.3477,0.5522539,1856.277,-0.021874081
6226,1228,2396.4185,1992.0879,190590.875,3357315.75,254.69463,445.95358,445.55618,2081.2078,0.6591696,1785.7214,-0.038813733
6227,1438,2395.6982,2744.523,198115.234375,3357323.0,196.12239,374.8498,254.35466,2195.363,0.7917389,1801.1141,-0.09634966
6228,1257,2393.9968,2886.8162,199538.15625,3357340.0,255.87271,453.46857,377.72235,2162.187,0.73062414,1804.0243,-0.08316097
6229,1163,2395.9639,4254.591,213215.90625,3357320.25,934.8336,1096.165,1210.2189,1647.8706,0.15525538,1832.0112,0.058044072
6230,984,2395.9512,4606.454,216734.53125,3357320.5,674.0188,828.59094,898.8791,1735.5874,0.3328713,1839.2113,0.040888984
6231,1054,2395.165,3927.89,209948.90625,3357328.25,679.3164,919.08826,968.67267,2224.8284,0.40441763,1825.3258,-0.09263362
6232,1210,2400.1934,5534.9927,226019.921875,3357278.0,431.9624,685.3583,623.1909,2851.367,0.64341563,1858.2156,-0.19637088
6233,995,2395.814,2353.8594,194208.59375,3357321.75,362.35678,591.7618,571.6694,2226.17,0.6353694,1793.122,-0.09703914
6234,1241,2395.7598,2530.9614,195979.609375,3357322.5,196.49718,374.03867,261.93472,2164.3054,0.78375804,1796.745,-0.090584666
6235,1263,2397.0095,3453.5005,205205.0,3357310.0,296.07642,440.8199,321.0273,2015.2949,0.72634274,1815.6202,-0.04319752
6236,971,2397.4697,3751.0627,208180.625,3357305.25,678.51904,909.5809,936.052,2075.5742,0.3761829,1821.7089,-0.056044925
6237,1274,2397.8352,4395.9004,214629.0,3357301.75,775.1413,918.16406,1026.2213,1525.6832,0.20325951,1834.9038,0.099558294
6238,1076,2397.5698,2386.9368,194539.375,3357304.25,162.42287,342.63196,265.69424,2228.5278,0.786606,1793.7996,-0.10529771
6239,1427,2398.9531,2705.1296,197721.296875,3357290.5,420.68817,670.7225,619.48145,2349.2458,0.64574826,1800.31,-0.1252306
6240,992,2397.0876,3783.5767,208505.765625,3357309.0,759.4612,987.81903,1095.2365,2088.7954,0.31725857,1822.374,-0.06322401
6241,1265,2399.042,4216.464,212834.640625,3357289.5,949.5929,1124.4099,1249.7296,1712.8901,0.16014382,1831.2327,0.039921544
6242,980,2397.95,4705.791,217727.90625,3357300.5,844.952,1001.5005,1089.2153,1684.8511,0.22112039,1841.2451,0.053172763
6243,1125,2399.0515,5198.6855,222656.859375,3357289.5,1041.8782,1265.74,1406.9716,2020.0458,0.22025014,1851.3324,-0.039226722
6244,1211,2399.2239,4359.7393,214267.390625,3357287.75,646.4546,795.75806,867.4455,1644.3158,0.30840728,1834.1646,0.066237375
6245,1066,2396.925,2276.4277,193434.28125,3357310.75,166.49344,333.39493,268.5891,2096.3171,0.77214015,1791.5385,-0.067205265
6246,1254,2398.9666,2785.9624,198529.625,3357290.25,187.3445,358.10687,243.3437,2116.2734,0.79316247,1801.9637,-0.07756533
6247,891,2400.0483,3873.3691,209403.6875,3357279.5,582.65826,754.5107,779.1975,1924.0533,0.41952664,1824.2129,-0.016349893
6248,1314,2400.3357,3194.1484,202611.484375,3357276.75,653.5525,905.85315,982.1206,2237.183,0.39129585,1810.3158,-0.09995094
6249,1012,2401.2183,4644.611,217116.109375,3357267.75,634.39874,768.44415,819.15515,1690.3335,0.35978228,1839.995,0.050499145
6250,1208,2401.5215,3076.7102,201437.09375,3357264.75,635.6254,896.3034,925.9139,2380.497,0.43885455,1807.9137,-0.13152982
6251,1308,2406.2844,3337.3853,204043.84375,3357217.25,567.4515,797.9774,821.81537,1982.8918,0.4212261,1813.2496,-0.03901198
6252,1268,2405.3398,3377.272,204442.71875,3357226.5,590.54614,834.3356,893.3383,2050.777,0.40815508,1814.0652,-0.054944232
6253,1009,2402.1536,3814.2498,208812.5,3357258.5,605.6987,854.777,928.5183,2111.3608,0.3971579,1823.0044,-0.06951785
6254,1166,2403.7437,4428.481,214954.8125,3357242.5,785.9108,903.2907,966.6964,1514.6176,0.231151,1835.5736,0.10388939
6255,1429,2409.9355,2635.6277,197026.28125,3357180.75,180.92583,359.84393,234.48845,2276.4038,0.8122245,1798.8944,-0.11332492
6256,1047,2404.2712,4499.4663,215664.65625,3357237.25,759.62225,904.06067,973.7082,1629.9775,0.25859836,1837.0265,0.069374345
6257,1245,2405.8418,3550.38,206173.796875,3357221.5,592.4631,854.82367,904.1197,2257.0571,0.43637303,1817.6073,-0.10227054
6258,1367,2406.8098,4118.6055,211856.0625,3357212.0,852.73553,1046.7217,1139.026,2021.6013,0.28806058,1829.2345,-0.04211792
6259,1113,2402.195,5040.504,221075.03125,3357258.0,332.52246,470.4973,379.6972,2050.1047,0.6865092,1848.0969,-0.042553786
6260,1128,2403.805,2244.5815,193115.8125,3357242.0,184.3679,343.1498,268.64804,2019.0195,0.7647727,1790.891,-0.049148116
6261,980,2405.1582,3844.1836,209111.84375,3357228.5,387.30103,590.96936,543.95306,2256.8188,0.60792994,1823.6185,-0.098899335
6262,1131,2405.831,5229.6304,222966.3125,3357221.75,468.80594,633.24756,652.4845,2008.8347,0.5136607,1851.9692,-0.030858453
6263,1255,2407.5547,5290.8735,223578.734375,3357204.5,422.751,577.0024,509.59842,2247.161,0.6421963,1853.2234,-0.06930545
6264,1191,2406.769,3112.1487,201791.484375,3357212.25,708.3136,951.6486,1053.1516,2162.4844,0.3451646,1808.6416,-0.08356849
6265,1046,2407.5383,4677.7944,217447.9375,3357204.5,842.1362,987.4326,1079.5765,1655.7864,0.21432906,1840.6774,0.05988093
6266,1265,2406.3542,4835.9863,219029.859375,3357216.5,253.53517,397.16995,301.7917,1851.2688,0.7188562,1843.914,0.00055414106
6267,1020,2408.9158,2472.608,195396.078125,3357190.75,188.07256,369.63138,277.28137,2155.3853,0.77173966,1795.5587,-0.08722041
6268,1287,2409.3955,2821.8113,198888.109375,3357186.0,185.26884,362.6177,238.69386,2158.4639,0.79992855,1802.7031,-0.08660464
6269,1145,2407.3772,3491.7327,205587.328125,3357206.25,266.05676,403.04715,281.3572,1846.8939,0.73531765,1816.4082,-0.0034106262
6270,1090,2407.9688,4761.382,218283.8125,3357200.25,685.1665,870.89404,938.49677,1912.9045,0.37201717,1842.3881,-0.00862109
6271,1269,2411.3035,2982.6597,200496.59375,3357167.0,660.5859,907.1383,993.99603,2341.4128,0.42927068,1805.995,-0.12499274
6272,1146,2409.2434,3021.1875,200881.875,3357187.5,579.80457,833.7644,879.09467,2416.0842,0.46963403,1806.782,-0.13772617
6273,1246,2410.557,3590.0361,206570.359375,3357174.5,501.47552,715.28894,700.9009,1981.197,0.50473785,1818.4214,-0.029874982
6274,1186,2408.564,2563.1804,196301.8125,3357194.25,177.26306,345.51517,242.62563,2133.441,0.79577786,1797.4115,-0.08420444
6275,1302,2412.1628,3300.2996,203673.0,3357158.25,571.38403,833.1674,828.5073,2287.8862,0.46853542,1812.4941,-0.10784483
6276,1370,2410.3723,5475.966,225429.65625,3357176.25,396.16278,612.8661,648.12335,2331.3362,0.5676601,1857.0128,-0.102346316
6277,1240,2412.974,5612.4966,226794.96875,3357150.25,809.37946,1045.9814,1101.8846,2407.701,0.3945715,1859.8082,-0.117641516
6278,1266,2412.6438,2598.41,196654.09375,3357153.5,175.95735,343.2188,225.03792,2214.7908,0.81510806,1798.1345,-0.10245776
6279,1253,2409.6025,3152.245,202192.453125,3357184.0,695.8212,934.3623,1064.2019,2130.144,0.33537617,1809.4636,-0.07691868
6280,1266,2413.015,5134.459,222014.59375,3357149.75,401.7196,522.48303,634.96643,1612.6378,0.4346837,1850.0253,0.07140861
6281,1087,2410.9531,2081.3716,191483.71875,3357170.5,269.15915,463.18124,435.04416,2051.724,0.6554754,1787.5563,-0.047147933
6282,1248,2413.943,3418.19,204851.90625,3357140.5,576.3746,852.9331,880.85376,2197.5706,0.42662522,1814.9072,-0.08666634
6283,1273,2413.938,3628.2993,206953.0,3357140.5,433.1017,644.75256,602.0373,2027.1213,0.55957866,1819.206,-0.04116612
6284,1239,2415.891,4054.7627,211217.625,3357121.0,843.32605,1022.4988,1115.4794,1808.8317,0.24269693,1827.9331,0.013405646
6285,1192,2412.2476,4877.7534,219447.53125,3357157.5,424.47943,558.48615,473.71057,1995.9945,0.61431766,1844.7717,-0.023478739
6286,1351,2413.8062,4913.276,219802.75,3357142.0,453.79645,596.2665,561.8549,1817.5659,0.52864033,1845.4994,0.020420918
6287,1184,2414.1191,4577.933,216449.328125,3357138.75,695.6495,845.6727,897.98267,1656.6309,0.3098206,1838.6373,0.06018387
6288,1073,2411.577,4795.5117,218625.125,3357164.25,288.63745,428.267,348.93802,1865.0787,0.68724835,1843.0884,-0.0015567509
6289,1099,2413.9172,2151.0283,192180.28125,3357140.75,206.77615,387.54868,326.09464,1963.364,0.71715087,1788.9829,-0.038671892
6290,1263,2416.9114,2948.6033,200156.03125,3357111.0,519.88995,748.7629,699.2739,2404.8154,0.5989787,1805.3014,-0.13516948
6291,1058,2417.964,2018.5312,190855.3125,3357100.25,234.8034,402.76843,408.70227,1831.0378,0.6510584,1786.2749,0.028643658
6292,1230,2416.6536,3704.0276,207710.28125,3357113.5,679.4325,928.3939,957.8284,2063.2114,0.36550602,1820.7571,-0.055310737
6293,1089,2414.0762,5260.1304,223271.3125,3357139.25,313.63635,455.64554,442.00964,1775.6355,0.61164135,1852.5977,0.030911958
6294,1263,2418.418,5337.6978,224046.96875,3357095.75,253.75298,386.54156,352.25574,1818.7593,0.6779625,1854.1873,0.019770062
6295,1245,2415.1711,4286.735,213537.34375,3357128.25,796.7052,951.3012,1037.7466,1627.3365,0.23079078,1832.6793,0.06715544
6296,1133,2417.4536,4331.6187,213986.1875,3357105.5,724.2617,881.2026,948.2807,1643.5729,0.2684663,1833.5989,0.06552492
6297,1160,2416.8171,2115.2415,191822.40625,3357111.75,214.50775,393.9931,352.6017,1961.3544,0.70340204,1788.2526,-0.035461143
6298,1169,2418.604,2503.1445,195701.4375,3357094.0,594.03595,884.86053,903.21045,2338.6116,0.53055716,1796.189,-0.12099321
6299,1428,2417.5645,3236.1582,203031.578125,3357104.25,665.9272,946.5112,1075.598,2332.2632,0.37354422,1811.1848,-0.12152354
6300,1259,2418.1597,3665.8142,207328.140625,3357098.5,370.34195,564.17114,476.57864,2037.0624,0.62915623,1819.976,-0.041278068
6301,1019,2414.4514,3954.6663,210216.65625,3357135.5,889.422,1102.0746,1161.8666,2151.1895,0.29961902,1825.8842,-0.072375245
6302,1079,2416.4717,2213.1697,192801.703125,3357115.25,244.55515,416.59964,348.66266,2030.5709,0.71750915,1790.2556,-0.055070363
6303,1059,2419.7205,2337.423,194044.234375,3357082.75,434.1964,680.5562,683.8102,2280.4211,0.6037666,1792.7994,-0.10515421
6304,1455,2422.1458,2675.6948,197426.953125,3357058.5,218.43092,403.43573,299.62476,2230.303,0.768295,1799.7211,-0.104299285
6305,951,2414.635,3898.511,209655.109375,3357133.75,770.0757,976.80914,1067.039,1972.8865,0.30000418,1824.7352,-0.027790146
6306,968,2415.75,2183.7542,192507.546875,3357122.5,456.0,676.3068,699.625,2086.1167,0.5485626,1789.6534,-0.06774957
6307,1174,2417.8416,2852.4343,199194.34375,3357101.5,215.47104,406.22318,299.68057,2190.15,0.77252984,1803.3344,-0.09157054
6308,1183,2420.3594,4014.7869,210817.875,3357076.5,536.574,690.91376,681.5765,1808.4814,0.4671701,1827.1176,0.016758649
6309,995,2417.795,4728.2925,217952.921875,3357102.0,755.36884,946.7513,1062.5015,1972.4387,0.30412787,1841.7162,-0.025556823
6310,1199,2419.0842,4535.1816,216021.8125,3357089.25,730.21515,867.8048,924.56213,1567.0659,0.27174002,1837.7653,0.086621776
6311,1298,2422.0347,4948.8296,220158.296875,3357059.75,518.1995,671.9869,666.51385,1928.6726,0.4987912,1846.2313,-0.00745921
6312,1052,2416.5674,5573.964,226409.640625,3357114.25,325.80276,518.337,515.67535,2261.3801,0.6321866,1859.0215,-0.084949456
6313,1118,2423.3103,2440.7603,195077.59375,3357047.0,160.06708,336.22897,261.1914,2180.407,0.7860525,1794.9154,-0.09415255
6314,1127,2422.7888,2912.7942,199797.9375,3357052.0,172.27817,341.15884,220.6047,2204.1323,0.81704086,1804.572,-0.09542101
6315,1139,2425.2449,3983.475,210504.75,3357027.5,895.3709,1080.3073,1164.6255,1982.097,0.25622398,1826.4795,-0.030521533
6316,1158,2422.2583,4085.4377,211524.375,3357057.5,938.04144,1115.3329,1216.0328,1798.4784,0.19662374,1828.5642,0.017656842
6317,1214,2423.3855,5016.173,220831.71875,3357046.25,288.15402,413.69812,316.79614,1890.3942,0.7116775,1847.6101,-0.0050080386
6318,1136,2421.8372,5374.579,224415.78125,3357061.75,241.90141,393.9538,334.35168,2017.0238,0.71620685,1854.9438,-0.019198623
6319,1007,2421.0596,2304.3257,193713.25,3357069.5,153.79842,306.6286,245.11221,1906.284,0.7719374,1792.123,-0.02281256
6320,1032,2423.4902,4621.9546,216889.546875,3357045.0,561.93604,702.47,719.812,1668.3295,0.4070169,1839.5432,0.059397567
6321,1387,2426.3337,5097.495,221644.953125,3357016.75,415.48593,539.2765,673.2477,1604.2491,0.4127779,1849.2759,0.07423293
6322,1035,2424.427,2408.8232,194758.234375,3357035.75,159.7459,329.18936,261.46182,2145.3884,0.7823521,1794.2627,-0.08498283
6323,1061,2426.427,3734.4883,208014.875,3357015.75,670.12067,939.4067,993.68994,2149.1348,0.37068236,1821.3856,-0.0780303
6324,1329,2426.55,5508.1377,225751.375,3357014.5,388.3875,607.13165,602.99133,2463.2983,0.6079846,1857.6794,-0.12210208
6325,1128,2424.5647,4180.44,212474.40625,3357034.25,892.6099,1085.7793,1197.9956,1857.3359,0.21642497,1830.5093,0.0015146295
6326,1297,2427.428,5414.085,224810.84375,3357005.75,373.7128,587.37085,541.2652,2536.5918,0.64630836,1855.7551,-0.1321947
6327,1307,2429.3037,3049.459,201164.59375,3356987.0,538.61017,783.0761,775.59106,2425.3894,0.52034837,1807.3717,-0.13785587
6328,1441,2431.347,4146.2993,212133.0,3356966.5,931.3522,1116.9324,1232.2079,1840.797,0.20053743,1829.8145,0.0053241584
6329,1073,2426.0688,4242.9404,213099.40625,3357019.25,922.1179,1076.3864,1204.9297,1545.8951,0.12651522,1831.7891,0.09002822
6330,1299,2428.9324,2757.12,198241.203125,3356990.75,179.61047,349.26096,234.64049,2159.8967,0.8035632,1801.3906,-0.08832548
6331,951,2427.0168,3766.04,208330.40625,3357009.75,600.75024,889.92114,839.3065,2491.7046,0.49818847,1822.0315,-0.14849801
6332,1079,2430.4524,2056.5977,191235.96875,3356975.5,225.8202,405.93698,380.45505,1973.0787,0.6833067,1787.0608,-0.0076272786
6333,1174,2430.7642,2372.8228,194398.21875,3356972.25,179.72401,352.75043,284.64395,2165.0742,0.7667445,1793.5299,-0.08408042
6334,1367,2431.9202,3525.1125,205921.125,3356960.75,368.85297,527.62476,457.4199,1914.6204,0.63081014,1817.1047,-0.019217432
6335,1183,2430.618,4452.105,215191.046875,3356973.75,701.205,838.09216,906.7764,1592.3601,0.28280506,1836.0714,0.08098025
6336,1059,2429.41,4486.986,215539.859375,3356986.0,787.28424,935.4962,1011.5987,1655.8442,0.24814418,1836.7845,0.06028445
6337,1046,2430.4731,2881.4043,199484.046875,3356975.25,317.522,533.6893,466.9627,2280.6597,0.6972249,1803.9342,-0.10510342
6338,1147,2430.2493,3449.4666,205164.65625,3356977.5,580.02356,879.4699,886.59766,2396.0706,0.46162143,1815.5562,-0.1311086
6339,1024,2431.8213,3795.879,208628.78125,3356961.75,745.5337,1017.71533,1118.4985,2313.1318,0.35370466,1822.6447,-0.11445538
6340,1315,2433.1528,4376.3306,214433.3125,3356948.5,802.5072,953.8175,1045.148,1593.913,0.20814799,1834.5222,0.07878055
6341,1414,2434.5664,5059.475,221264.75,3356934.25,425.5092,568.9682,641.3158,1785.8303,0.47488615,1848.5021,0.023231516
6342,1230,2431.1025,5166.4233,222334.234375,3356969.0,622.51746,769.4695,867.0423,1677.4318,0.36830387,1850.6888,0.06085549
6343,1060,2430.7773,2272.6357,193396.359375,3356972.25,145.93867,296.34338,238.5198,1877.5538,0.77427614,1791.4803,-0.015005536
6344,1470,2436.3838,2717.0015,197840.015625,3356916.25,420.13675,662.5966,629.1204,2309.858,0.648223,1800.5741,-0.11851072
6345,1124,2432.1807,2793.9805,198609.8125,3356958.25,177.56317,348.46085,231.9137,2116.7537,0.8017214,1802.1466,-0.07574131
6346,1448,2435.5193,3270.5552,203375.546875,3356924.75,630.1267,906.5104,964.3042,2371.4502,0.4213979,1811.8986,-0.12958527
6347,1053,2433.414,3927.4397,209944.40625,3356945.75,829.8908,1017.9098,1106.3842,1885.6605,0.25968015,1825.3374,-0.006987759
6348,1030,2434.3467,4210.4224,212774.21875,3356936.5,842.7413,1033.3864,1132.3232,1868.5005,0.2454685,1831.128,-0.0011332668
6349,1072,2433.7751,4659.724,217267.25,3356942.25,651.24677,797.7943,839.3041,1747.6493,0.36517736,1840.3215,0.032511864
6350,1313,2438.304,4988.077,220550.78125,3356897.0,396.22583,535.65234,484.41354,1968.7562,0.6062146,1847.043,-0.020012992
6351,1359,2437.1633,5447.8726,225148.71875,3356908.25,431.46542,697.5287,678.5316,2855.0144,0.614274,1856.4517,-0.18822227
6352,1285,2436.2007,2534.54,196015.40625,3356918.0,191.44902,364.38522,257.30896,2132.295,0.78447,1796.8413,-0.08361216
6353,1191,2435.707,3087.01,201540.09375,3356923.0,586.37067,844.6591,836.74603,2428.1821,0.4882355,1808.1436,-0.14028224
6354,1217,2432.489,3196.7166,202637.171875,3356955.0,733.02423,966.8681,1044.2683,2114.1895,0.34050047,1810.3862,-0.07078995
6355,1239,2437.5796,3354.9146,204219.140625,3356904.25,612.0997,907.4637,918.7635,2472.4011,0.4607156,1813.6256,-0.15038125
6356,1117,2434.8496,3863.5068,209305.0625,3356931.5,609.6544,827.7699,848.59576,2207.2744,0.44963232,1824.03,-0.08742319
6357,1292,2437.0403,4412.062,214790.625,3356909.5,704.1571,839.01624,923.7697,1469.2202,0.23303753,1835.2555,0.116643436
6358,1248,2437.3445,5544.834,226118.34375,3356906.5,350.53326,539.7508,590.1703,2171.4448,0.5845337,1858.436,-0.06014831
6359,1209,2439.8022,5631.4673,226984.671875,3356882.0,631.3875,841.4545,891.89703,2007.8842,0.4219132,1860.2102,-0.030011792
6360,1131,2437.9568,3391.7534,204587.53125,3356900.5,636.6596,944.7635,1020.19495,2356.579,0.3948278,1814.3796,-0.12376765
6361,1089,2437.1882,3828.9045,208959.046875,3356908.0,399.28925,618.781,573.0142,2384.6084,0.6111989,1823.3234,-0.12612568
6362,1171,2438.4065,3124.918,201919.1875,3356896.0,619.46326,858.1917,918.84717,2243.3318,0.42508987,1808.9205,-0.103496425
6363,1132,2436.9956,3485.7173,205527.171875,3356910.0,531.1961,777.9951,753.9996,2388.9617,0.5239957,1816.3015,-0.12611315
6364,1282,2439.2107,3567.943,206349.4375,3356888.0,338.92004,512.5328,404.48712,2046.3237,0.6728615,1817.9851,-0.04540394
6365,1225,2438.41,4699.7583,217667.578125,3356896.0,893.68243,1033.5613,1137.4469,1541.6714,0.15220073,1841.1432,0.09301455
6366,1158,2438.994,4816.491,218834.90625,3356890.0,433.54965,594.26556,547.35925,1857.4598,0.5581541,1843.5321,0.0053613754
6367,1211,2439.923,4852.001,219190.0,3356880.75,259.9137,411.1251,302.6639,1989.9525,0.7320093,1844.2593,-0.028729927
6368,1331,2437.7754,5200.2466,222672.46875,3356902.25,953.34375,1160.7246,1337.6953,1791.4819,0.15928236,1851.3845,0.018586291
6369,1174,2439.3774,3006.08,200730.796875,3356886.25,489.96594,691.8552,654.8458,2315.3667,0.57021743,1806.4899,-0.114081375
6370,1395,2444.9182,5310.4136,223774.140625,3356830.75,285.84875,415.3993,386.3767,1850.6022,0.6597049,1853.6427,0.015258216
6371,1065,2439.2705,2239.2957,193062.953125,3356887.25,157.89108,314.36902,263.9399,1880.4338,0.75427294,1790.8032,-0.015466861
6372,1131,2440.795,3161.5525,202285.53125,3356872.0,664.39874,921.43677,998.53094,2255.9788,0.38584146,1809.6714,-0.10448254
6373,1102,2442.7324,4307.0283,213740.28125,3356852.75,752.4732,931.76587,1008.2582,1742.9705,0.27023536,1833.1093,0.03795674
6374,1106,2443.953,4598.6655,216656.65625,3356840.5,723.6596,863.6058,939.8404,1646.6776,0.28680092,1839.0775,0.060916614
6375,996,2441.1204,4747.215,218142.15625,3356868.75,629.9187,853.001,962.5286,1962.7229,0.38871932,1842.1157,-0.017929852
6376,1061,2441.2742,4779.8613,218468.609375,3356867.25,272.1461,425.0801,339.5226,1814.5796,0.686066,1842.7838,0.010138412
6377,1247,2442.7458,2572.8884,196398.890625,3356852.5,177.28629,350.39536,235.85405,2132.9014,0.80050856,1797.6295,-0.0838688
6378,1313,2444.732,3316.8318,203838.3125,3356832.75,576.5556,850.24524,883.3085,2423.8918,0.46697763,1812.8505,-0.14028919
6379,1179,2444.256,4559.1255,216261.25,3356837.5,648.1552,785.215,822.08014,1553.1052,0.31593186,1838.2686,0.09503684
6380,1240,2442.7598,5235.912,223029.125,3356852.5,387.58386,527.40204,519.2403,1819.4146,0.55296326,1852.117,0.016014094
6381,1347,2446.1582,3607.159,206741.59375,3356818.5,487.27505,709.93097,641.61096,2137.5654,0.5579133,1818.7913,-0.06993657
6382,1126,2446.4502,4266.5464,213335.46875,3356815.5,889.9778,1036.17,1162.7384,1486.2678,0.12568969,1832.283,0.10921737
6383,1143,2443.8005,5586.3613,226533.609375,3356842.0,362.42084,551.3294,584.19293,2132.1023,0.5785903,1859.2892,-0.05330329
6384,1127,2444.6575,2134.6353,192016.34375,3356833.5,246.756,433.49777,401.03815,1971.134,0.6660955,1788.6654,-0.021829333
6385,1125,2443.2417,2469.2417,195362.421875,3356847.5,196.8729,374.83554,277.512,2226.8774,0.7781685,1795.5095,-0.10513155
6386,1172,2445.819,4034.7168,211017.171875,3356821.75,561.7483,739.45734,764.7705,1822.8796,0.4224779,1827.5391,0.013692007
6387,1346,2447.537,2611.4338,196784.34375,3356804.75,172.51263,351.99554,229.95616,2129.931,0.804504,1798.4208,-0.0823808
6388,1273,2449.6387,4518.5327,215855.328125,3356783.5,912.49884,1080.3531,1212.4952,1740.3983,0.18393391,1837.4408,0.038569026
6389,1224,2445.8962,4888.9126,219559.125,3356821.0,399.50165,566.5082,514.35254,1973.8195,0.5876433,1845.0177,-0.018561887
6390,1259,2446.587,5275.587,223425.875,3356814.25,383.00952,537.2701,468.57306,2131.1243,0.6462144,1852.9308,-0.04955404
6391,1183,2446.0017,2091.056,191580.5625,3356820.0,221.68977,405.7743,372.3018,1934.8267,0.6817516,1787.7747,0.0006501681
6392,1015,2443.9438,2173.4758,192404.75,3356840.5,233.46404,413.02957,359.7586,1961.0562,0.6966671,1789.4595,-0.03705181
6393,1411,2449.6372,2648.3467,197153.46875,3356783.75,179.89369,355.0305,237.8462,2195.2253,0.80377644,1799.1771,-0.09652795
6394,1212,2447.3672,4104.0347,211710.34375,3356806.25,964.60315,1179.2892,1298.8374,1996.1151,0.21886216,1828.9583,-0.037680537
6395,1341,2450.1118,3645.1416,207121.40625,3356779.0,733.39636,1002.2263,1034.5768,2349.8735,0.3895167,1819.5706,-0.11789637
6396,1050,2447.3933,4342.454,214094.53125,3356806.0,663.2576,865.7391,841.15857,2126.6052,0.4259204,1833.8367,-0.05878063
6397,943,2447.2512,2029.8622,190968.625,3356807.5,277.17392,467.11877,485.74338,1976.8918,0.62565994,1786.5237,-0.020914115
6398,1298,2449.8591,2967.5461,200345.46875,3356781.5,723.66754,992.48535,1053.3802,2415.1628,0.4471369,1805.7074,-0.13713822
6399,1336,2450.8054,3685.2021,207522.03125,3356772.0,655.7511,916.4136,936.96405,2150.6982,0.39649698,1820.3906,-0.07860583
6400,893,2443.906,3896.5957,209635.953125,3356841.0,699.67975,986.1316,1034.7161,2268.99,0.3710469,1824.712,-0.10048064
6401,1350,2451.091,5130.2217,221972.21875,3356769.0,352.88443,454.16666,518.08295,1436.7411,0.4686105,1849.9585,0.12805668
6402,931,2450.7046,2318.2996,193853.0,3356773.0,466.52203,713.4769,737.5489,2199.1794,0.56567454,1792.426,-0.09285174
6403,1170,2452.2205,2928.306,199953.0625,3356757.75,215.84445,377.20386,249.64316,2193.9653,0.79544544,1804.906,-0.09404192
6404,1301,2453.7117,4925.568,219925.6875,3356743.0,417.0342,571.8724,519.6653,1877.7875,0.5769579,1845.772,0.0033069232
6405,1430,2455.1062,5481.9014,225489.015625,3356729.0,329.1867,537.621,569.01996,2216.911,0.5898583,1857.1572,-0.06597339
6406,1318,2454.202,2821.248,198882.484375,3356738.0,370.2868,602.4302,552.5015,2290.9885,0.6677819,1802.7169,-0.11035464
6407,1278,2453.2246,3225.3882,202923.875,3356747.75,753.2336,1030.0594,1177.973,2322.464,0.33228758,1810.9844,-0.12074955
6408,1203,2451.6567,3958.1663,210251.65625,3356763.5,927.6567,1135.4767,1247.9323,1979.8749,0.22300115,1825.976,-0.027166711
6409,1107,2451.5347,5382.915,224499.15625,3356764.75,302.43857,463.56097,395.55646,2150.9873,0.68938476,1855.1298,-0.051149666
6410,1127,2452.8545,2207.1384,192741.390625,3356751.5,246.93878,433.3993,393.78262,1998.5758,0.68516797,1790.1532,-0.04666291
6411,1296,2455.1875,5346.247,224132.46875,3356728.0,365.76196,529.1416,479.5675,2283.9167,0.65225774,1854.3812,-0.069512025
6412,1035,2454.4126,2346.629,194136.28125,3356736.0,178.60193,349.14685,279.5169,2083.456,0.7618177,1793.0076,-0.06476768
6413,1257,2455.677,3421.7183,204887.1875,3356723.25,607.58276,926.8783,913.8695,2458.6873,0.44982612,1815.0024,-0.14071974
6414,1090,2455.6973,4636.693,217036.9375,3356723.0,590.2257,738.5688,781.6936,1735.9629,0.3936064,1839.8618,0.035752546
6415,1208,2457.9885,4961.457,220284.5625,3356700.0,507.31332,651.09973,652.0219,1818.5732,0.47283915,1846.5085,0.025227316
6416,1028,2454.322,2403.5981,194705.984375,3356736.75,164.98152,329.38812,261.2286,2091.5369,0.7771937,1794.173,-0.0659244
6417,1229,2455.564,2501.336,195683.359375,3356724.25,585.2376,861.1131,881.773,2257.6794,0.5290479,1796.1731,-0.10482391
6418,1238,2456.016,2854.9458,199219.453125,3356719.75,228.70436,423.35703,314.832,2361.887,0.784438,1803.4072,-0.12905923
6419,1228,2456.4324,3723.986,207909.859375,3356715.75,691.79803,990.3477,1023.87054,2384.6023,0.4012614,1821.1871,-0.1283832
6420,1425,2462.3171,4067.8337,211348.34375,3356656.75,778.0905,1004.40173,1028.7649,2231.5564,0.34693748,1828.2257,-0.06881601
6421,1364,2459.5703,5026.3877,220933.875,3356684.25,522.14185,680.4274,659.8644,1994.0664,0.50311697,1847.8381,-0.028733598
6422,902,2458.7983,2292.6763,193596.765625,3356692.0,151.90134,305.58426,249.45233,1862.245,0.76301414,1791.9065,-0.012657105
6423,1452,2461.7788,2688.0503,197550.5,3356662.25,337.18045,549.2128,502.11227,2147.3154,0.6571399,1799.9962,-0.08261642
6424,1456,2462.43,3996.2026,210632.03125,3356655.75,596.88324,796.21497,807.48694,1938.613,0.41237226,1826.7601,-0.011414009
6425,1197,2461.3625,2437.1394,195041.390625,3356666.5,177.81537,343.4436,270.39682,2128.5205,0.7733769,1794.8632,-0.07467615
6426,1202,2463.5325,3033.7488,201007.484375,3356644.75,342.297,503.59982,406.70093,2086.8506,0.678169,1807.0695,-0.06395306
6427,1087,2463.5115,4724.8066,217918.0625,3356645.0,619.25806,766.75116,778.3873,1700.7911,0.39226687,1841.669,0.051250525
6428,1226,2462.217,2744.0269,198110.265625,3356657.75,172.26836,353.1452,231.45677,2186.1206,0.8082471,1801.1416,-0.095166676
6429,1159,2461.4229,2892.8325,199598.328125,3356665.75,147.74634,318.44434,194.54875,2201.2527,0.8368453,1804.1854,-0.09522382
6430,1131,2461.5198,3462.8364,205298.359375,3356664.75,754.4819,1062.8113,1223.2565,2337.4683,0.31838122,1815.8469,-0.12077048
6431,1176,2460.3938,4186.406,212534.0625,3356676.0,860.909,1034.3575,1129.4788,1772.4971,0.22782421,1830.6508,0.023152033
6432,1123,2461.0232,4229.346,212963.46875,3356669.75,806.15497,975.22217,1087.6705,1697.0432,0.21974978,1831.5297,0.050215445
6433,1234,2459.5073,3764.2683,208312.6875,3356685.0,596.7192,914.3724,911.483,2510.1301,0.46937442,1822.0131,-0.15377353
6434,1237,2462.839,4441.0225,215080.21875,3356651.5,890.2781,1050.346,1179.0259,1643.43,0.16857518,1835.8618,0.065799564
6435,1176,2460.2832,4480.587,215475.875,3356677.25,868.28784,1036.852,1172.8928,1703.0748,0.18263455,1836.67,0.05026696
6436,1179,2466.3596,5651.032,227180.3125,3356616.5,657.1972,853.9347,956.7252,1713.5857,0.34516448,1860.6243,0.049155068
6437,1211,2463.6094,2782.057,198490.5625,3356644.0,172.4104,347.4269,226.13295,2238.81,0.81580985,1801.9204,-0.10575103
6438,1180,2465.6643,3068.8567,201358.5625,3356623.25,534.0161,756.1254,740.2975,2311.1687,0.5207357,1807.789,-0.11715756
6439,1268,2465.9204,3546.4678,206134.6875,3356620.75,371.6124,543.05597,460.54456,2052.627,0.64855546,1817.5604,-0.05000935
6440,1121,2467.0044,4125.736,211927.359375,3356610.0,968.07715,1165.859,1289.5677,1822.538,0.17424667,1829.413,0.009348892
6441,1202,2465.1482,4675.6973,217426.96875,3356628.5,706.8885,849.06323,896.78705,1661.948,0.31075042,1840.6649,0.05728401
6442,1336,2465.453,5521.143,225881.4375,3356625.5,319.44424,494.13098,587.89185,1965.6707,0.5463276,1857.9657,-0.02054795
6443,947,2464.1616,2263.0127,193300.125,3356638.5,145.68216,297.66843,256.5512,1838.3558,0.7549902,1791.3027,-0.006041349
6444,1313,2466.479,3507.1448,205741.453125,3356615.25,668.0076,936.1961,1043.9912,2388.492,0.3971602,1816.7562,-0.12960075
6445,1358,2465.5442,5094.3857,221613.859375,3356624.5,365.03018,481.28497,529.736,1595.9142,0.49661383,1849.2327,0.07833261
6446,1155,2466.9177,5606.025,226730.25,3356610.75,409.41644,629.34674,608.3805,2393.7065,0.59637225,1859.7035,-0.10943378
6447,1227,2469.277,3293.652,203606.515625,3356587.25,690.4996,964.8476,1079.0721,2409.4673,0.3863585,1812.3899,-0.13880211
6448,1139,2463.4846,3803.4126,208704.125,3356645.25,523.78314,764.4416,784.5557,2257.951,0.4878963,1822.8162,-0.101922624
6449,1245,2467.1487,3184.3157,202513.15625,3356608.5,732.5988,950.1739,1026.8285,2003.0193,0.3235761,1810.1519,-0.044628445
6450,1305,2468.0168,5412.0776,224790.78125,3356599.75,350.30576,522.18427,499.05746,2106.4934,0.6188083,1855.7351,-0.045870703
6451,1067,2465.7966,2057.6355,191246.359375,3356622.0,271.7151,459.3824,480.05905,1993.5905,0.62697387,1787.1025,-0.022768777
6452,1181,2468.9424,3104.7986,201717.984375,3356590.5,615.8374,860.6236,891.0699,2313.1978,0.45063075,1808.526,-0.11766483
6453,1171,2468.52,3844.8718,209118.71875,3356594.75,687.84375,962.36505,1050.2728,2210.0945,0.37205425,1823.6671,-0.09029619
6454,1154,2471.0728,4157.3364,212243.359375,3356569.25,883.8319,1085.373,1219.7716,1921.1035,0.22619988,1830.0616,-0.009957027
6455,1253,2471.1643,3257.9585,203249.59375,3356568.25,603.61255,886.20593,834.6896,2457.466,0.48759365,1811.6606,-0.14313178
6456,1012,2467.488,3880.7153,209477.15625,3356605.0,513.2816,832.13885,746.9012,2546.9475,0.5469252,1824.3999,-0.15997729
6457,982,2468.9897,4288.953,213559.53125,3356590.0,919.18176,1070.4913,1185.6991,1584.0723,0.14548977,1832.7535,0.08292807
6458,1149,2469.2002,4365.147,214321.46875,3356588.0,459.01086,635.36334,601.28546,1998.3076,0.54731065,1834.3127,-0.03050387
6459,1423,2467.6094,5164.797,222317.96875,3356604.0,531.331,664.5232,720.42236,1623.8215,0.43156707,1850.6746,0.074750625
6460,978,2471.4285,2110.453,191774.53125,3356565.75,204.19939,376.24643,355.1227,1836.3058,0.6840565,1788.1862,0.02105677
6461,1079,2469.5903,2377.3772,194443.765625,3356584.0,151.83966,308.31882,242.21687,1975.5756,0.7809058,1793.6453,-0.035697505
6462,1263,2470.6477,2545.8828,196128.828125,3356573.5,177.14964,345.4988,244.46318,2142.8528,0.7947648,1797.093,-0.08427071
6463,1162,2469.3667,3379.316,204463.15625,3356586.25,657.83563,957.5525,1069.4867,2374.3352,0.38429096,1814.1426,-0.13096477
6464,1120,2468.1785,3919.192,209861.921875,3356598.25,708.23975,948.29913,968.13794,2251.5378,0.38198015,1825.1875,-0.086018845
6465,1290,2471.1218,5560.642,226276.421875,3356568.75,408.1372,628.5508,705.77716,2318.6694,0.5404764,1858.7769,-0.09564726
6466,1177,2470.672,3141.9404,202089.40625,3356573.25,636.83307,903.9337,931.0663,2418.9006,0.4441389,1809.2869,-0.1388329
6467,1028,2471.2402,4580.0234,216470.234375,3356567.5,713.66534,871.50586,943.9353,1704.1566,0.29967028,1838.7106,0.04532495
6468,1105,2470.933,4796.0977,218630.96875,3356570.75,383.14932,561.77826,497.60135,1940.0013,0.6066619,1843.1317,-0.020268181
6469,1183,2471.2976,3343.1504,204101.5,3356567.0,685.8284,983.0617,1104.0829,2424.828,0.37801385,1813.4037,-0.14106654
6470,1350,2472.843,4401.6616,214686.625,3356551.5,679.9848,868.46484,933.2915,1793.8529,0.32421076,1835.0618,0.022086496
6471,1136,2472.898,4831.2607,218982.609375,3356551.0,305.4353,450.3191,365.71567,1883.5946,0.67999256,1843.8523,-0.0073225973
6472,830,2470.7578,2163.6748,192306.75,3356572.5,212.58434,397.59036,345.09277,2022.947,0.7078831,1789.2744,-0.043947145
6473,1022,2470.8022,2998.776,200657.75,3356572.0,338.84198,492.3689,362.45206,2172.2852,0.7127314,1806.358,-0.087045796
6474,1102,2472.7659,4760.926,218279.25,3356552.25,381.31625,549.40656,514.6792,1816.7859,0.5797602,1842.413,0.015857458
6475,1219,2472.2297,5061.1426,221281.421875,3356557.75,473.81665,617.93274,691.98895,1746.8679,0.43118745,1848.5559,0.038381852
6476,1475,2475.364,5210.541,222775.40625,3356526.25,894.1244,1102.7333,1263.2806,1880.2634,0.21928564,1851.6147,-0.0057680355
6477,1255,2474.9004,5250.802,223178.015625,3356531.0,549.60077,719.0279,680.5486,2352.0784,0.5452883,1852.4384,-0.09116165
6478,1409,2477.1768,3584.616,206516.15625,3356508.25,578.9904,818.7676,807.45953,2213.089,0.48276913,1818.347,-0.08569192
6479,1155,2475.865,4862.916,219299.15625,3356521.25,269.0935,413.68225,321.35455,1880.0381,0.70822793,1844.5016,-0.005642374
6480,1273,2475.5066,5444.0234,225110.234375,3356525.0,335.23056,504.27103,571.46423,1911.0381,0.5396175,1856.3927,-0.0044412455
6481,966,2474.7268,2234.9214,193019.21875,3356532.75,164.0528,325.84473,267.2443,1947.8727,0.7613052,1790.7341,-0.03538257
6482,1156,2476.6064,4324.585,213915.84375,3356514.0,765.3283,1022.4183,1086.6553,2276.9966,0.36254644,1833.4867,-0.09697286
6483,1239,2478.845,4544.4707,216114.703125,3356491.5,784.07263,929.7857,1014.97296,1553.259,0.21280587,1837.987,0.09253765
6484,1283,2478.187,2581.456,196484.5625,3356498.25,179.58145,346.9735,248.82697,2102.0398,0.78829265,1797.825,-0.07658459
6485,1071,2478.3193,4612.566,216795.65625,3356496.75,634.4169,780.0173,827.5084,1655.3982,0.35028723,1839.3801,0.060988683
6486,1406,2481.207,4997.5083,220645.078125,3356468.0,783.9303,921.4449,982.8051,1671.2927,0.26372072,1847.2584,0.05464802
6487,788,2476.477,2139.3972,192063.96875,3356515.25,227.37436,411.98605,379.46573,1900.6586,0.67071545,1788.7811,0.020941013
6488,1044,2479.5881,2943.5823,200105.828125,3356484.0,333.38745,496.6662,385.6461,2222.7988,0.7265316,1805.2339,-0.10149492
6489,919,2481.307,2188.7542,192557.546875,3356467.0,192.60501,376.86725,321.85635,2026.7976,0.7252195,1789.7936,-0.039830703
6490,1261,2479.3022,2467.6304,195346.3125,3356487.0,235.36003,410.68677,350.65503,2063.455,0.72816455,1795.4972,-0.062558144
6491,1149,2480.8025,4897.06,219640.59375,3356472.0,428.10663,581.95605,554.14014,1872.6171,0.5473458,1845.2029,0.0011713855
6492,1472,2483.7725,5289.4893,223564.890625,3356442.25,529.5914,689.25037,614.0465,2616.8804,0.6184259,1853.2346,-0.14397702
6493,1414,2485.1167,3624.2092,206912.09375,3356428.75,702.0566,964.78467,1039.9364,2322.1272,0.3833983,1819.1615,-0.11579373
6494,1356,2484.809,3660.8223,207278.21875,3356432.0,759.0033,1005.6073,1107.7588,2137.0874,0.31575155,1819.9104,-0.07220132
6495,1255,2479.1172,4033.0017,211000.015625,3356488.75,600.96173,782.4092,814.6351,1830.767,0.39108646,1827.5221,0.017344015
6496,1161,2482.9492,4254.4116,213214.125,3356450.5,819.919,966.54694,1067.016,1597.9375,0.2061688,1832.0543,0.079995856
6497,1088,2485.67,4703.5376,217705.375,3356423.25,812.47473,964.3677,1042.4531,1635.5951,0.24064575,1841.2455,0.067804776
6498,1357,2488.2166,2722.3728,197893.734375,3356397.75,243.46721,452.65585,359.62122,2196.7576,0.73315644,1800.7134,-0.09591052
6499,1282,2484.4666,3702.2185,207692.1875,3356435.25,659.06744,953.79407,1000.96136,2358.7695,0.4025206,1820.7572,-0.12091265
6500,999,2484.4685,2081.4575,191484.578125,3356435.25,265.65265,452.64066,468.77777,1919.1232,0.6272868,1787.6006,-0.0007313808
6501,1328,2484.3252,2619.1987,196861.984375,3356436.75,171.79066,346.62198,231.79218,2083.0452,0.79952574,1798.6006,-0.07190709
6502,1469,2487.3682,5327.6714,223946.71875,3356406.25,578.3659,758.71,643.78656,2669.9004,0.6069096,1854.0178,-0.15283665
6503,1276,2486.9937,2512.7107,195797.109375,3356410.0,234.94907,421.2249,336.029,2215.5674,0.7394108,1796.4237,-0.09572154
6504,1172,2483.4736,3950.6997,210177.0,3356445.25,848.026,1041.111,1161.8162,1845.3408,0.21999511,1825.8405,0.006465383
6505,1350,2485.037,5372.4775,224394.78125,3356429.75,456.49704,653.1441,557.5722,2747.3923,0.6563574,1854.9335,-0.17044786
6506,1110,2486.482,3438.4226,205054.21875,3356415.25,633.71576,946.2419,976.8338,2522.6787,0.4373224,1815.3612,-0.15597324
6507,1153,2486.8542,4207.9585,212749.59375,3356411.5,735.68384,883.1553,951.4883,1614.35,0.26552427,1831.106,0.073151074
6508,1260,2486.8857,4510.9087,215779.09375,3356411.25,860.3012,1027.3385,1140.9896,1733.7509,0.20833701,1837.3047,0.037401233
6509,1342,2488.354,2654.7444,197217.4375,3356396.5,179.09464,355.8003,247.63264,2104.8584,0.7892022,1799.33,-0.076857254
6510,1080,2490.1138,5673.472,227404.71875,3356378.75,792.9792,1008.91345,1126.4954,1876.3148,0.30140972,1861.0956,0.0013422634
6511,1284,2489.4976,3742.93,208099.296875,3356385.0,602.5635,898.6698,938.32556,2345.8489,0.4354609,1821.5929,-0.12221343
6512,1396,2490.4277,4092.73,211597.296875,3356375.75,806.3223,1053.0376,1139.72,2207.5461,0.32554498,1828.7502,-0.0856451
6513,1134,2489.142,2320.1306,193871.3125,3356388.5,306.1067,487.67548,440.194,2057.8025,0.6660474,1792.4855,-0.06193518
6514,1214,2488.202,2415.397,194823.96875,3356398.0,155.74876,301.55106,239.82866,1905.8154,0.77606267,1794.4337,-0.022231786
6515,1053,2489.6904,2975.5623,200425.625,3356383.0,535.0712,738.4539,683.2559,2341.311,0.6129372,1805.8938,-0.124383725
6516,1153,2490.672,3403.2334,204702.34375,3356373.25,718.83563,1020.77795,1120.5156,2375.8994,0.35582408,1814.6437,-0.12753065
6517,1188,2489.3738,4647.3594,217143.59375,3356386.25,697.5968,838.3363,900.9827,1681.5538,0.3146375,1840.098,0.052164346
6518,1459,2489.6606,5124.2666,221912.65625,3356383.5,327.55585,446.20392,447.19568,1627.438,0.5623845,1849.8567,0.06994297
6519,1242,2491.7295,2805.0564,198720.5625,3356362.75,358.58453,587.83093,534.44366,2338.4146,0.6812919,1802.4069,-0.12270599
6520,1259,2491.5781,2839.884,199068.84375,3356364.25,168.74821,344.69342,221.02939,2308.1304,0.8250038,1803.1193,-0.12135646
6521,1202,2492.089,2873.7854,199407.859375,3356359.0,145.73627,323.60233,201.90266,2228.377,0.83339334,1803.813,-0.10287396
6522,1183,2491.5122,2910.93,199779.296875,3356365.0,157.61835,336.3804,210.9273,2233.26,0.8270386,1804.5726,-0.1040131
6523,1092,2490.3845,3477.6345,205446.34375,3356376.25,770.41394,1067.2816,1256.348,2375.0535,0.31000933,1816.1656,-0.13027307
6524,1156,2491.9707,5626.424,226934.234375,3356360.25,383.96237,595.8084,632.53894,2176.783,0.5449124,1860.1338,-0.05797053
6525,1009,2488.3696,2350.2407,194172.40625,3356396.25,210.84143,377.99603,323.49454,1914.0535,0.7270984,1793.101,-0.024438059
6526,1128,2487.187,3224.5,202915.0,3356408.25,687.88873,939.59576,1013.42065,2166.5522,0.37459776,1810.9851,-0.082400165
6527,1230,2492.6301,3781.339,208483.390625,3356353.75,530.6516,757.6317,783.6008,2235.6753,0.48510024,1822.3804,-0.09787708
6528,1091,2491.604,3821.0183,208880.1875,3356364.0,623.26764,908.2039,1018.978,2150.6206,0.36680418,1823.1917,-0.078813426
6529,1239,2495.8079,3319.8418,203868.421875,3356322.0,701.7841,985.6856,1100.7393,2289.7188,0.3487132,1812.9404,-0.110868454
6530,1196,2493.2375,5474.1562,225411.5625,3356347.5,241.0,366.54306,379.44315,1862.7366,0.66634035,1857.0184,0.003135449
6531,879,2488.3528,2288.8066,193558.0625,3356396.5,266.39362,440.82935,423.74744,1850.2526,0.64862174,1791.8442,-0.008018034
6532,1194,2491.5151,4473.2236,215402.234375,3356364.75,871.8325,1070.598,1218.3065,1875.601,0.21877778,1836.536,0.0009502986
6533,1158,2491.4292,4928.2427,219952.421875,3356365.75,412.30182,540.47626,469.77332,1895.3756,0.5953003,1845.8464,0.00043263135
6534,1198,2495.6702,5505.7964,225727.96875,3356323.25,232.25876,362.22998,354.17987,1908.1189,0.6887035,1857.6671,-0.0028863687
6535,844,2493.5142,2213.9644,192809.640625,3356344.75,237.15047,417.27844,382.34952,1938.8613,0.68172354,1790.3163,-0.02632412
6536,1225,2494.2637,2763.9053,198309.046875,3356337.25,169.27429,346.68735,229.26204,2224.249,0.8124922,1801.5664,-0.10301797
6537,1284,2497.462,3982.3403,210493.40625,3356305.5,822.7773,1071.9385,1225.8528,2111.4937,0.2728695,1826.4955,-0.063777104
6538,1174,2491.551,4961.885,220288.84375,3356364.5,599.3484,713.55023,699.97314,1712.1704,0.4196787,1846.5349,0.050892446
6539,1260,2497.5762,5585.2563,226522.5625,3356304.25,404.3746,616.902,656.3115,2361.8755,0.57406783,1859.2942,-0.10728157
6540,1252,2498.1333,5179.554,222465.546875,3356298.75,588.3271,759.11224,840.9273,1825.8842,0.39806372,1850.9924,0.013457094
6541,1156,2496.7847,3052.7249,201197.25,3356312.25,570.50604,779.45416,832.4044,2209.2527,0.47119904,1807.4763,-0.0961116
6542,1097,2494.7383,3872.0583,209390.578125,3356332.5,631.92163,941.2279,1026.9417,2341.7712,0.38814327,1824.2377,-0.11338054
6543,1143,2499.0813,3159.048,202260.484375,3356289.25,677.78345,911.9908,965.72046,2306.853,0.41082352,1809.6527,-0.11621553
6544,1068,2498.0383,3194.0505,202610.5,3356299.5,674.9658,904.32166,966.15076,2146.4062,0.38465512,1810.3683,-0.07970927
6545,1153,2497.5127,3537.3252,206043.25,3356304.75,470.2567,662.15265,651.81616,2046.111,0.5553272,1817.3907,-0.05094257
6546,1177,2495.5615,4436.5786,215035.78125,3356324.5,833.0765,993.66736,1090.9346,1666.2357,0.21497153,1835.7885,0.05650823
6547,1180,2499.039,3016.193,200831.9375,3356289.5,304.72458,445.01736,314.0089,2100.514,0.7384324,1806.7302,-0.071693026
6548,1171,2499.6626,4739.146,218061.46875,3356283.5,489.21307,674.60803,675.3535,1846.8531,0.49438897,1841.9816,0.008809784
6549,1359,2500.563,5040.308,221073.078125,3356274.25,802.8933,987.9305,1062.7928,1967.8577,0.2990622,1848.1444,-0.019372355
6550,1174,2499.1338,2690.103,197571.03125,3356288.75,393.1082,626.90717,607.08264,2150.3638,0.6269347,1800.0594,-0.08171
6551,1162,2501.308,3088.166,201551.65625,3356267.0,508.46,708.3877,725.4557,2191.0564,0.5122362,1808.2039,-0.0854989
6552,990,2499.1294,2259.6929,193266.9375,3356288.75,167.94444,322.29898,269.91312,1821.509,0.7422992,1791.2549,-0.00076517125
6553,1252,2500.0527,3912.0303,209790.3125,3356279.5,741.5571,985.40015,1034.7504,2268.0615,0.3573339,1825.0583,-0.08945523
6554,1167,2502.622,3121.7927,201887.921875,3356253.75,517.2228,716.7716,696.3702,2253.4795,0.536009,1808.8926,-0.104120865
6555,1062,2501.3022,4811.0337,218780.34375,3356267.0,576.6888,796.4962,811.1921,2251.4807,0.48043048,1843.4534,-0.088099465
6556,1391,2504.7117,5543.778,226107.78125,3356233.0,364.76382,566.418,571.8012,2415.6848,0.62031955,1858.449,-0.11355085
6557,1245,2502.954,3362.0498,204290.5,3356250.5,629.8474,920.83215,962.1538,2549.4158,0.4506112,1813.8079,-0.16356608
6558,1261,2501.7478,4131.126,211981.25,3356262.5,844.67645,1057.9615,1168.7855,2004.149,0.26802093,1829.542,-0.035887223
6559,1297,2504.118,4170.475,212374.75,3356238.75,887.34924,1071.7814,1226.0243,1724.3835,0.16940938,1830.3484,0.038457733
6560,1040,2497.6482,4288.0596,213550.59375,3356303.5,838.9255,1023.29614,1213.338,1831.9918,0.21134368,1832.7507,0.014905851
6561,1187,2499.9233,4369.6294,214366.296875,3356280.75,559.27167,759.55347,755.35596,2001.6664,0.44341084,1834.4209,-0.022011599
6562,1173,2503.5662,3282.5142,203495.140625,3356244.25,673.42883,890.5124,888.58655,2164.9236,0.424618,1812.1812,-0.08023485
6563,1180,2505.222,4775.862,218428.625,3356227.75,388.93433,539.83136,517.93304,1679.0936,0.545081,1842.7357,0.052753
6564,1265,2508.011,4018.0632,210850.625,3356200.0,731.52057,946.6743,1027.6411,2007.119,0.3256709,1827.232,-0.0343755
6565,1148,2502.2927,4574.4976,216414.96875,3356257.0,813.8053,971.1494,1064.0923,1656.6698,0.22601205,1838.614,0.058068156
6566,1514,2506.9385,5080.4443,221474.4375,3356210.5,763.12286,933.62286,1075.3538,2022.7496,0.33057782,1848.969,-0.032444447
6567,806,2501.6973,2131.2358,191982.359375,3356263.0,203.1129,378.32135,338.1613,1874.5596,0.69839007,1788.6288,0.02210692
6568,1130,2505.214,2382.2795,194492.796875,3356227.75,177.32921,334.72037,283.5478,1847.3132,0.7419257,1793.766,-0.009024619
6569,1107,2505.056,3506.712,205737.125,3356229.5,850.55963,1134.1228,1347.7227,2253.9932,0.25656417,1816.7687,-0.102955684
6570,1544,2510.4683,4058.978,211259.78125,3356175.25,744.3857,983.091,1029.8403,2170.961,0.35314986,1828.0706,-0.072258465
6571,1166,2506.6663,4678.3027,217453.03125,3356213.25,892.83276,1054.2667,1175.136,1671.6287,0.18378907,1840.7402,0.053515323
6572,1365,2511.7356,2446.1458,195131.453125,3356162.75,279.69672,447.36996,413.9773,1894.5795,0.6874067,1795.0762,-0.019313961
6573,1212,2509.387,2483.51,195505.09375,3356186.25,382.77228,599.4257,566.0396,2134.8342,0.6227044,1795.8391,-0.07410928
6574,1310,2511.816,3567.3281,206343.28125,3356161.75,636.5542,871.9973,925.31946,2126.3982,0.40773585,1818.0125,-0.07063334
6575,1509,2508.261,5406.9595,224739.59375,3356197.5,276.61432,426.40588,396.5043,1978.8094,0.66877055,1855.6511,-0.017497662
6576,1118,2505.5,4329.697,213966.96875,3356225.0,684.3761,906.0738,900.2643,1934.9844,0.36794758,1833.6068,-0.02383611
6577,936,2507.9956,2104.389,191713.890625,3356200.0,252.89423,437.25427,447.29166,1935.8867,0.6429698,1788.0833,-0.008432299
6578,1013,2506.8835,2162.9763,192299.765625,3356211.25,215.90326,399.2922,365.0395,1917.0405,0.68745816,1789.281,0.011017416
6579,1369,2507.908,2544.257,196112.5625,3356201.0,191.10591,356.26077,273.86194,2188.7488,0.77726513,1797.0809,-0.094019905
6580,1086,2509.1602,3248.6528,203156.53125,3356188.5,537.0686,723.4636,668.9153,2153.925,0.53337395,1811.4915,-0.0764131
6581,1105,2511.162,4236.522,213035.21875,3356168.5,790.5964,961.6208,1074.053,1768.329,0.24467225,1831.7035,0.03291991
6582,1389,2507.3743,5246.308,223133.078125,3356206.25,421.58926,563.2383,570.5342,1811.5364,0.51283354,1852.3633,0.024082514
6583,1111,2509.8633,4873.6074,219406.078125,3356181.25,446.91583,612.67865,581.44556,1963.3762,0.5538847,1844.7383,-0.022105375
6584,1366,2516.5608,5150.7056,222177.0625,3356114.5,380.7456,499.74377,560.03,1538.7998,0.4686078,1850.4117,0.09635987
6585,1211,2513.332,4841.7383,219087.375,3356146.75,475.19528,638.27747,613.3039,1886.308,0.5336244,1844.088,-0.0059563774
6586,1254,2514.2625,3679.7878,207467.875,3356137.5,697.76996,1009.5024,1102.4182,2490.032,0.38983494,1820.3146,-0.15039957
6587,1210,2515.6348,3843.572,209105.71875,3356123.75,748.24915,1025.3612,1194.9612,2160.2803,0.29105192,1823.6663,-0.07917598
6588,1215,2511.14,4405.14,214721.40625,3356168.5,721.3399,935.94116,973.2074,2003.463,0.33573723,1835.1534,-0.029204031
6589,1192,2515.7996,5652.6963,227196.96875,3356122.0,358.66653,566.82086,561.86365,2129.7021,0.5797677,1860.6836,-0.04677183
6590,1314,2511.7107,2588.4346,196554.34375,3356163.0,175.5487,342.78616,243.00533,2159.6934,0.7976386,1797.9868,-0.089696944
6591,1382,2515.9392,3603.5833,206705.828125,3356120.5,678.37085,972.00037,1055.9652,2354.2935,0.38336876,1818.7565,-0.12322483
6592,1176,2510.0042,4611.7314,216787.3125,3356180.0,718.16876,858.6114,914.21515,1688.2615,0.30805784,1839.3799,0.05230943
6593,1190,2516.4824,5694.3115,227613.125,3356115.25,595.5025,796.7261,869.40967,1867.3407,0.41318208,1861.5355,0.0037675882
6594,996,2511.6375,2948.5632,200155.625,3356163.5,601.7264,843.81573,824.0442,2339.8364,0.5426765,1805.3538,-0.12221068
6595,1005,2515.2249,3456.7004,205237.0,3356127.75,664.9045,943.6423,1024.5806,2295.9045,0.38205755,1815.7511,-0.11147103
6596,1200,2516.5933,5010.6616,220776.625,3356114.0,759.46,914.07166,980.55707,1770.2788,0.2972204,1847.5461,0.026710095
6597,1249,2513.2786,5443.8237,225108.234375,3356147.25,247.64372,383.02362,330.35748,1974.9036,0.7129038,1856.4081,-0.0153411925
6598,981,2515.9878,2232.1978,192991.96875,3356120.0,201.69113,374.9103,324.97552,2016.6666,0.72447884,1790.7021,-0.04040844
6599,1426,2517.5427,5207.9307,222749.3125,3356104.5,824.5547,1019.5014,1140.5045,1877.6013,0.29217303,1851.5833,-0.00057917583
6600,1317,2518.851,3718.6301,207856.296875,3356091.5,555.8288,834.33563,868.9533,2280.9602,0.451094,1821.1118,-0.105338
6601,1363,2518.1936,5362.9067,224299.0625,3356098.0,397.69186,569.6438,559.2894,2175.4553,0.5931332,1854.7548,-0.05868305
6602,935,2515.9807,2192.1177,192591.171875,3356120.25,218.17647,397.46738,348.40533,2010.5326,0.7030226,1789.8823,-0.013576639
6603,1386,2519.7532,4541.968,216089.6875,3356082.5,841.47833,984.0404,1077.6688,1541.1371,0.18008782,1837.9576,0.093222074
6604,1193,2521.0244,3802.7795,208697.796875,3356069.75,549.2263,827.0943,850.3638,2402.0322,0.4762725,1822.8346,-0.12985754
6605,1269,2518.4294,3947.8818,210148.8125,3356095.75,768.619,995.922,1120.7589,2149.7239,0.3164099,1825.8019,-0.074454635
6606,1182,2520.955,4904.346,219713.46875,3356070.5,455.17175,633.393,615.98096,1977.9269,0.5274163,1845.373,-0.025570728
6607,1264,2522.8213,2743.965,198109.65625,3356051.75,185.99762,367.18353,265.35046,2161.6663,0.783756,1801.1747,-0.089341514
6608,1180,2522.3704,2786.7236,198537.234375,3356056.25,344.0178,571.5144,523.0593,2278.7043,0.68310404,1802.0491,-0.10789434
6609,1053,2520.5366,3424.17,204911.703125,3356074.75,692.42926,939.1534,936.70416,2398.3423,0.4224415,1815.0885,-0.1204997
6610,1006,2518.2505,4203.291,212702.90625,3356097.5,721.92,890.0815,961.4647,1735.5319,0.29917255,1831.0273,0.033622567
6611,1199,2521.7073,4713.417,217804.171875,3356063.0,850.5851,1034.9717,1133.427,1794.1472,0.24105866,1841.4667,0.01899474
6612,1249,2523.4492,4976.531,220435.3125,3356045.5,656.4988,810.06726,840.4768,1861.7759,0.38406095,1846.8513,0.009704154
6613,1523,2521.9902,5284.8394,223518.390625,3356060.0,394.9721,544.8552,499.0013,2103.6477,0.62137324,1853.1593,-0.046281412
6614,958,2517.5166,2291.9102,193589.09375,3356104.75,246.72964,423.82358,378.43842,1970.2756,0.6866282,1791.9246,-0.038252868
6615,1411,2522.343,2627.1658,196941.65625,3356056.5,165.2608,338.4465,229.3409,2196.237,0.81079394,1798.7852,-0.09783048
6616,1248,2521.7605,4504.8516,215718.515625,3356062.5,842.89905,1009.5889,1109.2604,1692.8193,0.2103899,1837.1993,0.049598016
6617,1629,2527.9465,3643.2688,207102.6875,3356000.5,801.849,1085.3701,1241.4893,2311.1433,0.301968,1819.575,-0.113807805
6618,1350,2524.5059,3759.3577,208263.578125,3356035.0,633.58813,885.6263,939.17334,2353.1423,0.43109965,1821.9481,-0.11962829
6619,1045,2523.6719,4265.8257,213328.25,3356043.25,755.8555,946.1024,1038.323,1876.6416,0.29725045,1832.3098,-0.0007079516
6620,1192,2523.4639,5613.249,226802.5,3356045.25,409.10068,642.388,648.0797,2505.59,0.58872676,1859.8802,-0.1310164
6621,1065,2521.3286,2353.8123,194208.125,3356066.75,191.38028,360.14835,290.5493,1946.1399,0.7447037,1793.1929,-0.031661395
6622,1107,2522.8347,2410.2195,194772.1875,3356051.75,311.50497,506.3505,486.17255,1935.3053,0.6387016,1794.3477,-0.027923701
6623,1140,2524.9148,2889.1387,199561.390625,3356030.75,154.16052,336.5421,216.97807,2249.887,0.8236833,1804.1456,-0.10766795
6624,1053,2522.0874,2980.2573,200472.578125,3356059.0,302.69894,440.56268,300.00476,2204.1077,0.75965095,1806.008,-0.09675518
6625,1067,2524.045,3392.3552,204593.546875,3356039.5,759.46814,1010.0745,1087.9742,2247.283,0.3369674,1814.4396,-0.09249708
6626,1263,2525.1418,2667.2305,197342.3125,3356028.5,199.90262,375.66232,281.89548,2106.939,0.77103025,1799.6063,-0.07602615
6627,987,2524.686,2921.388,199883.875,3356033.25,297.9554,508.99088,436.3141,2268.7295,0.72171956,1804.8052,-0.110979706
6628,1214,2526.0156,4940.543,220075.4375,3356019.75,557.22943,664.31714,640.84595,1654.7809,0.43361583,1846.1163,0.07240368
6629,1225,2527.36,2823.8115,198908.109375,3356006.5,176.50694,356.83102,236.11592,2269.4956,0.8110454,1802.8107,-0.1123898
6630,1217,2525.89,3215.3164,202823.15625,3356021.0,761.69226,1043.3394,1209.0637,2350.482,0.3431939,1810.8188,-0.12379128
6631,1130,2525.6265,3882.5894,209495.890625,3356023.75,662.6217,960.9916,1034.6261,2370.3997,0.38516614,1824.47,-0.11825117
6632,973,2524.9734,4299.879,213668.78125,3356030.25,819.46814,1026.76,1109.424,1912.5956,0.27362105,1833.0072,-0.012235691
6633,1354,2527.6594,5114.1206,221811.203125,3356003.5,352.2814,480.16507,485.42023,1750.1858,0.56745744,1849.669,0.032432627
6634,1322,2523.053,5326.4985,223934.984375,3356049.5,313.76703,449.5677,397.33206,1902.1714,0.65981746,1854.0123,0.00804784
6635,1219,2529.58,2856.283,199232.828125,3355984.25,160.36751,342.2141,234.13947,2237.3716,0.8104429,1803.4761,-0.10535757
6636,1106,2527.3308,3335.301,204023.015625,3356006.75,598.66046,878.8847,910.8707,2463.7644,0.4614962,1813.2742,-0.14599602
6637,1402,2528.3823,4101.87,211688.703125,3355996.25,943.80884,1130.1904,1248.4954,1925.2047,0.2179515,1828.9578,-0.016914396
6638,1145,2524.8008,4469.6055,215366.0625,3356032.0,763.56067,950.62665,1055.0803,1817.224,0.2757561,1836.4797,0.014372349
6639,1112,2527.5737,2321.8328,193888.328125,3356004.25,206.59802,363.29138,285.48563,2011.0251,0.75012743,1792.5424,-0.04784987
6640,1339,2529.9358,2509.9543,195769.546875,3355980.75,185.85661,341.76175,272.18893,2029.5945,0.7624335,1796.3918,-0.05159979
6641,975,2528.1785,4353.5034,214205.03125,3355998.25,706.4949,897.2195,933.98,1947.9374,0.34718907,1834.1061,-0.015296148
6642,1196,2525.7283,4647.5317,217145.3125,3356022.75,808.069,962.2801,1054.809,1669.3114,0.23186082,1840.1207,0.05622297
6643,1302,2530.5554,2709.0923,197760.921875,3355974.5,352.55762,587.2788,531.77496,2214.272,0.6706388,1800.4657,-0.09666044
6644,1071,2528.9514,3040.2102,201072.09375,3355990.5,377.73438,522.8875,446.92297,2087.8875,0.65728194,1807.2383,-0.06458156
6645,1049,2528.8389,5725.7437,227927.4375,3355991.5,604.5367,811.4061,897.9681,1889.1674,0.37160203,1862.185,-0.0016383596
6646,1150,2529.874,3176.4678,202434.671875,3355981.25,529.57086,717.2983,685.18304,2086.1487,0.52407646,1810.0262,-0.060144946
6647,1176,2528.8264,5512.907,225799.0625,3355991.75,254.34013,400.64795,329.94897,2116.9116,0.7326624,1857.8297,-0.05163411
6648,1245,2530.8499,5573.6724,226406.71875,3355971.5,305.96545,482.44498,564.8185,1945.1847,0.565527,1859.0742,-0.012094156
6649,1103,2531.1978,3073.564,201405.640625,3355968.0,521.5993,733.5798,754.0422,2269.024,0.50849175,1807.9219,-0.10636662
6650,1092,2531.5989,3141.4404,202084.40625,3355964.0,554.88873,760.8461,778.2958,2137.309,0.4817543,1809.3107,-0.071167976
6651,1127,2531.062,3300.496,203674.96875,3355969.5,378.8647,544.929,428.03683,2193.8872,0.6798926,1812.5642,-0.08933751
6652,1177,2532.3645,3486.3423,205533.421875,3355956.25,720.5607,967.839,1058.6908,2172.4685,0.3448111,1816.367,-0.08063193
6653,962,2531.7869,3007.7993,200748.0,3355962.25,290.36124,431.5156,293.00363,2137.6877,0.75837076,1806.5769,-0.08240674
6654,1257,2533.113,3992.198,210591.984375,3355948.75,870.44354,1092.8894,1206.3496,2024.2872,0.2553836,1826.7166,-0.043080065
6655,1076,2529.8096,4437.9844,215049.84375,3355982.0,782.75,955.3058,1051.2518,1720.4401,0.23708817,1835.8354,0.04116725
6656,1373,2533.3088,5476.316,225433.15625,3355947.0,216.31282,337.9971,279.63184,1901.5553,0.7434981,1857.0833,-0.0024070977
6657,907,2529.3738,2136.819,192038.1875,3355986.25,269.32745,456.81808,478.02756,1933.2018,0.629907,1788.7589,-0.011491115
6658,1364,2534.9436,4754.8433,218218.4375,3355930.5,586.28925,760.9773,798.4578,1792.959,0.40291393,1842.3214,0.025976153
6659,1239,2533.3147,4800.394,218673.9375,3355946.75,754.21954,958.26514,1072.272,1886.9335,0.29382148,1843.2526,-0.00019898941
6660,1152,2536.8489,2561.966,196289.65625,3355911.5,201.66493,362.7795,281.4401,2123.139,0.76553136,1797.4597,-0.07805083
6661,1296,2535.2932,4141.371,212083.71875,3355927.0,746.05365,931.16205,1002.83295,1831.375,0.30235204,1829.7697,0.010647564
6662,985,2532.81,2262.7705,193297.703125,3355952.0,200.86295,377.09747,306.7878,2049.4731,0.7377512,1791.3373,-0.03957932
6663,1388,2536.299,3529.6196,205966.1875,3355917.0,714.5072,992.9172,1089.8386,2229.8105,0.35245156,1817.2545,-0.09602229
6664,1109,2538.0676,4384.6987,214516.984375,3355899.25,602.99866,865.37103,779.881,2587.8381,0.5255538,1834.7496,-0.15563248
6665,1206,2535.1824,4580.461,216474.609375,3355928.25,896.5585,1047.8732,1167.7695,1586.7675,0.15505926,1838.7534,0.08083431
6666,1225,2539.6743,3109.3984,201763.984375,3355883.25,464.15182,645.4212,623.98083,2103.7295,0.5464047,1808.6597,-0.06886589
6667,1180,2535.845,3914.3135,209813.125,3355921.5,712.1852,958.70044,1032.6068,2254.2063,0.36554012,1825.1245,-0.09460917
6668,1115,2540.4438,5754.3354,228213.359375,3355875.5,531.1251,738.91345,803.8982,1953.4305,0.42212862,1862.776,-0.017198611
6669,1147,2537.4211,3260.196,203271.96875,3355905.75,375.67438,532.23975,434.6395,2029.2245,0.6549373,1811.7433,-0.053293135
6670,1150,2540.627,4179.625,212466.25,3355873.75,809.71826,984.34174,1072.2695,1724.4004,0.2433961,1830.5552,0.035865325
6671,1477,2541.05,5042.0566,221090.5625,3355869.5,663.38794,870.19196,867.2153,2228.2805,0.4306409,1848.2014,-0.07709056
6672,1397,2543.5476,5388.263,224552.625,3355844.5,294.8128,435.67,417.2627,1915.8633,0.6472394,1855.2867,-0.0032506322
6673,1010,2540.8198,3367.4307,204344.3125,3355871.75,684.2703,919.6975,944.4817,2243.3628,0.40319818,1813.939,-0.09478375
6674,1459,2544.8396,4031.0288,210980.28125,3355831.5,738.7721,949.61786,1032.5438,1994.7611,0.3226025,1827.5173,-0.037396967
6675,879,2540.6826,2202.4482,192694.484375,3355873.25,219.36177,401.4505,361.78952,2029.0295,0.7018751,1790.1079,-0.013246391
6676,1548,2547.936,5170.69,222376.90625,3355800.75,428.79523,569.1631,609.063,1608.5665,0.45660275,1850.837,0.07533448
6677,1477,2546.7358,2467.411,195344.109375,3355812.75,405.2952,617.77655,618.46515,2031.887,0.5750583,1795.5311,-0.0527053
6678,995,2542.7236,4325.2393,213922.390625,3355852.75,794.90753,997.1593,1041.591,1954.81,0.3095296,1833.5356,-0.023857635
6679,1072,2543.7424,2165.0178,192320.171875,3355842.5,250.32463,446.50095,444.5625,2049.5876,0.65659827,1789.344,-0.026058866
6680,1088,2542.7766,4616.5635,216835.625,3355852.25,946.76196,1101.5643,1225.0635,1582.5133,0.12819582,1839.4962,0.08184202
6681,1269,2544.0315,4679.8794,217468.796875,3355839.75,935.03705,1100.844,1228.3582,1617.0808,0.13969168,1840.7924,0.069855556
6682,1167,2546.73,5675.144,227421.4375,3355812.75,322.7986,545.3749,507.46957,2318.8904,0.63633513,1861.1587,-0.08761973
6683,1445,2549.4478,4072.126,211391.25,3355785.5,894.2969,1098.347,1195.5183,1850.8723,0.22178741,1828.3606,0.005113008
6684,1093,2544.9653,4221.2505,212882.5,3355830.25,827.64136,999.6423,1102.6414,1762.1495,0.23185493,1831.4092,0.027908927
6685,1388,2543.3616,5246.5366,223135.375,3355846.5,448.71362,590.94415,595.60846,1912.3073,0.5116512,1852.3866,0.0041897614
6686,1428,2546.6323,5433.4463,225004.46875,3355813.75,263.84488,392.91037,334.4079,2025.7178,0.7136786,1856.2129,-0.031739544
6687,1224,2547.4363,5541.6445,226086.4375,3355805.75,204.54903,342.4183,307.86316,1807.4587,0.71248794,1858.4274,0.026102183
6688,1315,2547.7559,2383.6318,194506.3125,3355802.5,212.30495,393.4791,338.37567,1960.041,0.71661955,1793.818,-0.03406288
6689,1353,2545.3777,5080.0405,221470.40625,3355826.25,719.4313,970.04987,1149.1652,2358.4167,0.3527196,1848.9808,-0.111367986
6690,1205,2550.048,3824.3801,208913.796875,3355779.5,648.94147,975.9502,1030.8601,2392.191,0.40093324,1823.2924,-0.12731935
6691,1094,2548.108,3858.2102,209252.09375,3355799.0,603.1271,912.3542,907.8277,2344.13,0.43513733,1823.9834,-0.11607026
6692,1194,2548.8752,3960.9421,210279.421875,3355791.25,704.5075,937.23364,1031.9924,2178.131,0.35519394,1826.0856,-0.07753803
6693,1256,2547.1648,4835.828,219028.28125,3355808.25,773.6788,957.3038,1046.4028,1886.8125,0.30093518,1843.9849,-0.006092284
6694,1051,2543.7422,5788.65,228556.5,3355842.5,577.09564,791.54047,846.3744,1962.8154,0.40318978,1863.4799,-0.016074242
6695,1291,2550.0503,2427.5693,194945.6875,3355779.5,234.20062,416.63596,355.01007,2015.2758,0.7112064,1794.7181,-0.045508586
6696,1106,2550.4006,2768.4304,198354.3125,3355776.0,258.35986,460.64648,382.57144,2200.1455,0.7350321,1801.6908,-0.09299938
6697,1107,2546.1372,2950.095,200170.953125,3355818.75,586.4684,816.1093,786.54877,2324.286,0.5734707,1805.4045,-0.11775851
6698,1501,2548.6409,3686.918,207539.1875,3355793.5,641.6522,917.029,1018.75684,2343.999,0.40083227,1820.4794,-0.12154525
6699,1191,2550.147,3784.7087,208517.09375,3355778.5,674.37445,953.1927,1121.5441,2247.549,0.34647003,1822.4808,-0.09944624
6700,1373,2547.6213,4874.8784,219418.78125,3355803.75,656.0674,833.2331,885.2957,1813.0826,0.3444709,1844.784,0.021826828
6701,1149,2548.8242,5641.028,227080.28125,3355791.75,400.95865,618.11224,637.73975,2394.0752,0.58350945,1860.4617,-0.10730766
6702,1212,2549.7056,2593.6082,196606.078125,3355783.0,197.38078,362.92285,283.3622,2174.3767,0.7694012,1798.1143,-0.09239722
6703,1073,2547.2964,3451.299,205183.0,3355807.0,686.5946,937.4278,986.48694,2278.242,0.38756976,1815.6583,-0.0998825
6704,1439,2549.1882,3566.8284,206338.28125,3355788.0,611.13654,840.9218,882.19806,2116.9004,0.42048207,1818.0228,-0.06458989
6705,939,2547.1438,2231.9126,192989.125,3355808.5,218.12247,397.04684,335.9425,2137.0522,0.727608,1790.7144,-0.050122067
6706,1348,2551.6084,3731.2026,207982.03125,3355764.0,574.5657,869.8761,845.2522,2531.8513,0.4973475,1821.387,-0.15572329
6707,1104,2553.1577,4416.5156,214835.15625,3355748.5,589.00726,838.582,804.596,2315.5825,0.47148037,1835.4087,-0.09949575
6708,1264,2552.9177,5307.8237,223748.234375,3355750.75,436.84772,600.37616,535.2591,2319.9043,0.6246078,1853.6456,-0.097593635
6709,1243,2556.2856,2535.2285,196022.28125,3355717.25,184.11665,329.71762,260.54626,1934.7908,0.76187193,1796.9238,-0.02793819
6710,1282,2551.3752,5001.553,220685.53125,3355766.25,534.08813,696.52576,687.14624,1881.7308,0.48195273,1847.378,-0.00052079896
6711,1018,2552.8477,4253.0503,213200.5,3355751.5,849.70825,1032.7515,1130.8281,1815.1626,0.23388074,1832.0641,0.01848576
6712,1303,2554.951,4524.152,215911.515625,3355730.5,841.48157,1005.8074,1083.2548,1763.8853,0.24531986,1837.6119,0.02800407
6713,1029,2550.206,2293.0107,193600.109375,3355778.0,231.60835,402.24686,360.22934,1920.6074,0.68842465,1791.9658,-0.011414605
6714,1450,2552.5332,3606.5056,206735.0625,3355754.75,485.79138,690.2979,649.6766,2203.9062,0.5588801,1818.8364,-0.08546257
6715,1290,2555.0876,4915.1396,219821.40625,3355729.0,466.5996,631.8225,603.22943,2005.8264,0.5479597,1845.6118,-0.027469655
6716,1324,2553.315,5209.671,222766.71875,3355746.75,873.9075,1071.4573,1223.1477,1887.7704,0.24565257,1851.6375,-0.003522614
6717,1050,2553.3467,2347.7485,194147.484375,3355746.5,178.48952,348.97427,288.25143,2005.2638,0.75136304,1793.0873,-0.045463372
6718,1141,2555.9282,2656.468,197234.6875,3355720.75,170.99562,351.7121,259.51883,2147.539,0.7869166,1799.4036,-0.08468597
6719,1183,2556.3093,2804.3042,198713.046875,3355717.0,186.57735,366.4869,249.11919,2207.5225,0.7969025,1802.428,-0.0983558
6720,1045,2554.1501,3418.8354,204858.359375,3355738.5,754.4225,1005.0426,1057.022,2281.6719,0.3555828,1814.9979,-0.09966532
6721,1248,2556.673,4486.0576,215530.578125,3355713.25,923.2384,1094.8093,1191.4227,1723.1174,0.18682879,1836.8334,0.03711031
6722,1490,2559.1926,5346.7476,224137.46875,3355688.0,311.51276,440.31476,387.45706,1882.5194,0.661655,1854.4453,0.0075018695
6723,1149,2555.6885,5602.666,226696.65625,3355723.0,255.60532,420.18494,459.83463,1927.2759,0.6231181,1859.6802,-0.013796105
6724,1072,2555.9617,5707.958,227749.578125,3355720.5,402.81018,628.9636,622.82465,2062.3354,0.5329301,1861.835,-0.03780227
6725,1114,2555.8357,2911.493,199784.9375,3355721.75,218.13824,431.44525,329.114,2149.364,0.7397993,1804.6204,-0.08195354
6726,1136,2557.0203,3223.4946,202904.9375,3355709.75,640.14307,873.79663,970.88116,2323.0005,0.4160821,1811.0034,-0.1185054
6727,1077,2555.6853,4286.894,213538.9375,3355723.25,865.3584,1060.3473,1119.4099,1869.4814,0.24953285,1832.758,-0.00073381176
6728,1199,2554.3052,4715.2812,217822.8125,3355737.0,881.2548,1075.9108,1202.8545,1836.4888,0.21035877,1841.5221,0.0077857054
6729,1426,2559.9622,5130.599,221976.0,3355680.5,309.3047,439.8913,439.8801,1664.8356,0.5775783,1850.023,0.057797693
6730,1284,2561.4868,4559.745,216267.453125,3355665.25,867.59265,1026.5546,1115.2114,1683.1954,0.20916528,1838.3436,0.051795885
6731,1345,2558.7302,4957.051,220240.5,3355692.75,533.07623,691.73456,702.34424,1805.7272,0.44687736,1846.4713,0.023867115
6732,1278,2560.87,2691.6104,197586.109375,3355671.25,410.57355,652.59546,635.9828,2185.1924,0.61738336,1800.1252,-0.08829518
6733,1160,2559.3518,3187.7922,202547.921875,3355686.5,492.5043,698.2534,683.86163,2257.0913,0.5503418,1810.2744,-0.101990186
6734,1083,2559.629,2624.4912,196914.90625,3355683.75,167.2784,341.95154,251.74515,2222.6638,0.79642636,1798.7516,-0.10367055
6735,1284,2561.3894,2735.6091,198026.09375,3355666.0,200.44704,392.07086,333.94626,2128.8403,0.7381915,1801.0256,-0.08199484
6736,1225,2562.2522,2876.6897,199436.890625,3355657.5,167.30695,351.36246,251.03592,2135.5771,0.78914684,1803.912,-0.0811574
6737,1169,2559.165,2980.9146,200479.140625,3355688.25,325.6497,471.06116,323.22156,2247.1838,0.7477419,1806.0422,-0.10601186
6738,1141,2561.2402,3500.2927,205672.921875,3355667.5,820.3085,1061.5819,1199.5771,2156.3147,0.2865366,1816.6683,-0.07913555
6739,1307,2562.805,4786.49,218534.90625,3355652.0,751.1591,933.8271,1014.8278,1814.3458,0.28799435,1842.9836,0.013397557
6740,1029,2560.1702,3019.6492,200866.5,3355678.25,343.25995,489.26093,351.5452,2211.5151,0.7245898,1806.8352,-0.0930747
6741,995,2562.7378,3281.9868,203489.875,3355652.5,332.9603,463.50552,322.6221,2118.423,0.7351062,1812.2032,-0.0758812
6742,1076,2562.7751,3053.5957,201205.953125,3355652.25,353.18216,486.4605,346.2212,2237.0515,0.7297137,1807.5311,-0.10007723
6743,936,2561.7158,3312.515,203795.15625,3355662.75,303.45834,447.33386,319.45352,2102.1372,0.7353095,1812.8271,-0.07187469
6744,920,2560.6033,3341.1196,204081.1875,3355674.0,541.30927,797.1527,758.77826,2507.504,0.532449,1813.4117,-0.14805174
6745,1169,2563.5261,4450.68,215176.796875,3355644.75,694.30536,883.37555,926.71686,1942.3427,0.3453665,1836.1133,-0.0113211805
6746,1396,2567.6533,5273.1084,223401.09375,3355603.5,351.5233,505.64398,443.3621,2167.395,0.65837187,1852.9429,-0.06281406
6747,1204,2565.804,3925.995,209929.953125,3355622.0,679.1894,955.4286,1100.3024,2413.0457,0.38003105,1825.3799,-0.13364531
6748,1105,2561.675,4357.266,214242.65625,3355663.25,670.748,911.71356,909.9878,2354.2583,0.43626985,1834.201,-0.11184084
6749,1239,2563.8096,5505.037,225720.375,3355642.0,244.249,379.25867,326.86118,1838.6416,0.70270854,1857.6866,0.023519386
6750,999,2563.6667,3085.7336,201527.34375,3355643.25,435.74774,617.5335,518.7227,2344.1907,0.6411676,1808.189,-0.120848715
6751,1248,2563.5913,3148.3325,202153.328125,3355644.0,380.3121,549.3125,451.8093,2231.851,0.68913424,1809.4695,-0.09762351
6752,945,2565.036,3392.8994,204599.0,3355629.75,743.1672,1020.2788,1095.8328,2357.175,0.3575365,1814.4734,-0.11944466
6753,1503,2567.2095,4114.9507,211819.5,3355608.0,893.74915,1092.5114,1209.7133,1834.699,0.20758475,1829.2463,0.008273351
6754,1281,2564.9336,4642.9404,217099.40625,3355630.75,859.9493,1023.3903,1133.2021,1655.7775,0.18642534,1840.0476,0.06070177
6755,1254,2567.5813,2500.5215,195675.21875,3355604.25,206.85486,367.4035,304.63956,1920.7097,0.7393083,1796.2203,-0.026524592
6756,1348,2568.1128,2841.7937,199087.9375,3355598.75,172.88501,346.3761,254.70401,2179.3516,0.79047954,1803.2014,-0.092630714
6757,1309,2568.1697,3887.1787,209541.78125,3355598.25,713.5294,997.52484,1083.0466,2289.6067,0.35408613,1824.587,-0.10339784
6758,789,2564.6604,2188.5715,192555.71875,3355633.5,250.50697,432.87704,441.4512,1931.8326,0.64220446,1789.8379,-0.0017836001
6759,1180,2566.9568,4157.2705,212242.703125,3355610.5,940.9551,1133.6877,1255.597,1810.0627,0.18526788,1830.112,0.011880416
6760,1009,2565.0217,2259.6462,193266.46875,3355629.75,202.29138,363.70367,302.95044,1978.5024,0.73110783,1791.2919,-0.017237537
6761,1036,2568.0173,2320.9382,193879.375,3355599.75,211.5444,394.7056,340.8687,2109.0898,0.72450197,1792.5472,-0.05561161
6762,1599,2569.9824,3645.6785,207126.78125,3355580.25,670.55725,917.3524,1005.88776,2262.8376,0.39895457,1819.6473,-0.10239958
6763,1243,2569.7441,4746.4956,218134.953125,3355582.5,657.68304,834.13995,888.45374,1766.1786,0.35086322,1842.169,0.029576326
6764,1314,2570.242,5468.675,225356.75,3355577.5,263.7283,401.81848,382.0898,1804.7725,0.65576786,1856.9459,0.021962821
6765,1305,2574.5518,3764.2483,208312.484375,3355534.5,743.4398,1015.4705,1133.6104,2223.0054,0.3329161,1822.0756,-0.094775714
6766,1137,2571.2603,4196.832,212638.3125,3355567.5,883.3078,1079.1877,1193.672,1867.8466,0.2234257,1830.9238,-0.003613669
6767,1250,2570.8672,4598.752,216657.515625,3355571.25,796.2556,949.3116,1040.7936,1604.0508,0.21906906,1839.1467,0.0758953
6768,1161,2571.8303,5408.7285,224757.28125,3355561.75,332.10638,462.22824,490.5715,1790.546,0.58575636,1855.7201,0.022652363
6769,1183,2569.1785,5570.875,226378.75,3355588.25,179.5875,325.23163,289.12216,1783.4619,0.7275299,1859.0366,0.031842116
6770,939,2569.8274,3250.8499,203178.5,3355581.75,715.0745,947.7402,1025.9558,2193.1682,0.3681508,1811.5702,-0.09089829
6771,1398,2570.04,3996.99,210639.90625,3355579.5,864.4635,1088.0211,1172.7997,2115.872,0.2882964,1826.8346,-0.06490745
6772,1083,2573.301,5733.8125,228008.125,3355547.0,449.82642,752.3264,698.50555,2413.2678,0.5446605,1862.3728,-0.10787886
6773,1048,2573.8186,3466.0276,205330.28125,3355541.75,809.45325,1043.9456,1145.2333,2190.502,0.30998328,1815.9742,-0.084684715
6774,1324,2577.1118,5097.015,221640.15625,3355509.0,713.17633,889.3701,990.79266,1958.566,0.37133864,1849.3447,-0.0070095393
6775,958,2571.4238,4316.735,213837.34375,3355565.75,786.5783,984.42694,1011.62476,1962.5527,0.32122788,1833.377,-0.026331067
6776,1092,2574.1685,4393.9517,214609.515625,3355538.25,588.22437,824.83746,737.3956,2449.0962,0.53549504,1834.9583,-0.1363653
6777,983,2574.12,5764.398,228313.984375,3355538.75,426.56104,697.7304,624.6251,2635.7405,0.60521317,1862.9991,-0.14394188
6778,1356,2576.5642,3533.3708,206003.703125,3355514.25,651.19507,887.7271,963.0656,2171.4138,0.38788766,1817.3534,-0.0788858
6779,1213,2577.7544,4822.7554,218897.5625,3355502.5,677.72797,869.4909,927.8755,1944.244,0.3689293,1843.7335,-0.020944789
6780,935,2575.4,2215.7048,192827.046875,3355526.0,223.10481,398.99252,372.98715,2016.4995,0.69248,1790.399,-0.031583626
6781,1332,2577.5337,2567.8896,196348.890625,3355504.75,193.87613,340.78455,277.5428,1937.2576,0.7479773,1797.604,-0.026363615
6782,1363,2578.3477,5055.5693,221225.6875,3355496.5,687.57227,889.4622,967.7509,2056.989,0.3669958,1848.4973,-0.047905784
6783,1342,2581.1826,2400.503,194675.03125,3355468.25,213.57526,384.20865,324.26675,1983.8949,0.720558,1794.1823,-0.03894946
6784,1122,2577.622,2939.2166,200062.171875,3355503.75,630.7963,890.92114,891.4109,2336.366,0.52680504,1805.1997,-0.119385086
6785,1390,2580.0115,4045.4468,211124.46875,3355480.0,875.21765,1078.4486,1196.9359,1848.0122,0.21848321,1827.8313,0.0012818684
6786,811,2574.3872,5791.8667,228588.671875,3355536.25,390.55426,620.88226,562.29407,2696.7021,0.661429,1863.5613,-0.15675478
6787,1230,2579.9797,3113.8577,201808.578125,3355480.25,496.3939,698.10205,656.0663,2257.3582,0.5891628,1808.7734,-0.097713955
6788,813,2574.9397,3367.9495,204349.5,3355530.5,641.23553,888.8487,929.893,2170.1975,0.40034539,1813.9685,-0.079588175
6789,1289,2582.5283,5019.879,220868.78125,3355454.75,634.2882,821.0776,865.26685,1945.7738,0.3912786,1847.7693,-0.018805483
6790,1266,2580.3096,3809.5222,208765.21875,3355477.0,640.9645,941.55176,993.387,2377.6492,0.40902242,1823.0049,-0.12345447
6791,1017,2579.0461,4230.5557,212975.5625,3355489.5,948.03345,1096.652,1230.0383,1547.348,0.1142913,1831.6179,0.08995122
6792,1211,2579.2039,4673.778,217407.78125,3355488.0,895.322,1072.1115,1188.284,1666.1359,0.16687983,1840.6862,0.056694064
6793,1274,2581.507,4859.7827,219267.828125,3355465.0,647.10913,833.6644,890.98627,1887.9929,0.370703,1844.493,-0.004339426
6794,1181,2582.4336,4983.5874,220505.875,3355455.75,503.19177,704.4661,679.4915,2063.9412,0.5123335,1847.0266,-0.043326095
6795,1010,2580.4841,5626.4395,226934.390625,3355475.25,387.1,628.39056,613.9287,2615.8367,0.6143571,1860.1794,-0.14424193
6796,1294,2582.531,2438.9443,195059.4375,3355454.75,234.72025,411.65146,351.86862,1963.5812,0.6995459,1794.9694,-0.03643693
6797,1305,2583.9502,5373.7217,224407.21875,3355440.5,300.8613,422.4479,394.28583,1779.6942,0.6447587,1855.0101,0.029787397
6798,1503,2584.7246,5234.8823,223018.828125,3355432.75,646.2828,814.29474,910.35364,1773.0063,0.36571798,1852.1696,0.027701724
6799,1277,2583.877,2362.4456,194294.453125,3355441.25,224.9303,406.10806,369.4542,1963.4698,0.6918822,1793.4054,-0.024946166
6800,1427,2585.3286,5191.358,222583.578125,3355426.75,787.6016,969.4317,1072.2737,1965.1002,0.33145142,1851.2794,-0.016952831
6801,1074,2583.7803,5655.768,227227.6875,3355442.25,434.95856,705.932,637.99396,2844.0776,0.6324398,1860.7812,-0.19129255
6802,1064,2582.2114,5686.5527,227535.53125,3355458.0,360.37875,619.3022,557.4464,2420.5842,0.62134147,1861.4103,-0.10196585
6803,1388,2583.8948,3681.0828,207480.828125,3355441.0,635.4002,903.17865,986.84906,2340.0615,0.41187313,1820.3793,-0.12120145
6804,1300,2583.7554,3722.3484,207893.484375,3355442.5,643.4477,936.8827,989.1427,2344.9458,0.406452,1821.2234,-0.120703846
6805,1315,2583.0144,3852.0403,209190.40625,3355449.75,628.1981,919.04486,972.411,2378.9556,0.41522345,1823.8762,-0.123814456
6806,1135,2581.5032,3956.7524,210237.53125,3355465.0,608.2652,891.80176,850.6595,2604.9087,0.49751532,1826.0176,-0.16012804
6807,1319,2587.1624,4894.584,219615.84375,3355408.5,519.1285,714.434,719.5667,2067.6194,0.49015626,1845.2081,-0.048336532
6808,1038,2585.794,3435.4402,205024.40625,3355422.0,737.5819,991.17633,1080.9735,2271.503,0.3562788,1815.3552,-0.10580451
6809,1230,2584.7202,5535.303,226023.03125,3355432.75,327.7805,525.1919,426.87317,2613.311,0.7159596,1858.3168,-0.14360394
6810,1032,2583.1094,2289.1628,193561.625,3355449.0,216.38857,395.19574,342.71512,2087.6377,0.7204165,1791.906,-0.051731326
6811,1241,2583.6946,2772.6133,198396.125,3355443.0,273.43674,486.1112,406.69864,2275.3972,0.7297005,1801.7952,-0.112262264
6812,1413,2588.7175,4081.8088,211488.09375,3355392.75,817.62524,1016.1472,1084.8984,1900.0538,0.26367402,1828.58,-0.0029474809
6813,1235,2588.1724,4930.6323,219976.328125,3355398.25,448.28015,599.6364,565.4688,1814.749,0.5443608,1845.9462,0.01719051
6814,1423,2589.4526,5151.9683,222189.6875,3355385.5,379.1676,514.33417,530.11487,1556.5305,0.50209767,1850.4756,0.090244025
6815,1200,2587.3984,2473.8574,195408.578125,3355406.0,257.51,445.90417,386.48334,2005.135,0.69689786,1795.6863,-0.046871077
6816,1168,2588.1345,2718.7876,197857.875,3355398.75,166.93579,348.45547,251.53339,2166.3596,0.7918595,1800.6967,-0.091245696
6817,1021,2587.0745,3000.8208,200678.203125,3355409.25,298.3335,442.97455,315.97208,2136.6213,0.7411242,1806.4651,-0.079155035
6818,981,2585.7258,4261.613,213286.125,3355422.75,861.57336,1070.4944,1126.6132,2033.13,0.28382373,1832.257,-0.039709054
6819,1283,2588.8223,4507.1963,215741.96875,3355391.75,874.8784,1047.781,1138.076,1750.3173,0.21690774,1837.2831,0.031233253
6820,1245,2588.9856,5440.6997,225077.0,3355390.25,446.3747,618.9651,612.5727,2250.0168,0.5688535,1856.3832,-0.07280015
6821,855,2588.407,2240.3333,193073.328125,3355396.0,200.3427,363.9193,315.89706,2008.7473,0.73244214,1790.9103,-0.029949967
6822,1206,2588.0059,2607.034,196740.34375,3355400.0,184.4689,344.20853,270.2106,2048.9502,0.7660826,1798.4106,-0.054491293
6823,1395,2587.5398,3568.2173,206352.171875,3355404.5,633.08136,916.3018,1036.4978,2326.12,0.40752482,1818.0724,-0.11308232
6824,1277,2588.527,4707.685,217746.84375,3355394.75,814.3927,1049.1699,1134.0697,2066.0,0.28624988,1841.3848,-0.045623228
6825,1115,2588.1758,2811.485,198784.84375,3355398.25,184.66547,361.69687,249.22063,2135.4646,0.7907555,1802.5928,-0.08319919
6826,1094,2590.7788,3203.0037,202700.03125,3355372.25,410.41043,605.7057,530.612,2447.8333,0.6576846,1810.603,-0.13818477
6827,882,2589.5068,4339.168,214061.6875,3355385.0,834.2976,1039.2172,1105.0765,1955.4927,0.27651718,1833.8457,-0.02357911
6828,1183,2589.6282,2647.9358,197149.359375,3355383.75,251.10947,442.6416,384.81064,2133.4143,0.7193094,1799.2482,-0.08002155
6829,1171,2590.0947,2903.6687,199706.6875,3355379.0,191.38855,398.7498,284.46628,2156.9265,0.7680836,1804.4795,-0.08470085
6830,1065,2591.6685,3169.8545,202368.546875,3355363.25,299.84976,444.05634,311.12863,2194.056,0.75099075,1809.9254,-0.09091538
6831,1375,2588.8438,3605.5237,206725.234375,3355391.5,539.25165,794.5295,794.4705,2387.564,0.5130165,1818.8363,-0.12887886
6832,1313,2587.9163,5308.4517,223754.515625,3355400.75,407.6409,578.1398,566.53314,2268.796,0.6035079,1853.6766,-0.09298246
6833,1091,2591.2585,3035.9084,201029.078125,3355367.5,325.1201,462.66544,343.8153,2064.3904,0.71362233,1807.1852,-0.062888145
6834,1253,2592.8389,4430.857,214978.5625,3355351.5,696.43256,932.2981,954.3536,2224.1077,0.40686005,1835.7233,-0.08562977
6835,1236,2593.0696,4471.213,215382.125,3355349.25,761.3475,940.0688,1004.002,1885.4531,0.31392434,1836.5491,-0.007075678
6836,1284,2593.665,4544.8926,216118.921875,3355343.25,858.669,1028.3606,1123.6195,1787.5176,0.23358847,1838.0569,0.0196254
6837,1139,2594.2678,2968.036,200350.359375,3355337.25,320.51843,457.98816,312.86523,2228.9346,0.7519739,1805.7986,-0.10023672
6838,924,2590.278,4289.227,213562.265625,3355377.25,838.0871,1051.9432,1094.1055,2102.0347,0.31504923,1832.8243,-0.058934122
6839,1309,2593.9504,2527.2544,195942.546875,3355340.5,193.03362,346.68066,282.33307,1942.7693,0.7460166,1796.7822,-0.030623792
6840,857,2592.2427,3324.6418,203916.421875,3355357.5,580.6762,814.54083,853.29,2127.8618,0.43905553,1813.0922,-0.075811476
6841,1160,2596.2837,4770.8965,218378.96875,3355317.25,896.8263,1086.5574,1184.6534,1901.3875,0.239785,1842.6823,-0.011390902
6842,1207,2595.7117,2681.777,197487.765625,3355323.0,334.87695,565.843,537.43787,2267.5308,0.66983926,1799.9438,-0.10504916
6843,925,2593.7395,3295.2195,203622.1875,3355342.5,460.49622,667.90594,642.0908,2043.5503,0.5372535,1812.4911,-0.056222558
6844,961,2594.3445,3408.3518,204753.515625,3355336.5,701.7185,975.08014,1055.2456,2256.5833,0.36069614,1814.8058,-0.103021845
6845,1068,2593.2817,3492.0225,205590.21875,3355347.25,785.76733,1033.5079,1177.6783,2194.9358,0.303834,1816.5168,-0.090244256
6846,959,2594.6475,4368.856,214358.5625,3355333.5,772.0704,1016.8733,1069.222,2266.1929,0.36023587,1834.4558,-0.096555
6847,1239,2597.5828,3906.682,209736.8125,3355304.25,617.92896,890.3051,956.80304,2366.343,0.42957848,1825.002,-0.12379606
6848,1256,2600.4316,4015.2659,210822.65625,3355275.75,895.4741,1101.0947,1201.9097,1948.9426,0.24000973,1827.225,-0.02518478
6849,1126,2596.3347,4145.261,212122.609375,3355316.75,828.51733,1029.9515,1101.8658,1982.1705,0.2860321,1829.8822,-0.02700938
6850,1462,2598.671,4625.814,216928.140625,3355293.25,792.88477,948.0684,1042.0721,1597.6957,0.21613842,1839.7151,0.07870802
6851,1126,2595.5374,5599.8667,226668.671875,3355324.75,300.74866,515.00665,445.64343,2607.3513,0.70837355,1859.6433,-0.14764164
6852,1203,2595.1504,3076.084,201430.84375,3355328.5,363.53574,518.1571,420.67957,2132.4917,0.6876662,1808.0093,-0.07688754
6853,1036,2597.4912,3232.2974,202992.96875,3355305.0,619.4764,862.0695,948.8687,2402.9634,0.45103374,1811.206,-0.1356038
6854,760,2595.4065,3350.2065,204172.0625,3355326.0,501.19144,699.58685,695.11316,2109.0505,0.5189049,1813.617,-0.059842598
6855,1329,2600.6094,4581.286,216482.859375,3355274.0,918.95337,1085.2393,1203.3243,1696.8334,0.17391387,1838.8052,0.04497258
6856,1287,2600.1406,2868.9316,199359.3125,3355278.5,171.91608,356.77002,246.63715,2150.4653,0.793773,1803.7747,-0.08527485
6857,947,2597.7297,3265.7234,203327.234375,3355302.75,553.08234,760.21173,742.52905,2171.6611,0.50168705,1811.89,-0.08534851
6858,1127,2599.7346,4180.7646,212477.65625,3355282.75,734.8048,933.98804,975.95966,1929.9823,0.32839906,1830.6104,-0.016845033
6859,1167,2601.2048,5711.863,227788.625,3355268.0,304.6418,566.73224,487.1067,2435.125,0.667559,1861.938,-0.11134865
6860,1335,2602.2256,5339.8975,224068.96875,3355257.75,335.72885,494.12808,508.0603,1948.3663,0.5911679,1854.3274,-0.019901924
6861,1274,2599.248,5497.5312,225645.3125,3355287.5,481.9321,709.18994,603.46155,2829.878,0.643774,1857.5513,-0.18245323
6862,1100,2601.791,3139.6428,202066.421875,3355262.0,280.75818,413.87137,282.2177,2120.0981,0.7638437,1809.3131,-0.076078996
6863,1174,2603.3713,4801.9473,218689.46875,3355246.25,699.5835,876.41565,929.27,1864.0188,0.35037252,1843.3213,-0.00020946191
6864,1197,2605.1755,4958.3105,220253.109375,3355228.25,537.0739,762.8237,771.802,2050.8918,0.45075497,1846.5214,-0.04181043
6865,1072,2598.3555,2323.3992,193904.0,3355296.5,204.33395,374.16324,325.59515,1995.4049,0.722479,1792.615,-0.03321095
6866,909,2603.7778,2264.3774,193313.78125,3355242.25,229.84819,388.79208,361.34653,1989.297,0.69532615,1791.4109,-0.014830332
6867,1275,2608.2385,2750.9192,198179.1875,3355197.5,186.04863,368.3961,318.44864,2150.4307,0.74572355,1801.3652,-0.08615772
6868,1413,2608.4968,5117.8003,221848.0,3355195.0,860.6879,1074.4359,1231.6274,2042.8864,0.2932717,1849.7864,-0.031120539
6869,1266,2607.9329,3791.7756,208587.75,3355200.75,738.14886,1107.1876,1290.914,2314.989,0.29431608,1822.657,-0.11104842
6870,1250,2607.8176,3977.9817,210449.8125,3355201.75,756.2492,997.7084,1078.87,2239.8037,0.35054907,1826.4662,-0.0942294
6871,1196,2606.1797,3752.9062,208199.0625,3355218.25,747.9933,1040.4478,1219.0519,2347.338,0.32358724,1821.8608,-0.12139014
6872,1126,2603.881,5567.0024,226340.03125,3355241.25,356.70514,584.1799,471.1776,2842.653,0.7147797,1858.9752,-0.18745606
6873,930,2605.9946,3378.5764,204455.765625,3355220.0,620.32526,846.3333,881.24194,2147.4775,0.42476907,1814.2031,-0.073461935
6874,1245,2608.0425,4739.924,218069.234375,3355199.5,785.8297,989.3406,1068.4209,1947.961,0.30359513,1842.0547,-0.020798527
6875,1320,2609.0886,5077.176,221441.75,3355189.0,978.2996,1202.4697,1322.3348,2375.6758,0.30935553,1848.9554,-0.10372712
6876,1147,2606.4934,5750.8735,228178.734375,3355215.0,369.80298,616.4721,573.77203,2771.0322,0.6543258,1862.7389,-0.178229
6877,1457,2610.7131,3633.3975,207003.96875,3355172.75,555.4537,804.8967,801.2663,2418.8293,0.5044039,1819.4185,-0.13444386
6878,1182,2610.8325,3939.1616,210061.625,3355171.75,674.931,954.21027,995.8515,2326.7424,0.39679053,1825.6737,-0.109306514
6879,1062,2606.9614,4217.353,212843.53125,3355210.5,934.54236,1114.5198,1262.4407,1724.59,0.15231402,1831.3628,0.038569756
6880,1343,2606.6694,5273.0356,223400.359375,3355213.25,344.7271,471.9624,434.2565,1821.478,0.6057994,1852.9617,0.02112621
6881,1204,2606.7659,5404.276,224712.75,3355212.25,349.7928,502.826,501.46844,1905.3044,0.5918664,1855.647,-0.003018764
6882,1315,2610.403,4116.0845,211830.84375,3355176.0,724.70264,950.32623,996.18933,2114.6638,0.3478047,1829.293,-0.055490296
6883,1105,2605.7502,5786.5464,228535.46875,3355222.5,313.4086,553.6258,456.5656,2661.971,0.7063667,1863.4684,-0.16244759
6884,1285,2612.5464,2836.6,199036.0,3355154.5,167.30505,341.22647,236.77199,2163.8677,0.8025894,1803.1202,-0.088319555
6885,1192,2611.094,3521.1174,205881.171875,3355169.0,659.4635,886.3746,1073.0897,2226.7017,0.3596063,1817.1218,-0.09576972
6886,1308,2612.4595,3834.026,209010.25,3355155.5,621.32336,922.9633,966.1074,2391.565,0.423851,1823.5237,-0.12783767
6887,915,2608.1694,4311.776,213787.75,3355198.25,929.7918,1129.3284,1204.0214,1959.7864,0.2400132,1833.2953,-0.025524892
6888,1045,2608.3665,4399.8564,214668.5625,3355196.25,886.02826,1155.9785,1313.7086,2153.8958,0.2526677,1835.0974,-0.07337813
6889,1114,2610.6562,2557.5017,196245.015625,3355173.5,200.60144,351.5772,296.60773,1854.4103,0.72478586,1797.4104,-0.0056455377
6890,1078,2610.4238,3457.6057,205246.0625,3355175.75,625.73376,852.49585,927.0153,2222.3274,0.43936807,1815.8223,-0.095358334
6891,1325,2615.215,2496.3555,195633.5625,3355127.75,219.29057,394.76376,343.96527,1886.1622,0.69946563,1796.1622,-0.014563399
6892,1199,2612.4812,3704.2078,207712.078125,3355155.25,702.0938,952.59424,1047.2239,2231.2256,0.35983115,1820.868,-0.09575691
6893,1473,2616.738,3875.797,209427.96875,3355112.5,706.8045,993.9026,1072.814,2330.514,0.37105414,1824.3806,-0.116651885
6894,1364,2612.1328,4666.757,217337.5625,3355158.75,898.4762,1100.4347,1226.1733,1853.1572,0.20395903,1840.5599,0.0031832887
6895,1274,2614.0322,4842.503,219095.03125,3355139.75,632.2335,816.8073,865.2579,1902.5153,0.39198443,1844.1566,-0.007818009
6896,1125,2615.1343,2591.8818,196588.8125,3355128.75,205.44267,352.3689,291.66577,1882.2151,0.73254806,1798.1161,-0.011783991
6897,1191,2613.1729,2933.126,200001.265625,3355148.25,482.14316,715.59863,683.35724,2235.9597,0.5869724,1805.0951,-0.09981728
6898,1239,2616.2107,5468.273,225352.734375,3355118.0,575.8087,807.6231,709.37775,3005.8398,0.6193702,1856.9613,-0.22117126
6899,1289,2617.3716,2416.591,194835.90625,3355106.25,214.12413,391.7471,338.78665,1961.6842,0.70657974,1794.532,-0.02560507
6900,1209,2615.9744,2794.402,198614.015625,3355120.25,398.29114,640.5997,622.6485,2233.8857,0.63441974,1802.259,-0.100182354
6901,1337,2615.9731,5034.3203,221013.203125,3355120.25,668.7169,850.6948,886.0475,2012.2861,0.39212692,1848.0823,-0.035839655
6902,1245,2618.926,2384.2224,194512.21875,3355090.75,226.01526,400.70923,357.88675,2004.5116,0.7030611,1793.8708,-0.036234275
6903,1064,2617.0244,2351.1072,194181.078125,3355109.75,198.46147,362.2669,314.69455,1995.061,0.72673637,1793.1924,-0.030532956
6904,1278,2618.0203,2454.3176,195213.171875,3355099.75,213.07903,395.2715,336.66196,1952.0743,0.70820785,1795.3041,-0.030169228
6905,1465,2622.8853,3667.851,207348.515625,3355051.25,659.22217,912.49524,1018.5959,2313.791,0.39775205,1820.13,-0.11574208
6906,1076,2616.752,4250.2173,213172.171875,3355112.5,751.70496,968.2742,1020.9475,1996.5419,0.32437435,1832.0404,-0.032282002
6907,1375,2618.8218,4995.573,220625.734375,3355091.75,508.30872,687.25525,677.58545,1992.9135,0.50547016,1847.291,-0.026326917
6908,1357,2620.2654,5208.21,222752.09375,3355077.25,822.8401,1015.0354,1128.5482,1849.0696,0.3012575,1851.6423,0.011304478
6909,1157,2615.7563,5669.293,227362.9375,3355122.5,351.88376,587.39545,587.3068,2493.2734,0.6189129,1861.0743,-0.13207975
6910,1199,2618.8333,2633.2627,197002.625,3355091.75,269.88742,456.91953,429.76773,2029.3695,0.69643354,1798.9646,-0.05287305
6911,1275,2618.7976,5632.9414,226999.40625,3355092.0,305.29648,504.07452,499.02234,2271.8342,0.64349943,1860.332,-0.08180142
6912,982,2617.5408,2290.4297,193574.296875,3355104.5,255.97148,423.63034,405.5377,2001.276,0.6683046,1791.9517,-0.014979803
6913,1285,2620.8716,3111.0312,201780.3125,3355071.25,416.93152,581.14124,492.36148,2214.4534,0.67360955,1808.7385,-0.09257714
6914,1285,2625.285,3551.673,206186.734375,3355027.25,566.4852,801.1389,875.80817,2147.9038,0.47497728,1817.7546,-0.06915066
6915,1394,2622.822,4876.665,219436.65625,3355051.75,670.8515,887.3569,984.9333,1987.1567,0.34988067,1844.8602,-0.030277768
6916,1341,2621.9731,5170.9614,222379.609375,3355060.25,422.9161,563.68085,611.434,1555.2837,0.44808584,1850.8811,0.0893372
6917,1469,2622.128,4043.6624,211106.625,3355058.75,838.34174,1034.7141,1130.5504,1844.8342,0.24445634,1827.8176,0.005312298
6918,1207,2620.1516,5531.0454,225980.453125,3355078.5,321.40887,511.26843,389.98178,2570.4612,0.7337104,1858.2478,-0.13859951
6919,1179,2620.459,2710.2427,197772.421875,3355075.5,168.49109,332.66837,264.43002,2150.7854,0.78126943,1800.5402,-0.085832365
6920,1195,2618.8962,3003.031,200700.3125,3355091.0,295.7678,445.8594,320.08453,2134.456,0.7386783,1806.5282,-0.07797515
6921,1342,2624.693,3584.2974,206512.96875,3355033.0,362.39157,529.7541,490.6349,2048.4907,0.60898346,1818.4218,-0.047112703
6922,1165,2622.6138,4524.769,215917.6875,3355053.75,889.1618,1058.464,1154.2983,1736.2322,0.2050855,1837.6605,0.03435159
6923,1231,2623.1934,5242.9316,223099.3125,3355048.0,400.12836,520.9602,563.0699,1542.6414,0.46896917,1852.3542,0.09307822
6924,1104,2620.606,3041.8225,201088.21875,3355074.0,313.37817,453.0666,339.54303,2069.4578,0.71749425,1807.3226,-0.064242154
6925,1471,2625.0815,4915.1963,219821.96875,3355029.25,447.39938,642.4361,656.09894,1916.5541,0.51711667,1845.6498,-0.010693192
6926,1096,2622.772,3181.0273,202480.28125,3355052.25,286.90738,419.63275,281.21942,2170.615,0.7697587,1810.1714,-0.08819318
6927,922,2621.3135,3313.1345,203801.34375,3355066.75,539.45935,767.026,824.94684,2198.0066,0.46093747,1812.8729,-0.09048683
6928,1135,2624.6396,4458.276,215252.75,3355033.5,786.81104,964.60394,1021.1793,1865.2837,0.29990005,1836.3013,0.0010127856
6929,1271,2624.2432,5370.6255,224376.25,3355037.5,402.42014,555.9756,575.42523,1850.2998,0.5357725,1854.9675,0.0080543365
6930,1075,2625.1284,4281.111,213481.109375,3355028.75,852.42883,1070.627,1139.3605,1992.08,0.2726912,1832.677,-0.03347939
6931,905,2620.5327,4341.1416,214081.40625,3355074.75,781.8282,1013.04254,1034.5133,2224.9,0.3527013,1833.9027,-0.07961851
6932,1253,2628.1533,4492.047,215590.46875,3354998.5,763.0024,947.9074,1021.2574,1866.1389,0.29540834,1836.994,0.00029869753
6933,1324,2624.9358,4705.485,217724.84375,3355030.75,815.15784,1027.2783,1123.1167,1968.7659,0.27720666,1841.359,-0.027531812
6934,1150,2625.3235,5434.881,225018.8125,3355026.75,601.26263,815.4387,725.8178,2915.4822,0.59817296,1856.2828,-0.20634963
6935,1218,2625.8005,2899.3867,199663.875,3355022.0,172.15189,363.65106,241.61494,2108.6824,0.79363394,1804.412,-0.07469779
6936,1323,2625.8215,4082.2856,211492.859375,3355021.75,831.2562,1003.816,1102.8065,1647.0424,0.2030656,1828.6097,0.064096555
6937,1343,2626.907,5303.1064,223701.0625,3355011.0,416.83508,591.08417,587.06665,2064.1162,0.5608866,1853.5874,-0.0471098
6938,1239,2629.2107,2669.644,197366.4375,3354988.0,249.92372,445.54077,389.48346,2140.0657,0.72196716,1799.7147,-0.07676554
6939,1044,2627.8945,3248.231,203152.3125,3355001.0,628.11017,838.3851,900.63745,2224.0269,0.44846523,1811.549,-0.09350151
6940,982,2627.0498,3281.554,203485.53125,3355009.5,532.9903,752.2643,749.0219,2233.7654,0.50314754,1812.2301,-0.10110187
6941,1038,2629.605,3431.505,204985.046875,3354984.0,612.7683,822.3839,861.3189,2222.4143,0.45620042,1815.2988,-0.091805816
6942,1124,2629.0632,3212.8274,202798.28125,3354989.25,344.79892,484.1419,350.25134,2094.8127,0.7105767,1810.8253,-0.065633826
6943,838,2624.488,3403.8748,204708.75,3355035.0,432.45407,602.74524,535.18915,2234.4207,0.62058413,1814.7308,-0.09503686
6944,1052,2625.826,3487.8118,205548.125,3355021.75,680.3793,892.6516,961.8574,2236.7097,0.40787232,1816.4486,-0.09905944
6945,924,2623.774,3349.064,204160.640625,3355042.25,624.77057,846.98755,914.9859,2172.8154,0.41751587,1813.6093,-0.08373038
6946,1256,2630.4602,4156.8916,212238.90625,3354975.5,630.43036,918.9419,883.6708,2718.8801,0.4924873,1830.1385,-0.17758319
6947,1373,2632.9512,4596.922,216639.21875,3354950.5,868.3172,1044.543,1152.6085,1708.6996,0.19628562,1839.1422,0.04600316
6948,1116,2627.898,2965.8638,200328.640625,3355001.0,306.5157,444.4937,312.1931,2176.7285,0.74834144,1805.773,-0.090510614
6949,1023,2625.917,3076.7263,201437.265625,3355020.75,310.7605,455.86755,342.86658,2062.8333,0.71875244,1808.0396,-0.059899215
6950,933,2626.7256,4370.869,214378.6875,3355012.75,914.75024,1186.3424,1348.866,2111.5735,0.22520396,1834.5142,-0.062424593
6951,1048,2630.0686,4426.19,214931.90625,3354979.25,946.3459,1146.5167,1251.6693,1914.2137,0.21020976,1835.6477,-0.013133529
6952,1180,2635.1738,3736.0535,208030.53125,3354928.25,612.9199,886.85254,954.5178,2449.0415,0.4387689,1821.5319,-0.14127405
6953,1021,2630.3008,4193.525,212605.25,3354977.0,812.6592,1016.19586,1079.7203,2020.3002,0.2891116,1830.888,-0.030307265
6954,1386,2635.2388,4558.1445,216251.4375,3354927.5,875.6335,1059.5292,1158.7247,1774.2792,0.2183204,1838.3501,0.02598101
6955,1097,2634.703,5694.832,227618.3125,3354933.0,224.42525,435.71057,363.76434,2306.614,0.7281105,1861.6066,-0.08873292
6956,1038,2632.3882,5726.82,227938.203125,3354956.0,251.20857,468.59875,368.8849,2598.159,0.7497575,1862.2599,-0.14925836
6957,939,2630.673,2316.4932,193834.9375,3354973.25,209.6262,366.63367,344.10968,1845.6198,0.691233,1792.4923,0.028039578
6958,1171,2630.736,5598.8086,226658.09375,3354972.75,349.02646,582.7587,491.9052,2757.1392,0.69355166,1859.6398,-0.16992712
6959,1341,2634.7456,4636.048,217030.46875,3354932.5,829.45154,997.1428,1109.8169,1623.7487,0.19254604,1839.9436,0.06896415
6960,1139,2634.188,4815.6523,218826.53125,3354938.0,730.3863,920.1194,996.3314,1872.6923,0.31850737,1843.6179,-0.0007540466
6961,1386,2638.7864,5139.5137,222065.140625,3354892.25,453.84705,608.4751,705.3117,1642.1313,0.4115938,1850.2465,0.06416374
6962,1287,2636.251,2532.617,195996.171875,3354917.5,204.26651,361.31546,318.12042,1761.8663,0.6973135,1796.916,0.018232256
6963,1229,2635.8455,3149.2864,202162.859375,3354921.5,304.49106,433.17004,300.24817,2185.0493,0.7568674,1809.5294,-0.09025244
6964,1345,2635.9614,3998.5005,210655.0,3354920.5,884.18066,1106.8468,1226.7572,2020.8837,0.24588375,1826.9012,-0.04194064
6965,1335,2636.7349,3913.6748,209806.75,3354912.75,633.8775,904.4011,918.84607,2392.1038,0.44569653,1825.1664,-0.12739968
6966,1474,2638.015,4776.2695,218432.6875,3354899.75,870.1598,1061.8328,1163.939,1901.7697,0.24919227,1842.8142,-0.009847809
6967,1016,2634.122,5794.0405,228610.40625,3354938.75,252.2943,461.57382,370.15158,2671.1812,0.7532455,1863.6362,-0.16315702
6968,1214,2638.7603,3772.1235,208391.234375,3354892.5,739.7232,1071.6025,1312.0621,2252.621,0.2743771,1822.2717,-0.10049514
6969,1236,2638.4133,5502.973,225699.734375,3354895.75,408.60678,608.3398,549.2577,2467.7942,0.6279134,1857.6827,-0.11113533
6970,1055,2635.6284,5563.1206,226301.203125,3354923.75,323.09573,547.95404,416.29242,2761.5417,0.7374302,1858.912,-0.1624334
6971,1272,2640.879,3811.4646,208784.640625,3354871.25,663.59,954.3298,1073.6411,2262.465,0.3665447,1823.0778,-0.10201405
6972,1318,2637.896,4953.3193,220203.1875,3354901.0,485.0482,718.32666,697.42944,2088.0027,0.49759918,1846.4364,-0.05029779
6973,1173,2640.0127,5061.8813,221288.8125,3354879.75,834.95825,1014.00214,1097.7126,1925.7135,0.27678314,1848.6587,-0.015258993
6974,1176,2641.6113,2776.796,198437.953125,3354864.0,213.67007,393.03827,330.46597,2156.358,0.7418121,1801.9135,-0.084603794
6975,1374,2640.9934,2864.6646,199316.640625,3354870.0,164.27438,342.131,230.9578,2133.7104,0.80438817,1803.7103,-0.08171129
6976,1135,2640.2327,2740.1973,198071.96875,3354877.75,174.02246,338.90616,276.0414,2080.5278,0.76745796,1801.1641,-0.06624233
6977,1327,2642.2224,3955.9072,210229.0625,3354857.75,837.7826,1084.286,1186.1228,2176.2705,0.28908634,1826.0333,-0.076769754
6978,1424,2645.6602,5097.535,221645.34375,3354823.5,685.3111,875.9898,943.54425,2067.4473,0.38190094,1849.3911,-0.050049417
6979,1265,2641.1526,5337.539,224045.390625,3354868.5,566.97473,759.15295,819.8933,2032.8969,0.44402546,1854.2993,-0.036180593
6980,1124,2640.975,5757.1074,228241.078125,3354870.25,280.95862,473.62857,376.9613,2593.1104,0.743695,1862.884,-0.14566486
6981,1090,2643.6873,2610.111,196771.109375,3354843.25,193.30734,345.9257,290.84863,1842.0331,0.7269703,1798.5052,-0.008918177
6982,1062,2642.3794,4225.151,212921.5,3354856.25,693.8936,939.678,984.9962,2390.752,0.39510632,1831.5414,-0.10673848
6983,1140,2643.4675,2569.6843,196366.84375,3354845.25,224.14824,378.54385,357.1184,1757.0597,0.67199236,1797.6782,0.017240804
6984,1399,2646.1294,2820.785,198877.84375,3354818.75,235.97069,426.56253,355.09363,2177.7505,0.7433737,1802.8157,-0.09044399
6985,899,2640.4148,3379.9177,204469.171875,3354875.75,300.55618,440.17685,317.099,2229.5945,0.7516291,1814.2496,-0.09962745
6986,917,2639.5637,4314.2617,213812.625,3354884.25,828.289,1031.8506,1101.2345,1967.7213,0.27933982,1833.3629,-0.025745206
6987,1389,2647.6436,3851.3025,209183.03125,3354803.5,695.608,988.3405,1071.896,2298.6587,0.3707738,1823.8964,-0.11022496
6988,1258,2643.852,4741.4834,218084.84375,3354841.5,833.5938,1030.0159,1125.6252,1895.6718,0.26093733,1842.1056,-0.008743437
6989,1187,2643.5913,5401.747,224687.46875,3354844.0,607.95874,814.84204,728.027,2780.3455,0.5778809,1855.6143,-0.17778242
6990,1276,2647.605,4123.2036,211902.03125,3354804.0,739.1979,974.5882,1090.6826,2043.469,0.30272457,1829.4586,-0.047172204
6991,974,2644.614,4398.432,214654.3125,3354833.75,904.6925,1113.6124,1213.9004,1944.3958,0.23114422,1835.0876,-0.020592753
6992,792,2645.389,3327.111,203941.109375,3354826.0,462.2298,668.2064,618.2759,2388.4495,0.59789777,1813.1721,-0.12867764
6993,1314,2649.609,4676.3745,217433.75,3354784.0,836.9334,1039.3688,1169.6506,1832.0544,0.22371636,1840.7765,0.008515451
6994,1119,2649.9285,3021.0464,200880.46875,3354780.75,293.19974,440.32797,311.0393,2067.6487,0.73709184,1806.9141,-0.06358259
6995,1118,2645.6028,3706.3765,207733.765625,3354824.0,552.21423,789.3055,831.8645,2219.0144,0.4615149,1820.9305,-0.09061866
6996,892,2648.0156,2341.0415,194080.40625,3354799.75,234.3464,404.12445,374.41592,1916.1367,0.68029374,1793.0043,0.0023904464
6997,1240,2650.5532,2431.104,194981.03125,3354774.5,214.27661,387.8508,331.5605,2010.0912,0.7173891,1794.8478,-0.040138654
6998,1236,2651.813,2465.7612,195327.609375,3354761.75,224.6424,401.31067,351.36084,1987.0,0.70155144,1795.5574,-0.03264073
6999,1086,2648.1804,3457.8452,205248.453125,3354798.25,491.6823,664.0014,636.3867,2263.3477,0.5843819,1815.848,-0.10313903
7000,1426,2652.2173,5267.1094,223341.09375,3354757.75,363.4793,484.48633,520.38043,1479.4899,0.4799111,1852.864,0.11416265
7001,1180,2650.6602,5655.0747,227220.75,3354773.5,349.61313,579.96906,557.3072,2487.484,0.63634616,1860.8013,-0.11304691
7002,1092,2651.1858,2697.0952,197640.953125,3354768.25,164.24771,318.09433,248.13553,2018.369,0.78112113,1800.2887,-0.048141815
7003,1282,2650.0508,2938.163,200051.625,3354779.5,468.33423,670.3853,601.5008,2289.3696,0.6325675,1805.2189,-0.11336338
7004,1173,2649.728,3521.7407,205887.40625,3354782.75,462.11127,649.7877,685.9966,2238.1138,0.55270153,1817.1559,-0.09481436
7005,1084,2648.547,2499.237,195662.375,3354794.5,209.96771,380.01846,303.9594,1978.095,0.7329611,1796.2402,-0.039367776
7006,1104,2652.3733,2986.1277,200531.28125,3354756.25,282.09692,420.80164,295.25046,2020.4216,0.7437739,1806.2012,-0.05242492
7007,1072,2653.8367,2369.0178,194360.171875,3354741.75,233.74068,398.6222,379.5308,1855.2285,0.66751826,1793.5798,0.026474902
7008,1058,2652.6218,3055.8647,201228.65625,3354753.75,278.88092,421.04395,296.74716,2056.2764,0.7466648,1807.6278,-0.06076614
7009,1263,2653.5193,5025.776,220927.75,3354744.75,564.27356,766.4323,779.6853,2057.9802,0.45903108,1847.9271,-0.048926186
7010,1142,2655.106,2645.9353,197129.359375,3354729.0,386.14886,611.3441,594.7224,2078.31,0.60793793,1799.2445,-0.060344562
7011,1111,2653.7515,4255.2954,213222.953125,3354742.5,771.43744,997.4501,1064.7935,2009.144,0.31033838,1832.1642,-0.03859751
7012,1513,2657.9775,4846.9985,219139.984375,3354700.25,681.7439,884.7683,958.4005,1944.269,0.3447489,1844.2717,-0.020557843
7013,1245,2653.9768,4990.5645,220575.640625,3354740.25,556.51483,766.5201,796.51086,2098.2566,0.45029175,1847.2069,-0.05547447
7014,1411,2656.7322,5189.0566,222560.5625,3354712.75,447.74203,593.8781,660.98016,1697.1382,0.46218988,1851.2694,0.047782946
7015,1176,2652.4983,5470.0884,225370.875,3354755.0,425.0187,607.01575,519.15643,2523.614,0.6547433,1857.0172,-0.13264503
7016,1083,2655.4644,3092.1643,201591.640625,3354725.25,424.2276,593.02075,497.98846,2227.9363,0.66233164,1808.372,-0.09512225
7017,884,2652.4707,4343.4844,214104.84375,3354755.25,793.2845,1086.7229,1326.8512,2027.3082,0.21765438,1833.9677,-0.0425729
7018,997,2656.0752,3296.9128,203639.125,3354719.25,352.07022,512.44836,377.0948,2310.2278,0.7160885,1812.5604,-0.11359403
7019,1396,2661.0437,3888.4233,209554.234375,3354669.5,699.88464,965.19916,1020.2203,2272.365,0.38219333,1824.663,-0.1023293
7020,1342,2657.8123,4054.3203,211213.203125,3354702.0,863.57227,1041.0835,1146.2958,1713.0167,0.20176756,1828.055,0.041745707
7021,1359,2658.095,5228.6934,222956.9375,3354699.0,749.97864,951.2509,1025.0751,1943.9286,0.37069106,1852.081,-0.0174262
7022,1215,2658.6782,5623.1323,226901.328125,3354693.25,331.06586,536.89874,510.75143,2487.3745,0.6442645,1860.1517,-0.11271658
7023,1265,2662.457,2395.9304,194629.3125,3354655.5,225.63242,402.44348,370.0182,2005.4972,0.69103307,1794.1353,-0.023866547
7024,1163,2660.369,3123.5374,201905.375,3354676.25,298.06534,418.56277,296.91058,2086.7944,0.7495546,1809.0164,-0.06753199
7025,1103,2657.6946,3229.0671,202960.671875,3354703.0,334.59882,474.88577,354.74524,2126.2925,0.7122279,1811.1735,-0.07351186
7026,835,2655.31,3355.3306,204223.3125,3354727.0,447.16168,633.11676,582.02216,2289.5544,0.5946404,1813.7549,-0.10366187
7027,1063,2658.9294,3264.523,203315.234375,3354690.75,585.07477,812.302,853.6392,2380.801,0.47961912,1811.8994,-0.13122304
7028,968,2656.2615,3491.6672,205586.671875,3354717.5,406.3089,567.1529,493.33884,2306.394,0.66558063,1816.5443,-0.11074893
7029,1343,2662.49,4016.093,210830.9375,3354655.0,796.9464,984.0663,1052.4355,1920.8596,0.29850733,1827.2755,-0.015365349
7030,947,2657.623,4291.6665,213586.65625,3354703.75,819.0697,1029.3168,1109.914,1929.5623,0.27168477,1832.9104,-0.018738372
7031,1064,2657.0488,4447.8477,215148.46875,3354709.5,780.6664,972.2448,1037.0856,1860.1316,0.29136527,1836.1052,0.001786707
7032,1462,2660.628,4885.775,219527.75,3354673.75,658.8673,893.7517,973.65906,2092.679,0.3735502,1845.0665,-0.057633154
7033,1253,2660.3184,5542.06,226090.59375,3354676.75,209.50359,343.31284,273.88147,2010.6393,0.7606283,1858.4938,-0.029039718
7034,1246,2657.8748,3185.6035,202526.03125,3354701.25,297.1007,422.6585,293.07623,2134.2332,0.7577631,1810.2845,-0.07870448
7035,1018,2657.9126,3409.8535,204768.53125,3354701.0,267.8448,396.81778,273.49854,2189.436,0.7774222,1814.8717,-0.091657676
7036,1182,2660.104,4091.4688,211584.6875,3354679.0,888.8989,1114.9861,1259.341,1916.093,0.21078935,1828.8162,-0.014996723
7037,1426,2659.4749,4523.169,215901.6875,3354685.25,743.48737,964.89343,1018.7928,2091.3264,0.33913776,1837.6475,-0.05272154
7038,1190,2658.8076,2901.5957,199685.953125,3354692.0,461.69412,727.8,727.52185,2211.895,0.5916074,1804.4758,-0.09511227
7039,1113,2658.628,5436.5347,225035.34375,3354693.75,438.2938,606.86975,535.0993,2411.4397,0.6348381,1856.3339,-0.118069
7040,1078,2660.0623,4187.9863,212549.859375,3354679.5,731.37616,970.1661,1037.4077,2043.1433,0.32544637,1830.7906,-0.04395425
7041,832,2658.3762,4369.9604,214369.609375,3354696.25,902.06793,1177.7241,1323.845,2174.831,0.2383172,1834.5125,-0.07332297
7042,1330,2664.2188,4482.7314,215497.3125,3354637.75,851.4951,1045.7579,1156.0537,1813.9226,0.22571534,1836.8226,0.014184925
7043,1414,2665.2356,4923.615,219906.15625,3354627.75,426.91052,644.08484,669.8844,2032.2058,0.525115,1845.843,-0.03822115
7044,1165,2663.2095,5584.0454,226510.453125,3354648.0,211.72618,340.8399,304.60214,1896.4073,0.7284083,1859.3544,0.0021328987
7045,889,2661.522,5781.4365,228484.375,3354664.75,259.76434,463.68842,358.43027,2520.8008,0.74688447,1863.3922,-0.12954922
7046,1326,2664.6155,4709.32,217763.203125,3354633.75,655.0905,868.29034,925.8752,2003.4087,0.36907673,1841.4585,-0.03183456
7047,1334,2666.794,4611.135,216781.34375,3354612.0,802.48615,972.6777,1059.1086,1740.8842,0.25772122,1839.4509,0.035044685
7048,1241,2664.9958,4805.805,218728.046875,3354630.0,721.48065,934.5012,1002.2683,2070.5962,0.3558588,1843.4326,-0.050279636
7049,1257,2663.856,5370.215,224372.15625,3354641.5,648.63007,873.95624,829.0167,2666.8835,0.52478313,1854.9796,-0.1510802
7050,1042,2665.069,5682.716,227497.15625,3354629.25,184.24664,317.35654,324.57388,1783.4548,0.69328904,1861.3741,0.028263528
7051,1258,2663.841,5304.155,223711.546875,3354641.5,595.1884,775.8084,873.60333,1871.9019,0.38217816,1853.628,-6.7930465e-05
7052,994,2668.2808,2723.8994,197909.0,3354597.25,153.32898,304.04477,235.0835,1963.43,0.78569067,1800.8466,-0.033603642
7053,1180,2666.4526,4153.045,212200.453125,3354615.5,727.60297,989.7085,1022.1983,2394.02,0.39860106,1830.0793,-0.119124725
7054,1274,2667.3005,5720.508,227875.078125,3354607.0,178.15738,331.7178,277.2139,2131.7292,0.7686327,1862.1486,-0.040270533
7055,1483,2671.0781,4570.513,216375.125,3354569.25,911.10754,1114.5894,1246.9862,1832.185,0.19430596,1838.6222,0.010007913
7056,1251,2670.4885,4648.946,217159.453125,3354575.0,939.2378,1122.9865,1245.584,1812.8522,0.19024238,1840.2264,0.013352419
7057,1302,2673.3218,5156.456,222234.5625,3354546.75,469.5987,641.2354,713.74615,1798.3536,0.43743378,1850.6111,0.020521846
7058,1025,2670.8887,2588.3425,196553.421875,3354571.0,289.22342,478.7561,423.7805,2005.4868,0.6719865,1798.0754,-0.046441857
7059,1360,2671.8176,3749.0146,208160.15625,3354561.75,598.0107,841.2923,895.30035,2358.2727,0.46316612,1821.8171,-0.11925452
7060,1219,2671.0403,3786.2788,208532.78125,3354569.5,580.6764,845.621,886.386,2397.862,0.4657568,1822.579,-0.1312148
7061,1387,2672.6792,3971.8132,210388.125,3354553.25,868.8724,1083.483,1185.5314,2011.4156,0.25885254,1826.3752,-0.040054705
7062,1260,2672.9849,2850.2334,199172.328125,3354550.25,169.28015,339.6841,253.37381,2134.5017,0.7880144,1803.4332,-0.08092222
7063,1411,2673.171,3929.8745,209968.75,3354548.25,775.8136,1011.9649,1073.8771,2195.1023,0.34355944,1825.5176,-0.08377751
7064,1035,2670.8735,4418.546,214855.46875,3354571.25,793.8377,1000.59326,1088.8628,1972.6812,0.29537234,1835.5132,-0.029272238
7065,1298,2674.1995,5120.5757,221875.75,3354538.0,698.4603,902.40137,979.161,2067.8352,0.36544496,1849.8774,-0.048820093
7066,1117,2674.4924,2673.4834,197404.828125,3354535.0,182.72113,343.90555,273.87378,1945.0577,0.75304246,1799.8188,-0.030593345
7067,1063,2671.903,2790.5127,198575.125,3354561.0,357.87112,580.09406,553.1882,2174.5579,0.65185535,1802.211,-0.08742272
7068,1113,2673.806,2522.5354,195895.359375,3354542.0,224.01437,402.10513,326.8347,1979.203,0.71991986,1796.7312,-0.03896945
7069,1147,2675.1787,2553.4788,196204.78125,3354528.25,262.44812,445.92502,410.07498,1970.3077,0.66361594,1797.3649,-0.034519017
7070,1115,2673.9292,2757.8457,198248.453125,3354540.75,220.42691,389.735,362.62106,2122.0205,0.71693516,1801.5441,-0.073735215
7071,1114,2675.4722,3435.1707,205021.703125,3354525.25,261.0395,392.01166,266.20242,2224.9153,0.78525436,1815.3992,-0.09841571
7072,1266,2673.5522,4961.4756,220284.75,3354544.5,563.98975,768.10034,780.1931,2080.546,0.4659846,1846.6221,-0.050327323
7073,1160,2673.5776,3153.9482,202209.484375,3354544.25,312.6638,427.47586,289.3681,2128.1829,0.7593892,1809.6458,-0.07748747
7074,1147,2673.0566,5509.679,225766.796875,3354549.5,230.26024,358.0824,316.68875,1843.6626,0.7069325,1857.8378,0.015251998
7075,1276,2678.906,2964.2734,200312.734375,3354491.0,287.50665,419.21826,296.0047,2109.1028,0.75298077,1805.7692,-0.07460945
7076,1290,2676.172,3822.0388,208890.390625,3354518.25,500.68567,734.4372,743.7461,2275.7012,0.5148965,1823.3132,-0.089758664
7077,1196,2673.5334,5054.555,221215.546875,3354544.75,688.92896,879.99585,943.842,1948.041,0.35531536,1848.5264,-0.019237434
7078,959,2674.2764,4323.4663,213904.65625,3354537.25,775.38324,990.5334,1107.5402,1870.4745,0.26353723,1833.5698,-0.0038659954
7079,1097,2675.2961,4219.0938,212860.9375,3354527.0,832.68414,1068.8619,1139.929,2169.0095,0.32358167,1831.4352,-0.07292778
7080,1011,2676.3838,2620.651,196876.5,3354516.25,358.38278,565.7992,554.13257,1948.6519,0.59155804,1798.7394,-0.027611438
7081,915,2674.6797,3381.3977,204483.96875,3354533.25,290.38852,461.29727,314.4268,2429.812,0.76749337,1814.2988,-0.1334065
7082,1316,2679.1187,4748.2324,218152.328125,3354488.75,855.2386,1048.8207,1166.5216,1854.4745,0.23002873,1842.2623,0.0033250952
7083,841,2673.7634,3327.12,203941.203125,3354542.25,301.4227,447.3026,320.17062,2258.739,0.75116986,1813.1881,-0.108073615
7084,1184,2677.7043,5336.977,224039.765625,3354503.0,575.26056,768.6846,781.29266,2214.257,0.48134917,1854.3068,-0.076074496
7085,1157,2678.7363,5406.6475,224736.46875,3354492.75,514.96674,697.21436,624.36865,2319.7766,0.5838411,1855.7327,-0.09259766
7086,1080,2678.0862,5756.562,228235.625,3354499.25,231.71991,413.40372,333.13287,2330.8403,0.74725664,1862.8917,-0.08996546
7087,866,2679.4573,4274.115,213411.15625,3354485.5,739.56757,967.108,1040.3845,2086.8396,0.3405923,1832.5631,-0.05401232
7088,1144,2684.5796,3207.8323,202748.328125,3354434.25,371.0883,517.219,401.91522,2187.2964,0.69572973,1810.7542,-0.08835669
7089,1031,2681.7585,3469.6653,205366.65625,3354462.5,267.0,399.9447,278.00146,2159.6648,0.7709052,1816.1083,-0.0835338
7090,908,2680.2434,4387.8467,214548.46875,3354477.5,830.1839,1045.7996,1166.0518,1951.3519,0.25605747,1834.8901,-0.021880178
7091,1161,2682.4875,2487.5796,195545.796875,3354455.0,229.15417,399.6417,367.85788,1919.3627,0.68116957,1796.0211,-0.015443529
7092,1300,2686.9307,2883.403,199504.03125,3354410.75,218.0623,405.86154,334.2,2070.09,0.7409063,1804.1195,-0.06395597
7093,1173,2683.1868,3003.816,200708.15625,3354448.25,290.9902,427.60358,301.59335,2106.755,0.7485993,1806.5803,-0.074257284
7094,1085,2682.5613,3038.6746,201056.75,3354454.5,284.2424,425.2378,300.81476,2059.693,0.7441695,1807.293,-0.06280323
7095,1379,2687.5881,4779.6265,218466.265625,3354404.0,838.96045,1043.392,1135.9021,1976.8016,0.2725888,1842.909,-0.028225288
7096,1291,2687.4236,5082.708,221497.078125,3354405.75,670.74634,865.6909,947.5759,1981.9841,0.3640029,1849.1096,-0.029029658
7097,1075,2683.5256,2420.1943,194871.9375,3354444.75,249.35442,431.947,411.69675,1981.6855,0.6657268,1794.6436,-0.021286089
7098,1051,2683.5044,3072.9324,201399.328125,3354445.0,349.4296,497.41104,384.4196,2129.2808,0.70502615,1807.9943,-0.073602386
7099,1262,2686.0625,2925.951,199929.515625,3354419.5,341.82013,535.34467,447.4996,2146.7188,0.69464284,1804.9893,-0.080318324
7100,1384,2686.552,3860.5173,209275.171875,3354414.5,510.7247,744.70917,727.01587,2382.3184,0.5498518,1824.1061,-0.12575245
7101,1059,2683.3645,5478.6206,225456.203125,3354446.25,291.44098,427.38904,412.19028,1826.559,0.63684916,1857.2076,0.020309925
7102,1179,2687.2087,2816.5386,198835.390625,3354408.0,266.4207,464.12723,396.82953,2212.5208,0.7244681,1802.7521,-0.09518132
7103,1374,2687.9438,5009.248,220762.484375,3354400.5,601.7442,808.87885,855.83624,2036.2463,0.41105396,1847.6069,-0.041274544
7104,1328,2691.6296,2452.4353,195194.359375,3354363.75,224.79066,397.5527,377.24246,1905.0376,0.6730486,1795.3076,-0.009810739
7105,1353,2689.215,4115.8213,211828.21875,3354387.75,866.2491,1101.4375,1251.8485,2128.9475,0.250221,1829.3301,-0.060106635
7106,1186,2688.221,5279.45,223464.5,3354397.75,469.33475,621.6037,714.2407,1655.3145,0.42030722,1853.1351,0.06132131
7107,1094,2688.0667,3500.4524,205674.53125,3354399.25,336.1202,498.13345,417.04297,2095.0796,0.6932711,1816.7416,-0.064230315
7108,1297,2692.1619,4540.8936,216078.9375,3354358.5,804.43256,1059.3828,1197.421,2118.7024,0.27810276,1838.0275,-0.06235503
7109,1214,2690.7703,5213.091,222800.90625,3354372.25,1093.3138,1334.9398,1495.542,2130.0005,0.20952158,1851.7788,-0.06482396
7110,1089,2689.976,3244.0542,203110.546875,3354380.25,322.37924,467.15427,345.94492,2177.4724,0.723766,1811.498,-0.0837005
7111,839,2686.2444,3354.4697,204214.6875,3354417.5,292.7682,431.14304,306.57388,2256.885,0.76003844,1813.7544,-0.10689409
7112,1047,2689.32,4354.6553,214216.5625,3354386.75,832.04395,1054.3152,1189.6284,1982.5682,0.25331366,1834.216,-0.030204376
7113,1202,2690.287,5609.027,226760.265625,3354377.25,196.20633,304.3798,297.97546,1698.7234,0.702646,1859.8793,0.04855836
7114,893,2688.971,3303.2754,203702.75,3354390.25,287.96304,440.97928,301.16516,2253.019,0.76326805,1812.7087,-0.10640332
7115,1279,2692.219,4076.3691,211433.6875,3354357.75,973.5387,1212.1919,1304.6189,2139.695,0.23734793,1828.5247,-0.0554322
7116,1044,2692.2595,4245.275,213122.75,3354357.5,837.45593,1065.6158,1173.8103,1988.7452,0.25626755,1831.98,-0.033010382
7117,1427,2692.084,5648.874,227158.75,3354359.25,226.67415,368.37527,360.0452,1852.3136,0.6736159,1860.6956,0.010693851
7118,1061,2692.7512,2702.5984,197695.984375,3354352.5,154.25684,303.99716,235.3016,1892.0457,0.77963287,1800.4247,-0.018699149
7119,1190,2692.6487,3105.5083,201725.078125,3354353.5,298.20587,419.1832,285.54327,2109.4976,0.7605268,1808.6656,-0.07404156
7120,1002,2691.8562,3275.0989,203420.984375,3354361.5,393.0619,564.8473,472.51895,2237.3584,0.6583506,1812.134,-0.096590064
7121,1324,2692.9358,4036.0256,211030.25,3354350.75,840.6737,1023.53815,1127.0873,1799.4037,0.22724204,1827.6997,0.025550464
7122,1184,2690.2102,4453.5938,215205.9375,3354378.0,770.1085,961.25,1022.12036,1891.209,0.29700714,1836.2405,-0.0040097055
7123,1522,2695.772,4679.511,217465.109375,3354322.25,723.4826,917.4859,972.37646,1945.0608,0.33660844,1840.8651,-0.016742408
7124,1338,2696.4297,5246.5957,223135.953125,3354315.75,480.27094,645.19653,676.4884,1794.0381,0.48101476,1852.4673,0.020860964
7125,1189,2692.8503,5569.2803,226362.8125,3354351.5,197.75946,312.86334,276.36545,1719.759,0.7235215,1859.0674,0.049894817
7126,1345,2695.6863,4503.2563,215702.5625,3354323.25,729.3305,955.37024,1041.0785,2059.583,0.3292731,1837.2594,-0.048476335
7127,1177,2691.7146,5442.31,225093.09375,3354362.75,463.69244,647.6903,573.8466,2419.594,0.61722153,1856.469,-0.11169863
7128,1459,2697.3755,4823.4463,218904.46875,3354306.25,704.87494,927.2084,996.44104,2104.2021,0.3635908,1843.8107,-0.059775967
7129,1524,2697.5952,4861.863,219288.625,3354304.0,569.69293,758.17255,785.1066,1966.2234,0.44561386,1844.5967,-0.0250054
7130,1337,2697.4487,3994.0315,210610.3125,3354305.5,797.2008,1010.9282,1131.0513,1995.3501,0.28258386,1826.8431,-0.03447671
7131,1099,2692.675,4183.8735,212508.734375,3354353.25,748.44904,992.38806,1080.369,2240.3967,0.35508925,1830.7241,-0.091799885
7132,952,2695.375,4303.8213,213708.21875,3354326.25,736.5399,943.1812,1004.3871,2019.5162,0.3357954,1833.1793,-0.036585677
7133,1031,2695.319,3401.7458,204687.453125,3354326.75,274.76965,414.25266,272.3841,2323.5266,0.7885394,1814.7264,-0.11727305
7134,1051,2692.5156,5689.5127,227565.125,3354354.75,299.54425,491.7393,395.2845,2613.7441,0.7357815,1861.5272,-0.12884825
7135,1133,2697.9558,2648.601,197156.015625,3354300.5,194.82613,376.68622,300.18845,1937.2714,0.73420167,1799.3232,-0.026796384
7136,1485,2700.3562,3902.7185,209697.1875,3354276.5,613.2545,856.4229,891.5495,2192.46,0.42731646,1824.9768,-0.08334392
7137,1457,2699.823,4901.123,219681.234375,3354281.75,682.46155,904.2629,997.6603,2087.1313,0.36275333,1845.4011,-0.05618699
7138,1265,2699.8481,5181.355,222483.546875,3354281.5,546.03955,746.27313,797.6601,2193.9822,0.47275192,1851.1343,-0.07556994
7139,1142,2696.986,5535.6235,226026.234375,3354310.25,219.42908,340.96497,318.53284,1710.4379,0.6949832,1858.381,0.046527952
7140,1273,2700.8052,3177.3677,202443.671875,3354272.0,341.45248,464.3138,340.82718,2058.544,0.7196712,1810.14,-0.057280105
7141,1295,2700.5374,4599.698,216666.984375,3354274.75,757.20734,937.8815,1034.0186,1835.9865,0.2883134,1839.2349,0.008285315
7142,1252,2700.0454,4718.6064,217856.0625,3354279.5,807.76196,996.9285,1081.1433,1871.0723,0.26447356,1841.6672,0.0035019729
7143,1151,2699.7134,5378.716,224457.15625,3354282.75,414.71286,586.3436,529.5917,2366.2468,0.6327096,1855.172,-0.10493943
7144,1037,2700.0742,5736.572,228035.71875,3354279.25,252.14995,440.97733,339.8621,2693.9536,0.7747859,1862.4939,-0.16701
7145,1065,2700.1333,2737.0234,198040.234375,3354278.75,202.73334,360.0202,296.47934,1936.2455,0.7436721,1801.133,-0.0306371
7146,1101,2699.644,4150.6855,212176.859375,3354283.5,647.7289,911.9119,923.19666,2706.1013,0.4699373,1830.049,-0.16773207
7147,1291,2705.9312,3137.3997,202044.0,3354220.75,297.0612,415.48917,279.50543,2103.646,0.7644246,1809.3253,-0.07261552
7148,1352,2703.9978,4637.4487,217044.484375,3354240.0,722.8761,929.0973,1007.75256,2022.7052,0.34444472,1840.009,-0.04189149
7149,1427,2706.2285,4938.1274,220051.28125,3354217.75,586.2474,833.8627,847.21826,2352.3816,0.46668118,1846.1615,-0.11170718
7150,1247,2705.5588,4975.864,220428.640625,3354224.5,651.7927,853.1267,915.3645,1978.5883,0.3684956,1846.9331,-0.027705248
7151,1052,2702.058,2582.3354,196493.359375,3354259.5,230.21388,405.72717,350.86597,1922.8622,0.69394517,1797.9703,-0.025404615
7152,1400,2708.2715,5041.702,221087.03125,3354197.25,663.52106,855.53284,906.6532,1977.1704,0.37348863,1848.2815,-0.025625257
7153,1298,2706.9429,5312.5786,223795.78125,3354210.5,637.4145,839.72534,984.3197,1960.4996,0.34212115,1853.8226,-0.023789387
7154,1562,2708.7246,3946.0312,210130.3125,3354192.75,766.742,989.5375,1084.1492,2054.3167,0.3130215,1825.8674,-0.048565157
7155,1269,2707.171,2780.3145,198473.140625,3354208.25,396.20883,613.8022,641.60913,2043.6162,0.5755112,1802.0225,-0.056061454
7156,1480,2705.554,3781.6526,208486.53125,3354224.5,293.53244,449.84122,361.06958,2173.1575,0.72693247,1822.5032,-0.0824876
7157,1037,2703.4321,4419.172,214861.71875,3354245.75,801.0598,1042.8081,1096.2908,2173.4846,0.3224031,1835.5433,-0.069681175
7158,975,2708.3098,3452.1846,205191.84375,3354197.0,266.96924,395.59897,274.6154,2076.047,0.76531243,1815.7654,-0.063735746
7159,1163,2709.092,5107.912,221749.125,3354189.0,710.9854,915.5911,977.5507,2056.9204,0.35865942,1849.6365,-0.046790153
7160,1088,2709.275,5348.65,224156.5,3354187.25,557.801,757.3989,807.4246,2061.699,0.44322893,1854.5619,-0.04617321
7161,1203,2708.5286,2517.5261,195845.265625,3354194.75,223.35162,396.02908,362.9576,1904.1554,0.68114597,1796.6484,-0.005288082
7162,999,2707.014,2616.5957,196835.953125,3354209.75,312.7177,527.55255,508.3974,2016.9509,0.61363196,1798.6738,-0.044447243
7163,1193,2710.0403,2841.4644,199084.640625,3354179.5,175.14752,331.6425,265.02515,1963.1257,0.7624614,1803.2748,-0.034518752
7164,992,2707.7703,3332.8015,203998.015625,3354202.25,283.2117,428.23538,290.40524,2287.3262,0.77386117,1813.3231,-0.113534614
7165,1451,2711.8787,3740.1875,208071.875,3354161.25,424.4552,607.84216,593.4552,2183.4456,0.5986681,1821.6584,-0.08406418
7166,1380,2712.4717,5142.408,222094.078125,3354155.25,701.48694,904.75903,985.20215,2069.8044,0.3599934,1850.344,-0.051767472
7167,1256,2712.8296,2987.34,200543.40625,3354151.75,283.49124,404.57324,294.5446,2081.6548,0.75068706,1806.2599,-0.06717518
7168,1096,2710.7563,4211.561,212785.609375,3354172.5,703.6921,966.34625,999.7591,2362.3997,0.39602947,1831.3002,-0.1050774
7169,998,2714.1262,5710.7285,227777.28125,3354138.75,289.24,473.10522,363.18588,2779.321,0.7677066,1861.9723,-0.18388736
7170,959,2713.0886,3424.9844,204919.84375,3354149.0,264.25183,394.33212,270.08395,2157.6777,0.77651954,1815.2117,-0.08277434
7171,1361,2710.0405,3825.9565,208929.5625,3354179.5,479.93793,641.7961,550.75165,2203.3218,0.6217273,1823.4119,-0.08286178
7172,989,2711.819,4332.256,213992.5625,3354161.75,826.4894,1034.0338,1128.2493,1969.8513,0.27699733,1833.7698,-0.030458247
7173,1120,2715.0715,4473.4126,215404.125,3354129.25,703.5054,947.5027,980.3482,2285.975,0.3953063,1836.6592,-0.09716804
7174,1148,2712.9756,5501.466,225684.65625,3354150.25,269.2657,401.88763,399.2282,1799.9408,0.6364141,1857.6903,0.020865528
7175,1111,2711.225,2552.1997,196192.0,3354167.75,213.47705,393.07562,340.9127,1992.424,0.71081245,1797.3591,-0.033481486
7176,1242,2713.4927,2949.281,200162.8125,3354145.0,306.83493,425.6554,307.221,2160.6152,0.74968773,1805.4819,-0.08587553
7177,1079,2714.6858,2679.2168,197462.171875,3354133.25,167.32669,321.0732,249.84291,1886.215,0.76680624,1799.959,-0.017908162
7178,1143,2714.0999,3369.5564,204365.5625,3354139.0,277.6531,415.58487,285.83334,2215.6746,0.7691413,1814.0785,-0.09548663
7179,938,2709.4,4275.84,213428.40625,3354186.0,892.21747,1091.1023,1173.6685,1958.3566,0.25330025,1832.6144,-0.026954908
7180,1174,2714.6797,3028.8364,200958.359375,3354133.25,281.81558,413.22784,299.3918,2063.4092,0.74545574,1807.1097,-0.06351704
7181,905,2708.9094,4387.821,214548.203125,3354191.0,827.18176,1055.659,1137.1906,2086.7344,0.293852,1834.9049,-0.05565588
7182,1362,2719.0574,4572.2583,216392.578125,3354089.5,897.8642,1068.0613,1172.6836,1660.7787,0.17319426,1838.6833,0.057298202
7183,1170,2714.341,5412.2754,224792.75,3354136.5,396.11325,556.56195,508.0265,2262.8997,0.633105,1855.8662,-0.08066659
7184,978,2713.498,5468.9243,225359.25,3354145.0,256.15747,381.9003,353.78375,1943.0972,0.6909354,1857.0248,-0.016174559
7185,1330,2719.2542,2908.0054,199750.0625,3354087.5,330.01392,564.5602,506.36917,2199.3394,0.6712583,1804.6409,-0.08761101
7186,1122,2714.3127,3064.0447,201310.453125,3354136.75,339.10562,480.50177,379.35605,2113.995,0.70861053,1807.8297,-0.073211126
7187,1157,2716.3638,3224.6836,202916.84375,3354116.25,292.38852,424.9784,286.04755,2137.6582,0.76230216,1811.1165,-0.07934319
7188,1151,2716.3171,2481.4856,195484.859375,3354116.75,208.96265,377.50998,359.89835,1892.6003,0.6845889,1795.9158,-0.0072377212
7189,1208,2721.485,2871.6895,199386.890625,3354065.25,376.96606,600.48346,612.8601,2015.6482,0.61553216,1803.8994,-0.046944078
7190,1521,2723.908,4793.227,218602.265625,3354041.0,852.25146,1053.5348,1160.9464,1897.5872,0.2438942,1843.2064,-0.008622407
7191,1157,2721.9783,5672.5464,227395.46875,3354060.25,278.66464,441.94815,332.27313,2538.0674,0.76578623,1861.1952,-0.13210824
7192,1209,2723.6616,3476.8884,205438.875,3354043.5,287.342,426.8288,327.42142,1985.6484,0.72453254,1816.2792,-0.038849443
7193,1354,2722.7466,3868.5723,209355.71875,3354052.5,773.7559,999.3925,1096.4594,2105.7441,0.31699687,1824.2905,-0.06407792
7194,1257,2723.2793,4058.187,211251.875,3354047.25,791.2128,975.5382,1044.3043,1838.2872,0.28225297,1828.1696,0.0052366634
7195,1606,2723.9937,4749.795,218167.953125,3354040.0,775.2167,963.19086,1072.0059,1867.3556,0.27521926,1842.318,0.00060158345
7196,1124,2723.5266,5590.643,226576.4375,3354044.75,330.31006,500.12012,429.7918,2302.0308,0.68658864,1859.5203,-0.0760224
7197,1113,2722.3567,5621.8457,226888.453125,3354056.5,389.57773,613.814,498.80145,2707.906,0.68268156,1860.158,-0.14810063
7198,1296,2725.494,4097.5386,211645.390625,3354025.0,831.3823,1029.6366,1144.0482,1924.5645,0.2535616,1828.9757,-0.015886515
7199,1309,2726.6821,4017.3408,210843.40625,3354013.25,816.43695,998.13904,1092.3728,1794.6322,0.24507551,1827.3358,0.018947268
7200,1086,2721.662,3300.5396,203675.390625,3354063.5,323.651,474.0603,360.97052,2128.7197,0.71042377,1812.671,-0.07368553
7201,974,2724.7383,4364.2373,214312.375,3354032.5,848.1263,1056.0114,1146.5282,1995.6874,0.27106267,1834.4309,-0.033220574
7202,1043,2726.3223,2752.112,198191.125,3354016.75,348.22195,545.06616,561.59204,1887.3701,0.5682039,1801.4564,-0.011628231
7203,1230,2726.8528,3096.322,201633.21875,3354011.5,283.74228,407.0447,283.01706,2117.2544,0.7629942,1808.4968,-0.07575475
7204,1228,2725.6409,3265.6262,203326.265625,3354023.5,316.92102,460.94788,331.09772,2083.667,0.7254171,1811.9591,-0.062935725
7205,1177,2726.559,4132.983,211999.828125,3354014.5,625.5527,896.8568,983.35516,2450.5735,0.4220708,1829.7013,-0.1339868
7206,1411,2729.0823,5073.0034,221400.03125,3353989.25,471.4224,687.13324,675.49115,2089.1592,0.49716088,1848.9327,-0.044223458
7207,1317,2728.9507,2810.4624,198774.625,3353990.5,179.75398,343.90054,259.20197,2011.4108,0.77134925,1802.6514,-0.04757727
7208,1098,2727.8215,4438.1265,215051.265625,3354001.75,844.0433,1054.4736,1127.6735,2019.6161,0.2822993,1835.9441,-0.037205875
7209,1353,2727.9985,5004.2046,220712.046875,3354000.0,679.728,890.3788,968.313,2035.1353,0.35622674,1847.5247,-0.041120123
7210,1209,2724.5369,5279.636,223466.359375,3354034.75,430.02026,580.5083,636.0997,1614.0774,0.45188636,1853.1578,0.07218394
7211,1049,2726.043,4240.1724,213071.71875,3354019.5,859.33795,1080.1744,1204.981,1973.2979,0.24834575,1831.8937,-0.029173888
7212,1185,2728.4287,2712.5916,197795.921875,3353995.75,282.49493,473.71814,423.04346,2057.3574,0.6816071,1800.6493,-0.05836163
7213,1212,2733.028,3196.6584,202636.578125,3353949.75,310.61676,444.0388,294.00537,2212.2944,0.76437783,1810.5525,-0.09726241
7214,1350,2731.343,3978.4407,210454.40625,3353966.5,859.0211,1043.3896,1183.2114,1566.5674,0.13553637,1826.5426,0.093752734
7215,1213,2728.1755,4176.7964,212437.96875,3353998.25,666.1591,944.31287,939.2638,2692.8125,0.46973264,1830.5984,-0.1735372
7216,1254,2727.504,4537.131,216041.3125,3354005.0,955.99524,1175.311,1315.5554,1898.0905,0.18236396,1837.9692,-0.010763477
7217,1106,2729.4114,5558.4375,226254.375,3353986.0,275.77124,451.37976,363.9367,2273.3354,0.724738,1858.8644,-0.06959503
7218,1436,2731.8147,4705.044,217720.4375,3353961.75,699.2535,883.10657,961.7246,1893.0703,0.3340108,1841.4066,-0.0016636287
7219,1504,2733.881,4660.208,217272.078125,3353941.25,650.0568,856.1822,917.0698,2076.421,0.39966163,1840.4905,-0.051911935
7220,1343,2729.2866,5213.137,222801.375,3353987.25,575.7394,810.0443,839.1065,2246.3506,0.46532747,1851.7998,-0.0899157
7221,1515,2735.4045,4881.3984,219483.984375,3353926.0,637.7495,845.69507,880.1634,2103.4097,0.41509444,1845.0162,-0.058146752
7222,1111,2732.0757,5442.9404,225099.40625,3353959.25,268.63007,396.98065,360.71332,1830.2705,0.6717382,1856.5027,0.01145784
7223,993,2730.7976,5527.11,225941.09375,3353972.0,294.80362,444.19183,394.20544,1967.8616,0.6657836,1858.2241,-0.019940278
7224,1073,2731.4922,4305.6963,213726.96875,3353965.0,846.1519,1047.1342,1128.3938,1967.6407,0.27347496,1833.237,-0.028403169
7225,1664,2736.6377,4838.649,219056.484375,3353913.5,720.7428,927.9486,1002.9916,2004.5333,0.34652084,1844.1423,-0.036877424
7226,975,2732.364,2595.1313,196621.3125,3353956.25,229.20102,419.5477,358.42667,2062.0583,0.70608586,1798.2493,-0.054435678
7227,1231,2736.372,3161.3892,202283.890625,3353916.25,335.92526,460.88263,335.58408,2081.2673,0.7200118,1809.833,-0.06293066
7228,1220,2734.0083,5172.1265,222391.265625,3353940.0,615.1336,821.01556,858.8898,2052.3003,0.41516364,1850.9633,-0.045926224
7229,1162,2734.4475,3400.075,204670.75,3353935.5,263.8903,395.78183,258.98837,2279.0608,0.7953249,1814.714,-0.111541055
7230,1000,2735.5,2654.117,197211.171875,3353925.0,233.743,420.237,358.787,2011.983,0.7021015,1799.4574,-0.04463468
7231,1341,2739.2058,3801.4243,208684.25,3353888.0,360.72446,526.6077,477.22446,2061.0452,0.6370542,1822.926,-0.053490847
7232,1214,2734.785,4502.6533,215696.53125,3353932.25,744.806,1003.12317,1046.9119,2388.8748,0.39207637,1837.2678,-0.122046664
7233,1522,2737.6714,4616.034,216830.34375,3353903.25,778.2106,966.06964,1042.3798,1875.9136,0.2935099,1839.5887,0.00072435336
7234,1183,2734.869,5247.4395,223144.390625,3353931.25,1332.0778,1591.1488,1763.7667,2156.655,0.1209636,1852.5045,-0.07361385
7235,1074,2740.2383,5644.879,227118.78125,3353877.5,313.4283,523.4474,406.63593,2895.1577,0.7485271,1860.6384,-0.19776909
7236,949,2737.9746,2626.8535,196938.53125,3353900.25,195.14752,385.3593,298.57956,2134.272,0.75253326,1798.9012,-0.07289504
7237,1253,2737.3105,5382.4556,224494.5625,3353907.0,380.2558,538.30206,539.5435,1916.9218,0.56137013,1855.268,-0.0021559284
7238,1604,2743.1309,4919.561,219865.609375,3353848.75,675.2896,895.11255,974.02026,2053.7397,0.36326662,1845.801,-0.048553206
7239,1071,2738.9888,5738.4604,228054.609375,3353890.0,220.57657,350.26425,317.3534,1943.4729,0.7154641,1862.5524,-0.010646521
7240,1177,2740.8157,3012.148,200791.484375,3353871.75,278.81946,399.5,294.02167,2046.0127,0.7473135,1806.7831,-0.058748197
7241,1390,2743.351,3762.044,208290.4375,3353846.5,238.5813,374.5849,253.74928,2156.81,0.78937966,1822.1227,-0.08149213
7242,1402,2738.8594,3902.6897,209696.90625,3353891.5,714.9237,930.30994,1008.33344,2046.5728,0.34856468,1824.9972,-0.04900098
7243,1127,2738.9724,4401.4634,214684.625,3353890.25,831.95605,1049.2715,1134.075,2019.6376,0.28183675,1835.2001,-0.03965064
7244,1461,2741.787,4962.6045,220296.046875,3353862.25,619.7016,842.34875,896.52155,2109.8132,0.40449962,1846.6809,-0.05921128
7245,1184,2742.43,3128.2974,201952.96875,3353855.75,281.23352,409.01056,289.9903,2110.4988,0.7567155,1809.1595,-0.071956776
7246,921,2737.4778,4269.913,213369.125,3353905.25,851.9359,1073.7362,1172.6455,2092.6428,0.2800092,1832.5083,-0.056779027
7247,1030,2741.0796,2538.73,196057.296875,3353869.25,206.3233,382.88834,330.49127,1982.0262,0.71543705,1797.1007,-0.03344071
7248,1155,2744.006,2504.833,195718.328125,3353840.0,217.89177,397.25195,360.10562,2011.8927,0.6972805,1796.409,-0.038150173
7249,1135,2738.7788,3333.7761,204007.765625,3353892.25,287.49252,424.74713,294.03613,2207.7563,0.7643755,1813.3602,-0.09658809
7250,1216,2744.12,3840.6868,209076.875,3353838.75,665.3495,859.48975,906.4704,1995.3618,0.3847679,1823.7318,-0.034005877
7251,1168,2740.006,5344.467,224114.671875,3353880.0,751.509,985.1023,1130.9713,2051.3171,0.2955411,1854.4922,-0.047297113
7252,1082,2746.8892,2569.7236,196367.234375,3353811.0,220.01848,388.11276,347.54343,1872.0776,0.6866683,1797.7378,0.00092930347
7253,1244,2745.1624,2968.4968,200354.96875,3353828.5,291.96985,412.88867,301.59406,2132.6343,0.7512793,1805.8927,-0.07985746
7254,1385,2750.026,3724.2144,207912.140625,3353779.75,538.2195,737.8177,768.20575,2210.933,0.50274074,1821.3525,-0.09016854
7255,1265,2746.555,2931.6365,199986.359375,3353814.5,269.27548,410.11066,301.03992,2145.2432,0.7524171,1805.1395,-0.078897424
7256,1415,2747.3816,3936.7527,210037.53125,3353806.25,737.1078,947.1046,1036.0414,1960.9067,0.3186654,1825.6986,-0.028083894
7257,1113,2747.2937,3241.292,203082.921875,3353807.0,286.86343,424.38364,293.5903,2001.9869,0.7420796,1811.4734,-0.04493563
7258,1340,2744.086,5109.0903,221760.90625,3353839.25,601.41266,810.6231,862.33246,1983.7765,0.39590275,1849.6788,-0.029297356
7259,1250,2746.2256,5308.8994,223759.0,3353817.75,436.8584,593.864,675.044,1631.2876,0.42650902,1853.7677,0.06619649
7260,1057,2743.9612,5700.9224,227679.21875,3353840.5,221.11305,340.88504,256.04495,2119.958,0.78217757,1861.787,-0.053368866
7261,1361,2747.3203,3437.388,205043.875,3353806.75,267.03674,398.24283,275.31924,2123.7854,0.7688582,1815.4843,-0.07449629
7262,981,2744.9124,4339.883,214068.828125,3353831.0,906.659,1121.5316,1225.8156,2049.6294,0.25281188,1833.9435,-0.047972538
7263,1412,2749.0786,5034.3555,221013.5625,3353789.25,653.295,862.2989,912.89734,2059.8672,0.3895092,1848.1526,-0.047664642
7264,1146,2745.9739,5476.307,225433.0625,3353820.25,287.01746,424.09335,413.34335,1906.7596,0.64261633,1857.1925,-0.009408503
7265,1199,2746.4253,4207.1743,212741.75,3353815.75,767.1013,1022.9387,1110.7485,2482.3044,0.37587607,1831.2296,-0.13554062
7266,1253,2749.9202,2780.4622,198474.625,3353780.75,263.6676,470.98563,429.95212,2027.9047,0.6778809,1802.0496,-0.046161167
7267,1345,2747.6328,3058.081,201250.8125,3353803.75,301.85947,423.72565,306.79926,2058.0156,0.73918676,1807.7263,-0.06048899
7268,1436,2751.2236,2843.4763,199104.765625,3353767.75,388.10168,615.1111,635.76495,1965.5919,0.57540923,1803.3391,-0.032255337
7269,1109,2748.7449,4464.505,215315.046875,3353792.5,819.94366,1019.9761,1097.1835,1987.2178,0.29071492,1836.4949,-0.030326344
7270,1161,2748.628,3367.5479,204345.46875,3353793.75,265.9522,399.51508,263.7498,2263.0366,0.7903318,1814.0565,-0.107803054
7271,1127,2753.0906,4156.01,212230.09375,3353749.0,620.60956,926.0768,933.03906,2852.9153,0.49598324,1830.1866,-0.20641702
7272,1128,2751.1816,5415.89,224828.90625,3353768.25,357.48538,486.55896,503.69815,1845.7296,0.5724175,1855.9591,0.012908323
7273,1134,2752.582,2679.4058,197464.0625,3353754.25,235.51411,406.47882,334.68695,1979.0785,0.7137051,1799.9843,-0.03849138
7274,1431,2755.3167,2884.3628,199513.625,3353726.75,265.08597,470.78964,398.8218,2158.9294,0.71088266,1804.1776,-0.08121829
7275,1226,2755.9216,4040.8076,211078.078125,3353720.75,767.8377,1005.5469,1143.8141,2125.3127,0.30751744,1827.8317,-0.06848755
7276,1235,2756.3643,4078.2527,211452.53125,3353716.25,715.3247,920.08905,968.3405,1994.4607,0.34649622,1828.5979,-0.031122968
7277,1356,2756.034,5143.7227,222107.21875,3353719.75,590.18585,814.91595,858.26697,2071.8708,0.4180025,1850.3936,-0.050471153
7278,1121,2757.0366,5508.032,225750.3125,3353709.75,310.58386,480.73328,418.8702,2125.9094,0.6702735,1857.8473,-0.06188293
7279,1480,2759.3188,4767.486,218344.859375,3353686.75,755.0358,945.50574,1018.9328,1906.2318,0.30862564,1842.6985,-0.007873352
7280,1032,2755.8372,2743.94,198109.40625,3353721.75,207.60852,388.53973,304.8929,1960.3706,0.7330839,1801.306,-0.036389105
7281,1256,2754.906,3296.551,203635.515625,3353731.0,343.5394,490.53186,372.92355,2192.9407,0.7153475,1812.6078,-0.08816731
7282,1486,2756.8035,4575.112,216421.125,3353712.0,737.2214,912.37854,978.18774,1860.4703,0.3203472,1838.7618,0.002029576
7283,1434,2761.2356,4805.028,218720.28125,3353667.75,819.33405,1013.9069,1097.2448,1905.0345,0.27094045,1843.4675,-0.008940657
7284,1006,2757.2842,4372.34,214393.40625,3353707.25,913.0144,1125.4717,1227.4244,1989.249,0.23634413,1834.6141,-0.03347544
7285,1206,2759.4429,5195.0845,222620.84375,3353685.5,534.59576,778.9797,796.55597,2219.6353,0.46886456,1851.4462,-0.08211533
7286,1234,2758.4507,5581.101,226481.015625,3353695.5,545.1884,791.71594,664.0725,2916.156,0.6227186,1859.3429,-0.19435918
7287,1251,2760.589,4118.1694,211851.6875,3353674.0,636.19183,861.5168,976.486,2161.1426,0.38407785,1829.4166,-0.07544118
7288,1300,2762.774,4685.9556,217529.5625,3353652.25,620.21387,858.37,896.3419,2140.6436,0.4105181,1841.0325,-0.06416609
7289,1346,2763.5037,3469.5186,205365.1875,3353645.0,308.55386,453.3384,348.8514,2145.869,0.73352766,1816.1504,-0.07795267
7290,1593,2766.867,4726.6655,217936.65625,3353611.25,590.69086,804.5775,854.0173,1994.3575,0.41096422,1841.8674,-0.032889485
7291,1218,2765.5073,3215.518,202825.1875,3353625.0,283.00287,427.90762,290.9027,2109.4663,0.7558783,1810.9563,-0.069857106
7292,935,2760.505,4287.2334,213542.34375,3353675.0,857.83746,1066.1177,1152.3812,2006.2812,0.27187935,1832.8749,-0.0369211
7293,1121,2761.3372,4426.985,214939.84375,3353666.75,923.18866,1129.5825,1231.7635,2008.161,0.24002838,1835.7341,-0.037477553
7294,1288,2762.9487,5616.628,226836.28125,3353650.5,386.25427,585.88666,491.2205,2647.5781,0.6851809,1860.072,-0.15088719
7295,1089,2761.4233,5667.754,227347.53125,3353665.75,294.18594,501.27228,376.16528,2869.414,0.76275116,1861.1172,-0.19007654
7296,1307,2765.0183,4007.3428,210743.4375,3353629.75,760.6982,928.5742,1013.59796,1741.6913,0.27310672,1827.1521,0.033991482
7297,1121,2760.207,4243.166,213101.65625,3353678.0,939.9349,1141.8876,1297.9282,1870.6864,0.18148616,1831.9733,-0.0040538367
7298,1243,2763.1328,5275.0015,223420.015625,3353648.75,1238.1761,1478.6584,1644.9742,2022.0881,0.13992745,1853.083,-0.039826795
7299,1255,2762.3977,3098.309,201653.09375,3353656.0,280.90637,390.20956,275.4271,2063.4849,0.7633943,1808.5574,-0.0628544
7300,1266,2761.4968,4534.5195,216015.1875,3353665.0,945.3456,1129.0537,1255.1196,1738.1189,0.16242449,1837.934,0.03506793
7301,1489,2766.1443,4994.597,220615.96875,3353618.5,696.678,904.1313,956.5087,2022.9697,0.3613886,1847.3481,-0.039829507
7302,1177,2763.729,5542.086,226090.859375,3353642.75,423.40695,649.3925,533.3152,2828.0242,0.6796467,1858.5474,-0.18419623
7303,956,2760.5984,2713.9446,197809.4375,3353674.0,219.77615,392.04916,309.43097,1980.8462,0.7319032,1800.6952,-0.041271605
7304,1448,2767.161,3871.0173,209380.171875,3353608.5,755.2742,965.1367,1070.5435,2068.9307,0.3228428,1824.3647,-0.053854853
7305,1172,2764.2815,3969.773,210367.734375,3353637.25,660.22015,847.0836,915.1898,1806.3536,0.330306,1826.3832,0.021799121
7306,997,2765.5837,2609.2979,196762.984375,3353624.25,217.10832,387.48947,352.62085,1918.6971,0.6892342,1798.5579,-0.016833048
7307,1371,2767.3347,5065.5166,221325.15625,3353606.75,612.969,835.1787,893.2954,2073.256,0.39485678,1848.7996,-0.048683424
7308,1121,2768.67,2991.5781,200585.78125,3353593.25,288.6628,412.06378,309.98795,2060.9531,0.73697376,1806.3779,-0.060640343
7309,984,2766.633,4318.358,213853.578125,3353613.75,813.375,1036.2728,1118.7465,2091.9963,0.30761883,1833.5149,-0.056614846
7310,1273,2768.538,3178.7776,202457.78125,3353594.5,279.51138,419.38022,280.86725,2217.454,0.7726416,1810.2065,-0.095999934
7311,1254,2770.3494,3265.7185,203327.1875,3353576.5,284.7863,424.0961,284.622,2108.7788,0.7599986,1811.9858,-0.07111178
7312,1504,2770.9868,4867.7646,219347.65625,3353570.25,665.756,863.1606,892.32544,2018.3461,0.3974155,1844.756,-0.038611762
7313,1265,2768.3716,5238.0894,223050.890625,3353596.25,1196.132,1449.9894,1588.7372,2190.1443,0.18996523,1852.3306,-0.080291264
7314,1213,2770.6545,3029.3833,200963.828125,3353573.5,294.00082,427.76917,323.96002,2025.6686,0.7224373,1807.1522,-0.051388185
7315,1136,2767.7166,4495.2983,215622.984375,3353602.75,759.12415,999.9472,1048.9943,2268.36,0.3622796,1837.1349,-0.09476029
7316,982,2767.2495,5727.4707,227944.703125,3353607.5,204.54022,328.9058,292.98627,1911.1477,0.73322546,1862.3419,-0.005737649
7317,1424,2771.7036,2808.7578,198757.578125,3353563.0,212.92662,394.57092,354.8104,1857.842,0.6881612,1802.6406,-0.0073904707
7318,1222,2769.7537,5369.7603,224367.59375,3353582.5,680.64526,895.11786,1006.46893,2053.9578,0.3601997,1855.025,-0.04750234
7319,1513,2773.9497,4649.7173,217167.171875,3353540.5,682.5641,909.8731,970.7822,2269.4297,0.4048067,1840.2971,-0.09255326
7320,1295,2771.745,5448.3706,225153.703125,3353562.5,279.81274,412.05484,397.56757,1790.071,0.6352911,1856.6343,0.023961931
7321,1317,2770.996,3403.18,204701.796875,3353570.0,266.20654,397.78702,268.26462,2244.795,0.78590685,1814.7977,-0.10372836
7322,1359,2773.434,3784.1147,208511.15625,3353545.75,671.8344,879.5751,944.5051,2077.3347,0.39902988,1822.5906,-0.058490023
7323,1104,2771.009,2529.4702,195964.703125,3353570.0,264.2337,451.52808,432.048,2008.2211,0.6516197,1796.9283,-0.037479546
7324,1163,2772.7944,2640.3354,197073.359375,3353552.0,236.70851,406.65607,365.4884,1936.589,0.68590325,1799.1967,-0.015854497
7325,1183,2774.9458,2916.8909,199838.90625,3353530.5,206.18175,369.41165,275.3487,2102.7375,0.7688783,1804.854,-0.06754641
7326,1275,2773.375,3824.7607,208917.609375,3353546.25,771.65375,998.4486,1090.7776,2071.551,0.31604156,1823.422,-0.05795749
7327,1257,2777.1765,4182.133,212491.328125,3353508.25,756.99445,990.9205,1027.5132,2326.7705,0.3728128,1830.734,-0.10153898
7328,1567,2776.448,4946.4717,220134.71875,3353515.5,602.2399,829.0842,833.3519,2200.6497,0.45108667,1846.369,-0.07790373
7329,1289,2772.5989,4611.052,216780.515625,3353554.0,697.4666,871.58185,932.8363,1879.7432,0.352044,1839.5054,-0.003662715
7330,1160,2773.4656,5334.214,224012.140625,3353545.25,693.55774,922.5246,1101.4302,2056.2754,0.3071272,1854.2997,-0.048282575
7331,1087,2779.149,5755.3965,228223.96875,3353488.5,187.86108,305.8229,259.77322,1841.9618,0.75229186,1862.9193,0.01006021
7332,1251,2772.645,3332.4397,203994.40625,3353553.5,285.82135,418.31696,293.56836,2145.7498,0.75899786,1813.3517,-0.08104852
7333,1382,2777.2476,3140.7104,202077.109375,3353507.5,294.2793,415.9461,286.23047,2170.64,0.76552486,1809.4329,-0.087013625
7334,1337,2779.448,5099.6313,221666.3125,3353485.5,578.7999,819.03253,854.6051,2153.1309,0.43026426,1849.5038,-0.067868076
7335,954,2776.0913,5693.819,227608.1875,3353519.0,317.99896,516.04456,393.0372,2850.0115,0.75457984,1861.658,-0.1900258
7336,1450,2780.494,3905.402,209724.015625,3353475.0,621.09,830.38416,868.9383,2129.1455,0.427119,1825.0753,-0.07044586
7337,1108,2778.6904,4394.652,214616.515625,3353493.0,865.4544,1080.764,1199.0947,2010.2391,0.25461677,1835.0819,-0.039173063
7338,1725,2785.4006,4904.3345,219713.34375,3353426.0,677.85944,906.2246,989.3974,2087.7737,0.36967388,1845.5117,-0.055225566
7339,1483,2784.6816,4833.5767,219005.765625,3353433.25,765.5219,981.2893,1037.8854,2067.1033,0.33671042,1844.0638,-0.049276404
7340,1277,2784.4792,5171.2285,222382.28125,3353435.25,570.41974,801.518,808.9029,2145.7742,0.45214796,1850.9711,-0.06690758
7341,1522,2782.9941,3740.08,208070.796875,3353450.0,594.57227,812.3341,893.0098,2246.0444,0.45210233,1821.6952,-0.09939109
7342,1055,2780.291,4213.872,212808.71875,3353477.0,862.0024,1195.718,1413.5768,2428.1475,0.2708097,1831.3849,-0.12787583
7343,1032,2779.6152,4348.7393,214157.390625,3353483.75,909.6618,1120.702,1237.9104,1956.268,0.22398011,1834.1433,-0.024544545
7344,1260,2781.5874,5407.655,224746.546875,3353464.0,376.30872,536.91626,535.6262,1906.6936,0.5631667,1855.8064,-0.006675347
7345,1443,2784.5635,2955.07,200220.703125,3353434.25,292.81567,414.71692,307.87665,2082.3247,0.7406835,1805.6401,-0.06363027
7346,964,2782.5903,4267.189,213341.890625,3353454.0,743.5088,978.2199,1049.791,2177.7397,0.34115618,1832.4767,-0.07216637
7347,1170,2781.664,5484.6797,225516.796875,3353463.25,309.4269,470.50128,415.34018,2079.1738,0.66631407,1857.3822,-0.051990163
7348,1196,2783.5586,2761.2258,198282.25,3353444.5,207.0301,399.6438,305.01172,2098.5745,0.7454523,1801.6752,-0.06778962
7349,1295,2783.834,3068.654,201356.546875,3353441.75,296.43628,407.1162,284.49884,2083.1885,0.758835,1807.9628,-0.06745343
7350,1073,2780.4268,4458.6196,215256.1875,3353475.75,849.22784,1058.4441,1147.1067,2015.6798,0.27864063,1836.3914,-0.039293356
7351,894,2782.5525,2693.5403,197605.40625,3353454.5,229.61969,407.53467,354.2819,2005.8982,0.6954388,1800.2903,-0.029318763
7352,1297,2786.7324,5643.5996,227106.0,3353412.75,249.67888,409.12335,327.97534,2294.5645,0.747309,1860.636,-0.084523425
7353,1164,2781.9243,3368.9648,204359.65625,3353460.75,266.60867,398.08118,264.70404,2253.5598,0.789144,1814.1039,-0.10615808
7354,1186,2785.8945,4145.227,212122.265625,3353421.0,743.88745,960.01855,1042.6871,2116.6519,0.3388967,1829.9838,-0.060360692
7355,1159,2788.8171,5214.0967,222810.96875,3353391.75,570.8158,817.9206,824.8874,2251.5444,0.46758828,1851.8503,-0.08918816
7356,1224,2787.2737,5301.062,223680.625,3353407.25,913.3223,1124.1781,1255.1396,1896.7422,0.25243872,1853.6287,-0.0057703666
7357,1316,2788.212,3943.4111,210104.109375,3353398.0,632.9548,870.9943,997.3222,2286.565,0.40505916,1825.8569,-0.103003815
7358,1282,2788.1372,4057.713,211247.125,3353398.75,686.4212,914.6061,992.7714,2026.9984,0.34413913,1828.195,-0.040137313
7359,1213,2787.7163,4097.6924,211646.921875,3353402.75,744.32275,941.1575,1031.679,1966.2683,0.319781,1829.0125,-0.026236225
7360,989,2789.549,2665.726,197327.265625,3353384.5,212.41962,366.68454,322.65823,1908.9788,0.7089292,1799.7255,-0.010852051
7361,1464,2789.946,2852.3157,199193.15625,3353380.5,398.02765,633.8586,668.6824,2068.6003,0.5682911,1803.5417,-0.059342165
7362,1443,2789.4143,3433.896,205008.96875,3353385.75,268.8524,401.76993,275.18295,2211.282,0.7776435,1815.4362,-0.09575132
7363,1571,2791.3623,5027.34,220943.40625,3353366.5,651.5414,869.1693,919.3221,2078.9902,0.38566387,1848.0311,-0.050717335
7364,1229,2792.3694,4557.935,216249.34375,3353356.25,731.85394,900.3405,964.7685,1864.046,0.33014423,1838.4293,-0.0010775957
7365,1229,2791.2676,5132.8706,221998.703125,3353367.25,541.035,764.7242,772.8796,2131.0068,0.4601175,1850.19,-0.05910181
7366,1203,2792.0066,5560.502,226275.015625,3353360.0,436.48712,616.31006,518.9435,2453.054,0.6453422,1858.9387,-0.118019596
7367,1339,2793.5288,3304.2913,203712.90625,3353344.75,277.7319,408.91113,281.26175,2097.0242,0.7616215,1812.7876,-0.06787127
7368,1095,2792.5562,2726.0713,197930.71875,3353354.5,231.24384,414.242,356.67853,2036.4539,0.7030299,1800.9613,-0.043804534
7369,1304,2798.1182,3236.809,203038.09375,3353298.75,299.14648,448.1476,310.8888,2251.576,0.7575731,1811.4099,-0.10241722
7370,1233,2793.7405,5594.8604,226618.59375,3353342.5,304.1484,461.5069,387.3386,2349.5264,0.715847,1859.6425,-0.08721557
7371,1397,2795.6292,4754.4346,218214.34375,3353323.75,616.2097,835.4363,832.4019,2176.94,0.4444594,1842.4507,-0.07071475
7372,1226,2793.986,2886.7544,199537.546875,3353340.25,181.01141,357.5057,260.37683,2062.8296,0.7757616,1804.2483,-0.0622081
7373,1059,2793.4465,4301.46,213684.59375,3353345.5,667.8985,915.8654,944.48914,2340.1987,0.42074794,1833.1836,-0.1108182
7374,1097,2794.4712,4523.3154,215903.15625,3353335.25,776.3751,960.5091,1083.3998,1754.4645,0.24290286,1837.7223,0.02934498
7375,1378,2797.3591,5520.352,225873.515625,3353306.5,628.81604,879.6284,800.68866,2725.807,0.54155606,1858.12,-0.16169931
7376,1316,2796.9353,3107.9893,201749.890625,3353310.75,297.21582,404.00153,277.41412,2116.9868,0.7659877,1808.7747,-0.0721651
7377,1226,2796.107,3984.898,210518.984375,3353319.0,838.6244,1008.68884,1096.7986,1743.1179,0.23386225,1826.7098,0.03408827
7378,1319,2800.179,3852.0205,209190.203125,3353278.25,885.6285,1108.246,1227.415,2104.2786,0.26373753,1823.9941,-0.06449089
7379,1409,2797.1206,4694.081,217610.8125,3353308.75,689.07916,930.3772,979.56635,2213.831,0.3950205,1841.2168,-0.086183295
7380,1265,2800.3186,4022.4207,210894.203125,3353276.75,911.48535,1110.6628,1239.919,1939.1929,0.2216948,1827.4796,-0.019672602
7381,1227,2801.7686,4589.7,216567.0,3353262.25,625.15485,805.5432,874.676,1930.5334,0.38741085,1839.0841,-0.017634599
7382,1053,2795.66,4427.984,214949.84375,3353323.5,909.20325,1109.9045,1222.6315,1963.5114,0.2349013,1835.7728,-0.026969885
7383,1620,2802.892,4792.339,218593.390625,3353251.0,742.8025,942.3127,1027.8643,1877.6151,0.29961684,1843.2299,-0.001034115
7384,1619,2802.5354,4984.0107,220510.109375,3353254.75,652.8706,876.0556,931.5856,2011.1665,0.3676168,1847.1506,-0.03591359
7385,1337,2799.9058,5263.5757,223305.75,3353281.0,1542.9723,1815.8309,2011.4839,2149.2954,0.033167407,1852.8683,-0.073814675
7386,965,2798.1006,5714.143,227811.4375,3353299.0,206.65285,335.98447,288.48706,2037.3876,0.75035805,1862.0851,-0.036925428
7387,1226,2801.3923,3203.5547,202705.546875,3353266.0,272.83362,410.78998,275.98123,2252.7988,0.78103244,1810.7317,-0.106838785
7388,1054,2799.7354,4237.8965,213048.96875,3353282.75,720.2519,1049.0873,1190.7424,2566.6812,0.37510315,1831.8867,-0.15989916
7389,1377,2799.3406,3470.8425,205378.421875,3353286.5,273.89578,406.25745,297.38852,2110.8105,0.753405,1816.1973,-0.0725227
7390,1299,2806.444,2779.9985,198469.984375,3353215.5,202.82448,395.09854,317.31793,1995.5844,0.7296475,1802.072,-0.03507895
7391,1078,2805.1772,4368.798,214357.96875,3353228.25,849.0853,1070.9861,1176.827,2040.1855,0.2694422,1834.5673,-0.04566381
7392,989,2798.9707,4490.562,215575.625,3353290.25,761.8842,1003.21686,1107.3898,2098.6223,0.30963203,1837.0547,-0.05687388
7393,1251,2805.2861,2819.6746,198866.75,3353227.25,225.01039,414.18146,346.43805,1926.3525,0.69973385,1802.8828,-0.019138101
7394,1274,2800.1743,2993.088,200600.875,3353278.25,307.2806,438.5063,331.97998,2113.5413,0.7279279,1806.4265,-0.07406908
7395,1168,2803.8135,3169.0334,202360.328125,3353241.75,284.9311,423.56592,289.48587,2246.801,0.77038103,1810.027,-0.104466446
7396,1250,2802.824,5375.323,224423.234375,3353251.75,685.1468,890.932,1009.5,2000.4752,0.33547932,1855.1559,-0.035240512
7397,1222,2806.3716,5678.028,227450.28125,3353216.25,201.34206,324.98526,275.88748,1919.917,0.74741507,1861.3503,-0.0071731545
7398,1333,2804.4517,2611.9543,196789.546875,3353235.5,255.82745,427.28882,389.24606,1955.7607,0.6688844,1798.6343,-0.023075007
7399,1261,2802.9944,3034.0015,201010.015625,3353250.0,315.92346,430.8517,312.138,2063.956,0.7359989,1807.2648,-0.06268394
7400,1288,2806.1902,3772.3184,208393.1875,3353218.0,585.474,776.1079,804.99884,2184.9473,0.47077107,1822.3672,-0.07759617
7401,1262,2805.367,3812.404,208794.03125,3353226.25,468.42038,667.4497,659.56775,2207.9292,0.5652418,1823.1866,-0.08672274
7402,1266,2807.482,4625.4243,216924.25,3353205.25,654.2887,848.0166,897.9285,2003.1758,0.3899264,1839.8179,-0.03352211
7403,1162,2805.2546,3269.6953,203366.953125,3353227.5,271.67255,407.3025,273.19363,2102.4983,0.7680372,1812.0865,-0.06981803
7404,1101,2808.5613,4332.5757,213995.75,3353194.5,827.70166,1047.2798,1132.0454,2109.0486,0.30421773,1833.8281,-0.060914226
7405,1467,2805.681,5065.7363,221327.359375,3353223.25,625.50476,867.58655,911.0109,2207.742,0.41699007,1848.8241,-0.08281683
7406,1266,2808.8032,3350.139,204171.390625,3353192.0,260.93127,387.8519,255.8977,2190.3645,0.78967017,1813.7338,-0.091152206
7407,1316,2807.4392,5445.116,225121.15625,3353205.5,304.1425,452.86703,399.88754,1860.6608,0.6481594,1856.586,0.0039526066
7408,1538,2812.5774,3393.2693,204602.6875,3353154.25,262.671,389.88165,262.92685,2218.8723,0.7877191,1814.6179,-0.0987213
7409,1266,2807.4233,5334.353,224013.53125,3353205.75,519.85114,698.6434,787.8037,1780.7938,0.40424827,1854.3201,0.02477875
7410,969,2810.6326,5739.428,228064.28125,3353173.75,243.45872,374.4288,297.74457,2291.261,0.76755977,1862.6088,-0.091005966
7411,1293,2809.9058,2922.8013,199898.015625,3353181.0,216.26682,368.2297,285.87973,1992.3566,0.7488395,1804.9945,-0.040152013
7412,1294,2814.1282,4126.602,211936.015625,3353138.75,786.6109,981.0147,1061.2206,1996.8358,0.31600177,1829.618,-0.036896124
7413,1364,2814.9553,4661.8066,217288.0625,3353130.5,643.0345,870.8677,871.99854,2266.5356,0.44771364,1840.566,-0.0937352
7414,1430,2817.1204,3882.2686,209492.6875,3353108.75,870.71783,1061.5165,1155.4777,1945.036,0.25612822,1824.6221,-0.025102003
7415,1239,2817.1428,5618.941,226859.40625,3353108.5,215.13559,337.47983,297.12308,1859.7485,0.7246555,1860.1471,0.012908056
7416,1043,2814.373,5769.9204,228369.203125,3353136.25,261.1275,385.4559,322.05368,2068.5469,0.7292775,1863.2344,-0.035390407
7417,1161,2813.266,2646.9966,197139.96875,3353147.25,219.82945,382.55383,349.3006,1891.8475,0.689705,1799.3558,-0.008078289
7418,1293,2814.628,4167.832,212348.3125,3353133.75,840.33295,1059.7656,1159.9265,2068.4875,0.28342792,1830.4617,-0.053845648
7419,1453,2817.7322,4725.0776,217920.78125,3353102.75,633.9907,863.48004,878.47076,2139.3594,0.42065987,1841.8618,-0.06722582
7420,943,2811.5144,4400.5854,214675.859375,3353164.75,854.61774,1061.4586,1153.8516,1955.8362,0.26089165,1835.2208,-0.025434965
7421,1725,2816.6458,4867.581,219345.8125,3353113.5,617.51654,818.06433,842.6394,2008.7815,0.41906694,1844.7762,-0.034755778
7422,1196,2815.4465,5194.4023,222614.03125,3353125.5,589.1083,817.81525,853.77344,2077.9993,0.4173152,1851.4613,-0.048735674
7423,1601,2815.2112,4942.5923,220095.921875,3353128.0,666.02966,894.6102,927.91785,2126.6345,0.39088506,1846.3099,-0.06149907
7424,1293,2816.8167,3921.1802,209881.796875,3353111.75,663.55725,881.87976,971.86505,2239.1008,0.39911994,1825.4177,-0.09439143
7425,1326,2817.141,4204.159,212711.59375,3353108.5,688.3378,963.19794,988.65234,2503.4426,0.4269038,1831.206,-0.13759153
7426,1237,2819.6216,5234.396,223013.96875,3353083.75,854.97656,1097.1499,1165.0502,2144.3286,0.33775678,1852.2816,-0.067330495
7427,1209,2813.636,5482.0156,225490.15625,3353143.75,481.58105,665.33124,593.7998,2248.067,0.5759747,1857.3441,-0.0795205
7428,1047,2813.1394,4460.131,215271.3125,3353148.5,688.65186,938.5597,952.1165,2364.4326,0.4227358,1836.4398,-0.11639452
7429,1198,2817.59,5155.2344,222222.34375,3353104.0,528.0972,762.50836,774.17944,2127.0295,0.46656328,1850.6611,-0.06381593
7430,1151,2815.848,5413.2227,224802.21875,3353121.5,523.5209,695.92487,761.79584,1880.3849,0.4375575,1855.9379,-0.0009971071
7431,1127,2814.0886,2694.1357,197611.359375,3353139.0,195.15262,357.72226,310.42236,1940.4525,0.72314364,1800.3203,-0.023420429
7432,1013,2813.6753,4269.5044,213365.046875,3353143.25,762.615,1016.7971,1091.5464,2294.7122,0.34520823,1832.5408,-0.09749268
7433,1446,2819.0366,5106.8755,221738.75,3353089.75,567.6245,796.1449,805.61414,2116.8054,0.44855252,1849.6726,-0.059980504
7434,1332,2821.0825,3142.0247,202090.25,3353069.25,300.45084,431.018,293.31042,2241.4873,0.76764697,1809.4843,-0.10431324
7435,1242,2819.327,4087.111,211541.109375,3353086.75,798.38367,996.6675,1094.1381,1964.8036,0.28389528,1828.8131,-0.023977356
7436,1304,2819.7446,3071.4954,201384.953125,3353082.5,304.71472,415.6135,295.91028,2050.7876,0.7465895,1808.041,-0.058923796
7437,1263,2822.1433,2735.837,198028.375,3353058.5,186.92953,354.55185,302.39984,1904.289,0.7270323,1801.1777,-0.014030222
7438,1284,2823.6138,3962.4524,210294.53125,3353043.75,858.6569,1024.2146,1098.0393,1838.5468,0.27264473,1826.2656,0.0094162
7439,1458,2823.1494,4826.921,218939.21875,3353048.5,675.8481,894.4705,928.988,2003.0114,0.36545113,1843.948,-0.033108506
7440,1165,2826.7366,3324.6267,203916.265625,3353012.75,265.21158,387.21503,256.51416,2204.7117,0.79051274,1813.2219,-0.094549514
7441,1228,2823.619,4048.5889,211155.890625,3353043.75,858.29193,1042.5896,1140.5167,1840.467,0.23628211,1828.0275,0.0059940526
7442,1279,2823.0923,5297.5723,223645.71875,3353049.0,1437.7654,1708.7341,1892.339,2125.0605,0.06823649,1853.5758,-0.067137934
7443,1288,2824.625,5549.2173,226162.171875,3353033.75,292.85248,415.96622,364.83347,1827.5438,0.6736597,1858.7245,0.019976249
7444,1445,2826.1882,2958.3225,200253.21875,3353018.0,283.7166,402.8526,321.34845,1895.2758,0.70898354,1805.7301,-0.015605981
7445,1142,2825.1113,5650.544,227175.4375,3353029.0,262.38922,392.6493,369.92908,1937.4111,0.6824814,1860.7977,-0.008907681
7446,1117,2825.991,4534.26,216012.59375,3353020.0,823.78156,988.2202,1087.8357,1735.471,0.23559994,1837.9629,0.03511852
7447,1486,2828.7827,3430.0134,204970.125,3352992.25,272.38998,401.62482,280.22342,2208.936,0.77426857,1815.3784,-0.095046185
7448,1570,2829.5503,4904.479,219714.78125,3352984.5,517.26495,735.15576,713.45605,2174.0803,0.5116793,1845.5378,-0.074342646
7449,1432,2828.5342,2882.4763,199494.765625,3352994.75,298.88162,494.96542,451.44308,1954.4187,0.6611882,1804.1803,-0.029876713
7450,1255,2830.2566,4001.1553,210681.5625,3352977.5,681.8522,856.4355,889.74744,1878.9382,0.36760846,1827.0609,-0.0048008147
7451,1023,2826.9795,4299.8857,213668.859375,3353010.25,710.2654,983.936,1084.3597,2357.682,0.3705056,1833.1693,-0.11883032
7452,1250,2833.6648,3291.5393,203585.390625,3352943.25,267.062,396.3308,269.202,2072.9768,0.76801205,1812.5491,-0.061831076
7453,1065,2828.3577,4498.4365,215654.375,3352996.5,761.09204,979.984,1078.4644,2008.0911,0.30712813,1837.2314,-0.03781472
7454,1176,2831.6538,4567.034,216340.34375,3352963.5,562.30145,765.68195,788.57697,2120.6094,0.46595147,1838.6364,-0.0638
7455,1716,2831.303,5024.022,220910.21875,3352967.0,540.6713,744.3252,767.29865,1990.5519,0.44551247,1847.9841,-0.029002422
7456,1386,2832.5852,5585.7246,226527.25,3352954.25,242.67389,352.94843,343.60355,1721.3254,0.6699317,1859.4755,0.051304802
7457,1445,2834.6055,2841.427,199084.265625,3352934.0,237.41454,423.6,372.28165,1900.764,0.67833954,1803.3441,-0.011624418
7458,1077,2832.141,5356.653,224236.53125,3352958.5,568.52136,755.63837,862.79895,1839.3751,0.37794775,1854.7891,0.008641987
7459,1220,2831.9033,5705.21,227722.09375,3352961.0,245.30574,364.55368,365.67828,1837.1266,0.671111,1861.9196,0.011348835
7460,1244,2835.245,2797.484,198644.84375,3352927.5,194.09566,371.67203,322.45258,1908.7621,0.7147301,1802.4458,-0.011244681
7461,1213,2831.9456,2998.0989,200650.984375,3352960.5,334.29803,456.30585,344.7131,2084.5862,0.714192,1806.5468,-0.06457345
7462,1212,2832.354,3104.6692,201716.6875,3352956.5,277.1807,385.42944,271.49298,2042.401,0.76430523,1808.7266,-0.055921588
7463,1137,2831.8972,4428.271,214952.71875,3352961.0,795.49255,1023.0317,1076.3329,2158.4236,0.32856202,1835.7981,-0.06973936
7464,1583,2836.7732,4764.2476,218312.46875,3352912.25,610.26245,809.54803,816.7328,2127.9937,0.45515692,1842.6731,-0.06175407
7465,1376,2836.497,3839.0051,209060.046875,3352915.0,567.18494,749.32776,758.8612,2193.5022,0.51596373,1823.7477,-0.085316636
7466,1425,2836.9607,5511.2905,225782.90625,3352910.5,403.79053,544.47406,464.0828,2141.8186,0.65025526,1857.955,-0.04456599
7467,1280,2836.1648,3187.0852,202540.84375,3352918.25,300.15665,429.3426,292.51642,2223.1829,0.76676047,1810.4142,-0.10046459
7468,1424,2836.2246,3466.076,205330.75,3352917.75,342.6222,493.57513,417.01614,2189.745,0.716305,1816.1201,-0.08946022
7469,1352,2839.8018,3222.1567,202891.5625,3352882.0,268.97708,409.70117,285.625,2153.9453,0.76312894,1811.1334,-0.08091177
7470,1209,2836.8206,3800.651,208676.5,3352911.75,269.43423,421.0579,313.05667,2225.4482,0.7606393,1822.9634,-0.09162998
7471,1155,2834.3247,4238.484,213054.84375,3352936.75,692.945,948.39655,1011.61084,2423.9395,0.4057533,1831.9174,-0.12612434
7472,1315,2840.4282,3254.8813,203218.8125,3352875.75,267.95743,404.37378,275.88214,2111.8315,0.7679441,1811.8031,-0.07363989
7473,1047,2837.3486,4356.8203,214238.203125,3352906.5,494.94412,721.5396,701.7545,2319.9102,0.5482708,1834.3395,-0.110421166
7474,1161,2839.783,5390.241,224572.40625,3352882.25,568.6533,764.4328,852.3497,1969.5142,0.40228647,1855.4801,-0.025977585
7475,1236,2836.9675,3033.1108,201001.109375,3352910.25,328.95267,442.56836,325.71237,2133.734,0.7337487,1807.2656,-0.07764363
7476,1246,2840.0457,4600.8516,216678.515625,3352879.5,606.4948,861.7408,837.626,2507.5918,0.49841714,1839.3325,-0.14507924
7477,1448,2840.4531,4691.308,217583.078125,3352875.5,690.25586,930.20374,979.20337,2232.7515,0.39306065,1841.183,-0.08791006
7478,1249,2840.1833,5265.9097,223329.09375,3352878.25,1530.0288,1803.5961,1998.721,2224.3816,0.05871089,1852.9369,-0.09030631
7479,1286,2844.2092,2757.1018,198241.015625,3352838.0,186.16641,359.8919,308.76984,1929.1664,0.72346807,1801.6251,-0.02060996
7480,992,2839.2903,4389.6763,214566.765625,3352887.0,815.07007,1032.3568,1100.3881,2117.1099,0.31322423,1835.0126,-0.06082525
7481,1672,2842.4287,4980.046,220470.46875,3352855.75,660.7727,886.6839,934.4474,2086.5098,0.3763032,1847.0903,-0.050315138
7482,1483,2845.4263,3365.1746,204321.75,3352825.75,267.39145,392.441,265.2043,2238.763,0.78754276,1814.0615,-0.10280535
7483,1183,2842.2173,4636.8506,217038.5,3352857.75,629.5486,855.66486,858.784,2332.8027,0.45318538,1840.0701,-0.10115022
7484,1363,2843.3315,5464.126,225311.25,3352846.75,499.03632,671.38116,583.9945,2294.6467,0.58887047,1856.9934,-0.08741176
7485,1213,2842.7617,3764.2827,208312.828125,3352852.5,243.30708,385.49545,266.62613,2236.6125,0.78553736,1822.2228,-0.095438875
7486,1412,2841.206,5068.0815,221350.8125,3352868.0,591.2578,822.0152,854.5853,2106.9146,0.4226389,1848.8906,-0.058790695
7487,967,2842.6245,4325.8037,213928.03125,3352853.75,401.25024,640.03467,553.78644,2638.7827,0.65542126,1833.7079,-0.17182897
7488,1257,2846.4695,5139.3477,222063.46875,3352815.25,642.2764,854.9161,890.81744,2013.7004,0.38938522,1850.3512,-0.03579142
7489,1173,2844.4656,5781.5815,228485.8125,3352835.25,264.1752,384.19223,335.03793,2022.0823,0.71607995,1863.4883,-0.030771067
7490,1314,2848.109,4147.471,212144.71875,3352799.0,718.9258,914.09436,974.0605,1973.9398,0.35371324,1830.0632,-0.02910039
7491,1168,2846.9385,5178.5093,222455.09375,3352810.5,534.9221,762.5899,795.69006,2030.2389,0.43752193,1851.1525,-0.038587235
7492,1262,2848.904,5324.431,223914.3125,3352791.0,1067.7666,1309.0745,1462.401,2003.7322,0.19078165,1854.1385,-0.0360658
7493,1121,2842.207,5741.645,228086.453125,3352858.0,229.75603,341.24622,319.11328,1877.6267,0.70691067,1862.6702,0.0036894314
7494,1329,2844.2844,2921.5967,199885.96875,3352837.25,231.2596,391.5997,309.91235,1927.5011,0.72855335,1804.9891,-0.023261804
7495,1263,2848.369,4110.7583,211777.578125,3352796.25,828.0693,1036.3099,1132.4121,2000.9758,0.28193438,1829.3125,-0.0361205
7496,1008,2843.3303,4463.7627,215307.625,3352846.75,648.75995,913.0124,966.0947,2410.9802,0.42541993,1836.5302,-0.124148816
7497,1611,2852.6084,4801.3296,218683.296875,3352754.0,496.59155,665.6136,666.27997,1986.2169,0.5136655,1843.44,-0.025911998
7498,1112,2847.0332,5214.456,222814.5625,3352809.75,495.17627,742.45056,745.1794,2169.9631,0.48532033,1851.888,-0.06866377
7499,1193,2849.1433,3906.725,209737.25,3352788.5,764.5281,953.6035,1028.5406,1964.6622,0.32500675,1825.1396,-0.026696749
7500,1214,2850.5823,3942.8525,210098.53125,3352774.25,768.1944,951.9011,1018.6326,1810.4646,0.28704828,1825.8794,0.013519011
7501,1303,2850.0552,4184.426,212514.25,3352779.5,739.3415,960.63086,1026.0779,2172.4006,0.36369288,1830.8201,-0.07486159
7502,1387,2851.773,5426.2915,224932.90625,3352762.25,411.8623,568.9805,579.27075,1827.0498,0.52108,1856.2238,0.016235506
7503,1361,2851.9656,5672.031,227390.3125,3352760.25,257.51212,381.3784,354.63336,1917.1866,0.68935204,1861.251,-0.008774417
7504,1049,2846.3347,4271.2793,213382.796875,3352816.75,717.1735,974.56195,1106.3156,2231.0251,0.34184018,1832.5946,-0.0920041
7505,1392,2855.7708,4027.278,210942.78125,3352722.25,739.5417,915.39044,965.6925,1850.7349,0.32519996,1827.609,0.0034231436
7506,1209,2851.211,4068.7551,211357.546875,3352768.0,830.22455,1029.0793,1132.1534,1974.9404,0.2871274,1828.4548,-0.024226632
7507,1464,2855.9304,3401.3845,204683.84375,3352720.75,273.57547,400.37262,281.8528,2210.6355,0.7731479,1814.808,-0.09616916
7508,1313,2856.0107,3870.8987,209378.984375,3352720.0,680.9562,838.60284,844.4246,2067.4768,0.4409575,1824.4106,-0.05010026
7509,1740,2858.6821,4846.9146,219139.140625,3352693.25,778.4414,988.47876,1080.279,1907.8302,0.2819906,1844.3756,-0.009096221
7510,1210,2854.8652,3063.0571,201300.5625,3352731.25,326.1723,431.93347,310.96652,2098.4934,0.74077255,1807.8881,-0.0700398
7511,1662,2856.6433,4938.378,220053.78125,3352713.5,689.34564,911.77496,912.8896,2195.745,0.410984,1846.2455,-0.077636816
7512,1151,2855.2625,3131.927,201989.265625,3352727.5,319.6829,432.2311,305.81015,2214.7493,0.7569655,1809.2968,-0.099382825
7513,1547,2857.854,5629.3228,226963.21875,3352701.5,262.12216,384.32483,338.0976,1928.2748,0.70087,1860.3802,-0.0023728744
7514,1341,2862.2417,3165.6875,202326.875,3352657.5,319.1372,430.8613,297.53094,2220.5288,0.7631081,1809.9911,-0.10021334
7515,1508,2858.5928,4729.2295,217962.296875,3352694.0,800.2006,1029.9788,1126.0186,2142.2832,0.31430745,1841.9683,-0.06949956
7516,1238,2855.6042,5103.084,221700.84375,3352724.0,623.5048,838.1034,888.7375,2010.6975,0.38952208,1849.6141,-0.034853578
7517,1265,2860.6245,4220.678,212876.78125,3352673.75,788.81305,1002.17194,1081.9304,2072.57,0.31183788,1831.5673,-0.049584422
7518,1213,2860.6382,2973.864,200408.640625,3352673.5,303.21518,429.9048,337.2836,1952.493,0.7036355,1806.0673,-0.0292685
7519,1033,2857.4211,4524.869,215918.6875,3352705.75,738.67426,914.7459,1000.1138,1804.7808,0.29449555,1837.7876,0.016049746
7520,1250,2860.4,2867.72,199347.203125,3352676.0,236.594,421.6364,340.7356,2067.1787,0.7189017,1803.8964,-0.05470721
7521,1387,2861.817,3984.8032,210518.03125,3352661.75,612.1972,812.40955,850.5227,2084.5386,0.43227392,1826.7435,-0.055834096
7522,1263,2865.251,4661.4585,217284.59375,3352627.5,752.6061,977.0511,1078.6326,2179.3228,0.34113201,1840.5856,-0.076343164
7523,1537,2861.0566,5545.5063,226125.0625,3352669.5,338.12558,473.4203,398.797,2019.4144,0.6765711,1858.6674,-0.015347941
7524,878,2858.213,4493.272,215602.71875,3352697.75,859.5387,1084.6361,1223.9891,2037.8308,0.25589907,1837.1417,-0.04065752
7525,1757,2866.5994,4889.204,219562.03125,3352614.0,607.47894,814.1135,848.1958,2016.4027,0.41940123,1845.2449,-0.038663164
7526,1213,2865.4072,2814.2876,198812.875,3352626.0,182.77576,356.1896,316.2292,1891.1188,0.7149954,1802.8065,-0.01066885
7527,1181,2865.431,5242.7944,223097.9375,3352625.75,476.0436,742.88525,715.9632,2251.8005,0.5232588,1852.4772,-0.0874211
7528,1342,2860.529,3324.944,203919.4375,3352674.75,269.0153,394.18555,269.73697,2188.5288,0.7798652,1813.2472,-0.091600284
7529,1010,2864.2148,4405.782,214727.8125,3352637.75,812.2931,1042.8134,1103.2124,2168.314,0.3243348,1835.3553,-0.07520004
7530,1263,2864.4006,5294.156,223611.5625,3352636.0,1498.5427,1768.0364,1965.9323,2140.1235,0.043510646,1853.5272,-0.07128414
7531,1083,2864.373,4557.5615,216245.625,3352636.25,693.6265,900.9575,988.69946,2076.0503,0.36582485,1838.46,-0.054983478
7532,1292,2868.144,3096.6719,201636.71875,3352598.5,321.57584,427.79605,307.68112,2158.0117,0.7496063,1808.5829,-0.08501244
7533,1008,2864.628,4438.9883,215059.875,3352633.75,634.04364,885.64136,874.4102,2432.1672,0.45894742,1836.0348,-0.1260548
7534,1417,2870.4158,5046.2856,221132.859375,3352575.75,522.3606,726.8991,731.39624,2020.597,0.46959075,1848.46,-0.03541532
7535,1191,2867.1091,4299.8843,213668.84375,3352609.0,489.38748,753.6171,809.7229,2349.4521,0.49963853,1833.1908,-0.118475676
7536,1483,2870.2476,5494.5996,225616.0,3352577.5,382.11026,534.4865,433.83984,2167.6892,0.6713969,1857.6306,-0.047651347
7537,1154,2869.013,2779.818,198468.1875,3352589.75,180.41335,340.87695,311.1222,1804.2643,0.7070015,1802.1036,0.012250168
7538,1220,2868.9214,3006.5525,200735.53125,3352590.75,318.76804,427.7955,326.41312,1982.0529,0.7156199,1806.7404,-0.036814317
7539,1147,2870.7124,3749.6006,208166.0,3352573.0,244.45204,375.8727,251.64603,2289.7952,0.80136204,1821.9377,-0.11155555
7540,1520,2872.2744,5008.8403,220758.40625,3352557.25,527.628,755.28424,757.11676,2163.4746,0.47736934,1847.695,-0.06792579
7541,1411,2866.9214,5589.1675,226561.671875,3352610.75,355.78525,490.08115,434.06732,2071.1216,0.64799464,1859.5635,-0.032272663
7542,1316,2867.5615,5709.8267,227768.265625,3352604.5,242.43047,361.02243,316.10602,1957.1523,0.72045964,1862.0321,-0.015738681
7543,1469,2870.6917,3281.2852,203482.84375,3352573.0,274.62186,403.39856,275.2335,2122.157,0.76939166,1812.3599,-0.07561803
7544,1316,2870.7812,3474.7676,205417.671875,3352572.25,309.2861,446.43008,360.0019,2167.789,0.73590577,1816.3169,-0.08471095
7545,1069,2865.5144,5356.5586,224235.59375,3352624.75,508.3349,685.0388,744.87,1773.2924,0.42368594,1854.8043,0.025906784
7546,1353,2874.3562,2903.1575,199701.578125,3352536.5,220.83665,401.71323,333.40872,1928.64,0.7103248,1804.6289,-0.020457884
7547,1329,2875.207,2944.2686,200112.6875,3352528.0,257.6761,387.0884,308.56583,1844.9323,0.71293944,1805.4702,-0.003295139
7548,1050,2868.8267,4369.2637,214362.640625,3352591.75,734.3567,984.17,983.55286,2374.6018,0.4183891,1834.6108,-0.118994124
7549,1617,2875.0193,3436.6165,205036.15625,3352529.75,280.16232,406.02722,301.68335,2151.777,0.75436735,1815.5391,-0.08115129
7550,1237,2868.5999,3795.5837,208625.84375,3352594.0,231.99232,360.25223,244.4046,2232.808,0.80190134,1822.8771,-0.09686251
7551,1123,2871.8567,5795.008,228620.078125,3352561.5,237.05699,348.54407,295.37933,1853.089,0.72472024,1863.7769,0.009832972
7552,1132,2873.727,4588.2173,216552.171875,3352542.75,610.3065,850.44525,965.5636,2245.0693,0.40702876,1839.0919,-0.091638714
7553,1156,2870.872,5750.7344,228177.34375,3352571.25,208.40701,310.88193,269.702,1706.6124,0.7268514,1862.8707,0.04775327
7554,1471,2877.0625,3203.5356,202705.359375,3352509.5,322.1057,437.49457,305.68118,2158.3628,0.75101995,1810.7733,-0.08547299
7555,1334,2873.6785,3834.9153,209019.15625,3352543.25,230.83696,389.90854,259.30923,2318.2803,0.79801166,1823.6843,-0.11129279
7556,1081,2872.938,4335.4346,214024.34375,3352550.5,309.34644,523.45557,405.42554,2604.0195,0.7273989,1833.9211,-0.1647052
7557,1207,2875.459,4622.6016,216896.015625,3352525.5,569.53064,792.32227,831.0746,2196.1086,0.45905808,1839.7961,-0.07825786
7558,1225,2875.9575,4260.215,213272.15625,3352520.5,645.2498,930.30695,1017.3665,2593.7717,0.4319713,1832.3842,-0.15862952
7559,1137,2874.0405,5386.291,224532.90625,3352539.5,385.62622,543.5242,581.18823,1722.7977,0.4999154,1855.417,0.04071066
7560,1116,2878.439,4089.0547,211560.546875,3352495.5,839.60974,1026.6465,1102.108,1919.047,0.27614328,1828.8848,-0.016783243
7561,1160,2878.8777,3036.5784,201035.78125,3352491.25,335.4306,438.04053,325.75604,2018.8983,0.719773,1807.36,-0.046530414
7562,1547,2881.461,3241.2573,203082.578125,3352465.5,306.27084,427.69974,298.5944,2114.016,0.75091034,1811.5472,-0.07313326
7563,1208,2878.9138,5167.0503,222340.5,3352490.75,542.9723,769.7682,793.507,2057.053,0.44462058,1850.9347,-0.045441773
7564,1645,2881.1204,4767.539,218345.390625,3352468.75,416.04498,578.90454,527.1027,2055.282,0.59336454,1842.7638,-0.04314767
7565,1385,2879.987,5453.733,225207.328125,3352480.25,374.8213,536.62384,459.71805,1994.5863,0.6289009,1856.7997,-0.02936885
7566,1226,2884.4993,2838.9143,199059.140625,3352435.0,226.56444,409.55954,375.86053,2008.4666,0.6861584,1803.3209,-0.040883396
7567,930,2877.5903,4471.1064,215381.0625,3352504.0,587.5538,856.8371,816.6059,2492.916,0.5022569,1836.6986,-0.14361194
7568,1154,2878.8206,5203.548,222705.46875,3352491.75,542.87476,761.0646,768.4017,2037.2782,0.4535692,1851.6813,-0.038089104
7569,1359,2880.8213,4693.7935,217607.9375,3352471.75,812.84033,1029.5084,1151.319,2021.6394,0.2757681,1841.2552,-0.03960979
7570,1208,2880.7642,5130.389,221973.890625,3352472.25,567.2074,781.68085,797.91223,2005.4384,0.4290957,1850.1858,-0.031931087
7571,1453,2883.8384,3356.0488,204230.484375,3352441.5,284.6256,413.77805,300.79044,2178.0725,0.75671846,1813.8962,-0.089258626
7572,1380,2884.9094,5084.081,221510.8125,3352431.0,607.4283,815.5605,868.4841,1967.4844,0.38985762,1849.2407,-0.025578339
7573,1214,2881.3674,3950.6301,210176.296875,3352466.25,721.37396,893.1981,950.18536,1902.8365,0.33253926,1826.0552,-0.0077820686
7574,1231,2884.2883,4122.5605,211895.609375,3352437.0,816.05,1044.7843,1147.2977,2140.9475,0.31823337,1829.5732,-0.066795774
7575,1723,2887.721,4970.6797,220376.796875,3352402.75,611.08966,825.5026,814.8012,2138.382,0.4492898,1846.9225,-0.06375034
7576,1254,2886.2256,4054.7512,211217.515625,3352417.75,614.7791,780.2185,803.7991,1905.102,0.4161645,1828.1874,-0.0100362655
7577,1328,2885.3606,4156.9736,212239.734375,3352426.5,487.74173,680.8517,659.561,1965.4059,0.48864058,1830.2776,-0.009619827
7578,1209,2888.8586,5267.528,223345.28125,3352391.5,712.6799,962.1448,983.6646,2342.149,0.4434899,1852.9952,-0.11029948
7579,1247,2881.899,3906.7595,209737.59375,3352461.0,819.1235,973.3071,1002.069,1924.8043,0.34394348,1825.1582,-0.013558473
7580,1251,2886.115,4192.7075,212597.078125,3352418.75,559.6615,761.91205,753.42804,2188.964,0.47956917,1831.0089,-0.067216985
7581,1251,2890.215,5412.6904,224796.90625,3352377.75,368.01318,526.15027,544.3093,1785.7283,0.53527045,1855.9653,0.024716845
7582,971,2887.448,4505.415,215724.15625,3352405.5,725.78784,922.5273,1025.8331,1924.1895,0.31320074,1837.4056,-0.0166105
7583,1233,2890.1013,5339.3555,224063.5625,3352379.0,1151.7782,1408.9282,1577.861,2105.4312,0.16531456,1854.4652,-0.062199146
7584,1422,2888.1597,5675.521,227425.21875,3352398.5,242.97293,358.814,312.15048,1856.6477,0.711799,1861.3408,0.0096426625
7585,1692,2892.9285,4808.9883,218759.875,3352350.75,357.92584,512.5836,430.66638,2136.1108,0.6611835,1843.6179,-0.060950294
7586,1512,2895.8398,5522.416,225894.15625,3352321.5,528.4706,692.04663,601.2057,2532.3462,0.6231712,1858.2128,-0.12442129
7587,1611,2894.6133,4926.1304,219931.3125,3352333.75,572.0981,782.9792,787.12634,2121.1077,0.45962274,1846.0149,-0.059557155
7588,1429,2894.198,3312.1484,203791.484375,3352338.0,288.9657,418.75507,299.1354,2217.7288,0.76197255,1813.0042,-0.097329475
7589,1549,2894.4312,3393.7844,204607.84375,3352335.75,290.17236,414.46643,308.8754,2154.2432,0.74865264,1814.6738,-0.08356093
7590,1003,2890.044,4538.7637,216057.640625,3352379.5,763.2233,960.6889,1052.989,1984.5922,0.31346452,1838.0891,-0.03294455
7591,1247,2893.8982,3069.7898,201367.90625,3352341.0,323.31155,436.94226,323.3224,2056.8975,0.7261056,1808.0476,-0.055417944
7592,1328,2889.7651,3133.686,202006.859375,3352382.25,337.79367,446.6231,324.5821,2231.6973,0.74567944,1809.3519,-0.10152796
7593,1142,2895.6165,3770.734,208377.34375,3352323.75,242.50175,369.09415,250.66331,2270.3196,0.8008146,1822.3837,-0.10760067
7594,1268,2894.4045,4022.0474,210890.46875,3352336.0,769.1128,959.0848,1114.3048,1988.3706,0.30174896,1827.523,-0.026651984
7595,1403,2894.861,5638.0864,227050.859375,3352331.5,232.30827,331.48788,316.304,1630.0681,0.6745599,1860.5785,0.07087078
7596,1213,2895.6833,4233.61,213006.09375,3352323.25,643.55194,889.53094,907.19165,2428.9624,0.45150796,1831.8507,-0.12335722
7597,951,2892.5352,4419.4004,214864.0,3352354.75,726.98315,969.26917,997.3449,2366.5215,0.40151304,1835.649,-0.11167611
7598,1225,2892.4768,3871.1174,209381.171875,3352355.25,249.39919,392.01062,279.91306,2243.9172,0.7775861,1824.4349,-0.10108145
7599,1226,2898.3606,5307.8154,223748.15625,3352296.5,1399.9062,1665.657,1865.7646,2171.9368,0.083599426,1853.8242,-0.07787299
7600,1478,2898.3545,5560.6846,226276.84375,3352296.5,477.47092,644.1039,544.62177,2558.4316,0.6529849,1858.997,-0.1330529
7601,1016,2895.8052,4386.0977,214530.96875,3352322.0,755.9134,996.24603,1019.67914,2214.1807,0.36459145,1834.9696,-0.08308752
7602,1119,2899.991,3728.9026,207959.03125,3352280.0,286.9933,421.4245,323.97766,2273.735,0.76180744,1821.5305,-0.1059902
7603,1132,2896.6838,3991.0105,210580.109375,3352313.25,690.2407,870.659,947.46155,2044.7686,0.3817217,1826.8894,-0.045364548
7604,1196,2896.828,2871.5652,199385.65625,3352311.75,202.58862,367.63797,311.15802,2003.9105,0.7304992,1803.9955,-0.03742295
7605,1452,2898.2114,4730.866,217978.65625,3352298.0,566.9291,791.14325,822.2772,2203.991,0.46520495,1842.0227,-0.08147709
7606,1667,2900.294,4851.009,219180.09375,3352277.0,622.84076,799.9166,830.32874,1889.2672,0.41174698,1844.4812,-0.0037026645
7607,1362,2900.4434,5602.2876,226692.875,3352275.5,273.2144,378.9475,353.66006,1716.7474,0.6589566,1859.849,0.048798013
7608,1088,2897.09,5762.2217,228292.21875,3352309.0,207.32123,307.63052,258.608,1704.8875,0.7357014,1863.119,0.04881467
7609,1503,2902.531,3173.4072,202404.078125,3352254.75,335.58783,441.13806,317.89987,2172.7422,0.74410164,1810.1714,-0.0879816
7610,1083,2900.23,4289.572,213565.71875,3352277.75,383.09003,616.0988,538.47644,2563.5872,0.6486022,1832.9977,-0.15587299
7611,915,2898.7234,4451.506,215185.0625,3352292.75,549.13007,842.6071,743.0847,2743.6345,0.5690806,1836.309,-0.19232605
7612,1340,2900.6433,4650.343,217173.4375,3352273.5,793.428,999.6653,1085.2578,2099.2725,0.3217174,1840.377,-0.05677491
7613,1193,2900.693,5230.9272,222979.28125,3352273.0,375.63495,581.4933,528.4099,2249.9016,0.61658,1852.2527,-0.087981254
7614,1391,2901.66,5721.446,227884.453125,3352263.5,239.23868,349.25125,288.56937,1917.2628,0.73869073,1862.2872,-0.007148921
7615,1435,2904.2725,5813.0337,228800.34375,3352237.25,254.0129,384.84668,312.81323,1938.0419,0.7203748,1864.1621,-0.00451735
7616,1111,2900.7092,3807.7112,208747.109375,3352273.0,236.28712,368.28757,256.67596,2247.6797,0.79446876,1823.1427,-0.10127485
7617,1052,2902.5999,4352.1875,214191.875,3352254.0,630.0409,861.92584,883.92584,2283.6658,0.44471195,1834.2797,-0.100216165
7618,1112,2905.3984,4319.249,213862.5,3352226.0,299.09262,519.7909,368.5598,2821.2832,0.76466876,1833.6074,-0.20325172
7619,1146,2905.0977,4574.498,216414.984375,3352229.0,700.3582,920.3726,997.06067,2142.5837,0.36832663,1838.828,-0.06696792
7620,1162,2906.6118,2931.2014,199982.015625,3352214.0,234.76549,394.01248,313.14157,1908.8778,0.7166234,1805.2206,-0.018957917
7621,1039,2907.2444,3929.4465,209964.46875,3352207.5,773.5953,966.65546,1081.2946,1922.9601,0.27799633,1825.636,-0.012930513
7622,1330,2909.1956,3102.5676,201695.671875,3352188.0,346.74286,454.8015,338.1519,2143.1956,0.7258753,1808.7264,-0.075865954
7623,1549,2910.6216,5477.646,225446.46875,3352173.75,335.76373,490.00162,394.84247,2067.7646,0.6785949,1857.3046,-0.045111272
7624,1655,2912.0156,3266.2883,203332.875,3352159.75,294.4568,418.1275,297.76706,2046.8505,0.7448712,1812.0762,-0.057764016
7625,1510,2908.6067,4888.7456,219557.453125,3352194.0,524.4387,728.6424,724.8308,2108.6702,0.4917656,1845.2576,-0.05942061
7626,1596,2906.5352,3474.2493,205412.5,3352214.75,288.93735,411.4129,321.30295,2112.2725,0.7430997,1816.326,-0.07242566
7627,1210,2908.8455,4608.9653,216759.65625,3352191.5,816.6322,1048.6686,1156.5587,2195.6902,0.31269208,1839.535,-0.08269605
7628,1384,2908.9863,5048.9155,221159.15625,3352190.25,593.94257,838.22253,859.31866,2242.1108,0.43657538,1848.5339,-0.0843152
7629,1194,2910.4917,5116.6074,221836.078125,3352175.0,600.755,807.05066,847.799,1979.8644,0.400534,1849.9193,-0.027522154
7630,1507,2912.0703,5377.599,224446.0,3352159.25,609.7555,800.1629,879.9184,1802.4971,0.37895605,1855.2588,0.0183712
7631,1458,2911.9348,5013.677,220806.765625,3352160.75,517.0051,774.1324,755.28394,2367.066,0.5091755,1847.8147,-0.11456448
7632,1109,2910.9595,3841.1938,209081.9375,3352170.5,234.85393,368.93823,253.37917,2275.5432,0.7990849,1823.833,-0.10795596
7633,959,2910.663,4482.435,215494.34375,3352173.25,581.2336,807.1444,822.4046,2180.2227,0.4537137,1836.948,-0.079102956
7634,1224,2912.6267,5155.5386,222225.390625,3352153.75,570.7643,770.15607,793.10254,1978.6597,0.4293734,1850.7168,-0.024403429
7635,1189,2911.5955,5192.071,222590.703125,3352164.0,528.85785,745.07104,742.12195,2118.21,0.4850152,1851.4635,-0.060550284
7636,1230,2913.253,5434.37,225013.703125,3352147.5,403.9939,557.22437,555.4728,1785.1158,0.5269679,1856.4207,0.025620155
7637,1552,2915.0652,3429.7578,204967.578125,3352129.25,289.24612,414.60663,314.24097,2141.3098,0.74431086,1815.4209,-0.07947553
7638,1027,2913.7498,3967.9922,210349.921875,3352142.5,633.95764,798.4153,816.2225,1970.075,0.4254891,1826.4279,-0.026612569
7639,1151,2914.7698,2902.6724,199696.71875,3352132.25,189.56473,360.49176,300.07907,2010.6968,0.7393081,1804.6417,-0.040210813
7640,1725,2918.8823,3214.887,202818.875,3352091.25,326.25507,428.04465,309.82956,2057.3018,0.737151,1811.0288,-0.060100246
7641,1323,2913.406,4087.8074,211548.078125,3352146.0,825.06573,972.59485,1020.55896,1949.8639,0.31848842,1828.8782,-0.021714743
7642,1132,2916.6333,4205.9062,212729.0625,3352113.75,428.96555,642.77075,617.10205,2292.7397,0.58476716,1831.2953,-0.10190599
7643,1178,2918.438,4266.1807,213331.8125,3352095.5,528.44226,758.7882,699.5509,2449.9907,0.55385673,1832.529,-0.13042761
7644,1262,2914.9104,4691.593,217585.9375,3352131.0,814.53644,1029.6542,1119.3934,2116.9636,0.31380442,1841.2283,-0.062137596
7645,1023,2918.8916,5280.8926,223478.921875,3352091.0,513.4672,740.9829,719.8944,2321.324,0.552292,1853.2842,-0.109518416
7646,1094,2919.6033,3899.3345,209663.34375,3352084.0,584.3323,714.0174,731.1005,1934.3647,0.47474325,1825.0269,-0.020756649
7647,951,2918.37,4514.9937,215819.9375,3352096.25,689.9558,883.65564,1063.582,1965.663,0.3094488,1837.618,-0.021674529
7648,1285,2922.7378,5690.915,227579.15625,3352052.5,223.18094,333.9245,261.56265,1875.2603,0.75446576,1861.6735,0.0033709917
7649,1532,2920.395,3350.8767,204178.765625,3352076.0,297.60312,430.7017,313.0059,2177.5735,0.7475604,1813.8107,-0.08829252
7650,1458,2922.581,4166.69,212336.90625,3352054.25,494.22668,653.5868,718.78876,1895.5868,0.46404317,1830.4965,-0.004143389
7651,1789,2924.616,4774.162,218411.625,3352033.75,298.06763,453.6691,348.4139,2239.4517,0.7317379,1842.9222,-0.088918105
7652,1319,2926.642,5837.7393,229047.390625,3352013.5,412.06482,554.6478,487.55078,2337.5732,0.6508443,1864.6788,-0.08902445
7653,1353,2919.8523,4124.646,211916.46875,3352081.5,526.3466,678.3829,687.21136,1916.7158,0.4785847,1829.635,-0.008434297
7654,876,2918.8892,4546.5513,216135.515625,3352091.0,694.15924,927.3881,1056.8927,2196.8425,0.3545653,1838.2637,-0.08352985
7655,1028,2923.6711,3745.101,208121.015625,3352043.25,259.41925,375.76993,271.1498,2190.3906,0.7793521,1821.8748,-0.090636976
7656,844,2921.641,4432.476,214994.765625,3352063.5,692.23694,936.378,980.3851,2286.6677,0.39523974,1835.932,-0.099476114
7657,1474,2928.12,4947.4233,220144.234375,3351998.75,629.9576,845.7805,872.78326,2063.9407,0.40633848,1846.4679,-0.045937218
7658,1173,2921.3972,5083.6973,221506.96875,3352066.0,661.69904,903.97656,929.89343,2177.6216,0.40186194,1849.2518,-0.072918825
7659,1389,2924.84,4049.6018,211166.015625,3352031.5,664.05615,852.86395,906.37866,2055.6458,0.41219446,1828.1029,-0.04805784
7660,964,2924.1194,4402.722,214697.21875,3352038.75,790.3688,996.8553,1051.6841,2054.0369,0.32142422,1835.3247,-0.047582936
7661,1407,2927.0767,3140.9368,202079.375,3352009.25,348.95026,465.38736,348.27008,2193.529,0.7247717,1809.521,-0.088210866
7662,1416,2929.993,4982.6445,220496.4375,3351980.0,653.15784,893.19635,958.33124,2107.2341,0.37353382,1847.1893,-0.05609212
7663,1371,2928.3567,5655.5776,227225.78125,3351996.5,267.92413,386.00803,310.8293,1890.0266,0.7141581,1860.9534,0.0034989244
7664,1130,2929.676,5249.522,223165.21875,3351983.25,372.00885,606.7925,530.63983,2407.6426,0.6253384,1852.6481,-0.114709094
7665,1388,2927.4524,3304.5195,203715.1875,3352005.5,287.3732,413.33932,294.61853,2108.6067,0.7537418,1812.8666,-0.07172341
7666,1037,2926.6875,3780.8738,208478.734375,3352013.0,263.96143,390.148,284.90213,2228.4165,0.7729741,1822.6079,-0.09909631
7667,1302,2926.672,5341.31,224083.09375,3352013.25,1288.6283,1549.712,1724.7043,2152.195,0.13295874,1854.524,-0.07297246
7668,1701,2932.5303,4822.9287,218899.28125,3351954.75,368.64902,504.86862,444.38947,1943.6373,0.6302142,1843.9238,-0.015763093
7669,1407,2932.2808,5508.3887,225753.890625,3351957.25,355.90298,509.65707,451.60803,1956.4662,0.6270737,1857.9446,-0.018998
7670,1241,2928.966,5750.652,228176.515625,3351990.25,266.09225,391.8352,337.6527,1870.6434,0.6970081,1862.8986,0.0035502182
7671,1023,2929.0225,4370.684,214376.84375,3351989.75,684.0484,923.2742,916.6623,2359.6501,0.43475083,1834.6721,-0.113556676
7672,1330,2932.488,5579.146,226461.46875,3351955.0,236.01654,346.5906,304.79813,1743.0853,0.70126617,1859.3921,0.036560882
7673,1027,2929.9658,3870.8909,209378.90625,3351980.25,260.16357,394.0696,287.89142,2198.809,0.76815146,1824.4507,-0.09151868
7674,1120,2933.4197,4664.8784,217318.78125,3351945.75,836.4433,1047.7799,1153.5143,2086.3088,0.28845778,1840.6917,-0.05428887
7675,1489,2933.773,3389.491,204564.90625,3351942.25,294.7374,422.05206,323.89188,2113.8223,0.7339258,1814.6077,-0.07434922
7676,842,2933.0059,3947.3337,210143.34375,3351950.0,547.7482,714.20905,696.47565,2092.3005,0.519938,1826.0157,-0.057914447
7677,1106,2935.8164,4630.687,216976.875,3351921.75,819.99506,1032.9241,1133.8201,2108.5808,0.3060984,1839.9935,-0.062467746
7678,1180,2934.9712,4237.523,213045.234375,3351930.25,733.8335,980.6784,1093.5317,2073.5442,0.33342966,1831.9518,-0.051933575
7679,967,2934.3228,4460.272,215272.71875,3351936.75,632.5207,884.54395,910.3831,2363.3909,0.44553334,1836.5072,-0.12098974
7680,1125,2935.7556,5216.61,222836.09375,3351922.5,511.28357,755.3902,747.50446,2191.389,0.4849304,1851.978,-0.07193067
7681,1488,2940.3872,5406.8584,224738.59375,3351876.25,501.18414,673.57526,734.5353,1705.9805,0.4278457,1855.872,0.045908585
7682,1441,2937.7751,5616.814,226838.140625,3351902.25,247.56627,361.1322,295.61728,1849.4614,0.72290486,1860.1653,0.009740911
7683,988,2933.9321,3814.1519,208811.515625,3351940.75,260.1523,389.14877,283.15942,2224.9343,0.7738771,1823.2925,-0.09807984
7684,1567,2941.5022,5544.1143,226111.140625,3351865.0,268.3749,392.08456,342.36566,1794.5,0.6769428,1858.68,0.02398647
7685,1148,2937.689,4335.177,214021.765625,3351903.0,640.9329,868.90765,912.57666,2289.5322,0.43425435,1833.9506,-0.10369719
7686,1557,2942.6057,4911.224,219782.25,3351854.0,637.04944,854.72156,880.7142,2143.8901,0.41935205,1845.7351,-0.06461211
7687,1192,2941.4614,3488.0083,205550.078125,3351865.5,275.12207,404.12418,299.6485,2129.389,0.7536273,1816.6267,-0.07661959
7688,1117,2937.7708,5308.637,223756.375,3351902.25,1144.2758,1398.1791,1616.1083,2090.7847,0.13404249,1853.8615,-0.05949281
7689,1331,2942.6401,4302.1606,213691.609375,3351853.5,367.3118,574.83624,459.56085,2562.3035,0.6916263,1833.278,-0.15420312
7690,1507,2946.4446,3241.497,203084.96875,3351815.5,305.2538,422.78168,312.44226,2084.5918,0.73843205,1811.5883,-0.06662339
7691,1710,2946.0696,4869.986,219369.859375,3351819.25,521.52747,724.2871,731.0792,2103.0073,0.49378148,1844.8934,-0.05232666
7692,1210,2941.3157,5132.58,221995.796875,3351866.75,552.5926,778.6029,785.41815,2142.819,0.457779,1850.2621,-0.06325705
7693,1341,2943.6384,5447.966,225149.65625,3351843.5,385.239,528.1879,560.2334,1637.9127,0.4928031,1856.7145,0.06629126
7694,1596,2944.0352,3177.3152,202443.15625,3351839.75,330.35056,452.59995,346.11154,2185.2703,0.72513473,1810.2744,-0.08665758
7695,1288,2945.562,3453.767,205207.671875,3351824.5,282.37772,401.82724,304.92896,2095.6763,0.7449401,1815.9287,-0.06847744
7696,1273,2947.3079,3717.9875,207849.875,3351807.0,266.5868,393.4733,285.50314,2266.027,0.7744008,1821.3331,-0.10327717
7697,1285,2945.053,5718.257,227852.5625,3351829.5,216.13347,326.5358,256.24084,1780.2273,0.7471112,1862.244,0.028244233
7698,1484,2947.659,5798.8115,228658.125,3351803.5,337.53775,483.73148,419.95148,2102.0347,0.66344035,1863.8932,-0.042021416
7699,1031,2944.6294,4598.124,216651.25,3351833.75,550.11444,748.4796,759.29047,2075.3447,0.4792264,1839.3323,-0.050645705
7700,1273,2944.7651,5175.4736,222424.734375,3351832.25,616.51337,833.976,863.9352,2093.7769,0.41789523,1851.1412,-0.054122187
7701,959,2942.9062,4493.9126,215609.125,3351851.0,668.8519,875.7315,969.48334,2094.365,0.37272406,1837.1998,-0.055467106
7702,952,2947.0293,3923.2898,209902.90625,3351809.75,585.30725,745.927,722.2899,2088.5588,0.5038415,1825.5316,-0.058483534
7703,1388,2948.2024,5055.73,221227.296875,3351798.0,616.897,835.76514,874.2597,2039.1678,0.3995257,1848.6937,-0.040732924
7704,1255,2952.246,3328.9993,203960.0,3351757.5,319.11554,433.84183,312.76813,2134.8765,0.74395627,1813.3809,-0.0779956
7705,1442,2948.6714,4081.3806,211483.8125,3351793.25,688.69037,831.2417,871.62726,1888.8606,0.38241473,1828.7657,-0.0032905412
7706,933,2946.9517,3842.8757,209098.75,3351810.5,238.91586,373.13397,258.34085,2283.283,0.79636496,1823.887,-0.11028185
7707,1216,2948.7302,4198.782,212657.8125,3351792.75,527.2064,708.6262,758.4626,2007.9877,0.46288672,1831.1669,-0.030580008
7708,1235,2950.3086,4134.3896,212013.90625,3351777.0,665.881,857.28217,947.4822,1963.8235,0.36141047,1829.8507,-0.025644701
7709,1199,2951.769,5096.583,221635.828125,3351762.25,616.6818,841.66516,873.1184,2066.6309,0.40746117,1849.5312,-0.049698867
7710,1456,2954.081,5366.2217,224332.21875,3351739.25,1023.3211,1264.7854,1415.9502,2025.4691,0.21218537,1855.0477,-0.040776685
7711,1447,2953.7505,5019.5244,220865.25,3351742.5,587.4955,812.90564,856.2637,2006.9845,0.40364403,1847.9562,-0.03454205
7712,1509,2957.1353,3276.988,203439.875,3351708.75,287.55997,415.27798,309.01755,2119.512,0.7448313,1812.32,-0.074928954
7713,972,2951.8086,3756.361,208233.609375,3351762.0,271.7932,390.0427,292.79065,2197.9363,0.76472443,1822.1204,-0.09277551
7714,1308,2956.922,3421.9924,204889.921875,3351710.75,293.80466,412.4205,320.52026,2124.842,0.737508,1815.2852,-0.07637866
7715,1077,2952.9526,5276.4233,223434.234375,3351750.5,316.50558,522.7957,454.86166,2267.089,0.667368,1853.2103,-0.09693539
7716,1441,2959.0027,5479.219,225462.1875,3351690.0,497.86295,685.3244,724.03577,1918.0964,0.45119095,1857.3616,-0.0067396094
7717,1234,2956.0,4271.615,213386.15625,3351720.0,562.88696,763.6479,758.2654,2159.618,0.4838264,1832.6603,-0.07195472
7718,997,2952.0051,4428.8677,214958.671875,3351760.0,733.64044,982.94934,1039.9453,2380.431,0.39312425,1835.8744,-0.12222714
7719,1040,2956.622,4396.525,214635.25,3351713.75,809.6019,1046.5707,1109.2592,2286.0764,0.34124768,1835.2153,-0.09816268
7720,914,2957.443,3791.5833,208585.828125,3351705.5,271.1209,397.41083,293.73743,2213.575,0.7655036,1822.8438,-0.09616611
7721,974,2958.764,3899.6006,209666.0,3351692.25,569.8116,748.1463,762.37164,2012.5472,0.4567607,1825.0536,-0.033441257
7722,1279,2963.477,3361.563,204285.625,3351645.25,323.73965,446.72165,337.41165,2149.4397,0.7280677,1814.053,-0.081188485
7723,1450,2963.1387,5679.122,227461.21875,3351648.5,215.59,334.57068,253.33241,1788.982,0.74872035,1861.4528,0.027475076
7724,990,2959.8152,4362.3354,214293.359375,3351681.75,696.446,939.2162,923.7273,2407.7192,0.43639237,1834.5178,-0.12283026
7725,1341,2965.319,5640.929,227079.296875,3351626.75,281.62192,428.22037,330.97726,2047.8158,0.7176236,1860.6726,-0.03533772
7726,1613,2969.708,3205.3745,202723.75,3351583.0,314.64258,430.18878,332.67297,2127.3691,0.727992,1810.8625,-0.072656274
7727,1253,2964.471,4165.4214,212324.21875,3351635.25,620.5096,796.6225,874.4505,1882.6205,0.3732832,1830.493,-0.0021645261
7728,1237,2962.9514,5836.2266,229032.265625,3351650.5,361.7793,487.06952,455.62732,2003.393,0.6267137,1864.6663,-0.0168242
7729,1258,2971.4849,4108.3467,211753.46875,3351565.25,574.0421,756.83386,810.2365,1926.1519,0.4197827,1829.3296,-0.016146462
7730,937,2963.1409,4470.5464,215375.46875,3351648.5,699.6654,932.15155,1045.1179,2103.0737,0.3396448,1836.7328,-0.059311315
7731,1437,2970.2944,4840.1846,219071.84375,3351577.0,313.28845,463.0501,384.2634,2334.5205,0.7168487,1844.2966,-0.104081444
7732,1253,2966.5403,5323.2715,223902.71875,3351614.5,1215.4924,1465.6409,1672.1744,2061.6277,0.11255632,1854.1757,-0.05135033
7733,1286,2964.465,5755.517,228225.171875,3351635.25,318.07736,472.84525,378.00854,2173.3545,0.69837844,1863.0161,-0.05882846
7734,878,2962.7825,3869.1162,209361.15625,3351652.25,258.54214,391.504,288.44876,2164.299,0.76392925,1824.4323,-0.08210604
7735,1104,2964.1929,4658.8496,217258.5,3351638.0,766.9606,984.553,1068.2468,2143.8813,0.34168154,1840.5846,-0.068162434
7736,1043,2965.1428,5209.6597,222766.59375,3351628.5,561.8006,796.8466,798.07477,2211.07,0.4692636,1851.8511,-0.078369826
7737,1177,2967.7085,4230.9653,212979.65625,3351603.0,478.12573,662.47833,683.8836,2037.9087,0.50572664,1831.8352,-0.04338752
7738,1556,2970.097,4945.918,220129.1875,3351579.0,645.44214,853.97845,882.60474,1967.0386,0.38042367,1846.4591,-0.022068083
7739,1409,2968.5764,4985.9844,220529.84375,3351594.25,659.1586,853.0845,915.286,1838.3868,0.33275396,1847.2778,0.011326823
7740,1107,2969.6902,5149.0327,222160.328125,3351583.0,516.9431,749.7791,707.28455,2336.256,0.5280232,1850.6134,-0.10436438
7741,1247,2968.6833,5245.814,223128.140625,3351593.25,440.67804,673.4174,640.32117,2198.319,0.55236286,1852.5924,-0.07711748
7742,1505,2969.568,5586.681,226536.8125,3351584.25,254.31728,381.00897,297.59003,1888.299,0.7247863,1859.5652,0.001947796
7743,901,2969.0955,3820.6592,208876.59375,3351589.0,249.63652,382.19366,271.21808,2253.8462,0.7850227,1823.4447,-0.10459413
7744,1038,2969.5452,4623.68,216906.796875,3351584.5,719.46484,912.9311,958.488,2066.1233,0.37263894,1839.8682,-0.049720652
7745,1534,2975.4028,5514.126,225811.25,3351526.0,469.41525,652.7943,624.9635,1985.4387,0.52731466,1858.0841,-0.029106872
7746,1250,2979.0183,3304.4072,203714.0625,3351489.75,300.7816,425.4368,321.4132,2165.0488,0.7412279,1812.8928,-0.08643229
7747,1204,2976.201,3392.2898,204592.90625,3351518.0,302.29028,428.72675,338.75415,2119.0935,0.723921,1814.6884,-0.075310506
7748,1063,2975.7478,3476.2305,205432.3125,3351522.5,290.28598,410.61383,314.5715,2171.9573,0.7467843,1816.4047,-0.08726539
7749,1074,2980.082,3506.054,205730.53125,3351479.25,407.1555,580.0624,532.09216,2299.811,0.6623706,1817.017,-0.11074736
7750,1348,2975.8755,5398.8867,224658.875,3351521.25,777.4755,994.4666,1110.4451,1929.5326,0.31049705,1855.7272,-0.015703522
7751,1242,2975.562,4334.1763,214011.765625,3351524.5,683.80396,924.4803,943.4231,2415.232,0.4353994,1833.9503,-0.124625735
7752,912,2977.1821,4442.5845,215095.84375,3351508.25,695.00934,918.5691,1036.6859,2139.3257,0.35347483,1836.1683,-0.07165834
7753,977,2977.7788,3740.6396,208076.40625,3351502.25,276.3736,403.8613,304.57883,2244.9617,0.76302737,1821.813,-0.10268303
7754,1150,2979.6677,5115.1436,221821.4375,3351483.25,598.7439,816.5209,837.62177,2052.637,0.42141163,1849.9254,-0.046198815
7755,1576,2981.5247,5439.137,225061.375,3351464.75,526.1802,700.7392,822.4905,1731.6355,0.37176734,1856.5533,0.037360426
7756,1276,2982.6443,5075.6777,221426.78125,3351453.5,658.1203,879.78955,912.75665,2029.3099,0.3805755,1849.1198,-0.03895794
7757,1174,2982.1167,5288.448,223554.484375,3351458.75,394.43823,608.8833,572.0247,2218.511,0.6000033,1853.4714,-0.084273435
7758,1547,2985.0278,5551.264,226182.640625,3351429.75,296.35034,443.15515,341.2618,2015.009,0.7120625,1858.8486,-0.030866157
7759,840,2979.5583,3773.5679,208405.6875,3351484.5,275.2881,400.1143,302.2726,2202.7441,0.75857425,1822.4874,-0.093951344
7760,1059,2981.8914,5185.25,222522.5,3351461.0,532.5297,774.70447,763.7748,2187.7417,0.4756588,1851.3605,-0.07173093
7761,1258,2979.4602,5715.847,227828.46875,3351485.5,276.57513,410.98965,345.56876,1960.343,0.71084315,1862.2123,-0.016308298
7762,1587,2983.5886,4908.508,219755.078125,3351444.0,698.5844,902.6147,969.6648,1922.5797,0.34250444,1845.701,-0.011358119
7763,1122,2985.3904,5812.1113,228791.109375,3351426.0,304.39438,435.64706,374.59537,1930.1622,0.67035615,1864.1844,0.0013471133
7764,1456,2987.1985,4301.9927,213689.921875,3351408.0,674.6892,923.15314,960.86194,2399.532,0.43416414,1833.2983,-0.1269715
7765,1180,2988.3357,5782.128,228491.28125,3351396.75,352.41992,508.79535,387.3661,2384.3276,0.7202795,1863.5726,-0.103813395
7766,887,2983.6416,3846.867,209138.671875,3351443.5,242.12909,373.25027,263.79593,2191.851,0.7848194,1823.9886,-0.09035368
7767,1143,2984.4673,4193.145,212601.453125,3351435.25,595.3863,761.43134,831.20776,1763.2712,0.36624613,1831.0708,0.034458406
7768,1387,2987.6135,5038.9844,221059.84375,3351403.75,625.08075,823.9798,869.02094,1968.4127,0.3868343,1848.3718,-0.021803906
7769,1202,2987.7537,5347.1846,224141.84375,3351402.5,1409.822,1677.7047,1871.1885,2151.9038,0.07376369,1854.6758,-0.073168814
7770,1314,2992.2444,5616.354,226833.53125,3351357.5,276.9456,415.56506,321.44672,1971.736,0.7200685,1860.1837,-0.020053718
7771,1521,2988.5227,3238.3018,203053.015625,3351394.75,309.88364,421.95233,321.42636,2126.2583,0.735079,1811.5463,-0.07003899
7772,1141,2986.709,4260.234,213272.34375,3351413.0,453.33304,641.4119,651.8751,2121.4263,0.53752774,1832.4441,-0.064655565
7773,1038,2986.7178,4377.8765,214448.765625,3351412.75,800.1281,1006.91376,1111.0554,2037.4966,0.2918156,1834.85,-0.04138138
7774,1102,2988.7014,4411.0244,214780.25,3351393.0,795.50275,1030.3353,1137.4786,2131.1882,0.30686605,1835.529,-0.069214046
7775,1149,2991.0312,3451.2498,205182.5,3351369.75,287.5161,407.91254,321.13055,2077.2568,0.7314916,1815.9023,-0.064610355
7776,1565,2992.8862,4871.5674,219385.671875,3351351.25,557.4623,763.96423,795.0872,2215.3958,0.47542855,1844.9504,-0.07841454
7777,1186,2992.8794,3336.334,204033.34375,3351351.25,316.88068,442.30142,336.4262,2193.1782,0.73375154,1813.5533,-0.092679575
7778,1376,2993.3809,4140.1455,212071.453125,3351346.25,594.00366,776.2249,872.2533,1944.3921,0.3921482,1829.9917,-0.017848354
7779,917,2992.6597,3802.5889,208695.890625,3351353.5,259.16193,388.6701,286.7132,2206.4275,0.76981795,1823.088,-0.09430136
7780,1102,2996.3848,3422.815,204898.15625,3351316.25,290.8539,412.74774,326.2763,2086.2712,0.7290434,1815.3237,-0.06727773
7781,1023,2995.9336,4640.5356,217075.359375,3351320.75,549.5318,729.5963,721.09283,2135.5762,0.5062018,1840.2268,-0.0650678
7782,1186,2997.7554,5224.1865,222911.875,3351302.5,554.508,782.9473,768.3617,2229.3132,0.47918567,1852.1652,-0.07793851
7783,1442,3002.5042,3270.3267,203373.265625,3351255.0,326.4993,441.33945,339.91922,2216.6584,0.7329432,1812.209,-0.0941523
7784,1226,3004.2505,5376.634,224436.34375,3351237.5,981.7141,1212.1921,1373.9502,1985.2664,0.21730499,1855.2866,-0.030992502
7785,1569,2999.8599,5475.943,225429.4375,3351281.5,481.17462,648.7776,748.957,1694.4169,0.39044884,1857.3156,0.048205998
7786,1186,2999.569,5746.8535,228138.53125,3351284.25,463.0683,669.5843,538.0249,2721.8804,0.66467226,1862.8568,-0.17136507
7787,1431,3005.7869,5004.6836,220716.84375,3351222.25,688.862,889.74493,995.21875,1866.3109,0.31598142,1847.6798,0.0032065243
7788,1148,3000.771,4220.038,212870.375,3351272.25,630.1825,812.1921,925.2165,1866.2426,0.34236288,1831.6295,0.004412218
7789,1281,3002.264,4968.897,220358.96875,3351257.25,720.01056,926.87665,1007.7088,1975.1499,0.32834762,1846.946,-0.025608636
7790,936,2999.483,5161.359,222283.59375,3351285.25,574.3082,806.33496,789.45886,2230.0444,0.46943435,1850.881,-0.08016845
7791,1347,3003.6533,5650.8276,227178.28125,3351243.5,428.56458,605.20233,586.0048,2006.9733,0.55408657,1860.8947,-0.028959323
7792,1197,3001.0952,5684.9233,227519.234375,3351269.0,316.5355,468.3634,396.64746,2003.4462,0.6784483,1861.5908,-0.02530661
7793,1209,3003.7832,5262.747,223297.46875,3351242.25,501.8168,737.7072,700.8784,2248.0513,0.5197296,1852.9569,-0.08319542
7794,1183,3006.126,5840.011,229070.109375,3351218.75,267.31064,380.62723,365.4831,1673.374,0.64088285,1864.7656,0.0625454
7795,1132,3005.606,3366.6528,204336.53125,3351224.0,314.31714,434.88913,336.43375,2166.9011,0.730844,1814.1804,-0.085708834
7796,1245,3005.1453,4604.7725,216717.71875,3351228.5,415.73093,648.54016,645.28033,2373.0784,0.5792408,1839.5002,-0.12046761
7797,1304,3007.7607,5311.6333,223786.328125,3351202.5,581.40106,795.5916,868.5134,2131.2305,0.43635714,1853.9589,-0.06428009
7798,1119,3009.5166,3519.4495,205864.5,3351184.75,310.45667,446.68945,369.5621,2143.732,0.7182634,1817.3071,-0.07727947
7799,1034,3009.2747,5131.6035,221986.03125,3351187.25,561.0706,799.09186,783.1069,2215.7717,0.46800932,1850.2775,-0.07640922
7800,940,3005.3425,3765.699,208326.984375,3351226.5,270.41544,400.44733,300.64148,2220.269,0.76133424,1822.3406,-0.09772017
7801,1387,3012.0059,4172.395,212393.953125,3351160.0,647.8868,834.69574,935.7322,1894.5522,0.3499502,1830.6613,-0.008284981
7802,946,3008.74,3831.9314,208989.3125,3351192.5,235.49524,375.20032,261.48627,2226.418,0.78883594,1823.6968,-0.096204266
7803,1317,3012.892,5412.924,224799.234375,3351151.0,677.87396,880.60516,994.5805,1860.9768,0.3502206,1856.0333,0.0031731173
7804,1119,3012.563,5097.7515,221647.515625,3351154.25,653.56213,868.9991,907.30743,2031.958,0.3811616,1849.5868,-0.03843957
7805,1430,3014.4294,5588.2314,226552.3125,3351135.75,334.28845,482.81503,418.42062,1951.6622,0.6589995,1859.6199,-0.014887645
7806,1234,3014.6807,3484.4255,205514.25,3351133.25,281.34927,391.25323,307.3521,2031.9963,0.73679286,1816.5938,-0.053241704
7807,1527,3018.6667,4936.2495,220032.5,3351093.25,742.61066,944.1022,1035.8271,1886.3828,0.2954816,1846.2869,-0.0041462607
7808,1054,3015.0654,3396.0977,204630.96875,3351129.25,316.66556,436.88663,338.78986,2185.4175,0.7304405,1814.7877,-0.088064745
7809,1177,3017.135,5195.667,222626.671875,3351108.75,535.0106,754.2022,725.6929,2161.656,0.49258396,1851.5919,-0.06531287
7810,1651,3018.2659,5514.652,225816.515625,3351097.25,593.43884,796.0754,843.25165,1974.2002,0.40519032,1858.1168,-0.026233196
7811,1217,3016.5613,3302.7888,203697.890625,3351114.5,324.86813,436.219,339.42358,2167.6233,0.72759014,1812.8805,-0.08047682
7812,1171,3017.4756,5714.3867,227813.875,3351105.25,496.0363,701.14435,584.4146,2749.297,0.64192146,1862.2018,-0.17526266
7813,1197,3020.5764,5065.1704,221321.703125,3351074.25,662.7957,862.0652,889.7794,1956.8032,0.38259232,1848.9246,-0.021765362
7814,1538,3027.2114,4900.1367,219671.375,3351008.0,720.49677,923.0046,977.30493,2130.9841,0.37852883,1845.5527,-0.06532526
7815,1376,3024.093,5554.1924,226211.921875,3351039.0,383.11337,548.7431,462.5494,2156.52,0.6551491,1858.9286,-0.06309651
7816,1117,3022.283,5776.18,228431.796875,3351057.25,239.35811,360.05862,269.5676,1897.9266,0.75278485,1863.4681,-0.004264671
7817,930,3020.8516,3797.6292,208646.296875,3351071.5,251.6457,383.10376,275.41614,2250.7537,0.7815879,1823.002,-0.10253414
7818,1487,3029.378,5442.0684,225090.6875,3350986.25,794.48456,1014.09686,1184.0433,1954.0935,0.27769813,1856.638,-0.022222912
7819,1259,3024.8865,5812.7324,228797.328125,3351031.25,282.35147,419.03812,319.7196,2024.0302,0.72298646,1864.2172,-0.028189044
7820,1211,3024.2957,5346.3916,224133.90625,3351037.0,1274.9083,1526.9343,1722.3312,2088.697,0.10356612,1854.6783,-0.058021378
7821,1188,3027.1733,5032.5195,220995.1875,3351008.25,618.55176,830.5753,872.0383,1954.7369,0.38632673,1848.2603,-0.019346733
7822,1185,3029.945,5240.262,223072.625,3350980.5,510.0519,747.67426,720.6376,2165.6587,0.49187958,1852.5106,-0.064154044
7823,1229,3032.476,5284.4614,223514.609375,3350955.25,461.84256,752.6021,649.2335,2578.8384,0.58823586,1853.4159,-0.14938334
7824,1097,3029.0127,3334.6965,204016.96875,3350989.75,314.84503,426.35324,334.40793,2103.3582,0.72423184,1813.5399,-0.06674498
7825,1132,3029.577,3453.9382,205209.375,3350984.25,308.65237,425.39752,336.4854,2157.2544,0.72892874,1815.9785,-0.07984342
7826,1107,3026.7444,4640.624,217076.25,3351012.5,388.99323,577.3532,523.5506,2283.794,0.631681,1840.245,-0.09912592
7827,1540,3035.4883,5624.061,226910.609375,3350925.0,583.96234,795.0305,821.99774,2086.151,0.43588445,1860.3635,-0.04876914
7828,1014,3029.5957,5160.3174,222273.171875,3350984.0,618.08136,831.9763,831.4103,2113.5276,0.4305094,1850.8754,-0.05218039
7829,1075,3034.3237,3424.0715,204910.71875,3350936.75,291.91534,414.34326,330.29443,2144.2195,0.7322506,1815.3705,-0.07692127
7830,1389,3036.5408,5672.6934,227396.9375,3350914.5,513.09033,727.4334,658.8938,2528.2312,0.5825108,1861.3588,-0.13887551
7831,1141,3037.2446,5744.474,228114.75,3350907.5,409.92725,589.7042,548.61304,2019.7313,0.57546735,1862.8273,-0.031453587
7832,1365,3041.315,5388.561,224555.609375,3350866.75,929.15204,1145.7759,1277.3579,1924.1183,0.24690178,1855.5497,-0.013563698
7833,1350,3039.3481,5478.301,225453.0,3350886.5,548.4726,728.8478,878.4593,1800.4974,0.3507285,1857.3842,0.017862676
7834,876,3037.0754,3826.992,208939.921875,3350909.25,246.09361,373.69348,266.8944,2164.9556,0.7800385,1823.6112,-0.08306057
7835,1406,3039.591,4971.798,220387.96875,3350884.0,741.6938,954.64935,1040.4786,1918.67,0.3004323,1847.0249,-0.013093648
7836,1055,3040.726,5119.8457,221868.453125,3350872.75,614.04694,822.3886,856.8659,1950.7928,0.38736686,1850.0533,-0.014875913
7837,1038,3041.8516,3363.6147,204306.15625,3350861.5,292.57513,400.4894,316.85403,2067.6604,0.73273516,1814.1383,-0.056613836
7838,1150,3044.6113,3508.4453,205754.453125,3350834.0,306.1039,431.40564,363.61087,2068.5505,0.7115658,1817.1014,-0.05656615
7839,1029,3047.0398,5211.862,222788.625,3350809.5,544.0996,779.31244,750.5714,2276.9893,0.4954961,1851.9386,-0.090058275
7840,1229,3047.3042,5318.807,223858.0625,3350807.0,490.2917,710.55536,696.95526,2221.3125,0.53467226,1854.1261,-0.083997704
7841,1312,3051.6318,5846.213,229132.125,3350763.75,329.54077,455.53162,405.24466,1791.0293,0.6295909,1864.9155,0.034599908
7842,1392,3052.3499,5005.143,220721.4375,3350756.5,690.9695,906.81934,973.8912,1975.7827,0.34738427,1847.7135,-0.028810669
7843,1152,3049.7178,5086.915,221539.15625,3350782.75,689.8177,899.94574,942.0612,2046.921,0.37448302,1849.3845,-0.043123193
7844,1038,3050.5203,3391.949,204589.484375,3350774.75,272.9735,387.95425,310.17438,2038.9335,0.734577,1814.7225,-0.049664866
7845,1029,3053.899,5181.4346,222484.34375,3350741.0,541.5389,790.4378,744.55396,2402.1438,0.51867825,1851.3198,-0.11808346
7846,1231,3051.6052,5710.944,227779.4375,3350764.0,509.86475,701.07556,709.463,2158.0042,0.50458425,1862.1488,-0.06441786
7847,1124,3055.3613,3477.1165,205441.15625,3350726.5,277.80783,390.72998,310.10898,2040.6531,0.7341105,1816.4667,-0.044816174
7848,1445,3056.757,5539.527,226065.265625,3350712.5,711.35156,927.93494,1054.2924,2023.9412,0.32673672,1858.6454,-0.039970424
7849,1086,3053.2625,5784.9106,228519.109375,3350747.5,218.28592,337.65424,252.11879,1820.8223,0.75568527,1863.6625,0.015742252
7850,1108,3058.3079,5263.528,223305.28125,3350697.0,540.3195,782.12726,753.8863,2177.0212,0.47978958,1853.0011,-0.06847552
7851,1599,3056.6328,5586.267,226532.671875,3350713.75,667.44403,883.53406,939.9037,2084.244,0.38667297,1859.6012,-0.047140658
7852,1167,3057.6538,5356.3164,224233.15625,3350703.5,1222.6388,1472.4036,1655.5459,2067.1016,0.12917763,1854.8986,-0.049771685
7853,1294,3058.994,5049.2666,221162.65625,3350690.0,512.2485,707.07764,686.6333,2027.2975,0.5002158,1848.6194,-0.03961235
7854,972,3058.4011,5145.857,222128.5625,3350696.0,590.2243,849.8081,846.3441,2379.8406,0.46924013,1850.5946,-0.11569949
7855,1475,3063.4475,4930.815,219978.15625,3350645.5,763.5356,969.9678,1042.1112,2094.6597,0.34211227,1846.1991,-0.05692347
7856,1548,3067.5012,5416.9834,224839.84375,3350605.0,469.5391,640.77716,734.0372,1716.8909,0.41529563,1856.1444,0.042016413
7857,1445,3064.436,5502.945,225699.453125,3350635.75,592.05084,786.70557,906.33185,1892.1467,0.36279592,1857.901,-0.0053517963
7858,1238,3063.202,5648.0146,227150.15625,3350648.0,492.1248,707.3877,676.8514,2363.645,0.55259645,1860.8676,-0.11136007
7859,1050,3061.8057,5814.8438,228818.4375,3350662.0,220.01714,337.65143,254.35857,1786.641,0.749522,1864.279,0.025621843
7860,1408,3069.4993,5454.73,225217.296875,3350585.0,980.831,1225.0487,1409.7397,2019.1505,0.20818277,1856.9175,-0.037402682
7861,1065,3069.817,3445.201,205122.0,3350581.75,258.58826,372.10562,295.6643,1965.0657,0.73699224,1815.822,-0.026935903
7862,1152,3068.374,5753.702,228207.03125,3350596.25,268.55728,397.76648,314.49957,1900.4917,0.7140622,1863.0319,-0.000645174
7863,904,3068.4568,3419.0598,204860.59375,3350595.5,253.50664,364.83075,289.14932,1919.0376,0.736762,1815.2867,-0.016714178
7864,1033,3069.5374,5234.389,223013.890625,3350584.75,527.12537,772.9027,714.58374,2331.3606,0.51955765,1852.411,-0.0979751
7865,1215,3073.312,5296.0405,223630.40625,3350547.0,520.64526,746.51935,734.9481,2122.5654,0.4830578,1853.6738,-0.05844911
7866,1239,3074.6353,4961.3477,220283.46875,3350533.75,706.5141,924.4229,983.88135,2139.41,0.37493464,1846.8295,-0.06605799
7867,1248,3075.0369,5683.921,227509.21875,3350529.75,488.78366,683.7925,724.3189,1959.0613,0.46629515,1861.608,-0.022524878
7868,1118,3076.245,5116.5205,221835.203125,3350517.5,648.7156,865.2446,918.32513,2101.9258,0.39347687,1850.0038,-0.056527086
7869,1447,3082.5085,5617.1763,226841.765625,3350455.0,461.03662,662.4703,648.28094,2181.536,0.54157937,1860.2467,-0.07373044
7870,1394,3083.5796,5381.0737,224480.734375,3350444.25,1430.9167,1704.0907,1891.2106,2184.0618,0.07560698,1855.4183,-0.080061026
7871,1181,3082.0422,3503.6367,205706.375,3350459.5,259.85056,380.65918,320.3425,1875.4271,0.716575,1817.0237,-0.008631176
7872,1166,3083.8198,5019.4736,220864.734375,3350441.75,683.96783,880.0686,924.01416,1977.9305,0.3708799,1848.0231,-0.029167537
7873,1280,3083.9517,5334.96,224019.59375,3350440.5,571.32654,785.3695,824.4406,2080.3503,0.44800797,1854.4753,-0.051191084
7874,1370,3086.9446,5560.216,226272.15625,3350410.5,615.49634,824.8168,834.68286,2175.4563,0.44969982,1859.084,-0.067149594
7875,1056,3081.6724,5081.1924,221481.921875,3350463.25,757.4408,972.7448,1028.2893,2075.6226,0.3560075,1849.2842,-0.047691677
7876,1167,3084.4087,5199.641,222666.40625,3350436.0,639.5339,867.65295,888.3483,2200.4482,0.4202011,1851.708,-0.073441625
7877,1048,3083.356,5163.003,222300.03125,3350446.5,652.28815,871.9041,891.78,2231.604,0.4223459,1850.9581,-0.08037682
7878,1225,3086.5583,5720.435,227874.34375,3350414.5,346.4861,495.3706,462.1298,1909.3959,0.61714244,1862.3607,-0.0052602864
7879,1200,3088.4575,5831.0874,228980.875,3350395.5,366.35165,499.61874,481.47458,1689.0717,0.5666155,1864.6249,0.058877014
7880,1316,3094.9414,4986.2236,220532.234375,3350330.5,652.4081,908.08704,965.5688,2249.0137,0.399392,1847.3489,-0.090236805
7881,970,3089.7463,3468.7124,205357.125,3350382.5,256.95206,371.2036,305.49432,1889.0701,0.72116256,1816.3138,-0.0101111205
7882,1261,3089.8445,5787.44,228544.40625,3350381.5,204.06622,315.16495,235.34892,1746.9901,0.761093,1863.7328,0.03652047
7883,1426,3099.6514,5483.674,225506.734375,3350283.5,825.6841,1044.068,1177.2054,1916.6595,0.28232276,1857.525,-0.010256591
7884,1106,3096.1184,5052.0967,221190.96875,3350318.75,836.6673,1025.0104,1109.4272,1887.632,0.26885343,1848.6967,-0.0060234414
7885,1245,3096.591,5267.5283,223345.28125,3350314.0,553.8795,794.18994,766.163,2246.17,0.48393354,1853.1028,-0.0829262
7886,1492,3101.0334,5522.2085,225892.09375,3350269.75,813.0865,1015.65515,1150.4585,1911.0563,0.26413086,1858.3138,-0.011100374
7887,1298,3099.9932,5655.2764,227222.765625,3350280.0,401.1279,581.6818,628.3228,1947.6136,0.52479464,1861.0349,-0.015818
7888,1414,3107.7327,5589.893,226568.9375,3350202.75,336.42044,487.53253,436.83063,1921.112,0.63746965,1859.7015,-0.0024000993
7889,984,3103.554,5129.8403,221968.40625,3350244.5,687.79675,905.17175,970.8369,2083.221,0.36337018,1850.2904,-0.049456924
7890,990,3099.605,5232.383,222993.828125,3350284.0,596.47375,850.1995,819.8848,2398.647,0.4804239,1852.3856,-0.11508014
7891,1069,3101.1067,5751.061,228180.609375,3350269.0,225.23152,339.52667,246.66231,1885.2488,0.7675799,1862.9945,0.00058344443
7892,1258,3104.9055,5448.0063,225150.0625,3350231.0,408.08426,570.0195,645.19196,1652.2655,0.4498643,1856.7982,0.06191005
7893,1260,3109.173,5304.412,223714.125,3350188.25,450.4381,679.9413,654.6734,2088.7532,0.5209483,1853.8636,-0.050115123
7894,1126,3110.4084,5094.4253,221614.25,3350176.0,714.0164,921.6017,975.5413,2002.7322,0.35554722,1849.5697,-0.034062427
7895,1501,3113.765,5415.464,224824.640625,3350142.25,630.29517,818.1469,944.4867,1817.3337,0.35505134,1856.1372,0.015253601
7896,1291,3112.138,5693.4453,227604.453125,3350158.5,392.11,561.47406,563.1855,1950.0485,0.56813216,1861.8217,-0.016064534
7897,828,3112.25,5156.7393,222237.390625,3350157.5,583.2802,819.75964,810.5284,2267.63,0.46664798,1850.8451,-0.08922177
7898,996,3117.3162,5184.6133,222516.125,3350106.75,670.50653,885.0321,884.61646,2176.487,0.4207487,1851.4178,-0.07050389
7899,1005,3114.7493,3479.9314,205469.3125,3350132.5,262.7204,387.9199,318.1806,1842.2955,0.70499736,1816.557,0.0008689171
7900,1102,3116.629,3513.9119,205809.125,3350113.75,379.74457,548.1198,534.68555,1978.603,0.6020173,1817.2528,-0.02749442
7901,1236,3117.1836,5340.555,224075.546875,3350108.25,544.67194,763.17395,755.81757,2092.3257,0.48129603,1854.6069,-0.052898917
7902,1199,3118.1267,5804.763,228717.625,3350098.75,419.26648,569.99915,536.00586,1981.0684,0.5600387,1864.1014,-0.0012774213
7903,1255,3116.6997,5377.073,224440.734375,3350113.0,1404.582,1679.9104,1874.9634,2211.9104,0.08507356,1855.3535,-0.086529076
7904,1202,3119.3162,5022.1597,220891.59375,3350086.75,748.04285,971.5004,1048.5748,2132.495,0.3520633,1848.0964,-0.06366023
7905,951,3122.6245,5212.0273,222790.28125,3350053.75,610.4511,824.70874,813.05994,2340.4202,0.48164362,1851.9812,-0.10465584
7906,1397,3125.7566,5628.3486,226953.484375,3350022.5,322.3604,492.55762,434.85934,1959.282,0.6467838,1860.4973,-0.020326404
7907,1482,3126.3872,5550.394,226173.9375,3350016.25,526.91364,733.18555,727.3485,2234.7915,0.52208513,1858.9033,-0.082834214
7908,1159,3128.0535,5765.629,228326.28125,3349999.5,295.07678,412.07938,361.07507,1659.2662,0.6493777,1863.3062,0.06482979
7909,1275,3129.2156,5727.4673,227944.671875,3349987.75,238.40118,358.47842,272.10117,1832.6847,0.73845065,1862.5262,0.019251568
7910,1165,3128.0352,5059.0566,221260.5625,3349999.75,677.43475,890.25836,898.1373,2297.499,0.44275793,1848.8556,-0.095487565
7911,1077,3129.0771,5248.237,223152.375,3349989.25,591.80963,811.8194,828.2823,2201.0674,0.45456463,1852.7251,-0.07626582
7912,1266,3133.6357,4989.1777,220561.78125,3349943.75,673.8381,901.76855,958.312,2134.4075,0.41763303,1847.4294,-0.06450561
7913,1215,3135.6567,5280.549,223475.484375,3349923.5,532.4613,760.69257,749.4321,2169.458,0.47797343,1853.3893,-0.06388522
7914,1587,3137.3887,5496.8647,225638.65625,3349906.0,698.70447,895.70575,982.67676,1820.43,0.35590583,1857.8141,0.01585408
7915,1298,3137.3013,5663.9863,227309.859375,3349907.0,360.77194,527.45264,518.4495,1945.5331,0.5968525,1861.232,-0.0130022885
7916,1042,3135.0125,5121.672,221886.71875,3349930.0,715.6838,923.25433,973.1507,2046.9396,0.36057067,1850.1398,-0.045449506
7917,1545,3140.5767,5453.4497,225204.5,3349874.25,367.87476,527.7589,571.0243,1629.5042,0.49178407,1856.9279,0.06896651
7918,1345,3144.5732,5596.66,226636.59375,3349834.25,312.50595,467.05762,404.93716,1959.2817,0.6647625,1859.8588,-0.012801144
7919,1034,3143.7332,5089.062,221560.625,3349842.75,689.70984,903.8854,942.37476,2193.5444,0.39983848,1849.4774,-0.07889966
7920,1032,3141.719,5156.3994,222234.0,3349862.75,665.8711,899.0058,901.5693,2325.25,0.4374123,1850.8535,-0.10259706
7921,1415,3149.0283,5316.4155,223834.15625,3349789.75,522.76715,750.1904,776.61945,2097.1045,0.46095636,1854.1298,-0.05578168
7922,1401,3149.2527,5398.0186,224650.1875,3349787.5,1345.3015,1606.7523,1790.7045,2126.3455,0.08911141,1855.7987,-0.066748686
7923,1104,3145.501,3487.7637,205547.640625,3349825.0,274.51855,394.37592,308.66394,1878.9828,0.7171499,1816.734,-0.0054724477
7924,1104,3147.4946,3525.3787,205923.78125,3349805.0,287.3578,421.50092,332.9393,1963.4452,0.70920205,1817.5043,-0.02561186
7925,1271,3149.1157,5358.752,224257.515625,3349788.75,591.8139,787.8741,875.90875,1995.8253,0.4123085,1854.9956,-0.030876854
7926,1124,3149.9182,5786.1494,228531.5,3349780.75,448.96307,611.47644,508.93106,2400.4734,0.63347983,1863.7369,-0.09540398
7927,1267,3151.3157,5699.9556,227669.5625,3349766.75,239.7644,363.4704,280.6855,1836.0944,0.7322177,1861.9749,0.017567446
7928,1419,3159.0874,5524.9575,225919.578125,3349689.0,732.7611,954.57434,1061.6324,2106.559,0.34921312,1858.3998,-0.05807926
7929,1287,3158.774,4960.237,220272.375,3349692.25,235.45105,375.3213,270.00854,2109.0762,0.7725326,1846.8507,-0.0636404
7930,957,3151.5508,5221.605,222886.046875,3349764.5,556.15045,766.7121,790.58044,2086.2983,0.45028183,1852.192,-0.05225727
7931,1200,3153.721,5026.225,220932.25,3349742.75,650.51794,869.1921,916.6596,2235.2388,0.42685473,1848.1976,-0.090288326
7932,1139,3155.9604,5189.4497,222564.5,3349720.5,546.05225,749.05444,746.00525,2097.7358,0.4730698,1851.5367,-0.052644055
7933,1276,3159.877,5565.237,226322.375,3349681.25,332.2543,499.1595,359.7845,2284.9373,0.7226596,1859.224,-0.081689395
7934,1558,3170.8735,5425.981,224929.8125,3349571.25,1041.2712,1272.5388,1430.5879,2006.5289,0.19853994,1856.3817,-0.035648692
7935,1482,3164.3071,5745.196,228121.953125,3349637.0,542.9733,692.4653,664.77936,1829.8057,0.4617534,1862.9066,0.03561027
7936,995,3164.4473,3554.5627,206215.625,3349635.5,270.8191,394.64423,310.7769,1972.5924,0.7269136,1818.1104,-0.029184556
7937,1145,3164.3005,5058.051,221250.5,3349637.0,547.9445,785.1769,794.54456,2404.9407,0.49968725,1848.8539,-0.12133973
7938,1128,3165.101,5251.5796,223185.796875,3349629.0,614.3976,823.67816,857.9038,2017.8741,0.40270114,1852.8121,-0.034060724
7939,1478,3168.6191,5628.885,226958.84375,3349593.75,319.1989,451.67117,373.69385,1781.656,0.6513176,1860.5302,0.034876715
7940,1070,3166.572,5127.634,221946.34375,3349614.25,631.29675,856.98553,867.2505,2251.1958,0.43979514,1850.2781,-0.0882543
7941,1191,3170.011,4993.8423,220608.421875,3349580.0,609.0357,804.83795,865.7532,2066.7275,0.42398685,1847.5438,-0.045675363
7942,1576,3174.948,5472.216,225392.15625,3349530.5,352.0606,501.8011,526.9876,1588.9927,0.507603,1857.3293,0.08077076
7943,1261,3173.479,5284.23,223512.296875,3349545.25,584.59357,813.27954,806.6618,2160.6042,0.45207775,1853.4841,-0.06685115
7944,1304,3172.8728,5665.851,227328.515625,3349551.25,347.4958,479.44287,426.801,1747.1948,0.6137555,1861.2883,0.040796604
7945,889,3175.8413,3501.9888,205689.890625,3349521.5,262.53094,378.21878,307.25873,1877.1974,0.7184789,1817.0416,-0.0059356564
7946,1027,3173.8735,5095.0713,221620.71875,3349541.25,551.6899,795.02924,759.8116,2474.2727,0.5296674,1849.616,-0.13894406
7947,979,3173.2278,5161.712,222287.125,3349547.75,510.19205,737.79364,729.14813,2307.067,0.513396,1850.9785,-0.10094416
7948,1266,3179.3982,5343.2305,224102.3125,3349486.0,453.8993,670.6734,676.0569,2181.8313,0.5306437,1854.6937,-0.07347895
7949,1308,3183.2407,5708.867,227758.671875,3349447.5,622.1823,780.3146,775.94495,1776.4702,0.37642288,1862.1733,0.053781126
7950,1558,3186.9575,5381.0903,224480.90625,3349410.5,851.697,1072.7131,1210.1586,1957.8405,0.25301874,1855.4719,-0.02340129
7951,1479,3187.0007,5592.306,226593.0625,3349410.0,419.0426,552.8844,500.4388,1656.117,0.55032027,1859.7915,0.07217224
7952,855,3182.7473,3525.5579,205925.578125,3349452.5,272.4801,382.70233,322.44153,1878.3895,0.70614916,1817.5273,-0.005590147
7953,1133,3183.3645,5217.4106,222844.109375,3349446.25,674.05206,884.17346,939.2652,2074.6753,0.3760288,1852.1228,-0.049867794
7954,1472,3193.165,5504.6753,225716.75,3349348.25,651.54553,847.982,899.6138,1863.2605,0.38776016,1858.0024,0.0029100329
7955,1369,3191.6938,5546.0264,226130.265625,3349363.0,475.18372,667.3174,647.75604,2220.8645,0.56541884,1858.8474,-0.07910798
7956,1266,3193.7732,5312.3374,223793.375,3349342.25,559.3851,761.9147,769.4672,2031.7698,0.45502457,1854.0695,-0.0386114
7957,1333,3191.0173,5023.98,220909.796875,3349369.75,658.91486,900.5409,954.3087,2216.6677,0.39093795,1848.1711,-0.075654745
7958,1127,3195.1492,5067.749,221347.5,3349328.5,494.75378,720.14154,750.94366,2164.3984,0.48294988,1849.0684,-0.067847945
7959,1196,3197.307,5184.9966,222519.96875,3349307.0,600.4285,811.71277,852.8181,2165.774,0.43524545,1851.4672,-0.07331364
7960,1032,3197.6997,5141.9634,222089.625,3349303.0,598.36,815.0969,821.6575,2317.4287,0.47826898,1850.5873,-0.10704553
7961,1416,3205.7205,5443.891,225108.90625,3349222.75,744.214,944.60205,1032.0463,1886.0522,0.3437631,1856.7659,-0.004206508
7962,1120,3203.0322,5107.9663,221749.65625,3349249.75,569.23303,806.99243,824.2027,2378.0107,0.482851,1849.8949,-0.11706846
7963,1243,3200.761,5252.435,223194.34375,3349272.5,563.41833,810.3379,809.3854,2271.9353,0.46702966,1852.848,-0.08943308
7964,1276,3205.482,5673.032,227400.3125,3349225.25,559.2206,722.0584,654.0897,2012.2915,0.49551535,1861.4518,-0.011495334
7965,1518,3209.5579,5636.0864,227030.859375,3349184.5,583.97565,756.46936,717.00494,1980.1176,0.45565107,1860.6982,-0.005614834
7966,1526,3215.5156,5409.878,224768.78125,3349124.75,1290.2778,1552.0377,1707.0236,2104.0813,0.10932903,1856.0753,-0.060227267
7967,1283,3215.7483,5283.8447,223508.4375,3349122.5,511.08456,756.57367,697.9209,2354.883,0.5376964,1853.498,-0.11192353
7968,1097,3219.4822,5048.489,221154.890625,3349085.25,658.86554,829.026,868.5743,1896.5747,0.39458904,1848.6871,-0.0010603084
7969,1323,3219.4573,5341.712,224087.125,3349085.5,609.1523,815.2914,865.7778,2039.8824,0.4064141,1854.6833,-0.038989972
7970,1190,3217.405,5218.909,222859.09375,3349106.0,633.12354,850.79913,902.587,2129.9336,0.40652645,1852.171,-0.06461366
7971,1541,3224.207,5473.4575,225404.578125,3349038.0,350.0798,515.15607,498.45392,1842.9812,0.5726304,1857.38,0.0084242
7972,1354,3221.0186,5557.389,226243.890625,3349069.75,572.14734,725.40216,693.3977,1761.8438,0.42628765,1859.0947,0.050176434
7973,1358,3221.0986,5600.664,226676.640625,3349069.0,472.64322,633.9978,574.68225,2044.9374,0.5622971,1859.9799,-0.033313606
7974,988,3223.674,5160.152,222271.515625,3349043.25,575.98785,795.91547,826.5678,2251.0735,0.4589774,1850.9728,-0.08973019
7975,1206,3228.6824,5084.9004,221519.0,3348993.25,523.52527,716.94196,742.72473,2126.1982,0.48433688,1849.4365,-0.058308564
7976,1557,3230.5486,5514.1543,225811.546875,3348974.5,681.9094,868.3359,923.712,1746.7745,0.32083488,1858.2155,0.03873375
7977,1066,3231.5366,5129.952,221969.53125,3348964.75,568.77203,792.97516,772.4301,2359.365,0.5088848,1850.3593,-0.11133001
7978,1069,3235.7915,5186.7935,222537.9375,3348922.0,633.05334,829.6052,884.7727,2054.6707,0.40346342,1851.5238,-0.04661101
7979,1322,3240.096,5313.6836,223806.84375,3348879.0,600.1789,837.41833,847.22504,2180.8574,0.44214883,1854.1208,-0.073825024
7980,1015,3240.268,5027.03,220940.296875,3348877.25,698.19165,884.17883,961.40643,2033.2178,0.40189022,1848.2592,-0.03947115
7981,1328,3240.086,5249.5024,223165.03125,3348879.25,517.8068,768.0324,756.82794,2277.788,0.49769285,1852.8083,-0.09615623
7982,1903,3254.337,5435.1104,225021.09375,3348736.75,981.1684,1212.6322,1323.1195,1957.5623,0.21129991,1856.6113,-0.024266142
7983,1091,3253.0952,5210.6343,222776.34375,3348749.0,547.91656,766.5289,807.97437,2154.687,0.45154944,1852.0204,-0.06901456
7984,1207,3256.7466,5060.346,221273.46875,3348712.5,608.0468,791.8264,820.7026,1959.0133,0.42221677,1848.9491,-0.020086901
7985,1290,3255.0728,5282.09,223490.90625,3348729.25,534.5488,757.767,746.61316,2130.7678,0.47433397,1853.4825,-0.05922948
7986,1242,3261.3318,5158.501,222255.0,3348666.75,470.17108,684.58295,654.2492,2203.721,0.54867774,1850.9585,-0.07677309
7987,1624,3263.265,5479.188,225461.875,3348647.25,482.77216,660.63824,666.1398,1921.2915,0.4997075,1857.5172,-0.011757747
7988,1558,3266.1174,5339.378,224063.78125,3348618.75,515.069,722.10815,777.05646,2024.6531,0.44618782,1854.6597,-0.038084205
7989,1125,3273.3352,5232.8647,222998.65625,3348546.75,558.9311,775.8284,793.1533,2283.564,0.48496398,1852.4854,-0.09936303
7990,1114,3272.4893,5028.875,220958.75,3348555.0,554.49866,736.8865,745.0301,2102.1655,0.49577248,1848.3137,-0.057606615
7991,1362,3282.2334,5185.8955,222528.953125,3348457.75,462.94788,691.5301,638.1028,2465.4812,0.58449286,1851.5295,-0.13169442
7992,1383,3289.1099,5263.433,223304.328125,3348389.0,578.3652,799.2665,815.8088,2199.722,0.4567686,1853.1187,-0.07927736
7993,1481,3288.852,5300.474,223674.75,3348391.5,528.7367,744.41595,741.2998,2037.4392,0.4641118,1853.876,-0.039434336
7994,1969,3297.8542,5457.3687,225243.6875,3348301.5,927.36414,1153.2445,1237.3535,1967.3202,0.2515154,1857.0889,-0.026183167
7995,1247,3302.846,5219.624,222866.25,3348251.5,528.8561,747.83923,722.9026,2386.6104,0.5262999,1852.23,-0.11454724
7996,1478,3307.9255,5330.2876,223972.875,3348200.75,481.63837,693.6417,704.8366,2020.2158,0.4782511,1854.4954,-0.03473397
7997,1419,3325.8027,5252.1445,223191.4375,3348022.0,561.877,766.7474,766.407,2257.3267,0.49374774,1852.9067,-0.092263006
7998,1644,3332.9612,5287.5923,223545.921875,3347950.5,524.14417,748.7144,733.23206,2343.1614,0.51796037,1853.6353,-0.10773153
7999,1445,3337.51,5475.3013,225423.015625,3347905.0,1032.6339,1261.5377,1357.4827,1901.5741,0.18187848,1857.4758,-0.004000934
8000,1484,3346.7178,5322.5254,223895.25,3347812.75,478.41003,690.01245,698.4191,2098.866,0.49942368,1854.3567,-0.056350585
